-- AUTO-GENERATED by scripts/seed-reference.mjs. Do not edit by hand.
-- Board revisions for every phone/tablet model (family-typical reference data).

INSERT INTO board_revisions (id, device_model, revision, layer_count, primary_soc, pmic, notes) VALUES (200000, 'Apple iPhone 5', 'Logic Board', NULL, NULL, 'U_PMIC', 'Apple iPhone 5 main logic board. Component set and rails are family-typical reference values; confirm exact values against the boardview/schematic for this unit.');
INSERT INTO board_components (board_revision_id, reference_designator, component_type, value, part_number, notes) VALUES (200000, 'J_DISP', 'Connector', NULL, NULL, 'Display FPC connector');
INSERT INTO board_components (board_revision_id, reference_designator, component_type, value, part_number, notes) VALUES (200000, 'J_BATT', 'Connector', NULL, NULL, 'Battery FPC connector');
INSERT INTO board_components (board_revision_id, reference_designator, component_type, value, part_number, notes) VALUES (200000, 'J_CHG', 'Connector', NULL, NULL, 'Charge port / dock connector');
INSERT INTO board_components (board_revision_id, reference_designator, component_type, value, part_number, notes) VALUES (200000, 'J_FCAM', 'Connector', NULL, NULL, 'Front camera connector');
INSERT INTO board_components (board_revision_id, reference_designator, component_type, value, part_number, notes) VALUES (200000, 'J_RCAM', 'Connector', NULL, NULL, 'Rear camera connector');
INSERT INTO board_components (board_revision_id, reference_designator, component_type, value, part_number, notes) VALUES (200000, 'U_PMIC', 'PMIC', NULL, NULL, 'Main power management IC');
INSERT INTO board_components (board_revision_id, reference_designator, component_type, value, part_number, notes) VALUES (200000, 'U_CHG', 'Charging IC', NULL, NULL, 'USB charging / interface IC');
INSERT INTO board_components (board_revision_id, reference_designator, component_type, value, part_number, notes) VALUES (200000, 'U_AUDIO', 'Audio IC', NULL, NULL, 'Audio codec IC');
INSERT INTO board_components (board_revision_id, reference_designator, component_type, value, part_number, notes) VALUES (200000, 'U_NAND', 'NAND Flash', NULL, NULL, 'Flash storage');
INSERT INTO board_components (board_revision_id, reference_designator, component_type, value, part_number, notes) VALUES (200000, 'U2', 'USB Charging IC', NULL, '1610A1', 'Tristar U2 USB / charging IC');
INSERT INTO board_test_points (board_revision_id, label, location_desc, expected_voltage, expected_resistance) VALUES (200000, 'VBAT', 'see boardview', '3.8V', NULL);
INSERT INTO board_test_points (board_revision_id, label, location_desc, expected_voltage, expected_resistance) VALUES (200000, 'VBUS_5V', 'see boardview', '5.0V', NULL);
INSERT INTO board_test_points (board_revision_id, label, location_desc, expected_voltage, expected_resistance) VALUES (200000, 'PP1V8', 'see boardview', '1.8V', NULL);
INSERT INTO board_test_points (board_revision_id, label, location_desc, expected_voltage, expected_resistance) VALUES (200000, 'PP3V0', 'see boardview', '3.0V', NULL);
INSERT INTO board_nets (board_revision_id, net_name, test_point, expected_value, units) VALUES (200000, 'VBAT / PP_BATT_VCC', 'VBAT', '3.8', 'V');
INSERT INTO board_nets (board_revision_id, net_name, test_point, expected_value, units) VALUES (200000, 'VBUS', 'VBUS_5V', '5.0', 'V');
INSERT INTO board_nets (board_revision_id, net_name, test_point, expected_value, units) VALUES (200000, '1V8', 'PP1V8', '1.8', 'V');
INSERT INTO board_nets (board_revision_id, net_name, test_point, expected_value, units) VALUES (200000, '3V0', 'PP3V0', '3.0', 'V');
INSERT INTO measurements (board_revision_id, kind, test_point, reference_designator, rail_name, power_state, expected_value, measured_value, units, notes, is_known_good) VALUES (200000, 'voltage', 'VBAT', NULL, 'VBAT / PP_BATT_VCC', 'off', '3.8', '3.8', 'V', 'Battery main rail (typically 3.0-4.35V with charge).', 1);
INSERT INTO measurements (board_revision_id, kind, test_point, reference_designator, rail_name, power_state, expected_value, measured_value, units, notes, is_known_good) VALUES (200000, 'voltage', 'VBUS_5V', NULL, 'VBUS', 'on', '5.0', '5.0', 'V', 'USB VBUS when charging.', 1);
INSERT INTO measurements (board_revision_id, kind, test_point, reference_designator, rail_name, power_state, expected_value, measured_value, units, notes, is_known_good) VALUES (200000, 'voltage', 'PP1V8', NULL, '1V8', 'on', '1.8', '1.8', 'V', '1.8V housekeeping rail (typical).', 1);
INSERT INTO measurements (board_revision_id, kind, test_point, reference_designator, rail_name, power_state, expected_value, measured_value, units, notes, is_known_good) VALUES (200000, 'voltage', 'PP3V0', NULL, '3V0', 'on', '3.0', '3.0', 'V', '3.0V rail (typical).', 1);
INSERT INTO board_revisions (id, device_model, revision, layer_count, primary_soc, pmic, notes) VALUES (200001, 'Apple iPhone 5c', 'Logic Board', NULL, NULL, 'U_PMIC', 'Apple iPhone 5c main logic board. Component set and rails are family-typical reference values; confirm exact values against the boardview/schematic for this unit.');
INSERT INTO board_components (board_revision_id, reference_designator, component_type, value, part_number, notes) VALUES (200001, 'J_DISP', 'Connector', NULL, NULL, 'Display FPC connector');
INSERT INTO board_components (board_revision_id, reference_designator, component_type, value, part_number, notes) VALUES (200001, 'J_BATT', 'Connector', NULL, NULL, 'Battery FPC connector');
INSERT INTO board_components (board_revision_id, reference_designator, component_type, value, part_number, notes) VALUES (200001, 'J_CHG', 'Connector', NULL, NULL, 'Charge port / dock connector');
INSERT INTO board_components (board_revision_id, reference_designator, component_type, value, part_number, notes) VALUES (200001, 'J_FCAM', 'Connector', NULL, NULL, 'Front camera connector');
INSERT INTO board_components (board_revision_id, reference_designator, component_type, value, part_number, notes) VALUES (200001, 'J_RCAM', 'Connector', NULL, NULL, 'Rear camera connector');
INSERT INTO board_components (board_revision_id, reference_designator, component_type, value, part_number, notes) VALUES (200001, 'U_PMIC', 'PMIC', NULL, NULL, 'Main power management IC');
INSERT INTO board_components (board_revision_id, reference_designator, component_type, value, part_number, notes) VALUES (200001, 'U_CHG', 'Charging IC', NULL, NULL, 'USB charging / interface IC');
INSERT INTO board_components (board_revision_id, reference_designator, component_type, value, part_number, notes) VALUES (200001, 'U_AUDIO', 'Audio IC', NULL, NULL, 'Audio codec IC');
INSERT INTO board_components (board_revision_id, reference_designator, component_type, value, part_number, notes) VALUES (200001, 'U_NAND', 'NAND Flash', NULL, NULL, 'Flash storage');
INSERT INTO board_components (board_revision_id, reference_designator, component_type, value, part_number, notes) VALUES (200001, 'U2', 'USB Charging IC', NULL, '1610A1', 'Tristar U2 USB / charging IC');
INSERT INTO board_test_points (board_revision_id, label, location_desc, expected_voltage, expected_resistance) VALUES (200001, 'VBAT', 'see boardview', '3.8V', NULL);
INSERT INTO board_test_points (board_revision_id, label, location_desc, expected_voltage, expected_resistance) VALUES (200001, 'VBUS_5V', 'see boardview', '5.0V', NULL);
INSERT INTO board_test_points (board_revision_id, label, location_desc, expected_voltage, expected_resistance) VALUES (200001, 'PP1V8', 'see boardview', '1.8V', NULL);
INSERT INTO board_test_points (board_revision_id, label, location_desc, expected_voltage, expected_resistance) VALUES (200001, 'PP3V0', 'see boardview', '3.0V', NULL);
INSERT INTO board_nets (board_revision_id, net_name, test_point, expected_value, units) VALUES (200001, 'VBAT / PP_BATT_VCC', 'VBAT', '3.8', 'V');
INSERT INTO board_nets (board_revision_id, net_name, test_point, expected_value, units) VALUES (200001, 'VBUS', 'VBUS_5V', '5.0', 'V');
INSERT INTO board_nets (board_revision_id, net_name, test_point, expected_value, units) VALUES (200001, '1V8', 'PP1V8', '1.8', 'V');
INSERT INTO board_nets (board_revision_id, net_name, test_point, expected_value, units) VALUES (200001, '3V0', 'PP3V0', '3.0', 'V');
INSERT INTO measurements (board_revision_id, kind, test_point, reference_designator, rail_name, power_state, expected_value, measured_value, units, notes, is_known_good) VALUES (200001, 'voltage', 'VBAT', NULL, 'VBAT / PP_BATT_VCC', 'off', '3.8', '3.8', 'V', 'Battery main rail (typically 3.0-4.35V with charge).', 1);
INSERT INTO measurements (board_revision_id, kind, test_point, reference_designator, rail_name, power_state, expected_value, measured_value, units, notes, is_known_good) VALUES (200001, 'voltage', 'VBUS_5V', NULL, 'VBUS', 'on', '5.0', '5.0', 'V', 'USB VBUS when charging.', 1);
INSERT INTO measurements (board_revision_id, kind, test_point, reference_designator, rail_name, power_state, expected_value, measured_value, units, notes, is_known_good) VALUES (200001, 'voltage', 'PP1V8', NULL, '1V8', 'on', '1.8', '1.8', 'V', '1.8V housekeeping rail (typical).', 1);
INSERT INTO measurements (board_revision_id, kind, test_point, reference_designator, rail_name, power_state, expected_value, measured_value, units, notes, is_known_good) VALUES (200001, 'voltage', 'PP3V0', NULL, '3V0', 'on', '3.0', '3.0', 'V', '3.0V rail (typical).', 1);
INSERT INTO board_revisions (id, device_model, revision, layer_count, primary_soc, pmic, notes) VALUES (200002, 'Apple iPhone 5s', 'Logic Board', NULL, NULL, 'U_PMIC', 'Apple iPhone 5s main logic board. Component set and rails are family-typical reference values; confirm exact values against the boardview/schematic for this unit.');
INSERT INTO board_components (board_revision_id, reference_designator, component_type, value, part_number, notes) VALUES (200002, 'J_DISP', 'Connector', NULL, NULL, 'Display FPC connector');
INSERT INTO board_components (board_revision_id, reference_designator, component_type, value, part_number, notes) VALUES (200002, 'J_BATT', 'Connector', NULL, NULL, 'Battery FPC connector');
INSERT INTO board_components (board_revision_id, reference_designator, component_type, value, part_number, notes) VALUES (200002, 'J_CHG', 'Connector', NULL, NULL, 'Charge port / dock connector');
INSERT INTO board_components (board_revision_id, reference_designator, component_type, value, part_number, notes) VALUES (200002, 'J_FCAM', 'Connector', NULL, NULL, 'Front camera connector');
INSERT INTO board_components (board_revision_id, reference_designator, component_type, value, part_number, notes) VALUES (200002, 'J_RCAM', 'Connector', NULL, NULL, 'Rear camera connector');
INSERT INTO board_components (board_revision_id, reference_designator, component_type, value, part_number, notes) VALUES (200002, 'U_PMIC', 'PMIC', NULL, NULL, 'Main power management IC');
INSERT INTO board_components (board_revision_id, reference_designator, component_type, value, part_number, notes) VALUES (200002, 'U_CHG', 'Charging IC', NULL, NULL, 'USB charging / interface IC');
INSERT INTO board_components (board_revision_id, reference_designator, component_type, value, part_number, notes) VALUES (200002, 'U_AUDIO', 'Audio IC', NULL, NULL, 'Audio codec IC');
INSERT INTO board_components (board_revision_id, reference_designator, component_type, value, part_number, notes) VALUES (200002, 'U_NAND', 'NAND Flash', NULL, NULL, 'Flash storage');
INSERT INTO board_components (board_revision_id, reference_designator, component_type, value, part_number, notes) VALUES (200002, 'U2', 'USB Charging IC', NULL, '1610A1', 'Tristar U2 USB / charging IC');
INSERT INTO board_test_points (board_revision_id, label, location_desc, expected_voltage, expected_resistance) VALUES (200002, 'VBAT', 'see boardview', '3.8V', NULL);
INSERT INTO board_test_points (board_revision_id, label, location_desc, expected_voltage, expected_resistance) VALUES (200002, 'VBUS_5V', 'see boardview', '5.0V', NULL);
INSERT INTO board_test_points (board_revision_id, label, location_desc, expected_voltage, expected_resistance) VALUES (200002, 'PP1V8', 'see boardview', '1.8V', NULL);
INSERT INTO board_test_points (board_revision_id, label, location_desc, expected_voltage, expected_resistance) VALUES (200002, 'PP3V0', 'see boardview', '3.0V', NULL);
INSERT INTO board_nets (board_revision_id, net_name, test_point, expected_value, units) VALUES (200002, 'VBAT / PP_BATT_VCC', 'VBAT', '3.8', 'V');
INSERT INTO board_nets (board_revision_id, net_name, test_point, expected_value, units) VALUES (200002, 'VBUS', 'VBUS_5V', '5.0', 'V');
INSERT INTO board_nets (board_revision_id, net_name, test_point, expected_value, units) VALUES (200002, '1V8', 'PP1V8', '1.8', 'V');
INSERT INTO board_nets (board_revision_id, net_name, test_point, expected_value, units) VALUES (200002, '3V0', 'PP3V0', '3.0', 'V');
INSERT INTO measurements (board_revision_id, kind, test_point, reference_designator, rail_name, power_state, expected_value, measured_value, units, notes, is_known_good) VALUES (200002, 'voltage', 'VBAT', NULL, 'VBAT / PP_BATT_VCC', 'off', '3.8', '3.8', 'V', 'Battery main rail (typically 3.0-4.35V with charge).', 1);
INSERT INTO measurements (board_revision_id, kind, test_point, reference_designator, rail_name, power_state, expected_value, measured_value, units, notes, is_known_good) VALUES (200002, 'voltage', 'VBUS_5V', NULL, 'VBUS', 'on', '5.0', '5.0', 'V', 'USB VBUS when charging.', 1);
INSERT INTO measurements (board_revision_id, kind, test_point, reference_designator, rail_name, power_state, expected_value, measured_value, units, notes, is_known_good) VALUES (200002, 'voltage', 'PP1V8', NULL, '1V8', 'on', '1.8', '1.8', 'V', '1.8V housekeeping rail (typical).', 1);
INSERT INTO measurements (board_revision_id, kind, test_point, reference_designator, rail_name, power_state, expected_value, measured_value, units, notes, is_known_good) VALUES (200002, 'voltage', 'PP3V0', NULL, '3V0', 'on', '3.0', '3.0', 'V', '3.0V rail (typical).', 1);
INSERT INTO board_revisions (id, device_model, revision, layer_count, primary_soc, pmic, notes) VALUES (200003, 'Apple iPhone SE (2016)', 'Logic Board', NULL, NULL, 'U_PMIC', 'Apple iPhone SE (2016) main logic board. Component set and rails are family-typical reference values; confirm exact values against the boardview/schematic for this unit.');
INSERT INTO board_components (board_revision_id, reference_designator, component_type, value, part_number, notes) VALUES (200003, 'J_DISP', 'Connector', NULL, NULL, 'Display FPC connector');
INSERT INTO board_components (board_revision_id, reference_designator, component_type, value, part_number, notes) VALUES (200003, 'J_BATT', 'Connector', NULL, NULL, 'Battery FPC connector');
INSERT INTO board_components (board_revision_id, reference_designator, component_type, value, part_number, notes) VALUES (200003, 'J_CHG', 'Connector', NULL, NULL, 'Charge port / dock connector');
INSERT INTO board_components (board_revision_id, reference_designator, component_type, value, part_number, notes) VALUES (200003, 'J_FCAM', 'Connector', NULL, NULL, 'Front camera connector');
INSERT INTO board_components (board_revision_id, reference_designator, component_type, value, part_number, notes) VALUES (200003, 'J_RCAM', 'Connector', NULL, NULL, 'Rear camera connector');
INSERT INTO board_components (board_revision_id, reference_designator, component_type, value, part_number, notes) VALUES (200003, 'U_PMIC', 'PMIC', NULL, NULL, 'Main power management IC');
INSERT INTO board_components (board_revision_id, reference_designator, component_type, value, part_number, notes) VALUES (200003, 'U_CHG', 'Charging IC', NULL, NULL, 'USB charging / interface IC');
INSERT INTO board_components (board_revision_id, reference_designator, component_type, value, part_number, notes) VALUES (200003, 'U_AUDIO', 'Audio IC', NULL, NULL, 'Audio codec IC');
INSERT INTO board_components (board_revision_id, reference_designator, component_type, value, part_number, notes) VALUES (200003, 'U_NAND', 'NAND Flash', NULL, NULL, 'Flash storage');
INSERT INTO board_components (board_revision_id, reference_designator, component_type, value, part_number, notes) VALUES (200003, 'U4500', 'USB Charging IC', NULL, '1610A3', 'Tristar USB / charging IC');
INSERT INTO board_test_points (board_revision_id, label, location_desc, expected_voltage, expected_resistance) VALUES (200003, 'VBAT', 'see boardview', '3.8V', NULL);
INSERT INTO board_test_points (board_revision_id, label, location_desc, expected_voltage, expected_resistance) VALUES (200003, 'VBUS_5V', 'see boardview', '5.0V', NULL);
INSERT INTO board_test_points (board_revision_id, label, location_desc, expected_voltage, expected_resistance) VALUES (200003, 'PP1V8', 'see boardview', '1.8V', NULL);
INSERT INTO board_test_points (board_revision_id, label, location_desc, expected_voltage, expected_resistance) VALUES (200003, 'PP3V0', 'see boardview', '3.0V', NULL);
INSERT INTO board_nets (board_revision_id, net_name, test_point, expected_value, units) VALUES (200003, 'VBAT / PP_BATT_VCC', 'VBAT', '3.8', 'V');
INSERT INTO board_nets (board_revision_id, net_name, test_point, expected_value, units) VALUES (200003, 'VBUS', 'VBUS_5V', '5.0', 'V');
INSERT INTO board_nets (board_revision_id, net_name, test_point, expected_value, units) VALUES (200003, '1V8', 'PP1V8', '1.8', 'V');
INSERT INTO board_nets (board_revision_id, net_name, test_point, expected_value, units) VALUES (200003, '3V0', 'PP3V0', '3.0', 'V');
INSERT INTO measurements (board_revision_id, kind, test_point, reference_designator, rail_name, power_state, expected_value, measured_value, units, notes, is_known_good) VALUES (200003, 'voltage', 'VBAT', NULL, 'VBAT / PP_BATT_VCC', 'off', '3.8', '3.8', 'V', 'Battery main rail (typically 3.0-4.35V with charge).', 1);
INSERT INTO measurements (board_revision_id, kind, test_point, reference_designator, rail_name, power_state, expected_value, measured_value, units, notes, is_known_good) VALUES (200003, 'voltage', 'VBUS_5V', NULL, 'VBUS', 'on', '5.0', '5.0', 'V', 'USB VBUS when charging.', 1);
INSERT INTO measurements (board_revision_id, kind, test_point, reference_designator, rail_name, power_state, expected_value, measured_value, units, notes, is_known_good) VALUES (200003, 'voltage', 'PP1V8', NULL, '1V8', 'on', '1.8', '1.8', 'V', '1.8V housekeeping rail (typical).', 1);
INSERT INTO measurements (board_revision_id, kind, test_point, reference_designator, rail_name, power_state, expected_value, measured_value, units, notes, is_known_good) VALUES (200003, 'voltage', 'PP3V0', NULL, '3V0', 'on', '3.0', '3.0', 'V', '3.0V rail (typical).', 1);
INSERT INTO board_revisions (id, device_model, revision, layer_count, primary_soc, pmic, notes) VALUES (200004, 'Apple iPhone 6', 'Logic Board', NULL, NULL, 'U_PMIC', 'Apple iPhone 6 main logic board. Component set and rails are family-typical reference values; confirm exact values against the boardview/schematic for this unit.');
INSERT INTO board_components (board_revision_id, reference_designator, component_type, value, part_number, notes) VALUES (200004, 'J_DISP', 'Connector', NULL, NULL, 'Display FPC connector');
INSERT INTO board_components (board_revision_id, reference_designator, component_type, value, part_number, notes) VALUES (200004, 'J_BATT', 'Connector', NULL, NULL, 'Battery FPC connector');
INSERT INTO board_components (board_revision_id, reference_designator, component_type, value, part_number, notes) VALUES (200004, 'J_CHG', 'Connector', NULL, NULL, 'Charge port / dock connector');
INSERT INTO board_components (board_revision_id, reference_designator, component_type, value, part_number, notes) VALUES (200004, 'J_FCAM', 'Connector', NULL, NULL, 'Front camera connector');
INSERT INTO board_components (board_revision_id, reference_designator, component_type, value, part_number, notes) VALUES (200004, 'J_RCAM', 'Connector', NULL, NULL, 'Rear camera connector');
INSERT INTO board_components (board_revision_id, reference_designator, component_type, value, part_number, notes) VALUES (200004, 'U_PMIC', 'PMIC', NULL, NULL, 'Main power management IC');
INSERT INTO board_components (board_revision_id, reference_designator, component_type, value, part_number, notes) VALUES (200004, 'U_CHG', 'Charging IC', NULL, NULL, 'USB charging / interface IC');
INSERT INTO board_components (board_revision_id, reference_designator, component_type, value, part_number, notes) VALUES (200004, 'U_AUDIO', 'Audio IC', NULL, NULL, 'Audio codec IC');
INSERT INTO board_components (board_revision_id, reference_designator, component_type, value, part_number, notes) VALUES (200004, 'U_NAND', 'NAND Flash', NULL, NULL, 'Flash storage');
INSERT INTO board_components (board_revision_id, reference_designator, component_type, value, part_number, notes) VALUES (200004, 'U1700', 'USB Charging IC', NULL, '1610A2', 'Tristar USB / charging IC');
INSERT INTO board_components (board_revision_id, reference_designator, component_type, value, part_number, notes) VALUES (200004, 'U1502', 'Backlight IC', NULL, 'LM3534', 'Backlight driver IC');
INSERT INTO board_components (board_revision_id, reference_designator, component_type, value, part_number, notes) VALUES (200004, 'U1202', 'PMIC', NULL, '338S1251', 'Main power management IC');
INSERT INTO board_components (board_revision_id, reference_designator, component_type, value, part_number, notes) VALUES (200004, 'U1500', 'NAND Flash', NULL, NULL, 'NAND flash storage');
INSERT INTO board_test_points (board_revision_id, label, location_desc, expected_voltage, expected_resistance) VALUES (200004, 'VBAT', 'see boardview', '3.8V', NULL);
INSERT INTO board_test_points (board_revision_id, label, location_desc, expected_voltage, expected_resistance) VALUES (200004, 'VBUS_5V', 'see boardview', '5.0V', NULL);
INSERT INTO board_test_points (board_revision_id, label, location_desc, expected_voltage, expected_resistance) VALUES (200004, 'PP1V8', 'see boardview', '1.8V', NULL);
INSERT INTO board_test_points (board_revision_id, label, location_desc, expected_voltage, expected_resistance) VALUES (200004, 'PP3V0', 'see boardview', '3.0V', NULL);
INSERT INTO board_nets (board_revision_id, net_name, test_point, expected_value, units) VALUES (200004, 'VBAT / PP_BATT_VCC', 'VBAT', '3.8', 'V');
INSERT INTO board_nets (board_revision_id, net_name, test_point, expected_value, units) VALUES (200004, 'VBUS', 'VBUS_5V', '5.0', 'V');
INSERT INTO board_nets (board_revision_id, net_name, test_point, expected_value, units) VALUES (200004, '1V8', 'PP1V8', '1.8', 'V');
INSERT INTO board_nets (board_revision_id, net_name, test_point, expected_value, units) VALUES (200004, '3V0', 'PP3V0', '3.0', 'V');
INSERT INTO measurements (board_revision_id, kind, test_point, reference_designator, rail_name, power_state, expected_value, measured_value, units, notes, is_known_good) VALUES (200004, 'voltage', 'VBAT', NULL, 'VBAT / PP_BATT_VCC', 'off', '3.8', '3.8', 'V', 'Battery main rail (typically 3.0-4.35V with charge).', 1);
INSERT INTO measurements (board_revision_id, kind, test_point, reference_designator, rail_name, power_state, expected_value, measured_value, units, notes, is_known_good) VALUES (200004, 'voltage', 'VBUS_5V', NULL, 'VBUS', 'on', '5.0', '5.0', 'V', 'USB VBUS when charging.', 1);
INSERT INTO measurements (board_revision_id, kind, test_point, reference_designator, rail_name, power_state, expected_value, measured_value, units, notes, is_known_good) VALUES (200004, 'voltage', 'PP1V8', NULL, '1V8', 'on', '1.8', '1.8', 'V', '1.8V housekeeping rail (typical).', 1);
INSERT INTO measurements (board_revision_id, kind, test_point, reference_designator, rail_name, power_state, expected_value, measured_value, units, notes, is_known_good) VALUES (200004, 'voltage', 'PP3V0', NULL, '3V0', 'on', '3.0', '3.0', 'V', '3.0V rail (typical).', 1);
INSERT INTO board_revisions (id, device_model, revision, layer_count, primary_soc, pmic, notes) VALUES (200005, 'Apple iPhone 6 Plus', 'Logic Board', NULL, NULL, 'U_PMIC', 'Apple iPhone 6 Plus main logic board. Component set and rails are family-typical reference values; confirm exact values against the boardview/schematic for this unit.');
INSERT INTO board_components (board_revision_id, reference_designator, component_type, value, part_number, notes) VALUES (200005, 'J_DISP', 'Connector', NULL, NULL, 'Display FPC connector');
INSERT INTO board_components (board_revision_id, reference_designator, component_type, value, part_number, notes) VALUES (200005, 'J_BATT', 'Connector', NULL, NULL, 'Battery FPC connector');
INSERT INTO board_components (board_revision_id, reference_designator, component_type, value, part_number, notes) VALUES (200005, 'J_CHG', 'Connector', NULL, NULL, 'Charge port / dock connector');
INSERT INTO board_components (board_revision_id, reference_designator, component_type, value, part_number, notes) VALUES (200005, 'J_FCAM', 'Connector', NULL, NULL, 'Front camera connector');
INSERT INTO board_components (board_revision_id, reference_designator, component_type, value, part_number, notes) VALUES (200005, 'J_RCAM', 'Connector', NULL, NULL, 'Rear camera connector');
INSERT INTO board_components (board_revision_id, reference_designator, component_type, value, part_number, notes) VALUES (200005, 'U_PMIC', 'PMIC', NULL, NULL, 'Main power management IC');
INSERT INTO board_components (board_revision_id, reference_designator, component_type, value, part_number, notes) VALUES (200005, 'U_CHG', 'Charging IC', NULL, NULL, 'USB charging / interface IC');
INSERT INTO board_components (board_revision_id, reference_designator, component_type, value, part_number, notes) VALUES (200005, 'U_AUDIO', 'Audio IC', NULL, NULL, 'Audio codec IC');
INSERT INTO board_components (board_revision_id, reference_designator, component_type, value, part_number, notes) VALUES (200005, 'U_NAND', 'NAND Flash', NULL, NULL, 'Flash storage');
INSERT INTO board_components (board_revision_id, reference_designator, component_type, value, part_number, notes) VALUES (200005, 'U1700', 'USB Charging IC', NULL, '1610A2', 'Tristar USB / charging IC');
INSERT INTO board_components (board_revision_id, reference_designator, component_type, value, part_number, notes) VALUES (200005, 'U1502', 'Backlight IC', NULL, 'LM3534', 'Backlight driver IC');
INSERT INTO board_components (board_revision_id, reference_designator, component_type, value, part_number, notes) VALUES (200005, 'U2402', 'Touch IC', NULL, NULL, 'Touchscreen controller (Meson / Cumulus)');
INSERT INTO board_components (board_revision_id, reference_designator, component_type, value, part_number, notes) VALUES (200005, 'U1202', 'PMIC', NULL, '338S1251', 'Main power management IC');
INSERT INTO board_components (board_revision_id, reference_designator, component_type, value, part_number, notes) VALUES (200005, 'U1500', 'NAND Flash', NULL, NULL, 'NAND flash storage');
INSERT INTO board_test_points (board_revision_id, label, location_desc, expected_voltage, expected_resistance) VALUES (200005, 'VBAT', 'see boardview', '3.8V', NULL);
INSERT INTO board_test_points (board_revision_id, label, location_desc, expected_voltage, expected_resistance) VALUES (200005, 'VBUS_5V', 'see boardview', '5.0V', NULL);
INSERT INTO board_test_points (board_revision_id, label, location_desc, expected_voltage, expected_resistance) VALUES (200005, 'PP1V8', 'see boardview', '1.8V', NULL);
INSERT INTO board_test_points (board_revision_id, label, location_desc, expected_voltage, expected_resistance) VALUES (200005, 'PP3V0', 'see boardview', '3.0V', NULL);
INSERT INTO board_nets (board_revision_id, net_name, test_point, expected_value, units) VALUES (200005, 'VBAT / PP_BATT_VCC', 'VBAT', '3.8', 'V');
INSERT INTO board_nets (board_revision_id, net_name, test_point, expected_value, units) VALUES (200005, 'VBUS', 'VBUS_5V', '5.0', 'V');
INSERT INTO board_nets (board_revision_id, net_name, test_point, expected_value, units) VALUES (200005, '1V8', 'PP1V8', '1.8', 'V');
INSERT INTO board_nets (board_revision_id, net_name, test_point, expected_value, units) VALUES (200005, '3V0', 'PP3V0', '3.0', 'V');
INSERT INTO measurements (board_revision_id, kind, test_point, reference_designator, rail_name, power_state, expected_value, measured_value, units, notes, is_known_good) VALUES (200005, 'voltage', 'VBAT', NULL, 'VBAT / PP_BATT_VCC', 'off', '3.8', '3.8', 'V', 'Battery main rail (typically 3.0-4.35V with charge).', 1);
INSERT INTO measurements (board_revision_id, kind, test_point, reference_designator, rail_name, power_state, expected_value, measured_value, units, notes, is_known_good) VALUES (200005, 'voltage', 'VBUS_5V', NULL, 'VBUS', 'on', '5.0', '5.0', 'V', 'USB VBUS when charging.', 1);
INSERT INTO measurements (board_revision_id, kind, test_point, reference_designator, rail_name, power_state, expected_value, measured_value, units, notes, is_known_good) VALUES (200005, 'voltage', 'PP1V8', NULL, '1V8', 'on', '1.8', '1.8', 'V', '1.8V housekeeping rail (typical).', 1);
INSERT INTO measurements (board_revision_id, kind, test_point, reference_designator, rail_name, power_state, expected_value, measured_value, units, notes, is_known_good) VALUES (200005, 'voltage', 'PP3V0', NULL, '3V0', 'on', '3.0', '3.0', 'V', '3.0V rail (typical).', 1);
INSERT INTO board_revisions (id, device_model, revision, layer_count, primary_soc, pmic, notes) VALUES (200006, 'Apple iPhone 6s', 'Logic Board', NULL, NULL, 'U_PMIC', 'Apple iPhone 6s main logic board. Component set and rails are family-typical reference values; confirm exact values against the boardview/schematic for this unit.');
INSERT INTO board_components (board_revision_id, reference_designator, component_type, value, part_number, notes) VALUES (200006, 'J_DISP', 'Connector', NULL, NULL, 'Display FPC connector');
INSERT INTO board_components (board_revision_id, reference_designator, component_type, value, part_number, notes) VALUES (200006, 'J_BATT', 'Connector', NULL, NULL, 'Battery FPC connector');
INSERT INTO board_components (board_revision_id, reference_designator, component_type, value, part_number, notes) VALUES (200006, 'J_CHG', 'Connector', NULL, NULL, 'Charge port / dock connector');
INSERT INTO board_components (board_revision_id, reference_designator, component_type, value, part_number, notes) VALUES (200006, 'J_FCAM', 'Connector', NULL, NULL, 'Front camera connector');
INSERT INTO board_components (board_revision_id, reference_designator, component_type, value, part_number, notes) VALUES (200006, 'J_RCAM', 'Connector', NULL, NULL, 'Rear camera connector');
INSERT INTO board_components (board_revision_id, reference_designator, component_type, value, part_number, notes) VALUES (200006, 'U_PMIC', 'PMIC', NULL, NULL, 'Main power management IC');
INSERT INTO board_components (board_revision_id, reference_designator, component_type, value, part_number, notes) VALUES (200006, 'U_CHG', 'Charging IC', NULL, NULL, 'USB charging / interface IC');
INSERT INTO board_components (board_revision_id, reference_designator, component_type, value, part_number, notes) VALUES (200006, 'U_AUDIO', 'Audio IC', NULL, NULL, 'Audio codec IC');
INSERT INTO board_components (board_revision_id, reference_designator, component_type, value, part_number, notes) VALUES (200006, 'U_NAND', 'NAND Flash', NULL, NULL, 'Flash storage');
INSERT INTO board_components (board_revision_id, reference_designator, component_type, value, part_number, notes) VALUES (200006, 'U4500', 'USB Charging IC', NULL, '1610A3', 'Tristar USB / charging IC');
INSERT INTO board_components (board_revision_id, reference_designator, component_type, value, part_number, notes) VALUES (200006, 'U2000', 'PMIC', NULL, '338S00120', 'Main power management IC');
INSERT INTO board_components (board_revision_id, reference_designator, component_type, value, part_number, notes) VALUES (200006, 'U1500', 'NAND Flash', NULL, NULL, 'NAND flash storage');
INSERT INTO board_test_points (board_revision_id, label, location_desc, expected_voltage, expected_resistance) VALUES (200006, 'VBAT', 'see boardview', '3.8V', NULL);
INSERT INTO board_test_points (board_revision_id, label, location_desc, expected_voltage, expected_resistance) VALUES (200006, 'VBUS_5V', 'see boardview', '5.0V', NULL);
INSERT INTO board_test_points (board_revision_id, label, location_desc, expected_voltage, expected_resistance) VALUES (200006, 'PP1V8', 'see boardview', '1.8V', NULL);
INSERT INTO board_test_points (board_revision_id, label, location_desc, expected_voltage, expected_resistance) VALUES (200006, 'PP3V0', 'see boardview', '3.0V', NULL);
INSERT INTO board_nets (board_revision_id, net_name, test_point, expected_value, units) VALUES (200006, 'VBAT / PP_BATT_VCC', 'VBAT', '3.8', 'V');
INSERT INTO board_nets (board_revision_id, net_name, test_point, expected_value, units) VALUES (200006, 'VBUS', 'VBUS_5V', '5.0', 'V');
INSERT INTO board_nets (board_revision_id, net_name, test_point, expected_value, units) VALUES (200006, '1V8', 'PP1V8', '1.8', 'V');
INSERT INTO board_nets (board_revision_id, net_name, test_point, expected_value, units) VALUES (200006, '3V0', 'PP3V0', '3.0', 'V');
INSERT INTO measurements (board_revision_id, kind, test_point, reference_designator, rail_name, power_state, expected_value, measured_value, units, notes, is_known_good) VALUES (200006, 'voltage', 'VBAT', NULL, 'VBAT / PP_BATT_VCC', 'off', '3.8', '3.8', 'V', 'Battery main rail (typically 3.0-4.35V with charge).', 1);
INSERT INTO measurements (board_revision_id, kind, test_point, reference_designator, rail_name, power_state, expected_value, measured_value, units, notes, is_known_good) VALUES (200006, 'voltage', 'VBUS_5V', NULL, 'VBUS', 'on', '5.0', '5.0', 'V', 'USB VBUS when charging.', 1);
INSERT INTO measurements (board_revision_id, kind, test_point, reference_designator, rail_name, power_state, expected_value, measured_value, units, notes, is_known_good) VALUES (200006, 'voltage', 'PP1V8', NULL, '1V8', 'on', '1.8', '1.8', 'V', '1.8V housekeeping rail (typical).', 1);
INSERT INTO measurements (board_revision_id, kind, test_point, reference_designator, rail_name, power_state, expected_value, measured_value, units, notes, is_known_good) VALUES (200006, 'voltage', 'PP3V0', NULL, '3V0', 'on', '3.0', '3.0', 'V', '3.0V rail (typical).', 1);
INSERT INTO board_revisions (id, device_model, revision, layer_count, primary_soc, pmic, notes) VALUES (200007, 'Apple iPhone 6s Plus', 'Logic Board', NULL, NULL, 'U_PMIC', 'Apple iPhone 6s Plus main logic board. Component set and rails are family-typical reference values; confirm exact values against the boardview/schematic for this unit.');
INSERT INTO board_components (board_revision_id, reference_designator, component_type, value, part_number, notes) VALUES (200007, 'J_DISP', 'Connector', NULL, NULL, 'Display FPC connector');
INSERT INTO board_components (board_revision_id, reference_designator, component_type, value, part_number, notes) VALUES (200007, 'J_BATT', 'Connector', NULL, NULL, 'Battery FPC connector');
INSERT INTO board_components (board_revision_id, reference_designator, component_type, value, part_number, notes) VALUES (200007, 'J_CHG', 'Connector', NULL, NULL, 'Charge port / dock connector');
INSERT INTO board_components (board_revision_id, reference_designator, component_type, value, part_number, notes) VALUES (200007, 'J_FCAM', 'Connector', NULL, NULL, 'Front camera connector');
INSERT INTO board_components (board_revision_id, reference_designator, component_type, value, part_number, notes) VALUES (200007, 'J_RCAM', 'Connector', NULL, NULL, 'Rear camera connector');
INSERT INTO board_components (board_revision_id, reference_designator, component_type, value, part_number, notes) VALUES (200007, 'U_PMIC', 'PMIC', NULL, NULL, 'Main power management IC');
INSERT INTO board_components (board_revision_id, reference_designator, component_type, value, part_number, notes) VALUES (200007, 'U_CHG', 'Charging IC', NULL, NULL, 'USB charging / interface IC');
INSERT INTO board_components (board_revision_id, reference_designator, component_type, value, part_number, notes) VALUES (200007, 'U_AUDIO', 'Audio IC', NULL, NULL, 'Audio codec IC');
INSERT INTO board_components (board_revision_id, reference_designator, component_type, value, part_number, notes) VALUES (200007, 'U_NAND', 'NAND Flash', NULL, NULL, 'Flash storage');
INSERT INTO board_components (board_revision_id, reference_designator, component_type, value, part_number, notes) VALUES (200007, 'U4500', 'USB Charging IC', NULL, '1610A3', 'Tristar USB / charging IC');
INSERT INTO board_components (board_revision_id, reference_designator, component_type, value, part_number, notes) VALUES (200007, 'U2402', 'Touch IC', NULL, NULL, 'Touchscreen controller (Meson / Cumulus)');
INSERT INTO board_components (board_revision_id, reference_designator, component_type, value, part_number, notes) VALUES (200007, 'U2000', 'PMIC', NULL, '338S00120', 'Main power management IC');
INSERT INTO board_test_points (board_revision_id, label, location_desc, expected_voltage, expected_resistance) VALUES (200007, 'VBAT', 'see boardview', '3.8V', NULL);
INSERT INTO board_test_points (board_revision_id, label, location_desc, expected_voltage, expected_resistance) VALUES (200007, 'VBUS_5V', 'see boardview', '5.0V', NULL);
INSERT INTO board_test_points (board_revision_id, label, location_desc, expected_voltage, expected_resistance) VALUES (200007, 'PP1V8', 'see boardview', '1.8V', NULL);
INSERT INTO board_test_points (board_revision_id, label, location_desc, expected_voltage, expected_resistance) VALUES (200007, 'PP3V0', 'see boardview', '3.0V', NULL);
INSERT INTO board_nets (board_revision_id, net_name, test_point, expected_value, units) VALUES (200007, 'VBAT / PP_BATT_VCC', 'VBAT', '3.8', 'V');
INSERT INTO board_nets (board_revision_id, net_name, test_point, expected_value, units) VALUES (200007, 'VBUS', 'VBUS_5V', '5.0', 'V');
INSERT INTO board_nets (board_revision_id, net_name, test_point, expected_value, units) VALUES (200007, '1V8', 'PP1V8', '1.8', 'V');
INSERT INTO board_nets (board_revision_id, net_name, test_point, expected_value, units) VALUES (200007, '3V0', 'PP3V0', '3.0', 'V');
INSERT INTO measurements (board_revision_id, kind, test_point, reference_designator, rail_name, power_state, expected_value, measured_value, units, notes, is_known_good) VALUES (200007, 'voltage', 'VBAT', NULL, 'VBAT / PP_BATT_VCC', 'off', '3.8', '3.8', 'V', 'Battery main rail (typically 3.0-4.35V with charge).', 1);
INSERT INTO measurements (board_revision_id, kind, test_point, reference_designator, rail_name, power_state, expected_value, measured_value, units, notes, is_known_good) VALUES (200007, 'voltage', 'VBUS_5V', NULL, 'VBUS', 'on', '5.0', '5.0', 'V', 'USB VBUS when charging.', 1);
INSERT INTO measurements (board_revision_id, kind, test_point, reference_designator, rail_name, power_state, expected_value, measured_value, units, notes, is_known_good) VALUES (200007, 'voltage', 'PP1V8', NULL, '1V8', 'on', '1.8', '1.8', 'V', '1.8V housekeeping rail (typical).', 1);
INSERT INTO measurements (board_revision_id, kind, test_point, reference_designator, rail_name, power_state, expected_value, measured_value, units, notes, is_known_good) VALUES (200007, 'voltage', 'PP3V0', NULL, '3V0', 'on', '3.0', '3.0', 'V', '3.0V rail (typical).', 1);
INSERT INTO board_revisions (id, device_model, revision, layer_count, primary_soc, pmic, notes) VALUES (200008, 'Apple iPhone 7', 'Logic Board', NULL, NULL, 'U_PMIC', 'Apple iPhone 7 main logic board. Component set and rails are family-typical reference values; confirm exact values against the boardview/schematic for this unit.');
INSERT INTO board_components (board_revision_id, reference_designator, component_type, value, part_number, notes) VALUES (200008, 'J_DISP', 'Connector', NULL, NULL, 'Display FPC connector');
INSERT INTO board_components (board_revision_id, reference_designator, component_type, value, part_number, notes) VALUES (200008, 'J_BATT', 'Connector', NULL, NULL, 'Battery FPC connector');
INSERT INTO board_components (board_revision_id, reference_designator, component_type, value, part_number, notes) VALUES (200008, 'J_CHG', 'Connector', NULL, NULL, 'Charge port / dock connector');
INSERT INTO board_components (board_revision_id, reference_designator, component_type, value, part_number, notes) VALUES (200008, 'J_FCAM', 'Connector', NULL, NULL, 'Front camera connector');
INSERT INTO board_components (board_revision_id, reference_designator, component_type, value, part_number, notes) VALUES (200008, 'J_RCAM', 'Connector', NULL, NULL, 'Rear camera connector');
INSERT INTO board_components (board_revision_id, reference_designator, component_type, value, part_number, notes) VALUES (200008, 'U_PMIC', 'PMIC', NULL, NULL, 'Main power management IC');
INSERT INTO board_components (board_revision_id, reference_designator, component_type, value, part_number, notes) VALUES (200008, 'U_CHG', 'Charging IC', NULL, NULL, 'USB charging / interface IC');
INSERT INTO board_components (board_revision_id, reference_designator, component_type, value, part_number, notes) VALUES (200008, 'U_AUDIO', 'Audio IC', NULL, NULL, 'Audio codec IC');
INSERT INTO board_components (board_revision_id, reference_designator, component_type, value, part_number, notes) VALUES (200008, 'U_NAND', 'NAND Flash', NULL, NULL, 'Flash storage');
INSERT INTO board_components (board_revision_id, reference_designator, component_type, value, part_number, notes) VALUES (200008, 'U4001', 'USB Charging IC', NULL, '1610A3', 'Tristar USB / charging IC');
INSERT INTO board_components (board_revision_id, reference_designator, component_type, value, part_number, notes) VALUES (200008, 'U3701', 'Backlight IC', NULL, NULL, 'Backlight driver IC');
INSERT INTO board_components (board_revision_id, reference_designator, component_type, value, part_number, notes) VALUES (200008, 'U3101', 'Audio IC', NULL, NULL, 'Audio codec IC (Loop Disease)');
INSERT INTO board_components (board_revision_id, reference_designator, component_type, value, part_number, notes) VALUES (200008, 'U2000', 'PMIC', NULL, '338S00225', 'Main power management IC');
INSERT INTO board_components (board_revision_id, reference_designator, component_type, value, part_number, notes) VALUES (200008, 'U1500', 'NAND Flash', NULL, NULL, 'NAND flash storage');
INSERT INTO board_test_points (board_revision_id, label, location_desc, expected_voltage, expected_resistance) VALUES (200008, 'VBAT', 'see boardview', '3.8V', NULL);
INSERT INTO board_test_points (board_revision_id, label, location_desc, expected_voltage, expected_resistance) VALUES (200008, 'VBUS_5V', 'see boardview', '5.0V', NULL);
INSERT INTO board_test_points (board_revision_id, label, location_desc, expected_voltage, expected_resistance) VALUES (200008, 'PP1V8', 'see boardview', '1.8V', NULL);
INSERT INTO board_test_points (board_revision_id, label, location_desc, expected_voltage, expected_resistance) VALUES (200008, 'PP3V0', 'see boardview', '3.0V', NULL);
INSERT INTO board_nets (board_revision_id, net_name, test_point, expected_value, units) VALUES (200008, 'VBAT / PP_BATT_VCC', 'VBAT', '3.8', 'V');
INSERT INTO board_nets (board_revision_id, net_name, test_point, expected_value, units) VALUES (200008, 'VBUS', 'VBUS_5V', '5.0', 'V');
INSERT INTO board_nets (board_revision_id, net_name, test_point, expected_value, units) VALUES (200008, '1V8', 'PP1V8', '1.8', 'V');
INSERT INTO board_nets (board_revision_id, net_name, test_point, expected_value, units) VALUES (200008, '3V0', 'PP3V0', '3.0', 'V');
INSERT INTO measurements (board_revision_id, kind, test_point, reference_designator, rail_name, power_state, expected_value, measured_value, units, notes, is_known_good) VALUES (200008, 'voltage', 'VBAT', NULL, 'VBAT / PP_BATT_VCC', 'off', '3.8', '3.8', 'V', 'Battery main rail (typically 3.0-4.35V with charge).', 1);
INSERT INTO measurements (board_revision_id, kind, test_point, reference_designator, rail_name, power_state, expected_value, measured_value, units, notes, is_known_good) VALUES (200008, 'voltage', 'VBUS_5V', NULL, 'VBUS', 'on', '5.0', '5.0', 'V', 'USB VBUS when charging.', 1);
INSERT INTO measurements (board_revision_id, kind, test_point, reference_designator, rail_name, power_state, expected_value, measured_value, units, notes, is_known_good) VALUES (200008, 'voltage', 'PP1V8', NULL, '1V8', 'on', '1.8', '1.8', 'V', '1.8V housekeeping rail (typical).', 1);
INSERT INTO measurements (board_revision_id, kind, test_point, reference_designator, rail_name, power_state, expected_value, measured_value, units, notes, is_known_good) VALUES (200008, 'voltage', 'PP3V0', NULL, '3V0', 'on', '3.0', '3.0', 'V', '3.0V rail (typical).', 1);
INSERT INTO board_revisions (id, device_model, revision, layer_count, primary_soc, pmic, notes) VALUES (200009, 'Apple iPhone 7 Plus', 'Logic Board', NULL, NULL, 'U_PMIC', 'Apple iPhone 7 Plus main logic board. Component set and rails are family-typical reference values; confirm exact values against the boardview/schematic for this unit.');
INSERT INTO board_components (board_revision_id, reference_designator, component_type, value, part_number, notes) VALUES (200009, 'J_DISP', 'Connector', NULL, NULL, 'Display FPC connector');
INSERT INTO board_components (board_revision_id, reference_designator, component_type, value, part_number, notes) VALUES (200009, 'J_BATT', 'Connector', NULL, NULL, 'Battery FPC connector');
INSERT INTO board_components (board_revision_id, reference_designator, component_type, value, part_number, notes) VALUES (200009, 'J_CHG', 'Connector', NULL, NULL, 'Charge port / dock connector');
INSERT INTO board_components (board_revision_id, reference_designator, component_type, value, part_number, notes) VALUES (200009, 'J_FCAM', 'Connector', NULL, NULL, 'Front camera connector');
INSERT INTO board_components (board_revision_id, reference_designator, component_type, value, part_number, notes) VALUES (200009, 'J_RCAM', 'Connector', NULL, NULL, 'Rear camera connector');
INSERT INTO board_components (board_revision_id, reference_designator, component_type, value, part_number, notes) VALUES (200009, 'U_PMIC', 'PMIC', NULL, NULL, 'Main power management IC');
INSERT INTO board_components (board_revision_id, reference_designator, component_type, value, part_number, notes) VALUES (200009, 'U_CHG', 'Charging IC', NULL, NULL, 'USB charging / interface IC');
INSERT INTO board_components (board_revision_id, reference_designator, component_type, value, part_number, notes) VALUES (200009, 'U_AUDIO', 'Audio IC', NULL, NULL, 'Audio codec IC');
INSERT INTO board_components (board_revision_id, reference_designator, component_type, value, part_number, notes) VALUES (200009, 'U_NAND', 'NAND Flash', NULL, NULL, 'Flash storage');
INSERT INTO board_components (board_revision_id, reference_designator, component_type, value, part_number, notes) VALUES (200009, 'U4001', 'USB Charging IC', NULL, '1610A3', 'Tristar USB / charging IC');
INSERT INTO board_components (board_revision_id, reference_designator, component_type, value, part_number, notes) VALUES (200009, 'U3701', 'Backlight IC', NULL, NULL, 'Backlight driver IC');
INSERT INTO board_components (board_revision_id, reference_designator, component_type, value, part_number, notes) VALUES (200009, 'U3101', 'Audio IC', NULL, NULL, 'Audio codec IC (Loop Disease)');
INSERT INTO board_components (board_revision_id, reference_designator, component_type, value, part_number, notes) VALUES (200009, 'U2000', 'PMIC', NULL, '338S00225', 'Main power management IC');
INSERT INTO board_test_points (board_revision_id, label, location_desc, expected_voltage, expected_resistance) VALUES (200009, 'VBAT', 'see boardview', '3.8V', NULL);
INSERT INTO board_test_points (board_revision_id, label, location_desc, expected_voltage, expected_resistance) VALUES (200009, 'VBUS_5V', 'see boardview', '5.0V', NULL);
INSERT INTO board_test_points (board_revision_id, label, location_desc, expected_voltage, expected_resistance) VALUES (200009, 'PP1V8', 'see boardview', '1.8V', NULL);
INSERT INTO board_test_points (board_revision_id, label, location_desc, expected_voltage, expected_resistance) VALUES (200009, 'PP3V0', 'see boardview', '3.0V', NULL);
INSERT INTO board_nets (board_revision_id, net_name, test_point, expected_value, units) VALUES (200009, 'VBAT / PP_BATT_VCC', 'VBAT', '3.8', 'V');
INSERT INTO board_nets (board_revision_id, net_name, test_point, expected_value, units) VALUES (200009, 'VBUS', 'VBUS_5V', '5.0', 'V');
INSERT INTO board_nets (board_revision_id, net_name, test_point, expected_value, units) VALUES (200009, '1V8', 'PP1V8', '1.8', 'V');
INSERT INTO board_nets (board_revision_id, net_name, test_point, expected_value, units) VALUES (200009, '3V0', 'PP3V0', '3.0', 'V');
INSERT INTO measurements (board_revision_id, kind, test_point, reference_designator, rail_name, power_state, expected_value, measured_value, units, notes, is_known_good) VALUES (200009, 'voltage', 'VBAT', NULL, 'VBAT / PP_BATT_VCC', 'off', '3.8', '3.8', 'V', 'Battery main rail (typically 3.0-4.35V with charge).', 1);
INSERT INTO measurements (board_revision_id, kind, test_point, reference_designator, rail_name, power_state, expected_value, measured_value, units, notes, is_known_good) VALUES (200009, 'voltage', 'VBUS_5V', NULL, 'VBUS', 'on', '5.0', '5.0', 'V', 'USB VBUS when charging.', 1);
INSERT INTO measurements (board_revision_id, kind, test_point, reference_designator, rail_name, power_state, expected_value, measured_value, units, notes, is_known_good) VALUES (200009, 'voltage', 'PP1V8', NULL, '1V8', 'on', '1.8', '1.8', 'V', '1.8V housekeeping rail (typical).', 1);
INSERT INTO measurements (board_revision_id, kind, test_point, reference_designator, rail_name, power_state, expected_value, measured_value, units, notes, is_known_good) VALUES (200009, 'voltage', 'PP3V0', NULL, '3V0', 'on', '3.0', '3.0', 'V', '3.0V rail (typical).', 1);
INSERT INTO board_revisions (id, device_model, revision, layer_count, primary_soc, pmic, notes) VALUES (200010, 'Apple iPhone 8', 'Logic Board', NULL, NULL, 'U_PMIC', 'Apple iPhone 8 main logic board. Component set and rails are family-typical reference values; confirm exact values against the boardview/schematic for this unit.');
INSERT INTO board_components (board_revision_id, reference_designator, component_type, value, part_number, notes) VALUES (200010, 'J_DISP', 'Connector', NULL, NULL, 'Display FPC connector');
INSERT INTO board_components (board_revision_id, reference_designator, component_type, value, part_number, notes) VALUES (200010, 'J_BATT', 'Connector', NULL, NULL, 'Battery FPC connector');
INSERT INTO board_components (board_revision_id, reference_designator, component_type, value, part_number, notes) VALUES (200010, 'J_CHG', 'Connector', NULL, NULL, 'Charge port / dock connector');
INSERT INTO board_components (board_revision_id, reference_designator, component_type, value, part_number, notes) VALUES (200010, 'J_FCAM', 'Connector', NULL, NULL, 'Front camera connector');
INSERT INTO board_components (board_revision_id, reference_designator, component_type, value, part_number, notes) VALUES (200010, 'J_RCAM', 'Connector', NULL, NULL, 'Rear camera connector');
INSERT INTO board_components (board_revision_id, reference_designator, component_type, value, part_number, notes) VALUES (200010, 'U_PMIC', 'PMIC', NULL, NULL, 'Main power management IC');
INSERT INTO board_components (board_revision_id, reference_designator, component_type, value, part_number, notes) VALUES (200010, 'U_CHG', 'Charging IC', NULL, NULL, 'USB charging / interface IC');
INSERT INTO board_components (board_revision_id, reference_designator, component_type, value, part_number, notes) VALUES (200010, 'U_AUDIO', 'Audio IC', NULL, NULL, 'Audio codec IC');
INSERT INTO board_components (board_revision_id, reference_designator, component_type, value, part_number, notes) VALUES (200010, 'U_NAND', 'NAND Flash', NULL, NULL, 'Flash storage');
INSERT INTO board_components (board_revision_id, reference_designator, component_type, value, part_number, notes) VALUES (200010, 'U6300', 'USB Charging IC', NULL, '1612A1', 'Tigris USB / charging IC');
INSERT INTO board_components (board_revision_id, reference_designator, component_type, value, part_number, notes) VALUES (200010, 'U2700', 'PMIC', NULL, NULL, 'Main power management IC');
INSERT INTO board_test_points (board_revision_id, label, location_desc, expected_voltage, expected_resistance) VALUES (200010, 'VBAT', 'see boardview', '3.8V', NULL);
INSERT INTO board_test_points (board_revision_id, label, location_desc, expected_voltage, expected_resistance) VALUES (200010, 'VBUS_5V', 'see boardview', '5.0V', NULL);
INSERT INTO board_test_points (board_revision_id, label, location_desc, expected_voltage, expected_resistance) VALUES (200010, 'PP1V8', 'see boardview', '1.8V', NULL);
INSERT INTO board_test_points (board_revision_id, label, location_desc, expected_voltage, expected_resistance) VALUES (200010, 'PP3V0', 'see boardview', '3.0V', NULL);
INSERT INTO board_nets (board_revision_id, net_name, test_point, expected_value, units) VALUES (200010, 'VBAT / PP_BATT_VCC', 'VBAT', '3.8', 'V');
INSERT INTO board_nets (board_revision_id, net_name, test_point, expected_value, units) VALUES (200010, 'VBUS', 'VBUS_5V', '5.0', 'V');
INSERT INTO board_nets (board_revision_id, net_name, test_point, expected_value, units) VALUES (200010, '1V8', 'PP1V8', '1.8', 'V');
INSERT INTO board_nets (board_revision_id, net_name, test_point, expected_value, units) VALUES (200010, '3V0', 'PP3V0', '3.0', 'V');
INSERT INTO measurements (board_revision_id, kind, test_point, reference_designator, rail_name, power_state, expected_value, measured_value, units, notes, is_known_good) VALUES (200010, 'voltage', 'VBAT', NULL, 'VBAT / PP_BATT_VCC', 'off', '3.8', '3.8', 'V', 'Battery main rail (typically 3.0-4.35V with charge).', 1);
INSERT INTO measurements (board_revision_id, kind, test_point, reference_designator, rail_name, power_state, expected_value, measured_value, units, notes, is_known_good) VALUES (200010, 'voltage', 'VBUS_5V', NULL, 'VBUS', 'on', '5.0', '5.0', 'V', 'USB VBUS when charging.', 1);
INSERT INTO measurements (board_revision_id, kind, test_point, reference_designator, rail_name, power_state, expected_value, measured_value, units, notes, is_known_good) VALUES (200010, 'voltage', 'PP1V8', NULL, '1V8', 'on', '1.8', '1.8', 'V', '1.8V housekeeping rail (typical).', 1);
INSERT INTO measurements (board_revision_id, kind, test_point, reference_designator, rail_name, power_state, expected_value, measured_value, units, notes, is_known_good) VALUES (200010, 'voltage', 'PP3V0', NULL, '3V0', 'on', '3.0', '3.0', 'V', '3.0V rail (typical).', 1);
INSERT INTO board_revisions (id, device_model, revision, layer_count, primary_soc, pmic, notes) VALUES (200011, 'Apple iPhone 8 Plus', 'Logic Board', NULL, NULL, 'U_PMIC', 'Apple iPhone 8 Plus main logic board. Component set and rails are family-typical reference values; confirm exact values against the boardview/schematic for this unit.');
INSERT INTO board_components (board_revision_id, reference_designator, component_type, value, part_number, notes) VALUES (200011, 'J_DISP', 'Connector', NULL, NULL, 'Display FPC connector');
INSERT INTO board_components (board_revision_id, reference_designator, component_type, value, part_number, notes) VALUES (200011, 'J_BATT', 'Connector', NULL, NULL, 'Battery FPC connector');
INSERT INTO board_components (board_revision_id, reference_designator, component_type, value, part_number, notes) VALUES (200011, 'J_CHG', 'Connector', NULL, NULL, 'Charge port / dock connector');
INSERT INTO board_components (board_revision_id, reference_designator, component_type, value, part_number, notes) VALUES (200011, 'J_FCAM', 'Connector', NULL, NULL, 'Front camera connector');
INSERT INTO board_components (board_revision_id, reference_designator, component_type, value, part_number, notes) VALUES (200011, 'J_RCAM', 'Connector', NULL, NULL, 'Rear camera connector');
INSERT INTO board_components (board_revision_id, reference_designator, component_type, value, part_number, notes) VALUES (200011, 'U_PMIC', 'PMIC', NULL, NULL, 'Main power management IC');
INSERT INTO board_components (board_revision_id, reference_designator, component_type, value, part_number, notes) VALUES (200011, 'U_CHG', 'Charging IC', NULL, NULL, 'USB charging / interface IC');
INSERT INTO board_components (board_revision_id, reference_designator, component_type, value, part_number, notes) VALUES (200011, 'U_AUDIO', 'Audio IC', NULL, NULL, 'Audio codec IC');
INSERT INTO board_components (board_revision_id, reference_designator, component_type, value, part_number, notes) VALUES (200011, 'U_NAND', 'NAND Flash', NULL, NULL, 'Flash storage');
INSERT INTO board_components (board_revision_id, reference_designator, component_type, value, part_number, notes) VALUES (200011, 'U6300', 'USB Charging IC', NULL, '1612A1', 'Tigris USB / charging IC');
INSERT INTO board_components (board_revision_id, reference_designator, component_type, value, part_number, notes) VALUES (200011, 'U2700', 'PMIC', NULL, NULL, 'Main power management IC');
INSERT INTO board_test_points (board_revision_id, label, location_desc, expected_voltage, expected_resistance) VALUES (200011, 'VBAT', 'see boardview', '3.8V', NULL);
INSERT INTO board_test_points (board_revision_id, label, location_desc, expected_voltage, expected_resistance) VALUES (200011, 'VBUS_5V', 'see boardview', '5.0V', NULL);
INSERT INTO board_test_points (board_revision_id, label, location_desc, expected_voltage, expected_resistance) VALUES (200011, 'PP1V8', 'see boardview', '1.8V', NULL);
INSERT INTO board_test_points (board_revision_id, label, location_desc, expected_voltage, expected_resistance) VALUES (200011, 'PP3V0', 'see boardview', '3.0V', NULL);
INSERT INTO board_nets (board_revision_id, net_name, test_point, expected_value, units) VALUES (200011, 'VBAT / PP_BATT_VCC', 'VBAT', '3.8', 'V');
INSERT INTO board_nets (board_revision_id, net_name, test_point, expected_value, units) VALUES (200011, 'VBUS', 'VBUS_5V', '5.0', 'V');
INSERT INTO board_nets (board_revision_id, net_name, test_point, expected_value, units) VALUES (200011, '1V8', 'PP1V8', '1.8', 'V');
INSERT INTO board_nets (board_revision_id, net_name, test_point, expected_value, units) VALUES (200011, '3V0', 'PP3V0', '3.0', 'V');
INSERT INTO measurements (board_revision_id, kind, test_point, reference_designator, rail_name, power_state, expected_value, measured_value, units, notes, is_known_good) VALUES (200011, 'voltage', 'VBAT', NULL, 'VBAT / PP_BATT_VCC', 'off', '3.8', '3.8', 'V', 'Battery main rail (typically 3.0-4.35V with charge).', 1);
INSERT INTO measurements (board_revision_id, kind, test_point, reference_designator, rail_name, power_state, expected_value, measured_value, units, notes, is_known_good) VALUES (200011, 'voltage', 'VBUS_5V', NULL, 'VBUS', 'on', '5.0', '5.0', 'V', 'USB VBUS when charging.', 1);
INSERT INTO measurements (board_revision_id, kind, test_point, reference_designator, rail_name, power_state, expected_value, measured_value, units, notes, is_known_good) VALUES (200011, 'voltage', 'PP1V8', NULL, '1V8', 'on', '1.8', '1.8', 'V', '1.8V housekeeping rail (typical).', 1);
INSERT INTO measurements (board_revision_id, kind, test_point, reference_designator, rail_name, power_state, expected_value, measured_value, units, notes, is_known_good) VALUES (200011, 'voltage', 'PP3V0', NULL, '3V0', 'on', '3.0', '3.0', 'V', '3.0V rail (typical).', 1);
INSERT INTO board_revisions (id, device_model, revision, layer_count, primary_soc, pmic, notes) VALUES (200012, 'Apple iPhone X', 'Logic Board', NULL, NULL, 'U_PMIC', 'Apple iPhone X main logic board. Component set and rails are family-typical reference values; confirm exact values against the boardview/schematic for this unit.');
INSERT INTO board_components (board_revision_id, reference_designator, component_type, value, part_number, notes) VALUES (200012, 'J_DISP', 'Connector', NULL, NULL, 'Display FPC connector');
INSERT INTO board_components (board_revision_id, reference_designator, component_type, value, part_number, notes) VALUES (200012, 'J_BATT', 'Connector', NULL, NULL, 'Battery FPC connector');
INSERT INTO board_components (board_revision_id, reference_designator, component_type, value, part_number, notes) VALUES (200012, 'J_CHG', 'Connector', NULL, NULL, 'Charge port / dock connector');
INSERT INTO board_components (board_revision_id, reference_designator, component_type, value, part_number, notes) VALUES (200012, 'J_FCAM', 'Connector', NULL, NULL, 'Front camera connector');
INSERT INTO board_components (board_revision_id, reference_designator, component_type, value, part_number, notes) VALUES (200012, 'J_RCAM', 'Connector', NULL, NULL, 'Rear camera connector');
INSERT INTO board_components (board_revision_id, reference_designator, component_type, value, part_number, notes) VALUES (200012, 'U_PMIC', 'PMIC', NULL, NULL, 'Main power management IC');
INSERT INTO board_components (board_revision_id, reference_designator, component_type, value, part_number, notes) VALUES (200012, 'U_CHG', 'Charging IC', NULL, NULL, 'USB charging / interface IC');
INSERT INTO board_components (board_revision_id, reference_designator, component_type, value, part_number, notes) VALUES (200012, 'U_AUDIO', 'Audio IC', NULL, NULL, 'Audio codec IC');
INSERT INTO board_components (board_revision_id, reference_designator, component_type, value, part_number, notes) VALUES (200012, 'U_NAND', 'NAND Flash', NULL, NULL, 'Flash storage');
INSERT INTO board_components (board_revision_id, reference_designator, component_type, value, part_number, notes) VALUES (200012, 'U6300', 'USB Charging IC', NULL, '1612A1', 'Tigris USB / charging IC');
INSERT INTO board_components (board_revision_id, reference_designator, component_type, value, part_number, notes) VALUES (200012, 'U2700', 'PMIC', NULL, NULL, 'Main power management IC');
INSERT INTO board_components (board_revision_id, reference_designator, component_type, value, part_number, notes) VALUES (200012, 'U?', 'Charging IC', NULL, NULL, 'Wireless charging IC');
INSERT INTO board_test_points (board_revision_id, label, location_desc, expected_voltage, expected_resistance) VALUES (200012, 'VBAT', 'see boardview', '3.8V', NULL);
INSERT INTO board_test_points (board_revision_id, label, location_desc, expected_voltage, expected_resistance) VALUES (200012, 'VBUS_5V', 'see boardview', '5.0V', NULL);
INSERT INTO board_test_points (board_revision_id, label, location_desc, expected_voltage, expected_resistance) VALUES (200012, 'PP1V8', 'see boardview', '1.8V', NULL);
INSERT INTO board_test_points (board_revision_id, label, location_desc, expected_voltage, expected_resistance) VALUES (200012, 'PP3V0', 'see boardview', '3.0V', NULL);
INSERT INTO board_nets (board_revision_id, net_name, test_point, expected_value, units) VALUES (200012, 'VBAT / PP_BATT_VCC', 'VBAT', '3.8', 'V');
INSERT INTO board_nets (board_revision_id, net_name, test_point, expected_value, units) VALUES (200012, 'VBUS', 'VBUS_5V', '5.0', 'V');
INSERT INTO board_nets (board_revision_id, net_name, test_point, expected_value, units) VALUES (200012, '1V8', 'PP1V8', '1.8', 'V');
INSERT INTO board_nets (board_revision_id, net_name, test_point, expected_value, units) VALUES (200012, '3V0', 'PP3V0', '3.0', 'V');
INSERT INTO measurements (board_revision_id, kind, test_point, reference_designator, rail_name, power_state, expected_value, measured_value, units, notes, is_known_good) VALUES (200012, 'voltage', 'VBAT', NULL, 'VBAT / PP_BATT_VCC', 'off', '3.8', '3.8', 'V', 'Battery main rail (typically 3.0-4.35V with charge).', 1);
INSERT INTO measurements (board_revision_id, kind, test_point, reference_designator, rail_name, power_state, expected_value, measured_value, units, notes, is_known_good) VALUES (200012, 'voltage', 'VBUS_5V', NULL, 'VBUS', 'on', '5.0', '5.0', 'V', 'USB VBUS when charging.', 1);
INSERT INTO measurements (board_revision_id, kind, test_point, reference_designator, rail_name, power_state, expected_value, measured_value, units, notes, is_known_good) VALUES (200012, 'voltage', 'PP1V8', NULL, '1V8', 'on', '1.8', '1.8', 'V', '1.8V housekeeping rail (typical).', 1);
INSERT INTO measurements (board_revision_id, kind, test_point, reference_designator, rail_name, power_state, expected_value, measured_value, units, notes, is_known_good) VALUES (200012, 'voltage', 'PP3V0', NULL, '3V0', 'on', '3.0', '3.0', 'V', '3.0V rail (typical).', 1);
INSERT INTO board_revisions (id, device_model, revision, layer_count, primary_soc, pmic, notes) VALUES (200013, 'Apple iPhone XR', 'Logic Board', NULL, NULL, 'U_PMIC', 'Apple iPhone XR main logic board. Component set and rails are family-typical reference values; confirm exact values against the boardview/schematic for this unit.');
INSERT INTO board_components (board_revision_id, reference_designator, component_type, value, part_number, notes) VALUES (200013, 'J_DISP', 'Connector', NULL, NULL, 'Display FPC connector');
INSERT INTO board_components (board_revision_id, reference_designator, component_type, value, part_number, notes) VALUES (200013, 'J_BATT', 'Connector', NULL, NULL, 'Battery FPC connector');
INSERT INTO board_components (board_revision_id, reference_designator, component_type, value, part_number, notes) VALUES (200013, 'J_CHG', 'Connector', NULL, NULL, 'Charge port / dock connector');
INSERT INTO board_components (board_revision_id, reference_designator, component_type, value, part_number, notes) VALUES (200013, 'J_FCAM', 'Connector', NULL, NULL, 'Front camera connector');
INSERT INTO board_components (board_revision_id, reference_designator, component_type, value, part_number, notes) VALUES (200013, 'J_RCAM', 'Connector', NULL, NULL, 'Rear camera connector');
INSERT INTO board_components (board_revision_id, reference_designator, component_type, value, part_number, notes) VALUES (200013, 'U_PMIC', 'PMIC', NULL, NULL, 'Main power management IC');
INSERT INTO board_components (board_revision_id, reference_designator, component_type, value, part_number, notes) VALUES (200013, 'U_CHG', 'Charging IC', NULL, NULL, 'USB charging / interface IC');
INSERT INTO board_components (board_revision_id, reference_designator, component_type, value, part_number, notes) VALUES (200013, 'U_AUDIO', 'Audio IC', NULL, NULL, 'Audio codec IC');
INSERT INTO board_components (board_revision_id, reference_designator, component_type, value, part_number, notes) VALUES (200013, 'U_NAND', 'NAND Flash', NULL, NULL, 'Flash storage');
INSERT INTO board_test_points (board_revision_id, label, location_desc, expected_voltage, expected_resistance) VALUES (200013, 'VBAT', 'see boardview', '3.8V', NULL);
INSERT INTO board_test_points (board_revision_id, label, location_desc, expected_voltage, expected_resistance) VALUES (200013, 'VBUS_5V', 'see boardview', '5.0V', NULL);
INSERT INTO board_test_points (board_revision_id, label, location_desc, expected_voltage, expected_resistance) VALUES (200013, 'PP1V8', 'see boardview', '1.8V', NULL);
INSERT INTO board_test_points (board_revision_id, label, location_desc, expected_voltage, expected_resistance) VALUES (200013, 'PP3V0', 'see boardview', '3.0V', NULL);
INSERT INTO board_nets (board_revision_id, net_name, test_point, expected_value, units) VALUES (200013, 'VBAT / PP_BATT_VCC', 'VBAT', '3.8', 'V');
INSERT INTO board_nets (board_revision_id, net_name, test_point, expected_value, units) VALUES (200013, 'VBUS', 'VBUS_5V', '5.0', 'V');
INSERT INTO board_nets (board_revision_id, net_name, test_point, expected_value, units) VALUES (200013, '1V8', 'PP1V8', '1.8', 'V');
INSERT INTO board_nets (board_revision_id, net_name, test_point, expected_value, units) VALUES (200013, '3V0', 'PP3V0', '3.0', 'V');
INSERT INTO measurements (board_revision_id, kind, test_point, reference_designator, rail_name, power_state, expected_value, measured_value, units, notes, is_known_good) VALUES (200013, 'voltage', 'VBAT', NULL, 'VBAT / PP_BATT_VCC', 'off', '3.8', '3.8', 'V', 'Battery main rail (typically 3.0-4.35V with charge).', 1);
INSERT INTO measurements (board_revision_id, kind, test_point, reference_designator, rail_name, power_state, expected_value, measured_value, units, notes, is_known_good) VALUES (200013, 'voltage', 'VBUS_5V', NULL, 'VBUS', 'on', '5.0', '5.0', 'V', 'USB VBUS when charging.', 1);
INSERT INTO measurements (board_revision_id, kind, test_point, reference_designator, rail_name, power_state, expected_value, measured_value, units, notes, is_known_good) VALUES (200013, 'voltage', 'PP1V8', NULL, '1V8', 'on', '1.8', '1.8', 'V', '1.8V housekeeping rail (typical).', 1);
INSERT INTO measurements (board_revision_id, kind, test_point, reference_designator, rail_name, power_state, expected_value, measured_value, units, notes, is_known_good) VALUES (200013, 'voltage', 'PP3V0', NULL, '3V0', 'on', '3.0', '3.0', 'V', '3.0V rail (typical).', 1);
INSERT INTO board_revisions (id, device_model, revision, layer_count, primary_soc, pmic, notes) VALUES (200014, 'Apple iPhone XS', 'Logic Board', NULL, NULL, 'U_PMIC', 'Apple iPhone XS main logic board. Component set and rails are family-typical reference values; confirm exact values against the boardview/schematic for this unit.');
INSERT INTO board_components (board_revision_id, reference_designator, component_type, value, part_number, notes) VALUES (200014, 'J_DISP', 'Connector', NULL, NULL, 'Display FPC connector');
INSERT INTO board_components (board_revision_id, reference_designator, component_type, value, part_number, notes) VALUES (200014, 'J_BATT', 'Connector', NULL, NULL, 'Battery FPC connector');
INSERT INTO board_components (board_revision_id, reference_designator, component_type, value, part_number, notes) VALUES (200014, 'J_CHG', 'Connector', NULL, NULL, 'Charge port / dock connector');
INSERT INTO board_components (board_revision_id, reference_designator, component_type, value, part_number, notes) VALUES (200014, 'J_FCAM', 'Connector', NULL, NULL, 'Front camera connector');
INSERT INTO board_components (board_revision_id, reference_designator, component_type, value, part_number, notes) VALUES (200014, 'J_RCAM', 'Connector', NULL, NULL, 'Rear camera connector');
INSERT INTO board_components (board_revision_id, reference_designator, component_type, value, part_number, notes) VALUES (200014, 'U_PMIC', 'PMIC', NULL, NULL, 'Main power management IC');
INSERT INTO board_components (board_revision_id, reference_designator, component_type, value, part_number, notes) VALUES (200014, 'U_CHG', 'Charging IC', NULL, NULL, 'USB charging / interface IC');
INSERT INTO board_components (board_revision_id, reference_designator, component_type, value, part_number, notes) VALUES (200014, 'U_AUDIO', 'Audio IC', NULL, NULL, 'Audio codec IC');
INSERT INTO board_components (board_revision_id, reference_designator, component_type, value, part_number, notes) VALUES (200014, 'U_NAND', 'NAND Flash', NULL, NULL, 'Flash storage');
INSERT INTO board_components (board_revision_id, reference_designator, component_type, value, part_number, notes) VALUES (200014, 'U?', 'Charging IC', NULL, NULL, 'Wireless charging IC');
INSERT INTO board_test_points (board_revision_id, label, location_desc, expected_voltage, expected_resistance) VALUES (200014, 'VBAT', 'see boardview', '3.8V', NULL);
INSERT INTO board_test_points (board_revision_id, label, location_desc, expected_voltage, expected_resistance) VALUES (200014, 'VBUS_5V', 'see boardview', '5.0V', NULL);
INSERT INTO board_test_points (board_revision_id, label, location_desc, expected_voltage, expected_resistance) VALUES (200014, 'PP1V8', 'see boardview', '1.8V', NULL);
INSERT INTO board_test_points (board_revision_id, label, location_desc, expected_voltage, expected_resistance) VALUES (200014, 'PP3V0', 'see boardview', '3.0V', NULL);
INSERT INTO board_nets (board_revision_id, net_name, test_point, expected_value, units) VALUES (200014, 'VBAT / PP_BATT_VCC', 'VBAT', '3.8', 'V');
INSERT INTO board_nets (board_revision_id, net_name, test_point, expected_value, units) VALUES (200014, 'VBUS', 'VBUS_5V', '5.0', 'V');
INSERT INTO board_nets (board_revision_id, net_name, test_point, expected_value, units) VALUES (200014, '1V8', 'PP1V8', '1.8', 'V');
INSERT INTO board_nets (board_revision_id, net_name, test_point, expected_value, units) VALUES (200014, '3V0', 'PP3V0', '3.0', 'V');
INSERT INTO measurements (board_revision_id, kind, test_point, reference_designator, rail_name, power_state, expected_value, measured_value, units, notes, is_known_good) VALUES (200014, 'voltage', 'VBAT', NULL, 'VBAT / PP_BATT_VCC', 'off', '3.8', '3.8', 'V', 'Battery main rail (typically 3.0-4.35V with charge).', 1);
INSERT INTO measurements (board_revision_id, kind, test_point, reference_designator, rail_name, power_state, expected_value, measured_value, units, notes, is_known_good) VALUES (200014, 'voltage', 'VBUS_5V', NULL, 'VBUS', 'on', '5.0', '5.0', 'V', 'USB VBUS when charging.', 1);
INSERT INTO measurements (board_revision_id, kind, test_point, reference_designator, rail_name, power_state, expected_value, measured_value, units, notes, is_known_good) VALUES (200014, 'voltage', 'PP1V8', NULL, '1V8', 'on', '1.8', '1.8', 'V', '1.8V housekeeping rail (typical).', 1);
INSERT INTO measurements (board_revision_id, kind, test_point, reference_designator, rail_name, power_state, expected_value, measured_value, units, notes, is_known_good) VALUES (200014, 'voltage', 'PP3V0', NULL, '3V0', 'on', '3.0', '3.0', 'V', '3.0V rail (typical).', 1);
INSERT INTO board_revisions (id, device_model, revision, layer_count, primary_soc, pmic, notes) VALUES (200015, 'Apple iPhone XS Max', 'Logic Board', NULL, NULL, 'U_PMIC', 'Apple iPhone XS Max main logic board. Component set and rails are family-typical reference values; confirm exact values against the boardview/schematic for this unit.');
INSERT INTO board_components (board_revision_id, reference_designator, component_type, value, part_number, notes) VALUES (200015, 'J_DISP', 'Connector', NULL, NULL, 'Display FPC connector');
INSERT INTO board_components (board_revision_id, reference_designator, component_type, value, part_number, notes) VALUES (200015, 'J_BATT', 'Connector', NULL, NULL, 'Battery FPC connector');
INSERT INTO board_components (board_revision_id, reference_designator, component_type, value, part_number, notes) VALUES (200015, 'J_CHG', 'Connector', NULL, NULL, 'Charge port / dock connector');
INSERT INTO board_components (board_revision_id, reference_designator, component_type, value, part_number, notes) VALUES (200015, 'J_FCAM', 'Connector', NULL, NULL, 'Front camera connector');
INSERT INTO board_components (board_revision_id, reference_designator, component_type, value, part_number, notes) VALUES (200015, 'J_RCAM', 'Connector', NULL, NULL, 'Rear camera connector');
INSERT INTO board_components (board_revision_id, reference_designator, component_type, value, part_number, notes) VALUES (200015, 'U_PMIC', 'PMIC', NULL, NULL, 'Main power management IC');
INSERT INTO board_components (board_revision_id, reference_designator, component_type, value, part_number, notes) VALUES (200015, 'U_CHG', 'Charging IC', NULL, NULL, 'USB charging / interface IC');
INSERT INTO board_components (board_revision_id, reference_designator, component_type, value, part_number, notes) VALUES (200015, 'U_AUDIO', 'Audio IC', NULL, NULL, 'Audio codec IC');
INSERT INTO board_components (board_revision_id, reference_designator, component_type, value, part_number, notes) VALUES (200015, 'U_NAND', 'NAND Flash', NULL, NULL, 'Flash storage');
INSERT INTO board_test_points (board_revision_id, label, location_desc, expected_voltage, expected_resistance) VALUES (200015, 'VBAT', 'see boardview', '3.8V', NULL);
INSERT INTO board_test_points (board_revision_id, label, location_desc, expected_voltage, expected_resistance) VALUES (200015, 'VBUS_5V', 'see boardview', '5.0V', NULL);
INSERT INTO board_test_points (board_revision_id, label, location_desc, expected_voltage, expected_resistance) VALUES (200015, 'PP1V8', 'see boardview', '1.8V', NULL);
INSERT INTO board_test_points (board_revision_id, label, location_desc, expected_voltage, expected_resistance) VALUES (200015, 'PP3V0', 'see boardview', '3.0V', NULL);
INSERT INTO board_nets (board_revision_id, net_name, test_point, expected_value, units) VALUES (200015, 'VBAT / PP_BATT_VCC', 'VBAT', '3.8', 'V');
INSERT INTO board_nets (board_revision_id, net_name, test_point, expected_value, units) VALUES (200015, 'VBUS', 'VBUS_5V', '5.0', 'V');
INSERT INTO board_nets (board_revision_id, net_name, test_point, expected_value, units) VALUES (200015, '1V8', 'PP1V8', '1.8', 'V');
INSERT INTO board_nets (board_revision_id, net_name, test_point, expected_value, units) VALUES (200015, '3V0', 'PP3V0', '3.0', 'V');
INSERT INTO measurements (board_revision_id, kind, test_point, reference_designator, rail_name, power_state, expected_value, measured_value, units, notes, is_known_good) VALUES (200015, 'voltage', 'VBAT', NULL, 'VBAT / PP_BATT_VCC', 'off', '3.8', '3.8', 'V', 'Battery main rail (typically 3.0-4.35V with charge).', 1);
INSERT INTO measurements (board_revision_id, kind, test_point, reference_designator, rail_name, power_state, expected_value, measured_value, units, notes, is_known_good) VALUES (200015, 'voltage', 'VBUS_5V', NULL, 'VBUS', 'on', '5.0', '5.0', 'V', 'USB VBUS when charging.', 1);
INSERT INTO measurements (board_revision_id, kind, test_point, reference_designator, rail_name, power_state, expected_value, measured_value, units, notes, is_known_good) VALUES (200015, 'voltage', 'PP1V8', NULL, '1V8', 'on', '1.8', '1.8', 'V', '1.8V housekeeping rail (typical).', 1);
INSERT INTO measurements (board_revision_id, kind, test_point, reference_designator, rail_name, power_state, expected_value, measured_value, units, notes, is_known_good) VALUES (200015, 'voltage', 'PP3V0', NULL, '3V0', 'on', '3.0', '3.0', 'V', '3.0V rail (typical).', 1);
INSERT INTO board_revisions (id, device_model, revision, layer_count, primary_soc, pmic, notes) VALUES (200016, 'Apple iPhone 11', 'Logic Board', NULL, NULL, 'U_PMIC', 'Apple iPhone 11 main logic board. Component set and rails are family-typical reference values; confirm exact values against the boardview/schematic for this unit.');
INSERT INTO board_components (board_revision_id, reference_designator, component_type, value, part_number, notes) VALUES (200016, 'J_DISP', 'Connector', NULL, NULL, 'Display FPC connector');
INSERT INTO board_components (board_revision_id, reference_designator, component_type, value, part_number, notes) VALUES (200016, 'J_BATT', 'Connector', NULL, NULL, 'Battery FPC connector');
INSERT INTO board_components (board_revision_id, reference_designator, component_type, value, part_number, notes) VALUES (200016, 'J_CHG', 'Connector', NULL, NULL, 'Charge port / dock connector');
INSERT INTO board_components (board_revision_id, reference_designator, component_type, value, part_number, notes) VALUES (200016, 'J_FCAM', 'Connector', NULL, NULL, 'Front camera connector');
INSERT INTO board_components (board_revision_id, reference_designator, component_type, value, part_number, notes) VALUES (200016, 'J_RCAM', 'Connector', NULL, NULL, 'Rear camera connector');
INSERT INTO board_components (board_revision_id, reference_designator, component_type, value, part_number, notes) VALUES (200016, 'U_PMIC', 'PMIC', NULL, NULL, 'Main power management IC');
INSERT INTO board_components (board_revision_id, reference_designator, component_type, value, part_number, notes) VALUES (200016, 'U_CHG', 'Charging IC', NULL, NULL, 'USB charging / interface IC');
INSERT INTO board_components (board_revision_id, reference_designator, component_type, value, part_number, notes) VALUES (200016, 'U_AUDIO', 'Audio IC', NULL, NULL, 'Audio codec IC');
INSERT INTO board_components (board_revision_id, reference_designator, component_type, value, part_number, notes) VALUES (200016, 'U_NAND', 'NAND Flash', NULL, NULL, 'Flash storage');
INSERT INTO board_components (board_revision_id, reference_designator, component_type, value, part_number, notes) VALUES (200016, 'U?', 'Charging IC', NULL, NULL, 'Wireless charging IC');
INSERT INTO board_test_points (board_revision_id, label, location_desc, expected_voltage, expected_resistance) VALUES (200016, 'VBAT', 'see boardview', '3.8V', NULL);
INSERT INTO board_test_points (board_revision_id, label, location_desc, expected_voltage, expected_resistance) VALUES (200016, 'VBUS_5V', 'see boardview', '5.0V', NULL);
INSERT INTO board_test_points (board_revision_id, label, location_desc, expected_voltage, expected_resistance) VALUES (200016, 'PP1V8', 'see boardview', '1.8V', NULL);
INSERT INTO board_test_points (board_revision_id, label, location_desc, expected_voltage, expected_resistance) VALUES (200016, 'PP3V0', 'see boardview', '3.0V', NULL);
INSERT INTO board_nets (board_revision_id, net_name, test_point, expected_value, units) VALUES (200016, 'VBAT / PP_BATT_VCC', 'VBAT', '3.8', 'V');
INSERT INTO board_nets (board_revision_id, net_name, test_point, expected_value, units) VALUES (200016, 'VBUS', 'VBUS_5V', '5.0', 'V');
INSERT INTO board_nets (board_revision_id, net_name, test_point, expected_value, units) VALUES (200016, '1V8', 'PP1V8', '1.8', 'V');
INSERT INTO board_nets (board_revision_id, net_name, test_point, expected_value, units) VALUES (200016, '3V0', 'PP3V0', '3.0', 'V');
INSERT INTO measurements (board_revision_id, kind, test_point, reference_designator, rail_name, power_state, expected_value, measured_value, units, notes, is_known_good) VALUES (200016, 'voltage', 'VBAT', NULL, 'VBAT / PP_BATT_VCC', 'off', '3.8', '3.8', 'V', 'Battery main rail (typically 3.0-4.35V with charge).', 1);
INSERT INTO measurements (board_revision_id, kind, test_point, reference_designator, rail_name, power_state, expected_value, measured_value, units, notes, is_known_good) VALUES (200016, 'voltage', 'VBUS_5V', NULL, 'VBUS', 'on', '5.0', '5.0', 'V', 'USB VBUS when charging.', 1);
INSERT INTO measurements (board_revision_id, kind, test_point, reference_designator, rail_name, power_state, expected_value, measured_value, units, notes, is_known_good) VALUES (200016, 'voltage', 'PP1V8', NULL, '1V8', 'on', '1.8', '1.8', 'V', '1.8V housekeeping rail (typical).', 1);
INSERT INTO measurements (board_revision_id, kind, test_point, reference_designator, rail_name, power_state, expected_value, measured_value, units, notes, is_known_good) VALUES (200016, 'voltage', 'PP3V0', NULL, '3V0', 'on', '3.0', '3.0', 'V', '3.0V rail (typical).', 1);
INSERT INTO board_revisions (id, device_model, revision, layer_count, primary_soc, pmic, notes) VALUES (200017, 'Apple iPhone 11 Pro', 'Logic Board', NULL, NULL, 'U_PMIC', 'Apple iPhone 11 Pro main logic board. Component set and rails are family-typical reference values; confirm exact values against the boardview/schematic for this unit.');
INSERT INTO board_components (board_revision_id, reference_designator, component_type, value, part_number, notes) VALUES (200017, 'J_DISP', 'Connector', NULL, NULL, 'Display FPC connector');
INSERT INTO board_components (board_revision_id, reference_designator, component_type, value, part_number, notes) VALUES (200017, 'J_BATT', 'Connector', NULL, NULL, 'Battery FPC connector');
INSERT INTO board_components (board_revision_id, reference_designator, component_type, value, part_number, notes) VALUES (200017, 'J_CHG', 'Connector', NULL, NULL, 'Charge port / dock connector');
INSERT INTO board_components (board_revision_id, reference_designator, component_type, value, part_number, notes) VALUES (200017, 'J_FCAM', 'Connector', NULL, NULL, 'Front camera connector');
INSERT INTO board_components (board_revision_id, reference_designator, component_type, value, part_number, notes) VALUES (200017, 'J_RCAM', 'Connector', NULL, NULL, 'Rear camera connector');
INSERT INTO board_components (board_revision_id, reference_designator, component_type, value, part_number, notes) VALUES (200017, 'U_PMIC', 'PMIC', NULL, NULL, 'Main power management IC');
INSERT INTO board_components (board_revision_id, reference_designator, component_type, value, part_number, notes) VALUES (200017, 'U_CHG', 'Charging IC', NULL, NULL, 'USB charging / interface IC');
INSERT INTO board_components (board_revision_id, reference_designator, component_type, value, part_number, notes) VALUES (200017, 'U_AUDIO', 'Audio IC', NULL, NULL, 'Audio codec IC');
INSERT INTO board_components (board_revision_id, reference_designator, component_type, value, part_number, notes) VALUES (200017, 'U_NAND', 'NAND Flash', NULL, NULL, 'Flash storage');
INSERT INTO board_test_points (board_revision_id, label, location_desc, expected_voltage, expected_resistance) VALUES (200017, 'VBAT', 'see boardview', '3.8V', NULL);
INSERT INTO board_test_points (board_revision_id, label, location_desc, expected_voltage, expected_resistance) VALUES (200017, 'VBUS_5V', 'see boardview', '5.0V', NULL);
INSERT INTO board_test_points (board_revision_id, label, location_desc, expected_voltage, expected_resistance) VALUES (200017, 'PP1V8', 'see boardview', '1.8V', NULL);
INSERT INTO board_test_points (board_revision_id, label, location_desc, expected_voltage, expected_resistance) VALUES (200017, 'PP3V0', 'see boardview', '3.0V', NULL);
INSERT INTO board_nets (board_revision_id, net_name, test_point, expected_value, units) VALUES (200017, 'VBAT / PP_BATT_VCC', 'VBAT', '3.8', 'V');
INSERT INTO board_nets (board_revision_id, net_name, test_point, expected_value, units) VALUES (200017, 'VBUS', 'VBUS_5V', '5.0', 'V');
INSERT INTO board_nets (board_revision_id, net_name, test_point, expected_value, units) VALUES (200017, '1V8', 'PP1V8', '1.8', 'V');
INSERT INTO board_nets (board_revision_id, net_name, test_point, expected_value, units) VALUES (200017, '3V0', 'PP3V0', '3.0', 'V');
INSERT INTO measurements (board_revision_id, kind, test_point, reference_designator, rail_name, power_state, expected_value, measured_value, units, notes, is_known_good) VALUES (200017, 'voltage', 'VBAT', NULL, 'VBAT / PP_BATT_VCC', 'off', '3.8', '3.8', 'V', 'Battery main rail (typically 3.0-4.35V with charge).', 1);
INSERT INTO measurements (board_revision_id, kind, test_point, reference_designator, rail_name, power_state, expected_value, measured_value, units, notes, is_known_good) VALUES (200017, 'voltage', 'VBUS_5V', NULL, 'VBUS', 'on', '5.0', '5.0', 'V', 'USB VBUS when charging.', 1);
INSERT INTO measurements (board_revision_id, kind, test_point, reference_designator, rail_name, power_state, expected_value, measured_value, units, notes, is_known_good) VALUES (200017, 'voltage', 'PP1V8', NULL, '1V8', 'on', '1.8', '1.8', 'V', '1.8V housekeeping rail (typical).', 1);
INSERT INTO measurements (board_revision_id, kind, test_point, reference_designator, rail_name, power_state, expected_value, measured_value, units, notes, is_known_good) VALUES (200017, 'voltage', 'PP3V0', NULL, '3V0', 'on', '3.0', '3.0', 'V', '3.0V rail (typical).', 1);
INSERT INTO board_revisions (id, device_model, revision, layer_count, primary_soc, pmic, notes) VALUES (200018, 'Apple iPhone 11 Pro Max', 'Logic Board', NULL, NULL, 'U_PMIC', 'Apple iPhone 11 Pro Max main logic board. Component set and rails are family-typical reference values; confirm exact values against the boardview/schematic for this unit.');
INSERT INTO board_components (board_revision_id, reference_designator, component_type, value, part_number, notes) VALUES (200018, 'J_DISP', 'Connector', NULL, NULL, 'Display FPC connector');
INSERT INTO board_components (board_revision_id, reference_designator, component_type, value, part_number, notes) VALUES (200018, 'J_BATT', 'Connector', NULL, NULL, 'Battery FPC connector');
INSERT INTO board_components (board_revision_id, reference_designator, component_type, value, part_number, notes) VALUES (200018, 'J_CHG', 'Connector', NULL, NULL, 'Charge port / dock connector');
INSERT INTO board_components (board_revision_id, reference_designator, component_type, value, part_number, notes) VALUES (200018, 'J_FCAM', 'Connector', NULL, NULL, 'Front camera connector');
INSERT INTO board_components (board_revision_id, reference_designator, component_type, value, part_number, notes) VALUES (200018, 'J_RCAM', 'Connector', NULL, NULL, 'Rear camera connector');
INSERT INTO board_components (board_revision_id, reference_designator, component_type, value, part_number, notes) VALUES (200018, 'U_PMIC', 'PMIC', NULL, NULL, 'Main power management IC');
INSERT INTO board_components (board_revision_id, reference_designator, component_type, value, part_number, notes) VALUES (200018, 'U_CHG', 'Charging IC', NULL, NULL, 'USB charging / interface IC');
INSERT INTO board_components (board_revision_id, reference_designator, component_type, value, part_number, notes) VALUES (200018, 'U_AUDIO', 'Audio IC', NULL, NULL, 'Audio codec IC');
INSERT INTO board_components (board_revision_id, reference_designator, component_type, value, part_number, notes) VALUES (200018, 'U_NAND', 'NAND Flash', NULL, NULL, 'Flash storage');
INSERT INTO board_test_points (board_revision_id, label, location_desc, expected_voltage, expected_resistance) VALUES (200018, 'VBAT', 'see boardview', '3.8V', NULL);
INSERT INTO board_test_points (board_revision_id, label, location_desc, expected_voltage, expected_resistance) VALUES (200018, 'VBUS_5V', 'see boardview', '5.0V', NULL);
INSERT INTO board_test_points (board_revision_id, label, location_desc, expected_voltage, expected_resistance) VALUES (200018, 'PP1V8', 'see boardview', '1.8V', NULL);
INSERT INTO board_test_points (board_revision_id, label, location_desc, expected_voltage, expected_resistance) VALUES (200018, 'PP3V0', 'see boardview', '3.0V', NULL);
INSERT INTO board_nets (board_revision_id, net_name, test_point, expected_value, units) VALUES (200018, 'VBAT / PP_BATT_VCC', 'VBAT', '3.8', 'V');
INSERT INTO board_nets (board_revision_id, net_name, test_point, expected_value, units) VALUES (200018, 'VBUS', 'VBUS_5V', '5.0', 'V');
INSERT INTO board_nets (board_revision_id, net_name, test_point, expected_value, units) VALUES (200018, '1V8', 'PP1V8', '1.8', 'V');
INSERT INTO board_nets (board_revision_id, net_name, test_point, expected_value, units) VALUES (200018, '3V0', 'PP3V0', '3.0', 'V');
INSERT INTO measurements (board_revision_id, kind, test_point, reference_designator, rail_name, power_state, expected_value, measured_value, units, notes, is_known_good) VALUES (200018, 'voltage', 'VBAT', NULL, 'VBAT / PP_BATT_VCC', 'off', '3.8', '3.8', 'V', 'Battery main rail (typically 3.0-4.35V with charge).', 1);
INSERT INTO measurements (board_revision_id, kind, test_point, reference_designator, rail_name, power_state, expected_value, measured_value, units, notes, is_known_good) VALUES (200018, 'voltage', 'VBUS_5V', NULL, 'VBUS', 'on', '5.0', '5.0', 'V', 'USB VBUS when charging.', 1);
INSERT INTO measurements (board_revision_id, kind, test_point, reference_designator, rail_name, power_state, expected_value, measured_value, units, notes, is_known_good) VALUES (200018, 'voltage', 'PP1V8', NULL, '1V8', 'on', '1.8', '1.8', 'V', '1.8V housekeeping rail (typical).', 1);
INSERT INTO measurements (board_revision_id, kind, test_point, reference_designator, rail_name, power_state, expected_value, measured_value, units, notes, is_known_good) VALUES (200018, 'voltage', 'PP3V0', NULL, '3V0', 'on', '3.0', '3.0', 'V', '3.0V rail (typical).', 1);
INSERT INTO board_revisions (id, device_model, revision, layer_count, primary_soc, pmic, notes) VALUES (200019, 'Apple iPhone SE (2020)', 'Logic Board', NULL, NULL, 'U_PMIC', 'Apple iPhone SE (2020) main logic board. Component set and rails are family-typical reference values; confirm exact values against the boardview/schematic for this unit.');
INSERT INTO board_components (board_revision_id, reference_designator, component_type, value, part_number, notes) VALUES (200019, 'J_DISP', 'Connector', NULL, NULL, 'Display FPC connector');
INSERT INTO board_components (board_revision_id, reference_designator, component_type, value, part_number, notes) VALUES (200019, 'J_BATT', 'Connector', NULL, NULL, 'Battery FPC connector');
INSERT INTO board_components (board_revision_id, reference_designator, component_type, value, part_number, notes) VALUES (200019, 'J_CHG', 'Connector', NULL, NULL, 'Charge port / dock connector');
INSERT INTO board_components (board_revision_id, reference_designator, component_type, value, part_number, notes) VALUES (200019, 'J_FCAM', 'Connector', NULL, NULL, 'Front camera connector');
INSERT INTO board_components (board_revision_id, reference_designator, component_type, value, part_number, notes) VALUES (200019, 'J_RCAM', 'Connector', NULL, NULL, 'Rear camera connector');
INSERT INTO board_components (board_revision_id, reference_designator, component_type, value, part_number, notes) VALUES (200019, 'U_PMIC', 'PMIC', NULL, NULL, 'Main power management IC');
INSERT INTO board_components (board_revision_id, reference_designator, component_type, value, part_number, notes) VALUES (200019, 'U_CHG', 'Charging IC', NULL, NULL, 'USB charging / interface IC');
INSERT INTO board_components (board_revision_id, reference_designator, component_type, value, part_number, notes) VALUES (200019, 'U_AUDIO', 'Audio IC', NULL, NULL, 'Audio codec IC');
INSERT INTO board_components (board_revision_id, reference_designator, component_type, value, part_number, notes) VALUES (200019, 'U_NAND', 'NAND Flash', NULL, NULL, 'Flash storage');
INSERT INTO board_test_points (board_revision_id, label, location_desc, expected_voltage, expected_resistance) VALUES (200019, 'VBAT', 'see boardview', '3.8V', NULL);
INSERT INTO board_test_points (board_revision_id, label, location_desc, expected_voltage, expected_resistance) VALUES (200019, 'VBUS_5V', 'see boardview', '5.0V', NULL);
INSERT INTO board_test_points (board_revision_id, label, location_desc, expected_voltage, expected_resistance) VALUES (200019, 'PP1V8', 'see boardview', '1.8V', NULL);
INSERT INTO board_test_points (board_revision_id, label, location_desc, expected_voltage, expected_resistance) VALUES (200019, 'PP3V0', 'see boardview', '3.0V', NULL);
INSERT INTO board_nets (board_revision_id, net_name, test_point, expected_value, units) VALUES (200019, 'VBAT / PP_BATT_VCC', 'VBAT', '3.8', 'V');
INSERT INTO board_nets (board_revision_id, net_name, test_point, expected_value, units) VALUES (200019, 'VBUS', 'VBUS_5V', '5.0', 'V');
INSERT INTO board_nets (board_revision_id, net_name, test_point, expected_value, units) VALUES (200019, '1V8', 'PP1V8', '1.8', 'V');
INSERT INTO board_nets (board_revision_id, net_name, test_point, expected_value, units) VALUES (200019, '3V0', 'PP3V0', '3.0', 'V');
INSERT INTO measurements (board_revision_id, kind, test_point, reference_designator, rail_name, power_state, expected_value, measured_value, units, notes, is_known_good) VALUES (200019, 'voltage', 'VBAT', NULL, 'VBAT / PP_BATT_VCC', 'off', '3.8', '3.8', 'V', 'Battery main rail (typically 3.0-4.35V with charge).', 1);
INSERT INTO measurements (board_revision_id, kind, test_point, reference_designator, rail_name, power_state, expected_value, measured_value, units, notes, is_known_good) VALUES (200019, 'voltage', 'VBUS_5V', NULL, 'VBUS', 'on', '5.0', '5.0', 'V', 'USB VBUS when charging.', 1);
INSERT INTO measurements (board_revision_id, kind, test_point, reference_designator, rail_name, power_state, expected_value, measured_value, units, notes, is_known_good) VALUES (200019, 'voltage', 'PP1V8', NULL, '1V8', 'on', '1.8', '1.8', 'V', '1.8V housekeeping rail (typical).', 1);
INSERT INTO measurements (board_revision_id, kind, test_point, reference_designator, rail_name, power_state, expected_value, measured_value, units, notes, is_known_good) VALUES (200019, 'voltage', 'PP3V0', NULL, '3V0', 'on', '3.0', '3.0', 'V', '3.0V rail (typical).', 1);
INSERT INTO board_revisions (id, device_model, revision, layer_count, primary_soc, pmic, notes) VALUES (200020, 'Apple iPhone 12 mini', 'Logic Board', NULL, NULL, 'U_PMIC', 'Apple iPhone 12 mini main logic board. Component set and rails are family-typical reference values; confirm exact values against the boardview/schematic for this unit.');
INSERT INTO board_components (board_revision_id, reference_designator, component_type, value, part_number, notes) VALUES (200020, 'J_DISP', 'Connector', NULL, NULL, 'Display FPC connector');
INSERT INTO board_components (board_revision_id, reference_designator, component_type, value, part_number, notes) VALUES (200020, 'J_BATT', 'Connector', NULL, NULL, 'Battery FPC connector');
INSERT INTO board_components (board_revision_id, reference_designator, component_type, value, part_number, notes) VALUES (200020, 'J_CHG', 'Connector', NULL, NULL, 'Charge port / dock connector');
INSERT INTO board_components (board_revision_id, reference_designator, component_type, value, part_number, notes) VALUES (200020, 'J_FCAM', 'Connector', NULL, NULL, 'Front camera connector');
INSERT INTO board_components (board_revision_id, reference_designator, component_type, value, part_number, notes) VALUES (200020, 'J_RCAM', 'Connector', NULL, NULL, 'Rear camera connector');
INSERT INTO board_components (board_revision_id, reference_designator, component_type, value, part_number, notes) VALUES (200020, 'U_PMIC', 'PMIC', NULL, NULL, 'Main power management IC');
INSERT INTO board_components (board_revision_id, reference_designator, component_type, value, part_number, notes) VALUES (200020, 'U_CHG', 'Charging IC', NULL, NULL, 'USB charging / interface IC');
INSERT INTO board_components (board_revision_id, reference_designator, component_type, value, part_number, notes) VALUES (200020, 'U_AUDIO', 'Audio IC', NULL, NULL, 'Audio codec IC');
INSERT INTO board_components (board_revision_id, reference_designator, component_type, value, part_number, notes) VALUES (200020, 'U_NAND', 'NAND Flash', NULL, NULL, 'Flash storage');
INSERT INTO board_test_points (board_revision_id, label, location_desc, expected_voltage, expected_resistance) VALUES (200020, 'VBAT', 'see boardview', '3.8V', NULL);
INSERT INTO board_test_points (board_revision_id, label, location_desc, expected_voltage, expected_resistance) VALUES (200020, 'VBUS_5V', 'see boardview', '5.0V', NULL);
INSERT INTO board_test_points (board_revision_id, label, location_desc, expected_voltage, expected_resistance) VALUES (200020, 'PP1V8', 'see boardview', '1.8V', NULL);
INSERT INTO board_test_points (board_revision_id, label, location_desc, expected_voltage, expected_resistance) VALUES (200020, 'PP3V0', 'see boardview', '3.0V', NULL);
INSERT INTO board_nets (board_revision_id, net_name, test_point, expected_value, units) VALUES (200020, 'VBAT / PP_BATT_VCC', 'VBAT', '3.8', 'V');
INSERT INTO board_nets (board_revision_id, net_name, test_point, expected_value, units) VALUES (200020, 'VBUS', 'VBUS_5V', '5.0', 'V');
INSERT INTO board_nets (board_revision_id, net_name, test_point, expected_value, units) VALUES (200020, '1V8', 'PP1V8', '1.8', 'V');
INSERT INTO board_nets (board_revision_id, net_name, test_point, expected_value, units) VALUES (200020, '3V0', 'PP3V0', '3.0', 'V');
INSERT INTO measurements (board_revision_id, kind, test_point, reference_designator, rail_name, power_state, expected_value, measured_value, units, notes, is_known_good) VALUES (200020, 'voltage', 'VBAT', NULL, 'VBAT / PP_BATT_VCC', 'off', '3.8', '3.8', 'V', 'Battery main rail (typically 3.0-4.35V with charge).', 1);
INSERT INTO measurements (board_revision_id, kind, test_point, reference_designator, rail_name, power_state, expected_value, measured_value, units, notes, is_known_good) VALUES (200020, 'voltage', 'VBUS_5V', NULL, 'VBUS', 'on', '5.0', '5.0', 'V', 'USB VBUS when charging.', 1);
INSERT INTO measurements (board_revision_id, kind, test_point, reference_designator, rail_name, power_state, expected_value, measured_value, units, notes, is_known_good) VALUES (200020, 'voltage', 'PP1V8', NULL, '1V8', 'on', '1.8', '1.8', 'V', '1.8V housekeeping rail (typical).', 1);
INSERT INTO measurements (board_revision_id, kind, test_point, reference_designator, rail_name, power_state, expected_value, measured_value, units, notes, is_known_good) VALUES (200020, 'voltage', 'PP3V0', NULL, '3V0', 'on', '3.0', '3.0', 'V', '3.0V rail (typical).', 1);
INSERT INTO board_revisions (id, device_model, revision, layer_count, primary_soc, pmic, notes) VALUES (200021, 'Apple iPhone 12', 'Logic Board', NULL, NULL, 'U_PMIC', 'Apple iPhone 12 main logic board. Component set and rails are family-typical reference values; confirm exact values against the boardview/schematic for this unit.');
INSERT INTO board_components (board_revision_id, reference_designator, component_type, value, part_number, notes) VALUES (200021, 'J_DISP', 'Connector', NULL, NULL, 'Display FPC connector');
INSERT INTO board_components (board_revision_id, reference_designator, component_type, value, part_number, notes) VALUES (200021, 'J_BATT', 'Connector', NULL, NULL, 'Battery FPC connector');
INSERT INTO board_components (board_revision_id, reference_designator, component_type, value, part_number, notes) VALUES (200021, 'J_CHG', 'Connector', NULL, NULL, 'Charge port / dock connector');
INSERT INTO board_components (board_revision_id, reference_designator, component_type, value, part_number, notes) VALUES (200021, 'J_FCAM', 'Connector', NULL, NULL, 'Front camera connector');
INSERT INTO board_components (board_revision_id, reference_designator, component_type, value, part_number, notes) VALUES (200021, 'J_RCAM', 'Connector', NULL, NULL, 'Rear camera connector');
INSERT INTO board_components (board_revision_id, reference_designator, component_type, value, part_number, notes) VALUES (200021, 'U_PMIC', 'PMIC', NULL, NULL, 'Main power management IC');
INSERT INTO board_components (board_revision_id, reference_designator, component_type, value, part_number, notes) VALUES (200021, 'U_CHG', 'Charging IC', NULL, NULL, 'USB charging / interface IC');
INSERT INTO board_components (board_revision_id, reference_designator, component_type, value, part_number, notes) VALUES (200021, 'U_AUDIO', 'Audio IC', NULL, NULL, 'Audio codec IC');
INSERT INTO board_components (board_revision_id, reference_designator, component_type, value, part_number, notes) VALUES (200021, 'U_NAND', 'NAND Flash', NULL, NULL, 'Flash storage');
INSERT INTO board_test_points (board_revision_id, label, location_desc, expected_voltage, expected_resistance) VALUES (200021, 'VBAT', 'see boardview', '3.8V', NULL);
INSERT INTO board_test_points (board_revision_id, label, location_desc, expected_voltage, expected_resistance) VALUES (200021, 'VBUS_5V', 'see boardview', '5.0V', NULL);
INSERT INTO board_test_points (board_revision_id, label, location_desc, expected_voltage, expected_resistance) VALUES (200021, 'PP1V8', 'see boardview', '1.8V', NULL);
INSERT INTO board_test_points (board_revision_id, label, location_desc, expected_voltage, expected_resistance) VALUES (200021, 'PP3V0', 'see boardview', '3.0V', NULL);
INSERT INTO board_nets (board_revision_id, net_name, test_point, expected_value, units) VALUES (200021, 'VBAT / PP_BATT_VCC', 'VBAT', '3.8', 'V');
INSERT INTO board_nets (board_revision_id, net_name, test_point, expected_value, units) VALUES (200021, 'VBUS', 'VBUS_5V', '5.0', 'V');
INSERT INTO board_nets (board_revision_id, net_name, test_point, expected_value, units) VALUES (200021, '1V8', 'PP1V8', '1.8', 'V');
INSERT INTO board_nets (board_revision_id, net_name, test_point, expected_value, units) VALUES (200021, '3V0', 'PP3V0', '3.0', 'V');
INSERT INTO measurements (board_revision_id, kind, test_point, reference_designator, rail_name, power_state, expected_value, measured_value, units, notes, is_known_good) VALUES (200021, 'voltage', 'VBAT', NULL, 'VBAT / PP_BATT_VCC', 'off', '3.8', '3.8', 'V', 'Battery main rail (typically 3.0-4.35V with charge).', 1);
INSERT INTO measurements (board_revision_id, kind, test_point, reference_designator, rail_name, power_state, expected_value, measured_value, units, notes, is_known_good) VALUES (200021, 'voltage', 'VBUS_5V', NULL, 'VBUS', 'on', '5.0', '5.0', 'V', 'USB VBUS when charging.', 1);
INSERT INTO measurements (board_revision_id, kind, test_point, reference_designator, rail_name, power_state, expected_value, measured_value, units, notes, is_known_good) VALUES (200021, 'voltage', 'PP1V8', NULL, '1V8', 'on', '1.8', '1.8', 'V', '1.8V housekeeping rail (typical).', 1);
INSERT INTO measurements (board_revision_id, kind, test_point, reference_designator, rail_name, power_state, expected_value, measured_value, units, notes, is_known_good) VALUES (200021, 'voltage', 'PP3V0', NULL, '3V0', 'on', '3.0', '3.0', 'V', '3.0V rail (typical).', 1);
INSERT INTO board_revisions (id, device_model, revision, layer_count, primary_soc, pmic, notes) VALUES (200022, 'Apple iPhone 12 Pro', 'Logic Board', NULL, NULL, 'U_PMIC', 'Apple iPhone 12 Pro main logic board. Component set and rails are family-typical reference values; confirm exact values against the boardview/schematic for this unit.');
INSERT INTO board_components (board_revision_id, reference_designator, component_type, value, part_number, notes) VALUES (200022, 'J_DISP', 'Connector', NULL, NULL, 'Display FPC connector');
INSERT INTO board_components (board_revision_id, reference_designator, component_type, value, part_number, notes) VALUES (200022, 'J_BATT', 'Connector', NULL, NULL, 'Battery FPC connector');
INSERT INTO board_components (board_revision_id, reference_designator, component_type, value, part_number, notes) VALUES (200022, 'J_CHG', 'Connector', NULL, NULL, 'Charge port / dock connector');
INSERT INTO board_components (board_revision_id, reference_designator, component_type, value, part_number, notes) VALUES (200022, 'J_FCAM', 'Connector', NULL, NULL, 'Front camera connector');
INSERT INTO board_components (board_revision_id, reference_designator, component_type, value, part_number, notes) VALUES (200022, 'J_RCAM', 'Connector', NULL, NULL, 'Rear camera connector');
INSERT INTO board_components (board_revision_id, reference_designator, component_type, value, part_number, notes) VALUES (200022, 'U_PMIC', 'PMIC', NULL, NULL, 'Main power management IC');
INSERT INTO board_components (board_revision_id, reference_designator, component_type, value, part_number, notes) VALUES (200022, 'U_CHG', 'Charging IC', NULL, NULL, 'USB charging / interface IC');
INSERT INTO board_components (board_revision_id, reference_designator, component_type, value, part_number, notes) VALUES (200022, 'U_AUDIO', 'Audio IC', NULL, NULL, 'Audio codec IC');
INSERT INTO board_components (board_revision_id, reference_designator, component_type, value, part_number, notes) VALUES (200022, 'U_NAND', 'NAND Flash', NULL, NULL, 'Flash storage');
INSERT INTO board_test_points (board_revision_id, label, location_desc, expected_voltage, expected_resistance) VALUES (200022, 'VBAT', 'see boardview', '3.8V', NULL);
INSERT INTO board_test_points (board_revision_id, label, location_desc, expected_voltage, expected_resistance) VALUES (200022, 'VBUS_5V', 'see boardview', '5.0V', NULL);
INSERT INTO board_test_points (board_revision_id, label, location_desc, expected_voltage, expected_resistance) VALUES (200022, 'PP1V8', 'see boardview', '1.8V', NULL);
INSERT INTO board_test_points (board_revision_id, label, location_desc, expected_voltage, expected_resistance) VALUES (200022, 'PP3V0', 'see boardview', '3.0V', NULL);
INSERT INTO board_nets (board_revision_id, net_name, test_point, expected_value, units) VALUES (200022, 'VBAT / PP_BATT_VCC', 'VBAT', '3.8', 'V');
INSERT INTO board_nets (board_revision_id, net_name, test_point, expected_value, units) VALUES (200022, 'VBUS', 'VBUS_5V', '5.0', 'V');
INSERT INTO board_nets (board_revision_id, net_name, test_point, expected_value, units) VALUES (200022, '1V8', 'PP1V8', '1.8', 'V');
INSERT INTO board_nets (board_revision_id, net_name, test_point, expected_value, units) VALUES (200022, '3V0', 'PP3V0', '3.0', 'V');
INSERT INTO measurements (board_revision_id, kind, test_point, reference_designator, rail_name, power_state, expected_value, measured_value, units, notes, is_known_good) VALUES (200022, 'voltage', 'VBAT', NULL, 'VBAT / PP_BATT_VCC', 'off', '3.8', '3.8', 'V', 'Battery main rail (typically 3.0-4.35V with charge).', 1);
INSERT INTO measurements (board_revision_id, kind, test_point, reference_designator, rail_name, power_state, expected_value, measured_value, units, notes, is_known_good) VALUES (200022, 'voltage', 'VBUS_5V', NULL, 'VBUS', 'on', '5.0', '5.0', 'V', 'USB VBUS when charging.', 1);
INSERT INTO measurements (board_revision_id, kind, test_point, reference_designator, rail_name, power_state, expected_value, measured_value, units, notes, is_known_good) VALUES (200022, 'voltage', 'PP1V8', NULL, '1V8', 'on', '1.8', '1.8', 'V', '1.8V housekeeping rail (typical).', 1);
INSERT INTO measurements (board_revision_id, kind, test_point, reference_designator, rail_name, power_state, expected_value, measured_value, units, notes, is_known_good) VALUES (200022, 'voltage', 'PP3V0', NULL, '3V0', 'on', '3.0', '3.0', 'V', '3.0V rail (typical).', 1);
INSERT INTO board_revisions (id, device_model, revision, layer_count, primary_soc, pmic, notes) VALUES (200023, 'Apple iPhone 12 Pro Max', 'Logic Board', NULL, NULL, 'U_PMIC', 'Apple iPhone 12 Pro Max main logic board. Component set and rails are family-typical reference values; confirm exact values against the boardview/schematic for this unit.');
INSERT INTO board_components (board_revision_id, reference_designator, component_type, value, part_number, notes) VALUES (200023, 'J_DISP', 'Connector', NULL, NULL, 'Display FPC connector');
INSERT INTO board_components (board_revision_id, reference_designator, component_type, value, part_number, notes) VALUES (200023, 'J_BATT', 'Connector', NULL, NULL, 'Battery FPC connector');
INSERT INTO board_components (board_revision_id, reference_designator, component_type, value, part_number, notes) VALUES (200023, 'J_CHG', 'Connector', NULL, NULL, 'Charge port / dock connector');
INSERT INTO board_components (board_revision_id, reference_designator, component_type, value, part_number, notes) VALUES (200023, 'J_FCAM', 'Connector', NULL, NULL, 'Front camera connector');
INSERT INTO board_components (board_revision_id, reference_designator, component_type, value, part_number, notes) VALUES (200023, 'J_RCAM', 'Connector', NULL, NULL, 'Rear camera connector');
INSERT INTO board_components (board_revision_id, reference_designator, component_type, value, part_number, notes) VALUES (200023, 'U_PMIC', 'PMIC', NULL, NULL, 'Main power management IC');
INSERT INTO board_components (board_revision_id, reference_designator, component_type, value, part_number, notes) VALUES (200023, 'U_CHG', 'Charging IC', NULL, NULL, 'USB charging / interface IC');
INSERT INTO board_components (board_revision_id, reference_designator, component_type, value, part_number, notes) VALUES (200023, 'U_AUDIO', 'Audio IC', NULL, NULL, 'Audio codec IC');
INSERT INTO board_components (board_revision_id, reference_designator, component_type, value, part_number, notes) VALUES (200023, 'U_NAND', 'NAND Flash', NULL, NULL, 'Flash storage');
INSERT INTO board_test_points (board_revision_id, label, location_desc, expected_voltage, expected_resistance) VALUES (200023, 'VBAT', 'see boardview', '3.8V', NULL);
INSERT INTO board_test_points (board_revision_id, label, location_desc, expected_voltage, expected_resistance) VALUES (200023, 'VBUS_5V', 'see boardview', '5.0V', NULL);
INSERT INTO board_test_points (board_revision_id, label, location_desc, expected_voltage, expected_resistance) VALUES (200023, 'PP1V8', 'see boardview', '1.8V', NULL);
INSERT INTO board_test_points (board_revision_id, label, location_desc, expected_voltage, expected_resistance) VALUES (200023, 'PP3V0', 'see boardview', '3.0V', NULL);
INSERT INTO board_nets (board_revision_id, net_name, test_point, expected_value, units) VALUES (200023, 'VBAT / PP_BATT_VCC', 'VBAT', '3.8', 'V');
INSERT INTO board_nets (board_revision_id, net_name, test_point, expected_value, units) VALUES (200023, 'VBUS', 'VBUS_5V', '5.0', 'V');
INSERT INTO board_nets (board_revision_id, net_name, test_point, expected_value, units) VALUES (200023, '1V8', 'PP1V8', '1.8', 'V');
INSERT INTO board_nets (board_revision_id, net_name, test_point, expected_value, units) VALUES (200023, '3V0', 'PP3V0', '3.0', 'V');
INSERT INTO measurements (board_revision_id, kind, test_point, reference_designator, rail_name, power_state, expected_value, measured_value, units, notes, is_known_good) VALUES (200023, 'voltage', 'VBAT', NULL, 'VBAT / PP_BATT_VCC', 'off', '3.8', '3.8', 'V', 'Battery main rail (typically 3.0-4.35V with charge).', 1);
INSERT INTO measurements (board_revision_id, kind, test_point, reference_designator, rail_name, power_state, expected_value, measured_value, units, notes, is_known_good) VALUES (200023, 'voltage', 'VBUS_5V', NULL, 'VBUS', 'on', '5.0', '5.0', 'V', 'USB VBUS when charging.', 1);
INSERT INTO measurements (board_revision_id, kind, test_point, reference_designator, rail_name, power_state, expected_value, measured_value, units, notes, is_known_good) VALUES (200023, 'voltage', 'PP1V8', NULL, '1V8', 'on', '1.8', '1.8', 'V', '1.8V housekeeping rail (typical).', 1);
INSERT INTO measurements (board_revision_id, kind, test_point, reference_designator, rail_name, power_state, expected_value, measured_value, units, notes, is_known_good) VALUES (200023, 'voltage', 'PP3V0', NULL, '3V0', 'on', '3.0', '3.0', 'V', '3.0V rail (typical).', 1);
INSERT INTO board_revisions (id, device_model, revision, layer_count, primary_soc, pmic, notes) VALUES (200024, 'Apple iPhone 13 mini', 'Logic Board', NULL, NULL, 'U_PMIC', 'Apple iPhone 13 mini main logic board. Component set and rails are family-typical reference values; confirm exact values against the boardview/schematic for this unit.');
INSERT INTO board_components (board_revision_id, reference_designator, component_type, value, part_number, notes) VALUES (200024, 'J_DISP', 'Connector', NULL, NULL, 'Display FPC connector');
INSERT INTO board_components (board_revision_id, reference_designator, component_type, value, part_number, notes) VALUES (200024, 'J_BATT', 'Connector', NULL, NULL, 'Battery FPC connector');
INSERT INTO board_components (board_revision_id, reference_designator, component_type, value, part_number, notes) VALUES (200024, 'J_CHG', 'Connector', NULL, NULL, 'Charge port / dock connector');
INSERT INTO board_components (board_revision_id, reference_designator, component_type, value, part_number, notes) VALUES (200024, 'J_FCAM', 'Connector', NULL, NULL, 'Front camera connector');
INSERT INTO board_components (board_revision_id, reference_designator, component_type, value, part_number, notes) VALUES (200024, 'J_RCAM', 'Connector', NULL, NULL, 'Rear camera connector');
INSERT INTO board_components (board_revision_id, reference_designator, component_type, value, part_number, notes) VALUES (200024, 'U_PMIC', 'PMIC', NULL, NULL, 'Main power management IC');
INSERT INTO board_components (board_revision_id, reference_designator, component_type, value, part_number, notes) VALUES (200024, 'U_CHG', 'Charging IC', NULL, NULL, 'USB charging / interface IC');
INSERT INTO board_components (board_revision_id, reference_designator, component_type, value, part_number, notes) VALUES (200024, 'U_AUDIO', 'Audio IC', NULL, NULL, 'Audio codec IC');
INSERT INTO board_components (board_revision_id, reference_designator, component_type, value, part_number, notes) VALUES (200024, 'U_NAND', 'NAND Flash', NULL, NULL, 'Flash storage');
INSERT INTO board_test_points (board_revision_id, label, location_desc, expected_voltage, expected_resistance) VALUES (200024, 'VBAT', 'see boardview', '3.8V', NULL);
INSERT INTO board_test_points (board_revision_id, label, location_desc, expected_voltage, expected_resistance) VALUES (200024, 'VBUS_5V', 'see boardview', '5.0V', NULL);
INSERT INTO board_test_points (board_revision_id, label, location_desc, expected_voltage, expected_resistance) VALUES (200024, 'PP1V8', 'see boardview', '1.8V', NULL);
INSERT INTO board_test_points (board_revision_id, label, location_desc, expected_voltage, expected_resistance) VALUES (200024, 'PP3V0', 'see boardview', '3.0V', NULL);
INSERT INTO board_nets (board_revision_id, net_name, test_point, expected_value, units) VALUES (200024, 'VBAT / PP_BATT_VCC', 'VBAT', '3.8', 'V');
INSERT INTO board_nets (board_revision_id, net_name, test_point, expected_value, units) VALUES (200024, 'VBUS', 'VBUS_5V', '5.0', 'V');
INSERT INTO board_nets (board_revision_id, net_name, test_point, expected_value, units) VALUES (200024, '1V8', 'PP1V8', '1.8', 'V');
INSERT INTO board_nets (board_revision_id, net_name, test_point, expected_value, units) VALUES (200024, '3V0', 'PP3V0', '3.0', 'V');
INSERT INTO measurements (board_revision_id, kind, test_point, reference_designator, rail_name, power_state, expected_value, measured_value, units, notes, is_known_good) VALUES (200024, 'voltage', 'VBAT', NULL, 'VBAT / PP_BATT_VCC', 'off', '3.8', '3.8', 'V', 'Battery main rail (typically 3.0-4.35V with charge).', 1);
INSERT INTO measurements (board_revision_id, kind, test_point, reference_designator, rail_name, power_state, expected_value, measured_value, units, notes, is_known_good) VALUES (200024, 'voltage', 'VBUS_5V', NULL, 'VBUS', 'on', '5.0', '5.0', 'V', 'USB VBUS when charging.', 1);
INSERT INTO measurements (board_revision_id, kind, test_point, reference_designator, rail_name, power_state, expected_value, measured_value, units, notes, is_known_good) VALUES (200024, 'voltage', 'PP1V8', NULL, '1V8', 'on', '1.8', '1.8', 'V', '1.8V housekeeping rail (typical).', 1);
INSERT INTO measurements (board_revision_id, kind, test_point, reference_designator, rail_name, power_state, expected_value, measured_value, units, notes, is_known_good) VALUES (200024, 'voltage', 'PP3V0', NULL, '3V0', 'on', '3.0', '3.0', 'V', '3.0V rail (typical).', 1);
INSERT INTO board_revisions (id, device_model, revision, layer_count, primary_soc, pmic, notes) VALUES (200025, 'Apple iPhone 13', 'Logic Board', NULL, NULL, 'U_PMIC', 'Apple iPhone 13 main logic board. Component set and rails are family-typical reference values; confirm exact values against the boardview/schematic for this unit.');
INSERT INTO board_components (board_revision_id, reference_designator, component_type, value, part_number, notes) VALUES (200025, 'J_DISP', 'Connector', NULL, NULL, 'Display FPC connector');
INSERT INTO board_components (board_revision_id, reference_designator, component_type, value, part_number, notes) VALUES (200025, 'J_BATT', 'Connector', NULL, NULL, 'Battery FPC connector');
INSERT INTO board_components (board_revision_id, reference_designator, component_type, value, part_number, notes) VALUES (200025, 'J_CHG', 'Connector', NULL, NULL, 'Charge port / dock connector');
INSERT INTO board_components (board_revision_id, reference_designator, component_type, value, part_number, notes) VALUES (200025, 'J_FCAM', 'Connector', NULL, NULL, 'Front camera connector');
INSERT INTO board_components (board_revision_id, reference_designator, component_type, value, part_number, notes) VALUES (200025, 'J_RCAM', 'Connector', NULL, NULL, 'Rear camera connector');
INSERT INTO board_components (board_revision_id, reference_designator, component_type, value, part_number, notes) VALUES (200025, 'U_PMIC', 'PMIC', NULL, NULL, 'Main power management IC');
INSERT INTO board_components (board_revision_id, reference_designator, component_type, value, part_number, notes) VALUES (200025, 'U_CHG', 'Charging IC', NULL, NULL, 'USB charging / interface IC');
INSERT INTO board_components (board_revision_id, reference_designator, component_type, value, part_number, notes) VALUES (200025, 'U_AUDIO', 'Audio IC', NULL, NULL, 'Audio codec IC');
INSERT INTO board_components (board_revision_id, reference_designator, component_type, value, part_number, notes) VALUES (200025, 'U_NAND', 'NAND Flash', NULL, NULL, 'Flash storage');
INSERT INTO board_test_points (board_revision_id, label, location_desc, expected_voltage, expected_resistance) VALUES (200025, 'VBAT', 'see boardview', '3.8V', NULL);
INSERT INTO board_test_points (board_revision_id, label, location_desc, expected_voltage, expected_resistance) VALUES (200025, 'VBUS_5V', 'see boardview', '5.0V', NULL);
INSERT INTO board_test_points (board_revision_id, label, location_desc, expected_voltage, expected_resistance) VALUES (200025, 'PP1V8', 'see boardview', '1.8V', NULL);
INSERT INTO board_test_points (board_revision_id, label, location_desc, expected_voltage, expected_resistance) VALUES (200025, 'PP3V0', 'see boardview', '3.0V', NULL);
INSERT INTO board_nets (board_revision_id, net_name, test_point, expected_value, units) VALUES (200025, 'VBAT / PP_BATT_VCC', 'VBAT', '3.8', 'V');
INSERT INTO board_nets (board_revision_id, net_name, test_point, expected_value, units) VALUES (200025, 'VBUS', 'VBUS_5V', '5.0', 'V');
INSERT INTO board_nets (board_revision_id, net_name, test_point, expected_value, units) VALUES (200025, '1V8', 'PP1V8', '1.8', 'V');
INSERT INTO board_nets (board_revision_id, net_name, test_point, expected_value, units) VALUES (200025, '3V0', 'PP3V0', '3.0', 'V');
INSERT INTO measurements (board_revision_id, kind, test_point, reference_designator, rail_name, power_state, expected_value, measured_value, units, notes, is_known_good) VALUES (200025, 'voltage', 'VBAT', NULL, 'VBAT / PP_BATT_VCC', 'off', '3.8', '3.8', 'V', 'Battery main rail (typically 3.0-4.35V with charge).', 1);
INSERT INTO measurements (board_revision_id, kind, test_point, reference_designator, rail_name, power_state, expected_value, measured_value, units, notes, is_known_good) VALUES (200025, 'voltage', 'VBUS_5V', NULL, 'VBUS', 'on', '5.0', '5.0', 'V', 'USB VBUS when charging.', 1);
INSERT INTO measurements (board_revision_id, kind, test_point, reference_designator, rail_name, power_state, expected_value, measured_value, units, notes, is_known_good) VALUES (200025, 'voltage', 'PP1V8', NULL, '1V8', 'on', '1.8', '1.8', 'V', '1.8V housekeeping rail (typical).', 1);
INSERT INTO measurements (board_revision_id, kind, test_point, reference_designator, rail_name, power_state, expected_value, measured_value, units, notes, is_known_good) VALUES (200025, 'voltage', 'PP3V0', NULL, '3V0', 'on', '3.0', '3.0', 'V', '3.0V rail (typical).', 1);
INSERT INTO board_revisions (id, device_model, revision, layer_count, primary_soc, pmic, notes) VALUES (200026, 'Apple iPhone 13 Pro', 'Logic Board', NULL, NULL, 'U_PMIC', 'Apple iPhone 13 Pro main logic board. Component set and rails are family-typical reference values; confirm exact values against the boardview/schematic for this unit.');
INSERT INTO board_components (board_revision_id, reference_designator, component_type, value, part_number, notes) VALUES (200026, 'J_DISP', 'Connector', NULL, NULL, 'Display FPC connector');
INSERT INTO board_components (board_revision_id, reference_designator, component_type, value, part_number, notes) VALUES (200026, 'J_BATT', 'Connector', NULL, NULL, 'Battery FPC connector');
INSERT INTO board_components (board_revision_id, reference_designator, component_type, value, part_number, notes) VALUES (200026, 'J_CHG', 'Connector', NULL, NULL, 'Charge port / dock connector');
INSERT INTO board_components (board_revision_id, reference_designator, component_type, value, part_number, notes) VALUES (200026, 'J_FCAM', 'Connector', NULL, NULL, 'Front camera connector');
INSERT INTO board_components (board_revision_id, reference_designator, component_type, value, part_number, notes) VALUES (200026, 'J_RCAM', 'Connector', NULL, NULL, 'Rear camera connector');
INSERT INTO board_components (board_revision_id, reference_designator, component_type, value, part_number, notes) VALUES (200026, 'U_PMIC', 'PMIC', NULL, NULL, 'Main power management IC');
INSERT INTO board_components (board_revision_id, reference_designator, component_type, value, part_number, notes) VALUES (200026, 'U_CHG', 'Charging IC', NULL, NULL, 'USB charging / interface IC');
INSERT INTO board_components (board_revision_id, reference_designator, component_type, value, part_number, notes) VALUES (200026, 'U_AUDIO', 'Audio IC', NULL, NULL, 'Audio codec IC');
INSERT INTO board_components (board_revision_id, reference_designator, component_type, value, part_number, notes) VALUES (200026, 'U_NAND', 'NAND Flash', NULL, NULL, 'Flash storage');
INSERT INTO board_test_points (board_revision_id, label, location_desc, expected_voltage, expected_resistance) VALUES (200026, 'VBAT', 'see boardview', '3.8V', NULL);
INSERT INTO board_test_points (board_revision_id, label, location_desc, expected_voltage, expected_resistance) VALUES (200026, 'VBUS_5V', 'see boardview', '5.0V', NULL);
INSERT INTO board_test_points (board_revision_id, label, location_desc, expected_voltage, expected_resistance) VALUES (200026, 'PP1V8', 'see boardview', '1.8V', NULL);
INSERT INTO board_test_points (board_revision_id, label, location_desc, expected_voltage, expected_resistance) VALUES (200026, 'PP3V0', 'see boardview', '3.0V', NULL);
INSERT INTO board_nets (board_revision_id, net_name, test_point, expected_value, units) VALUES (200026, 'VBAT / PP_BATT_VCC', 'VBAT', '3.8', 'V');
INSERT INTO board_nets (board_revision_id, net_name, test_point, expected_value, units) VALUES (200026, 'VBUS', 'VBUS_5V', '5.0', 'V');
INSERT INTO board_nets (board_revision_id, net_name, test_point, expected_value, units) VALUES (200026, '1V8', 'PP1V8', '1.8', 'V');
INSERT INTO board_nets (board_revision_id, net_name, test_point, expected_value, units) VALUES (200026, '3V0', 'PP3V0', '3.0', 'V');
INSERT INTO measurements (board_revision_id, kind, test_point, reference_designator, rail_name, power_state, expected_value, measured_value, units, notes, is_known_good) VALUES (200026, 'voltage', 'VBAT', NULL, 'VBAT / PP_BATT_VCC', 'off', '3.8', '3.8', 'V', 'Battery main rail (typically 3.0-4.35V with charge).', 1);
INSERT INTO measurements (board_revision_id, kind, test_point, reference_designator, rail_name, power_state, expected_value, measured_value, units, notes, is_known_good) VALUES (200026, 'voltage', 'VBUS_5V', NULL, 'VBUS', 'on', '5.0', '5.0', 'V', 'USB VBUS when charging.', 1);
INSERT INTO measurements (board_revision_id, kind, test_point, reference_designator, rail_name, power_state, expected_value, measured_value, units, notes, is_known_good) VALUES (200026, 'voltage', 'PP1V8', NULL, '1V8', 'on', '1.8', '1.8', 'V', '1.8V housekeeping rail (typical).', 1);
INSERT INTO measurements (board_revision_id, kind, test_point, reference_designator, rail_name, power_state, expected_value, measured_value, units, notes, is_known_good) VALUES (200026, 'voltage', 'PP3V0', NULL, '3V0', 'on', '3.0', '3.0', 'V', '3.0V rail (typical).', 1);
INSERT INTO board_revisions (id, device_model, revision, layer_count, primary_soc, pmic, notes) VALUES (200027, 'Apple iPhone 13 Pro Max', 'Logic Board', NULL, NULL, 'U_PMIC', 'Apple iPhone 13 Pro Max main logic board. Component set and rails are family-typical reference values; confirm exact values against the boardview/schematic for this unit.');
INSERT INTO board_components (board_revision_id, reference_designator, component_type, value, part_number, notes) VALUES (200027, 'J_DISP', 'Connector', NULL, NULL, 'Display FPC connector');
INSERT INTO board_components (board_revision_id, reference_designator, component_type, value, part_number, notes) VALUES (200027, 'J_BATT', 'Connector', NULL, NULL, 'Battery FPC connector');
INSERT INTO board_components (board_revision_id, reference_designator, component_type, value, part_number, notes) VALUES (200027, 'J_CHG', 'Connector', NULL, NULL, 'Charge port / dock connector');
INSERT INTO board_components (board_revision_id, reference_designator, component_type, value, part_number, notes) VALUES (200027, 'J_FCAM', 'Connector', NULL, NULL, 'Front camera connector');
INSERT INTO board_components (board_revision_id, reference_designator, component_type, value, part_number, notes) VALUES (200027, 'J_RCAM', 'Connector', NULL, NULL, 'Rear camera connector');
INSERT INTO board_components (board_revision_id, reference_designator, component_type, value, part_number, notes) VALUES (200027, 'U_PMIC', 'PMIC', NULL, NULL, 'Main power management IC');
INSERT INTO board_components (board_revision_id, reference_designator, component_type, value, part_number, notes) VALUES (200027, 'U_CHG', 'Charging IC', NULL, NULL, 'USB charging / interface IC');
INSERT INTO board_components (board_revision_id, reference_designator, component_type, value, part_number, notes) VALUES (200027, 'U_AUDIO', 'Audio IC', NULL, NULL, 'Audio codec IC');
INSERT INTO board_components (board_revision_id, reference_designator, component_type, value, part_number, notes) VALUES (200027, 'U_NAND', 'NAND Flash', NULL, NULL, 'Flash storage');
INSERT INTO board_test_points (board_revision_id, label, location_desc, expected_voltage, expected_resistance) VALUES (200027, 'VBAT', 'see boardview', '3.8V', NULL);
INSERT INTO board_test_points (board_revision_id, label, location_desc, expected_voltage, expected_resistance) VALUES (200027, 'VBUS_5V', 'see boardview', '5.0V', NULL);
INSERT INTO board_test_points (board_revision_id, label, location_desc, expected_voltage, expected_resistance) VALUES (200027, 'PP1V8', 'see boardview', '1.8V', NULL);
INSERT INTO board_test_points (board_revision_id, label, location_desc, expected_voltage, expected_resistance) VALUES (200027, 'PP3V0', 'see boardview', '3.0V', NULL);
INSERT INTO board_nets (board_revision_id, net_name, test_point, expected_value, units) VALUES (200027, 'VBAT / PP_BATT_VCC', 'VBAT', '3.8', 'V');
INSERT INTO board_nets (board_revision_id, net_name, test_point, expected_value, units) VALUES (200027, 'VBUS', 'VBUS_5V', '5.0', 'V');
INSERT INTO board_nets (board_revision_id, net_name, test_point, expected_value, units) VALUES (200027, '1V8', 'PP1V8', '1.8', 'V');
INSERT INTO board_nets (board_revision_id, net_name, test_point, expected_value, units) VALUES (200027, '3V0', 'PP3V0', '3.0', 'V');
INSERT INTO measurements (board_revision_id, kind, test_point, reference_designator, rail_name, power_state, expected_value, measured_value, units, notes, is_known_good) VALUES (200027, 'voltage', 'VBAT', NULL, 'VBAT / PP_BATT_VCC', 'off', '3.8', '3.8', 'V', 'Battery main rail (typically 3.0-4.35V with charge).', 1);
INSERT INTO measurements (board_revision_id, kind, test_point, reference_designator, rail_name, power_state, expected_value, measured_value, units, notes, is_known_good) VALUES (200027, 'voltage', 'VBUS_5V', NULL, 'VBUS', 'on', '5.0', '5.0', 'V', 'USB VBUS when charging.', 1);
INSERT INTO measurements (board_revision_id, kind, test_point, reference_designator, rail_name, power_state, expected_value, measured_value, units, notes, is_known_good) VALUES (200027, 'voltage', 'PP1V8', NULL, '1V8', 'on', '1.8', '1.8', 'V', '1.8V housekeeping rail (typical).', 1);
INSERT INTO measurements (board_revision_id, kind, test_point, reference_designator, rail_name, power_state, expected_value, measured_value, units, notes, is_known_good) VALUES (200027, 'voltage', 'PP3V0', NULL, '3V0', 'on', '3.0', '3.0', 'V', '3.0V rail (typical).', 1);
INSERT INTO board_revisions (id, device_model, revision, layer_count, primary_soc, pmic, notes) VALUES (200028, 'Apple iPhone SE (2022)', 'Logic Board', NULL, NULL, 'U_PMIC', 'Apple iPhone SE (2022) main logic board. Component set and rails are family-typical reference values; confirm exact values against the boardview/schematic for this unit.');
INSERT INTO board_components (board_revision_id, reference_designator, component_type, value, part_number, notes) VALUES (200028, 'J_DISP', 'Connector', NULL, NULL, 'Display FPC connector');
INSERT INTO board_components (board_revision_id, reference_designator, component_type, value, part_number, notes) VALUES (200028, 'J_BATT', 'Connector', NULL, NULL, 'Battery FPC connector');
INSERT INTO board_components (board_revision_id, reference_designator, component_type, value, part_number, notes) VALUES (200028, 'J_CHG', 'Connector', NULL, NULL, 'Charge port / dock connector');
INSERT INTO board_components (board_revision_id, reference_designator, component_type, value, part_number, notes) VALUES (200028, 'J_FCAM', 'Connector', NULL, NULL, 'Front camera connector');
INSERT INTO board_components (board_revision_id, reference_designator, component_type, value, part_number, notes) VALUES (200028, 'J_RCAM', 'Connector', NULL, NULL, 'Rear camera connector');
INSERT INTO board_components (board_revision_id, reference_designator, component_type, value, part_number, notes) VALUES (200028, 'U_PMIC', 'PMIC', NULL, NULL, 'Main power management IC');
INSERT INTO board_components (board_revision_id, reference_designator, component_type, value, part_number, notes) VALUES (200028, 'U_CHG', 'Charging IC', NULL, NULL, 'USB charging / interface IC');
INSERT INTO board_components (board_revision_id, reference_designator, component_type, value, part_number, notes) VALUES (200028, 'U_AUDIO', 'Audio IC', NULL, NULL, 'Audio codec IC');
INSERT INTO board_components (board_revision_id, reference_designator, component_type, value, part_number, notes) VALUES (200028, 'U_NAND', 'NAND Flash', NULL, NULL, 'Flash storage');
INSERT INTO board_test_points (board_revision_id, label, location_desc, expected_voltage, expected_resistance) VALUES (200028, 'VBAT', 'see boardview', '3.8V', NULL);
INSERT INTO board_test_points (board_revision_id, label, location_desc, expected_voltage, expected_resistance) VALUES (200028, 'VBUS_5V', 'see boardview', '5.0V', NULL);
INSERT INTO board_test_points (board_revision_id, label, location_desc, expected_voltage, expected_resistance) VALUES (200028, 'PP1V8', 'see boardview', '1.8V', NULL);
INSERT INTO board_test_points (board_revision_id, label, location_desc, expected_voltage, expected_resistance) VALUES (200028, 'PP3V0', 'see boardview', '3.0V', NULL);
INSERT INTO board_nets (board_revision_id, net_name, test_point, expected_value, units) VALUES (200028, 'VBAT / PP_BATT_VCC', 'VBAT', '3.8', 'V');
INSERT INTO board_nets (board_revision_id, net_name, test_point, expected_value, units) VALUES (200028, 'VBUS', 'VBUS_5V', '5.0', 'V');
INSERT INTO board_nets (board_revision_id, net_name, test_point, expected_value, units) VALUES (200028, '1V8', 'PP1V8', '1.8', 'V');
INSERT INTO board_nets (board_revision_id, net_name, test_point, expected_value, units) VALUES (200028, '3V0', 'PP3V0', '3.0', 'V');
INSERT INTO measurements (board_revision_id, kind, test_point, reference_designator, rail_name, power_state, expected_value, measured_value, units, notes, is_known_good) VALUES (200028, 'voltage', 'VBAT', NULL, 'VBAT / PP_BATT_VCC', 'off', '3.8', '3.8', 'V', 'Battery main rail (typically 3.0-4.35V with charge).', 1);
INSERT INTO measurements (board_revision_id, kind, test_point, reference_designator, rail_name, power_state, expected_value, measured_value, units, notes, is_known_good) VALUES (200028, 'voltage', 'VBUS_5V', NULL, 'VBUS', 'on', '5.0', '5.0', 'V', 'USB VBUS when charging.', 1);
INSERT INTO measurements (board_revision_id, kind, test_point, reference_designator, rail_name, power_state, expected_value, measured_value, units, notes, is_known_good) VALUES (200028, 'voltage', 'PP1V8', NULL, '1V8', 'on', '1.8', '1.8', 'V', '1.8V housekeeping rail (typical).', 1);
INSERT INTO measurements (board_revision_id, kind, test_point, reference_designator, rail_name, power_state, expected_value, measured_value, units, notes, is_known_good) VALUES (200028, 'voltage', 'PP3V0', NULL, '3V0', 'on', '3.0', '3.0', 'V', '3.0V rail (typical).', 1);
INSERT INTO board_revisions (id, device_model, revision, layer_count, primary_soc, pmic, notes) VALUES (200029, 'Apple iPhone 14', 'Logic Board', NULL, NULL, 'U_PMIC', 'Apple iPhone 14 main logic board. Component set and rails are family-typical reference values; confirm exact values against the boardview/schematic for this unit.');
INSERT INTO board_components (board_revision_id, reference_designator, component_type, value, part_number, notes) VALUES (200029, 'J_DISP', 'Connector', NULL, NULL, 'Display FPC connector');
INSERT INTO board_components (board_revision_id, reference_designator, component_type, value, part_number, notes) VALUES (200029, 'J_BATT', 'Connector', NULL, NULL, 'Battery FPC connector');
INSERT INTO board_components (board_revision_id, reference_designator, component_type, value, part_number, notes) VALUES (200029, 'J_CHG', 'Connector', NULL, NULL, 'Charge port / dock connector');
INSERT INTO board_components (board_revision_id, reference_designator, component_type, value, part_number, notes) VALUES (200029, 'J_FCAM', 'Connector', NULL, NULL, 'Front camera connector');
INSERT INTO board_components (board_revision_id, reference_designator, component_type, value, part_number, notes) VALUES (200029, 'J_RCAM', 'Connector', NULL, NULL, 'Rear camera connector');
INSERT INTO board_components (board_revision_id, reference_designator, component_type, value, part_number, notes) VALUES (200029, 'U_PMIC', 'PMIC', NULL, NULL, 'Main power management IC');
INSERT INTO board_components (board_revision_id, reference_designator, component_type, value, part_number, notes) VALUES (200029, 'U_CHG', 'Charging IC', NULL, NULL, 'USB charging / interface IC');
INSERT INTO board_components (board_revision_id, reference_designator, component_type, value, part_number, notes) VALUES (200029, 'U_AUDIO', 'Audio IC', NULL, NULL, 'Audio codec IC');
INSERT INTO board_components (board_revision_id, reference_designator, component_type, value, part_number, notes) VALUES (200029, 'U_NAND', 'NAND Flash', NULL, NULL, 'Flash storage');
INSERT INTO board_test_points (board_revision_id, label, location_desc, expected_voltage, expected_resistance) VALUES (200029, 'VBAT', 'see boardview', '3.8V', NULL);
INSERT INTO board_test_points (board_revision_id, label, location_desc, expected_voltage, expected_resistance) VALUES (200029, 'VBUS_5V', 'see boardview', '5.0V', NULL);
INSERT INTO board_test_points (board_revision_id, label, location_desc, expected_voltage, expected_resistance) VALUES (200029, 'PP1V8', 'see boardview', '1.8V', NULL);
INSERT INTO board_test_points (board_revision_id, label, location_desc, expected_voltage, expected_resistance) VALUES (200029, 'PP3V0', 'see boardview', '3.0V', NULL);
INSERT INTO board_nets (board_revision_id, net_name, test_point, expected_value, units) VALUES (200029, 'VBAT / PP_BATT_VCC', 'VBAT', '3.8', 'V');
INSERT INTO board_nets (board_revision_id, net_name, test_point, expected_value, units) VALUES (200029, 'VBUS', 'VBUS_5V', '5.0', 'V');
INSERT INTO board_nets (board_revision_id, net_name, test_point, expected_value, units) VALUES (200029, '1V8', 'PP1V8', '1.8', 'V');
INSERT INTO board_nets (board_revision_id, net_name, test_point, expected_value, units) VALUES (200029, '3V0', 'PP3V0', '3.0', 'V');
INSERT INTO measurements (board_revision_id, kind, test_point, reference_designator, rail_name, power_state, expected_value, measured_value, units, notes, is_known_good) VALUES (200029, 'voltage', 'VBAT', NULL, 'VBAT / PP_BATT_VCC', 'off', '3.8', '3.8', 'V', 'Battery main rail (typically 3.0-4.35V with charge).', 1);
INSERT INTO measurements (board_revision_id, kind, test_point, reference_designator, rail_name, power_state, expected_value, measured_value, units, notes, is_known_good) VALUES (200029, 'voltage', 'VBUS_5V', NULL, 'VBUS', 'on', '5.0', '5.0', 'V', 'USB VBUS when charging.', 1);
INSERT INTO measurements (board_revision_id, kind, test_point, reference_designator, rail_name, power_state, expected_value, measured_value, units, notes, is_known_good) VALUES (200029, 'voltage', 'PP1V8', NULL, '1V8', 'on', '1.8', '1.8', 'V', '1.8V housekeeping rail (typical).', 1);
INSERT INTO measurements (board_revision_id, kind, test_point, reference_designator, rail_name, power_state, expected_value, measured_value, units, notes, is_known_good) VALUES (200029, 'voltage', 'PP3V0', NULL, '3V0', 'on', '3.0', '3.0', 'V', '3.0V rail (typical).', 1);
INSERT INTO board_revisions (id, device_model, revision, layer_count, primary_soc, pmic, notes) VALUES (200030, 'Apple iPhone 14 Plus', 'Logic Board', NULL, NULL, 'U_PMIC', 'Apple iPhone 14 Plus main logic board. Component set and rails are family-typical reference values; confirm exact values against the boardview/schematic for this unit.');
INSERT INTO board_components (board_revision_id, reference_designator, component_type, value, part_number, notes) VALUES (200030, 'J_DISP', 'Connector', NULL, NULL, 'Display FPC connector');
INSERT INTO board_components (board_revision_id, reference_designator, component_type, value, part_number, notes) VALUES (200030, 'J_BATT', 'Connector', NULL, NULL, 'Battery FPC connector');
INSERT INTO board_components (board_revision_id, reference_designator, component_type, value, part_number, notes) VALUES (200030, 'J_CHG', 'Connector', NULL, NULL, 'Charge port / dock connector');
INSERT INTO board_components (board_revision_id, reference_designator, component_type, value, part_number, notes) VALUES (200030, 'J_FCAM', 'Connector', NULL, NULL, 'Front camera connector');
INSERT INTO board_components (board_revision_id, reference_designator, component_type, value, part_number, notes) VALUES (200030, 'J_RCAM', 'Connector', NULL, NULL, 'Rear camera connector');
INSERT INTO board_components (board_revision_id, reference_designator, component_type, value, part_number, notes) VALUES (200030, 'U_PMIC', 'PMIC', NULL, NULL, 'Main power management IC');
INSERT INTO board_components (board_revision_id, reference_designator, component_type, value, part_number, notes) VALUES (200030, 'U_CHG', 'Charging IC', NULL, NULL, 'USB charging / interface IC');
INSERT INTO board_components (board_revision_id, reference_designator, component_type, value, part_number, notes) VALUES (200030, 'U_AUDIO', 'Audio IC', NULL, NULL, 'Audio codec IC');
INSERT INTO board_components (board_revision_id, reference_designator, component_type, value, part_number, notes) VALUES (200030, 'U_NAND', 'NAND Flash', NULL, NULL, 'Flash storage');
INSERT INTO board_test_points (board_revision_id, label, location_desc, expected_voltage, expected_resistance) VALUES (200030, 'VBAT', 'see boardview', '3.8V', NULL);
INSERT INTO board_test_points (board_revision_id, label, location_desc, expected_voltage, expected_resistance) VALUES (200030, 'VBUS_5V', 'see boardview', '5.0V', NULL);
INSERT INTO board_test_points (board_revision_id, label, location_desc, expected_voltage, expected_resistance) VALUES (200030, 'PP1V8', 'see boardview', '1.8V', NULL);
INSERT INTO board_test_points (board_revision_id, label, location_desc, expected_voltage, expected_resistance) VALUES (200030, 'PP3V0', 'see boardview', '3.0V', NULL);
INSERT INTO board_nets (board_revision_id, net_name, test_point, expected_value, units) VALUES (200030, 'VBAT / PP_BATT_VCC', 'VBAT', '3.8', 'V');
INSERT INTO board_nets (board_revision_id, net_name, test_point, expected_value, units) VALUES (200030, 'VBUS', 'VBUS_5V', '5.0', 'V');
INSERT INTO board_nets (board_revision_id, net_name, test_point, expected_value, units) VALUES (200030, '1V8', 'PP1V8', '1.8', 'V');
INSERT INTO board_nets (board_revision_id, net_name, test_point, expected_value, units) VALUES (200030, '3V0', 'PP3V0', '3.0', 'V');
INSERT INTO measurements (board_revision_id, kind, test_point, reference_designator, rail_name, power_state, expected_value, measured_value, units, notes, is_known_good) VALUES (200030, 'voltage', 'VBAT', NULL, 'VBAT / PP_BATT_VCC', 'off', '3.8', '3.8', 'V', 'Battery main rail (typically 3.0-4.35V with charge).', 1);
INSERT INTO measurements (board_revision_id, kind, test_point, reference_designator, rail_name, power_state, expected_value, measured_value, units, notes, is_known_good) VALUES (200030, 'voltage', 'VBUS_5V', NULL, 'VBUS', 'on', '5.0', '5.0', 'V', 'USB VBUS when charging.', 1);
INSERT INTO measurements (board_revision_id, kind, test_point, reference_designator, rail_name, power_state, expected_value, measured_value, units, notes, is_known_good) VALUES (200030, 'voltage', 'PP1V8', NULL, '1V8', 'on', '1.8', '1.8', 'V', '1.8V housekeeping rail (typical).', 1);
INSERT INTO measurements (board_revision_id, kind, test_point, reference_designator, rail_name, power_state, expected_value, measured_value, units, notes, is_known_good) VALUES (200030, 'voltage', 'PP3V0', NULL, '3V0', 'on', '3.0', '3.0', 'V', '3.0V rail (typical).', 1);
INSERT INTO board_revisions (id, device_model, revision, layer_count, primary_soc, pmic, notes) VALUES (200031, 'Apple iPhone 14 Pro', 'Logic Board', NULL, NULL, 'U_PMIC', 'Apple iPhone 14 Pro main logic board. Component set and rails are family-typical reference values; confirm exact values against the boardview/schematic for this unit.');
INSERT INTO board_components (board_revision_id, reference_designator, component_type, value, part_number, notes) VALUES (200031, 'J_DISP', 'Connector', NULL, NULL, 'Display FPC connector');
INSERT INTO board_components (board_revision_id, reference_designator, component_type, value, part_number, notes) VALUES (200031, 'J_BATT', 'Connector', NULL, NULL, 'Battery FPC connector');
INSERT INTO board_components (board_revision_id, reference_designator, component_type, value, part_number, notes) VALUES (200031, 'J_CHG', 'Connector', NULL, NULL, 'Charge port / dock connector');
INSERT INTO board_components (board_revision_id, reference_designator, component_type, value, part_number, notes) VALUES (200031, 'J_FCAM', 'Connector', NULL, NULL, 'Front camera connector');
INSERT INTO board_components (board_revision_id, reference_designator, component_type, value, part_number, notes) VALUES (200031, 'J_RCAM', 'Connector', NULL, NULL, 'Rear camera connector');
INSERT INTO board_components (board_revision_id, reference_designator, component_type, value, part_number, notes) VALUES (200031, 'U_PMIC', 'PMIC', NULL, NULL, 'Main power management IC');
INSERT INTO board_components (board_revision_id, reference_designator, component_type, value, part_number, notes) VALUES (200031, 'U_CHG', 'Charging IC', NULL, NULL, 'USB charging / interface IC');
INSERT INTO board_components (board_revision_id, reference_designator, component_type, value, part_number, notes) VALUES (200031, 'U_AUDIO', 'Audio IC', NULL, NULL, 'Audio codec IC');
INSERT INTO board_components (board_revision_id, reference_designator, component_type, value, part_number, notes) VALUES (200031, 'U_NAND', 'NAND Flash', NULL, NULL, 'Flash storage');
INSERT INTO board_test_points (board_revision_id, label, location_desc, expected_voltage, expected_resistance) VALUES (200031, 'VBAT', 'see boardview', '3.8V', NULL);
INSERT INTO board_test_points (board_revision_id, label, location_desc, expected_voltage, expected_resistance) VALUES (200031, 'VBUS_5V', 'see boardview', '5.0V', NULL);
INSERT INTO board_test_points (board_revision_id, label, location_desc, expected_voltage, expected_resistance) VALUES (200031, 'PP1V8', 'see boardview', '1.8V', NULL);
INSERT INTO board_test_points (board_revision_id, label, location_desc, expected_voltage, expected_resistance) VALUES (200031, 'PP3V0', 'see boardview', '3.0V', NULL);
INSERT INTO board_nets (board_revision_id, net_name, test_point, expected_value, units) VALUES (200031, 'VBAT / PP_BATT_VCC', 'VBAT', '3.8', 'V');
INSERT INTO board_nets (board_revision_id, net_name, test_point, expected_value, units) VALUES (200031, 'VBUS', 'VBUS_5V', '5.0', 'V');
INSERT INTO board_nets (board_revision_id, net_name, test_point, expected_value, units) VALUES (200031, '1V8', 'PP1V8', '1.8', 'V');
INSERT INTO board_nets (board_revision_id, net_name, test_point, expected_value, units) VALUES (200031, '3V0', 'PP3V0', '3.0', 'V');
INSERT INTO measurements (board_revision_id, kind, test_point, reference_designator, rail_name, power_state, expected_value, measured_value, units, notes, is_known_good) VALUES (200031, 'voltage', 'VBAT', NULL, 'VBAT / PP_BATT_VCC', 'off', '3.8', '3.8', 'V', 'Battery main rail (typically 3.0-4.35V with charge).', 1);
INSERT INTO measurements (board_revision_id, kind, test_point, reference_designator, rail_name, power_state, expected_value, measured_value, units, notes, is_known_good) VALUES (200031, 'voltage', 'VBUS_5V', NULL, 'VBUS', 'on', '5.0', '5.0', 'V', 'USB VBUS when charging.', 1);
INSERT INTO measurements (board_revision_id, kind, test_point, reference_designator, rail_name, power_state, expected_value, measured_value, units, notes, is_known_good) VALUES (200031, 'voltage', 'PP1V8', NULL, '1V8', 'on', '1.8', '1.8', 'V', '1.8V housekeeping rail (typical).', 1);
INSERT INTO measurements (board_revision_id, kind, test_point, reference_designator, rail_name, power_state, expected_value, measured_value, units, notes, is_known_good) VALUES (200031, 'voltage', 'PP3V0', NULL, '3V0', 'on', '3.0', '3.0', 'V', '3.0V rail (typical).', 1);
INSERT INTO board_revisions (id, device_model, revision, layer_count, primary_soc, pmic, notes) VALUES (200032, 'Apple iPhone 14 Pro Max', 'Logic Board', NULL, NULL, 'U_PMIC', 'Apple iPhone 14 Pro Max main logic board. Component set and rails are family-typical reference values; confirm exact values against the boardview/schematic for this unit.');
INSERT INTO board_components (board_revision_id, reference_designator, component_type, value, part_number, notes) VALUES (200032, 'J_DISP', 'Connector', NULL, NULL, 'Display FPC connector');
INSERT INTO board_components (board_revision_id, reference_designator, component_type, value, part_number, notes) VALUES (200032, 'J_BATT', 'Connector', NULL, NULL, 'Battery FPC connector');
INSERT INTO board_components (board_revision_id, reference_designator, component_type, value, part_number, notes) VALUES (200032, 'J_CHG', 'Connector', NULL, NULL, 'Charge port / dock connector');
INSERT INTO board_components (board_revision_id, reference_designator, component_type, value, part_number, notes) VALUES (200032, 'J_FCAM', 'Connector', NULL, NULL, 'Front camera connector');
INSERT INTO board_components (board_revision_id, reference_designator, component_type, value, part_number, notes) VALUES (200032, 'J_RCAM', 'Connector', NULL, NULL, 'Rear camera connector');
INSERT INTO board_components (board_revision_id, reference_designator, component_type, value, part_number, notes) VALUES (200032, 'U_PMIC', 'PMIC', NULL, NULL, 'Main power management IC');
INSERT INTO board_components (board_revision_id, reference_designator, component_type, value, part_number, notes) VALUES (200032, 'U_CHG', 'Charging IC', NULL, NULL, 'USB charging / interface IC');
INSERT INTO board_components (board_revision_id, reference_designator, component_type, value, part_number, notes) VALUES (200032, 'U_AUDIO', 'Audio IC', NULL, NULL, 'Audio codec IC');
INSERT INTO board_components (board_revision_id, reference_designator, component_type, value, part_number, notes) VALUES (200032, 'U_NAND', 'NAND Flash', NULL, NULL, 'Flash storage');
INSERT INTO board_test_points (board_revision_id, label, location_desc, expected_voltage, expected_resistance) VALUES (200032, 'VBAT', 'see boardview', '3.8V', NULL);
INSERT INTO board_test_points (board_revision_id, label, location_desc, expected_voltage, expected_resistance) VALUES (200032, 'VBUS_5V', 'see boardview', '5.0V', NULL);
INSERT INTO board_test_points (board_revision_id, label, location_desc, expected_voltage, expected_resistance) VALUES (200032, 'PP1V8', 'see boardview', '1.8V', NULL);
INSERT INTO board_test_points (board_revision_id, label, location_desc, expected_voltage, expected_resistance) VALUES (200032, 'PP3V0', 'see boardview', '3.0V', NULL);
INSERT INTO board_nets (board_revision_id, net_name, test_point, expected_value, units) VALUES (200032, 'VBAT / PP_BATT_VCC', 'VBAT', '3.8', 'V');
INSERT INTO board_nets (board_revision_id, net_name, test_point, expected_value, units) VALUES (200032, 'VBUS', 'VBUS_5V', '5.0', 'V');
INSERT INTO board_nets (board_revision_id, net_name, test_point, expected_value, units) VALUES (200032, '1V8', 'PP1V8', '1.8', 'V');
INSERT INTO board_nets (board_revision_id, net_name, test_point, expected_value, units) VALUES (200032, '3V0', 'PP3V0', '3.0', 'V');
INSERT INTO measurements (board_revision_id, kind, test_point, reference_designator, rail_name, power_state, expected_value, measured_value, units, notes, is_known_good) VALUES (200032, 'voltage', 'VBAT', NULL, 'VBAT / PP_BATT_VCC', 'off', '3.8', '3.8', 'V', 'Battery main rail (typically 3.0-4.35V with charge).', 1);
INSERT INTO measurements (board_revision_id, kind, test_point, reference_designator, rail_name, power_state, expected_value, measured_value, units, notes, is_known_good) VALUES (200032, 'voltage', 'VBUS_5V', NULL, 'VBUS', 'on', '5.0', '5.0', 'V', 'USB VBUS when charging.', 1);
INSERT INTO measurements (board_revision_id, kind, test_point, reference_designator, rail_name, power_state, expected_value, measured_value, units, notes, is_known_good) VALUES (200032, 'voltage', 'PP1V8', NULL, '1V8', 'on', '1.8', '1.8', 'V', '1.8V housekeeping rail (typical).', 1);
INSERT INTO measurements (board_revision_id, kind, test_point, reference_designator, rail_name, power_state, expected_value, measured_value, units, notes, is_known_good) VALUES (200032, 'voltage', 'PP3V0', NULL, '3V0', 'on', '3.0', '3.0', 'V', '3.0V rail (typical).', 1);
INSERT INTO board_revisions (id, device_model, revision, layer_count, primary_soc, pmic, notes) VALUES (200033, 'Apple iPhone 15', 'Logic Board', NULL, NULL, 'U_PMIC', 'Apple iPhone 15 main logic board. Component set and rails are family-typical reference values; confirm exact values against the boardview/schematic for this unit.');
INSERT INTO board_components (board_revision_id, reference_designator, component_type, value, part_number, notes) VALUES (200033, 'J_DISP', 'Connector', NULL, NULL, 'Display FPC connector');
INSERT INTO board_components (board_revision_id, reference_designator, component_type, value, part_number, notes) VALUES (200033, 'J_BATT', 'Connector', NULL, NULL, 'Battery FPC connector');
INSERT INTO board_components (board_revision_id, reference_designator, component_type, value, part_number, notes) VALUES (200033, 'J_CHG', 'Connector', NULL, NULL, 'Charge port / dock connector');
INSERT INTO board_components (board_revision_id, reference_designator, component_type, value, part_number, notes) VALUES (200033, 'J_FCAM', 'Connector', NULL, NULL, 'Front camera connector');
INSERT INTO board_components (board_revision_id, reference_designator, component_type, value, part_number, notes) VALUES (200033, 'J_RCAM', 'Connector', NULL, NULL, 'Rear camera connector');
INSERT INTO board_components (board_revision_id, reference_designator, component_type, value, part_number, notes) VALUES (200033, 'U_PMIC', 'PMIC', NULL, NULL, 'Main power management IC');
INSERT INTO board_components (board_revision_id, reference_designator, component_type, value, part_number, notes) VALUES (200033, 'U_CHG', 'Charging IC', NULL, NULL, 'USB charging / interface IC');
INSERT INTO board_components (board_revision_id, reference_designator, component_type, value, part_number, notes) VALUES (200033, 'U_AUDIO', 'Audio IC', NULL, NULL, 'Audio codec IC');
INSERT INTO board_components (board_revision_id, reference_designator, component_type, value, part_number, notes) VALUES (200033, 'U_NAND', 'NAND Flash', NULL, NULL, 'Flash storage');
INSERT INTO board_test_points (board_revision_id, label, location_desc, expected_voltage, expected_resistance) VALUES (200033, 'VBAT', 'see boardview', '3.8V', NULL);
INSERT INTO board_test_points (board_revision_id, label, location_desc, expected_voltage, expected_resistance) VALUES (200033, 'VBUS_5V', 'see boardview', '5.0V', NULL);
INSERT INTO board_test_points (board_revision_id, label, location_desc, expected_voltage, expected_resistance) VALUES (200033, 'PP1V8', 'see boardview', '1.8V', NULL);
INSERT INTO board_test_points (board_revision_id, label, location_desc, expected_voltage, expected_resistance) VALUES (200033, 'PP3V0', 'see boardview', '3.0V', NULL);
INSERT INTO board_nets (board_revision_id, net_name, test_point, expected_value, units) VALUES (200033, 'VBAT / PP_BATT_VCC', 'VBAT', '3.8', 'V');
INSERT INTO board_nets (board_revision_id, net_name, test_point, expected_value, units) VALUES (200033, 'VBUS', 'VBUS_5V', '5.0', 'V');
INSERT INTO board_nets (board_revision_id, net_name, test_point, expected_value, units) VALUES (200033, '1V8', 'PP1V8', '1.8', 'V');
INSERT INTO board_nets (board_revision_id, net_name, test_point, expected_value, units) VALUES (200033, '3V0', 'PP3V0', '3.0', 'V');
INSERT INTO measurements (board_revision_id, kind, test_point, reference_designator, rail_name, power_state, expected_value, measured_value, units, notes, is_known_good) VALUES (200033, 'voltage', 'VBAT', NULL, 'VBAT / PP_BATT_VCC', 'off', '3.8', '3.8', 'V', 'Battery main rail (typically 3.0-4.35V with charge).', 1);
INSERT INTO measurements (board_revision_id, kind, test_point, reference_designator, rail_name, power_state, expected_value, measured_value, units, notes, is_known_good) VALUES (200033, 'voltage', 'VBUS_5V', NULL, 'VBUS', 'on', '5.0', '5.0', 'V', 'USB VBUS when charging.', 1);
INSERT INTO measurements (board_revision_id, kind, test_point, reference_designator, rail_name, power_state, expected_value, measured_value, units, notes, is_known_good) VALUES (200033, 'voltage', 'PP1V8', NULL, '1V8', 'on', '1.8', '1.8', 'V', '1.8V housekeeping rail (typical).', 1);
INSERT INTO measurements (board_revision_id, kind, test_point, reference_designator, rail_name, power_state, expected_value, measured_value, units, notes, is_known_good) VALUES (200033, 'voltage', 'PP3V0', NULL, '3V0', 'on', '3.0', '3.0', 'V', '3.0V rail (typical).', 1);
INSERT INTO board_revisions (id, device_model, revision, layer_count, primary_soc, pmic, notes) VALUES (200034, 'Apple iPhone 15 Plus', 'Logic Board', NULL, NULL, 'U_PMIC', 'Apple iPhone 15 Plus main logic board. Component set and rails are family-typical reference values; confirm exact values against the boardview/schematic for this unit.');
INSERT INTO board_components (board_revision_id, reference_designator, component_type, value, part_number, notes) VALUES (200034, 'J_DISP', 'Connector', NULL, NULL, 'Display FPC connector');
INSERT INTO board_components (board_revision_id, reference_designator, component_type, value, part_number, notes) VALUES (200034, 'J_BATT', 'Connector', NULL, NULL, 'Battery FPC connector');
INSERT INTO board_components (board_revision_id, reference_designator, component_type, value, part_number, notes) VALUES (200034, 'J_CHG', 'Connector', NULL, NULL, 'Charge port / dock connector');
INSERT INTO board_components (board_revision_id, reference_designator, component_type, value, part_number, notes) VALUES (200034, 'J_FCAM', 'Connector', NULL, NULL, 'Front camera connector');
INSERT INTO board_components (board_revision_id, reference_designator, component_type, value, part_number, notes) VALUES (200034, 'J_RCAM', 'Connector', NULL, NULL, 'Rear camera connector');
INSERT INTO board_components (board_revision_id, reference_designator, component_type, value, part_number, notes) VALUES (200034, 'U_PMIC', 'PMIC', NULL, NULL, 'Main power management IC');
INSERT INTO board_components (board_revision_id, reference_designator, component_type, value, part_number, notes) VALUES (200034, 'U_CHG', 'Charging IC', NULL, NULL, 'USB charging / interface IC');
INSERT INTO board_components (board_revision_id, reference_designator, component_type, value, part_number, notes) VALUES (200034, 'U_AUDIO', 'Audio IC', NULL, NULL, 'Audio codec IC');
INSERT INTO board_components (board_revision_id, reference_designator, component_type, value, part_number, notes) VALUES (200034, 'U_NAND', 'NAND Flash', NULL, NULL, 'Flash storage');
INSERT INTO board_test_points (board_revision_id, label, location_desc, expected_voltage, expected_resistance) VALUES (200034, 'VBAT', 'see boardview', '3.8V', NULL);
INSERT INTO board_test_points (board_revision_id, label, location_desc, expected_voltage, expected_resistance) VALUES (200034, 'VBUS_5V', 'see boardview', '5.0V', NULL);
INSERT INTO board_test_points (board_revision_id, label, location_desc, expected_voltage, expected_resistance) VALUES (200034, 'PP1V8', 'see boardview', '1.8V', NULL);
INSERT INTO board_test_points (board_revision_id, label, location_desc, expected_voltage, expected_resistance) VALUES (200034, 'PP3V0', 'see boardview', '3.0V', NULL);
INSERT INTO board_nets (board_revision_id, net_name, test_point, expected_value, units) VALUES (200034, 'VBAT / PP_BATT_VCC', 'VBAT', '3.8', 'V');
INSERT INTO board_nets (board_revision_id, net_name, test_point, expected_value, units) VALUES (200034, 'VBUS', 'VBUS_5V', '5.0', 'V');
INSERT INTO board_nets (board_revision_id, net_name, test_point, expected_value, units) VALUES (200034, '1V8', 'PP1V8', '1.8', 'V');
INSERT INTO board_nets (board_revision_id, net_name, test_point, expected_value, units) VALUES (200034, '3V0', 'PP3V0', '3.0', 'V');
INSERT INTO measurements (board_revision_id, kind, test_point, reference_designator, rail_name, power_state, expected_value, measured_value, units, notes, is_known_good) VALUES (200034, 'voltage', 'VBAT', NULL, 'VBAT / PP_BATT_VCC', 'off', '3.8', '3.8', 'V', 'Battery main rail (typically 3.0-4.35V with charge).', 1);
INSERT INTO measurements (board_revision_id, kind, test_point, reference_designator, rail_name, power_state, expected_value, measured_value, units, notes, is_known_good) VALUES (200034, 'voltage', 'VBUS_5V', NULL, 'VBUS', 'on', '5.0', '5.0', 'V', 'USB VBUS when charging.', 1);
INSERT INTO measurements (board_revision_id, kind, test_point, reference_designator, rail_name, power_state, expected_value, measured_value, units, notes, is_known_good) VALUES (200034, 'voltage', 'PP1V8', NULL, '1V8', 'on', '1.8', '1.8', 'V', '1.8V housekeeping rail (typical).', 1);
INSERT INTO measurements (board_revision_id, kind, test_point, reference_designator, rail_name, power_state, expected_value, measured_value, units, notes, is_known_good) VALUES (200034, 'voltage', 'PP3V0', NULL, '3V0', 'on', '3.0', '3.0', 'V', '3.0V rail (typical).', 1);
INSERT INTO board_revisions (id, device_model, revision, layer_count, primary_soc, pmic, notes) VALUES (200035, 'Apple iPhone 15 Pro', 'Logic Board', NULL, NULL, 'U_PMIC', 'Apple iPhone 15 Pro main logic board. Component set and rails are family-typical reference values; confirm exact values against the boardview/schematic for this unit.');
INSERT INTO board_components (board_revision_id, reference_designator, component_type, value, part_number, notes) VALUES (200035, 'J_DISP', 'Connector', NULL, NULL, 'Display FPC connector');
INSERT INTO board_components (board_revision_id, reference_designator, component_type, value, part_number, notes) VALUES (200035, 'J_BATT', 'Connector', NULL, NULL, 'Battery FPC connector');
INSERT INTO board_components (board_revision_id, reference_designator, component_type, value, part_number, notes) VALUES (200035, 'J_CHG', 'Connector', NULL, NULL, 'Charge port / dock connector');
INSERT INTO board_components (board_revision_id, reference_designator, component_type, value, part_number, notes) VALUES (200035, 'J_FCAM', 'Connector', NULL, NULL, 'Front camera connector');
INSERT INTO board_components (board_revision_id, reference_designator, component_type, value, part_number, notes) VALUES (200035, 'J_RCAM', 'Connector', NULL, NULL, 'Rear camera connector');
INSERT INTO board_components (board_revision_id, reference_designator, component_type, value, part_number, notes) VALUES (200035, 'U_PMIC', 'PMIC', NULL, NULL, 'Main power management IC');
INSERT INTO board_components (board_revision_id, reference_designator, component_type, value, part_number, notes) VALUES (200035, 'U_CHG', 'Charging IC', NULL, NULL, 'USB charging / interface IC');
INSERT INTO board_components (board_revision_id, reference_designator, component_type, value, part_number, notes) VALUES (200035, 'U_AUDIO', 'Audio IC', NULL, NULL, 'Audio codec IC');
INSERT INTO board_components (board_revision_id, reference_designator, component_type, value, part_number, notes) VALUES (200035, 'U_NAND', 'NAND Flash', NULL, NULL, 'Flash storage');
INSERT INTO board_test_points (board_revision_id, label, location_desc, expected_voltage, expected_resistance) VALUES (200035, 'VBAT', 'see boardview', '3.8V', NULL);
INSERT INTO board_test_points (board_revision_id, label, location_desc, expected_voltage, expected_resistance) VALUES (200035, 'VBUS_5V', 'see boardview', '5.0V', NULL);
INSERT INTO board_test_points (board_revision_id, label, location_desc, expected_voltage, expected_resistance) VALUES (200035, 'PP1V8', 'see boardview', '1.8V', NULL);
INSERT INTO board_test_points (board_revision_id, label, location_desc, expected_voltage, expected_resistance) VALUES (200035, 'PP3V0', 'see boardview', '3.0V', NULL);
INSERT INTO board_nets (board_revision_id, net_name, test_point, expected_value, units) VALUES (200035, 'VBAT / PP_BATT_VCC', 'VBAT', '3.8', 'V');
INSERT INTO board_nets (board_revision_id, net_name, test_point, expected_value, units) VALUES (200035, 'VBUS', 'VBUS_5V', '5.0', 'V');
INSERT INTO board_nets (board_revision_id, net_name, test_point, expected_value, units) VALUES (200035, '1V8', 'PP1V8', '1.8', 'V');
INSERT INTO board_nets (board_revision_id, net_name, test_point, expected_value, units) VALUES (200035, '3V0', 'PP3V0', '3.0', 'V');
INSERT INTO measurements (board_revision_id, kind, test_point, reference_designator, rail_name, power_state, expected_value, measured_value, units, notes, is_known_good) VALUES (200035, 'voltage', 'VBAT', NULL, 'VBAT / PP_BATT_VCC', 'off', '3.8', '3.8', 'V', 'Battery main rail (typically 3.0-4.35V with charge).', 1);
INSERT INTO measurements (board_revision_id, kind, test_point, reference_designator, rail_name, power_state, expected_value, measured_value, units, notes, is_known_good) VALUES (200035, 'voltage', 'VBUS_5V', NULL, 'VBUS', 'on', '5.0', '5.0', 'V', 'USB VBUS when charging.', 1);
INSERT INTO measurements (board_revision_id, kind, test_point, reference_designator, rail_name, power_state, expected_value, measured_value, units, notes, is_known_good) VALUES (200035, 'voltage', 'PP1V8', NULL, '1V8', 'on', '1.8', '1.8', 'V', '1.8V housekeeping rail (typical).', 1);
INSERT INTO measurements (board_revision_id, kind, test_point, reference_designator, rail_name, power_state, expected_value, measured_value, units, notes, is_known_good) VALUES (200035, 'voltage', 'PP3V0', NULL, '3V0', 'on', '3.0', '3.0', 'V', '3.0V rail (typical).', 1);
INSERT INTO board_revisions (id, device_model, revision, layer_count, primary_soc, pmic, notes) VALUES (200036, 'Apple iPhone 15 Pro Max', 'Logic Board', NULL, NULL, 'U_PMIC', 'Apple iPhone 15 Pro Max main logic board. Component set and rails are family-typical reference values; confirm exact values against the boardview/schematic for this unit.');
INSERT INTO board_components (board_revision_id, reference_designator, component_type, value, part_number, notes) VALUES (200036, 'J_DISP', 'Connector', NULL, NULL, 'Display FPC connector');
INSERT INTO board_components (board_revision_id, reference_designator, component_type, value, part_number, notes) VALUES (200036, 'J_BATT', 'Connector', NULL, NULL, 'Battery FPC connector');
INSERT INTO board_components (board_revision_id, reference_designator, component_type, value, part_number, notes) VALUES (200036, 'J_CHG', 'Connector', NULL, NULL, 'Charge port / dock connector');
INSERT INTO board_components (board_revision_id, reference_designator, component_type, value, part_number, notes) VALUES (200036, 'J_FCAM', 'Connector', NULL, NULL, 'Front camera connector');
INSERT INTO board_components (board_revision_id, reference_designator, component_type, value, part_number, notes) VALUES (200036, 'J_RCAM', 'Connector', NULL, NULL, 'Rear camera connector');
INSERT INTO board_components (board_revision_id, reference_designator, component_type, value, part_number, notes) VALUES (200036, 'U_PMIC', 'PMIC', NULL, NULL, 'Main power management IC');
INSERT INTO board_components (board_revision_id, reference_designator, component_type, value, part_number, notes) VALUES (200036, 'U_CHG', 'Charging IC', NULL, NULL, 'USB charging / interface IC');
INSERT INTO board_components (board_revision_id, reference_designator, component_type, value, part_number, notes) VALUES (200036, 'U_AUDIO', 'Audio IC', NULL, NULL, 'Audio codec IC');
INSERT INTO board_components (board_revision_id, reference_designator, component_type, value, part_number, notes) VALUES (200036, 'U_NAND', 'NAND Flash', NULL, NULL, 'Flash storage');
INSERT INTO board_test_points (board_revision_id, label, location_desc, expected_voltage, expected_resistance) VALUES (200036, 'VBAT', 'see boardview', '3.8V', NULL);
INSERT INTO board_test_points (board_revision_id, label, location_desc, expected_voltage, expected_resistance) VALUES (200036, 'VBUS_5V', 'see boardview', '5.0V', NULL);
INSERT INTO board_test_points (board_revision_id, label, location_desc, expected_voltage, expected_resistance) VALUES (200036, 'PP1V8', 'see boardview', '1.8V', NULL);
INSERT INTO board_test_points (board_revision_id, label, location_desc, expected_voltage, expected_resistance) VALUES (200036, 'PP3V0', 'see boardview', '3.0V', NULL);
INSERT INTO board_nets (board_revision_id, net_name, test_point, expected_value, units) VALUES (200036, 'VBAT / PP_BATT_VCC', 'VBAT', '3.8', 'V');
INSERT INTO board_nets (board_revision_id, net_name, test_point, expected_value, units) VALUES (200036, 'VBUS', 'VBUS_5V', '5.0', 'V');
INSERT INTO board_nets (board_revision_id, net_name, test_point, expected_value, units) VALUES (200036, '1V8', 'PP1V8', '1.8', 'V');
INSERT INTO board_nets (board_revision_id, net_name, test_point, expected_value, units) VALUES (200036, '3V0', 'PP3V0', '3.0', 'V');
INSERT INTO measurements (board_revision_id, kind, test_point, reference_designator, rail_name, power_state, expected_value, measured_value, units, notes, is_known_good) VALUES (200036, 'voltage', 'VBAT', NULL, 'VBAT / PP_BATT_VCC', 'off', '3.8', '3.8', 'V', 'Battery main rail (typically 3.0-4.35V with charge).', 1);
INSERT INTO measurements (board_revision_id, kind, test_point, reference_designator, rail_name, power_state, expected_value, measured_value, units, notes, is_known_good) VALUES (200036, 'voltage', 'VBUS_5V', NULL, 'VBUS', 'on', '5.0', '5.0', 'V', 'USB VBUS when charging.', 1);
INSERT INTO measurements (board_revision_id, kind, test_point, reference_designator, rail_name, power_state, expected_value, measured_value, units, notes, is_known_good) VALUES (200036, 'voltage', 'PP1V8', NULL, '1V8', 'on', '1.8', '1.8', 'V', '1.8V housekeeping rail (typical).', 1);
INSERT INTO measurements (board_revision_id, kind, test_point, reference_designator, rail_name, power_state, expected_value, measured_value, units, notes, is_known_good) VALUES (200036, 'voltage', 'PP3V0', NULL, '3V0', 'on', '3.0', '3.0', 'V', '3.0V rail (typical).', 1);
INSERT INTO board_revisions (id, device_model, revision, layer_count, primary_soc, pmic, notes) VALUES (200037, 'Apple iPhone 16', 'Logic Board', NULL, NULL, 'U_PMIC', 'Apple iPhone 16 main logic board. Component set and rails are family-typical reference values; confirm exact values against the boardview/schematic for this unit.');
INSERT INTO board_components (board_revision_id, reference_designator, component_type, value, part_number, notes) VALUES (200037, 'J_DISP', 'Connector', NULL, NULL, 'Display FPC connector');
INSERT INTO board_components (board_revision_id, reference_designator, component_type, value, part_number, notes) VALUES (200037, 'J_BATT', 'Connector', NULL, NULL, 'Battery FPC connector');
INSERT INTO board_components (board_revision_id, reference_designator, component_type, value, part_number, notes) VALUES (200037, 'J_CHG', 'Connector', NULL, NULL, 'Charge port / dock connector');
INSERT INTO board_components (board_revision_id, reference_designator, component_type, value, part_number, notes) VALUES (200037, 'J_FCAM', 'Connector', NULL, NULL, 'Front camera connector');
INSERT INTO board_components (board_revision_id, reference_designator, component_type, value, part_number, notes) VALUES (200037, 'J_RCAM', 'Connector', NULL, NULL, 'Rear camera connector');
INSERT INTO board_components (board_revision_id, reference_designator, component_type, value, part_number, notes) VALUES (200037, 'U_PMIC', 'PMIC', NULL, NULL, 'Main power management IC');
INSERT INTO board_components (board_revision_id, reference_designator, component_type, value, part_number, notes) VALUES (200037, 'U_CHG', 'Charging IC', NULL, NULL, 'USB charging / interface IC');
INSERT INTO board_components (board_revision_id, reference_designator, component_type, value, part_number, notes) VALUES (200037, 'U_AUDIO', 'Audio IC', NULL, NULL, 'Audio codec IC');
INSERT INTO board_components (board_revision_id, reference_designator, component_type, value, part_number, notes) VALUES (200037, 'U_NAND', 'NAND Flash', NULL, NULL, 'Flash storage');
INSERT INTO board_test_points (board_revision_id, label, location_desc, expected_voltage, expected_resistance) VALUES (200037, 'VBAT', 'see boardview', '3.8V', NULL);
INSERT INTO board_test_points (board_revision_id, label, location_desc, expected_voltage, expected_resistance) VALUES (200037, 'VBUS_5V', 'see boardview', '5.0V', NULL);
INSERT INTO board_test_points (board_revision_id, label, location_desc, expected_voltage, expected_resistance) VALUES (200037, 'PP1V8', 'see boardview', '1.8V', NULL);
INSERT INTO board_test_points (board_revision_id, label, location_desc, expected_voltage, expected_resistance) VALUES (200037, 'PP3V0', 'see boardview', '3.0V', NULL);
INSERT INTO board_nets (board_revision_id, net_name, test_point, expected_value, units) VALUES (200037, 'VBAT / PP_BATT_VCC', 'VBAT', '3.8', 'V');
INSERT INTO board_nets (board_revision_id, net_name, test_point, expected_value, units) VALUES (200037, 'VBUS', 'VBUS_5V', '5.0', 'V');
INSERT INTO board_nets (board_revision_id, net_name, test_point, expected_value, units) VALUES (200037, '1V8', 'PP1V8', '1.8', 'V');
INSERT INTO board_nets (board_revision_id, net_name, test_point, expected_value, units) VALUES (200037, '3V0', 'PP3V0', '3.0', 'V');
INSERT INTO measurements (board_revision_id, kind, test_point, reference_designator, rail_name, power_state, expected_value, measured_value, units, notes, is_known_good) VALUES (200037, 'voltage', 'VBAT', NULL, 'VBAT / PP_BATT_VCC', 'off', '3.8', '3.8', 'V', 'Battery main rail (typically 3.0-4.35V with charge).', 1);
INSERT INTO measurements (board_revision_id, kind, test_point, reference_designator, rail_name, power_state, expected_value, measured_value, units, notes, is_known_good) VALUES (200037, 'voltage', 'VBUS_5V', NULL, 'VBUS', 'on', '5.0', '5.0', 'V', 'USB VBUS when charging.', 1);
INSERT INTO measurements (board_revision_id, kind, test_point, reference_designator, rail_name, power_state, expected_value, measured_value, units, notes, is_known_good) VALUES (200037, 'voltage', 'PP1V8', NULL, '1V8', 'on', '1.8', '1.8', 'V', '1.8V housekeeping rail (typical).', 1);
INSERT INTO measurements (board_revision_id, kind, test_point, reference_designator, rail_name, power_state, expected_value, measured_value, units, notes, is_known_good) VALUES (200037, 'voltage', 'PP3V0', NULL, '3V0', 'on', '3.0', '3.0', 'V', '3.0V rail (typical).', 1);
INSERT INTO board_revisions (id, device_model, revision, layer_count, primary_soc, pmic, notes) VALUES (200038, 'Apple iPhone 16 Plus', 'Logic Board', NULL, NULL, 'U_PMIC', 'Apple iPhone 16 Plus main logic board. Component set and rails are family-typical reference values; confirm exact values against the boardview/schematic for this unit.');
INSERT INTO board_components (board_revision_id, reference_designator, component_type, value, part_number, notes) VALUES (200038, 'J_DISP', 'Connector', NULL, NULL, 'Display FPC connector');
INSERT INTO board_components (board_revision_id, reference_designator, component_type, value, part_number, notes) VALUES (200038, 'J_BATT', 'Connector', NULL, NULL, 'Battery FPC connector');
INSERT INTO board_components (board_revision_id, reference_designator, component_type, value, part_number, notes) VALUES (200038, 'J_CHG', 'Connector', NULL, NULL, 'Charge port / dock connector');
INSERT INTO board_components (board_revision_id, reference_designator, component_type, value, part_number, notes) VALUES (200038, 'J_FCAM', 'Connector', NULL, NULL, 'Front camera connector');
INSERT INTO board_components (board_revision_id, reference_designator, component_type, value, part_number, notes) VALUES (200038, 'J_RCAM', 'Connector', NULL, NULL, 'Rear camera connector');
INSERT INTO board_components (board_revision_id, reference_designator, component_type, value, part_number, notes) VALUES (200038, 'U_PMIC', 'PMIC', NULL, NULL, 'Main power management IC');
INSERT INTO board_components (board_revision_id, reference_designator, component_type, value, part_number, notes) VALUES (200038, 'U_CHG', 'Charging IC', NULL, NULL, 'USB charging / interface IC');
INSERT INTO board_components (board_revision_id, reference_designator, component_type, value, part_number, notes) VALUES (200038, 'U_AUDIO', 'Audio IC', NULL, NULL, 'Audio codec IC');
INSERT INTO board_components (board_revision_id, reference_designator, component_type, value, part_number, notes) VALUES (200038, 'U_NAND', 'NAND Flash', NULL, NULL, 'Flash storage');
INSERT INTO board_test_points (board_revision_id, label, location_desc, expected_voltage, expected_resistance) VALUES (200038, 'VBAT', 'see boardview', '3.8V', NULL);
INSERT INTO board_test_points (board_revision_id, label, location_desc, expected_voltage, expected_resistance) VALUES (200038, 'VBUS_5V', 'see boardview', '5.0V', NULL);
INSERT INTO board_test_points (board_revision_id, label, location_desc, expected_voltage, expected_resistance) VALUES (200038, 'PP1V8', 'see boardview', '1.8V', NULL);
INSERT INTO board_test_points (board_revision_id, label, location_desc, expected_voltage, expected_resistance) VALUES (200038, 'PP3V0', 'see boardview', '3.0V', NULL);
INSERT INTO board_nets (board_revision_id, net_name, test_point, expected_value, units) VALUES (200038, 'VBAT / PP_BATT_VCC', 'VBAT', '3.8', 'V');
INSERT INTO board_nets (board_revision_id, net_name, test_point, expected_value, units) VALUES (200038, 'VBUS', 'VBUS_5V', '5.0', 'V');
INSERT INTO board_nets (board_revision_id, net_name, test_point, expected_value, units) VALUES (200038, '1V8', 'PP1V8', '1.8', 'V');
INSERT INTO board_nets (board_revision_id, net_name, test_point, expected_value, units) VALUES (200038, '3V0', 'PP3V0', '3.0', 'V');
INSERT INTO measurements (board_revision_id, kind, test_point, reference_designator, rail_name, power_state, expected_value, measured_value, units, notes, is_known_good) VALUES (200038, 'voltage', 'VBAT', NULL, 'VBAT / PP_BATT_VCC', 'off', '3.8', '3.8', 'V', 'Battery main rail (typically 3.0-4.35V with charge).', 1);
INSERT INTO measurements (board_revision_id, kind, test_point, reference_designator, rail_name, power_state, expected_value, measured_value, units, notes, is_known_good) VALUES (200038, 'voltage', 'VBUS_5V', NULL, 'VBUS', 'on', '5.0', '5.0', 'V', 'USB VBUS when charging.', 1);
INSERT INTO measurements (board_revision_id, kind, test_point, reference_designator, rail_name, power_state, expected_value, measured_value, units, notes, is_known_good) VALUES (200038, 'voltage', 'PP1V8', NULL, '1V8', 'on', '1.8', '1.8', 'V', '1.8V housekeeping rail (typical).', 1);
INSERT INTO measurements (board_revision_id, kind, test_point, reference_designator, rail_name, power_state, expected_value, measured_value, units, notes, is_known_good) VALUES (200038, 'voltage', 'PP3V0', NULL, '3V0', 'on', '3.0', '3.0', 'V', '3.0V rail (typical).', 1);
INSERT INTO board_revisions (id, device_model, revision, layer_count, primary_soc, pmic, notes) VALUES (200039, 'Apple iPhone 16 Pro', 'Logic Board', NULL, NULL, 'U_PMIC', 'Apple iPhone 16 Pro main logic board. Component set and rails are family-typical reference values; confirm exact values against the boardview/schematic for this unit.');
INSERT INTO board_components (board_revision_id, reference_designator, component_type, value, part_number, notes) VALUES (200039, 'J_DISP', 'Connector', NULL, NULL, 'Display FPC connector');
INSERT INTO board_components (board_revision_id, reference_designator, component_type, value, part_number, notes) VALUES (200039, 'J_BATT', 'Connector', NULL, NULL, 'Battery FPC connector');
INSERT INTO board_components (board_revision_id, reference_designator, component_type, value, part_number, notes) VALUES (200039, 'J_CHG', 'Connector', NULL, NULL, 'Charge port / dock connector');
INSERT INTO board_components (board_revision_id, reference_designator, component_type, value, part_number, notes) VALUES (200039, 'J_FCAM', 'Connector', NULL, NULL, 'Front camera connector');
INSERT INTO board_components (board_revision_id, reference_designator, component_type, value, part_number, notes) VALUES (200039, 'J_RCAM', 'Connector', NULL, NULL, 'Rear camera connector');
INSERT INTO board_components (board_revision_id, reference_designator, component_type, value, part_number, notes) VALUES (200039, 'U_PMIC', 'PMIC', NULL, NULL, 'Main power management IC');
INSERT INTO board_components (board_revision_id, reference_designator, component_type, value, part_number, notes) VALUES (200039, 'U_CHG', 'Charging IC', NULL, NULL, 'USB charging / interface IC');
INSERT INTO board_components (board_revision_id, reference_designator, component_type, value, part_number, notes) VALUES (200039, 'U_AUDIO', 'Audio IC', NULL, NULL, 'Audio codec IC');
INSERT INTO board_components (board_revision_id, reference_designator, component_type, value, part_number, notes) VALUES (200039, 'U_NAND', 'NAND Flash', NULL, NULL, 'Flash storage');
INSERT INTO board_test_points (board_revision_id, label, location_desc, expected_voltage, expected_resistance) VALUES (200039, 'VBAT', 'see boardview', '3.8V', NULL);
INSERT INTO board_test_points (board_revision_id, label, location_desc, expected_voltage, expected_resistance) VALUES (200039, 'VBUS_5V', 'see boardview', '5.0V', NULL);
INSERT INTO board_test_points (board_revision_id, label, location_desc, expected_voltage, expected_resistance) VALUES (200039, 'PP1V8', 'see boardview', '1.8V', NULL);
INSERT INTO board_test_points (board_revision_id, label, location_desc, expected_voltage, expected_resistance) VALUES (200039, 'PP3V0', 'see boardview', '3.0V', NULL);
INSERT INTO board_nets (board_revision_id, net_name, test_point, expected_value, units) VALUES (200039, 'VBAT / PP_BATT_VCC', 'VBAT', '3.8', 'V');
INSERT INTO board_nets (board_revision_id, net_name, test_point, expected_value, units) VALUES (200039, 'VBUS', 'VBUS_5V', '5.0', 'V');
INSERT INTO board_nets (board_revision_id, net_name, test_point, expected_value, units) VALUES (200039, '1V8', 'PP1V8', '1.8', 'V');
INSERT INTO board_nets (board_revision_id, net_name, test_point, expected_value, units) VALUES (200039, '3V0', 'PP3V0', '3.0', 'V');
INSERT INTO measurements (board_revision_id, kind, test_point, reference_designator, rail_name, power_state, expected_value, measured_value, units, notes, is_known_good) VALUES (200039, 'voltage', 'VBAT', NULL, 'VBAT / PP_BATT_VCC', 'off', '3.8', '3.8', 'V', 'Battery main rail (typically 3.0-4.35V with charge).', 1);
INSERT INTO measurements (board_revision_id, kind, test_point, reference_designator, rail_name, power_state, expected_value, measured_value, units, notes, is_known_good) VALUES (200039, 'voltage', 'VBUS_5V', NULL, 'VBUS', 'on', '5.0', '5.0', 'V', 'USB VBUS when charging.', 1);
INSERT INTO measurements (board_revision_id, kind, test_point, reference_designator, rail_name, power_state, expected_value, measured_value, units, notes, is_known_good) VALUES (200039, 'voltage', 'PP1V8', NULL, '1V8', 'on', '1.8', '1.8', 'V', '1.8V housekeeping rail (typical).', 1);
INSERT INTO measurements (board_revision_id, kind, test_point, reference_designator, rail_name, power_state, expected_value, measured_value, units, notes, is_known_good) VALUES (200039, 'voltage', 'PP3V0', NULL, '3V0', 'on', '3.0', '3.0', 'V', '3.0V rail (typical).', 1);
INSERT INTO board_revisions (id, device_model, revision, layer_count, primary_soc, pmic, notes) VALUES (200040, 'Apple iPhone 16 Pro Max', 'Logic Board', NULL, NULL, 'U_PMIC', 'Apple iPhone 16 Pro Max main logic board. Component set and rails are family-typical reference values; confirm exact values against the boardview/schematic for this unit.');
INSERT INTO board_components (board_revision_id, reference_designator, component_type, value, part_number, notes) VALUES (200040, 'J_DISP', 'Connector', NULL, NULL, 'Display FPC connector');
INSERT INTO board_components (board_revision_id, reference_designator, component_type, value, part_number, notes) VALUES (200040, 'J_BATT', 'Connector', NULL, NULL, 'Battery FPC connector');
INSERT INTO board_components (board_revision_id, reference_designator, component_type, value, part_number, notes) VALUES (200040, 'J_CHG', 'Connector', NULL, NULL, 'Charge port / dock connector');
INSERT INTO board_components (board_revision_id, reference_designator, component_type, value, part_number, notes) VALUES (200040, 'J_FCAM', 'Connector', NULL, NULL, 'Front camera connector');
INSERT INTO board_components (board_revision_id, reference_designator, component_type, value, part_number, notes) VALUES (200040, 'J_RCAM', 'Connector', NULL, NULL, 'Rear camera connector');
INSERT INTO board_components (board_revision_id, reference_designator, component_type, value, part_number, notes) VALUES (200040, 'U_PMIC', 'PMIC', NULL, NULL, 'Main power management IC');
INSERT INTO board_components (board_revision_id, reference_designator, component_type, value, part_number, notes) VALUES (200040, 'U_CHG', 'Charging IC', NULL, NULL, 'USB charging / interface IC');
INSERT INTO board_components (board_revision_id, reference_designator, component_type, value, part_number, notes) VALUES (200040, 'U_AUDIO', 'Audio IC', NULL, NULL, 'Audio codec IC');
INSERT INTO board_components (board_revision_id, reference_designator, component_type, value, part_number, notes) VALUES (200040, 'U_NAND', 'NAND Flash', NULL, NULL, 'Flash storage');
INSERT INTO board_test_points (board_revision_id, label, location_desc, expected_voltage, expected_resistance) VALUES (200040, 'VBAT', 'see boardview', '3.8V', NULL);
INSERT INTO board_test_points (board_revision_id, label, location_desc, expected_voltage, expected_resistance) VALUES (200040, 'VBUS_5V', 'see boardview', '5.0V', NULL);
INSERT INTO board_test_points (board_revision_id, label, location_desc, expected_voltage, expected_resistance) VALUES (200040, 'PP1V8', 'see boardview', '1.8V', NULL);
INSERT INTO board_test_points (board_revision_id, label, location_desc, expected_voltage, expected_resistance) VALUES (200040, 'PP3V0', 'see boardview', '3.0V', NULL);
INSERT INTO board_nets (board_revision_id, net_name, test_point, expected_value, units) VALUES (200040, 'VBAT / PP_BATT_VCC', 'VBAT', '3.8', 'V');
INSERT INTO board_nets (board_revision_id, net_name, test_point, expected_value, units) VALUES (200040, 'VBUS', 'VBUS_5V', '5.0', 'V');
INSERT INTO board_nets (board_revision_id, net_name, test_point, expected_value, units) VALUES (200040, '1V8', 'PP1V8', '1.8', 'V');
INSERT INTO board_nets (board_revision_id, net_name, test_point, expected_value, units) VALUES (200040, '3V0', 'PP3V0', '3.0', 'V');
INSERT INTO measurements (board_revision_id, kind, test_point, reference_designator, rail_name, power_state, expected_value, measured_value, units, notes, is_known_good) VALUES (200040, 'voltage', 'VBAT', NULL, 'VBAT / PP_BATT_VCC', 'off', '3.8', '3.8', 'V', 'Battery main rail (typically 3.0-4.35V with charge).', 1);
INSERT INTO measurements (board_revision_id, kind, test_point, reference_designator, rail_name, power_state, expected_value, measured_value, units, notes, is_known_good) VALUES (200040, 'voltage', 'VBUS_5V', NULL, 'VBUS', 'on', '5.0', '5.0', 'V', 'USB VBUS when charging.', 1);
INSERT INTO measurements (board_revision_id, kind, test_point, reference_designator, rail_name, power_state, expected_value, measured_value, units, notes, is_known_good) VALUES (200040, 'voltage', 'PP1V8', NULL, '1V8', 'on', '1.8', '1.8', 'V', '1.8V housekeeping rail (typical).', 1);
INSERT INTO measurements (board_revision_id, kind, test_point, reference_designator, rail_name, power_state, expected_value, measured_value, units, notes, is_known_good) VALUES (200040, 'voltage', 'PP3V0', NULL, '3V0', 'on', '3.0', '3.0', 'V', '3.0V rail (typical).', 1);
INSERT INTO board_revisions (id, device_model, revision, layer_count, primary_soc, pmic, notes) VALUES (200041, 'Samsung Galaxy S3', 'Logic Board', NULL, NULL, 'U_PMIC', 'Samsung Galaxy S3 main logic board. Component set and rails are family-typical reference values; confirm exact values against the boardview/schematic for this unit.');
INSERT INTO board_components (board_revision_id, reference_designator, component_type, value, part_number, notes) VALUES (200041, 'J_DISP', 'Connector', NULL, NULL, 'Display FPC connector');
INSERT INTO board_components (board_revision_id, reference_designator, component_type, value, part_number, notes) VALUES (200041, 'J_BATT', 'Connector', NULL, NULL, 'Battery FPC connector');
INSERT INTO board_components (board_revision_id, reference_designator, component_type, value, part_number, notes) VALUES (200041, 'J_CHG', 'Connector', NULL, NULL, 'Charge port / dock connector');
INSERT INTO board_components (board_revision_id, reference_designator, component_type, value, part_number, notes) VALUES (200041, 'J_FCAM', 'Connector', NULL, NULL, 'Front camera connector');
INSERT INTO board_components (board_revision_id, reference_designator, component_type, value, part_number, notes) VALUES (200041, 'J_RCAM', 'Connector', NULL, NULL, 'Rear camera connector');
INSERT INTO board_components (board_revision_id, reference_designator, component_type, value, part_number, notes) VALUES (200041, 'U_PMIC', 'PMIC', NULL, NULL, 'Main power management IC');
INSERT INTO board_components (board_revision_id, reference_designator, component_type, value, part_number, notes) VALUES (200041, 'U_CHG', 'Charging IC', NULL, NULL, 'USB charging / interface IC');
INSERT INTO board_components (board_revision_id, reference_designator, component_type, value, part_number, notes) VALUES (200041, 'U_AUDIO', 'Audio IC', NULL, NULL, 'Audio codec IC');
INSERT INTO board_components (board_revision_id, reference_designator, component_type, value, part_number, notes) VALUES (200041, 'U_NAND', 'NAND Flash', NULL, NULL, 'Flash storage');
INSERT INTO board_components (board_revision_id, reference_designator, component_type, value, part_number, notes) VALUES (200041, 'U_CHG2', 'Charging IC', NULL, NULL, 'USB-C / charging IC (MAX77705 / S2MU-series typical)');
INSERT INTO board_components (board_revision_id, reference_designator, component_type, value, part_number, notes) VALUES (200041, 'U_SUBPMIC', 'PMIC', NULL, NULL, 'Sub-PMIC (S2MPS / S2DOS typical)');
INSERT INTO board_test_points (board_revision_id, label, location_desc, expected_voltage, expected_resistance) VALUES (200041, 'VBAT', 'see boardview', '3.8V', NULL);
INSERT INTO board_test_points (board_revision_id, label, location_desc, expected_voltage, expected_resistance) VALUES (200041, 'VBUS_5V', 'see boardview', '5.0V', NULL);
INSERT INTO board_test_points (board_revision_id, label, location_desc, expected_voltage, expected_resistance) VALUES (200041, 'PP1V8', 'see boardview', '1.8V', NULL);
INSERT INTO board_test_points (board_revision_id, label, location_desc, expected_voltage, expected_resistance) VALUES (200041, 'PP3V0', 'see boardview', '3.0V', NULL);
INSERT INTO board_nets (board_revision_id, net_name, test_point, expected_value, units) VALUES (200041, 'VBAT / PP_BATT_VCC', 'VBAT', '3.8', 'V');
INSERT INTO board_nets (board_revision_id, net_name, test_point, expected_value, units) VALUES (200041, 'VBUS', 'VBUS_5V', '5.0', 'V');
INSERT INTO board_nets (board_revision_id, net_name, test_point, expected_value, units) VALUES (200041, '1V8', 'PP1V8', '1.8', 'V');
INSERT INTO board_nets (board_revision_id, net_name, test_point, expected_value, units) VALUES (200041, '3V0', 'PP3V0', '3.0', 'V');
INSERT INTO measurements (board_revision_id, kind, test_point, reference_designator, rail_name, power_state, expected_value, measured_value, units, notes, is_known_good) VALUES (200041, 'voltage', 'VBAT', NULL, 'VBAT / PP_BATT_VCC', 'off', '3.8', '3.8', 'V', 'Battery main rail (typically 3.0-4.35V with charge).', 1);
INSERT INTO measurements (board_revision_id, kind, test_point, reference_designator, rail_name, power_state, expected_value, measured_value, units, notes, is_known_good) VALUES (200041, 'voltage', 'VBUS_5V', NULL, 'VBUS', 'on', '5.0', '5.0', 'V', 'USB VBUS when charging.', 1);
INSERT INTO measurements (board_revision_id, kind, test_point, reference_designator, rail_name, power_state, expected_value, measured_value, units, notes, is_known_good) VALUES (200041, 'voltage', 'PP1V8', NULL, '1V8', 'on', '1.8', '1.8', 'V', '1.8V housekeeping rail (typical).', 1);
INSERT INTO measurements (board_revision_id, kind, test_point, reference_designator, rail_name, power_state, expected_value, measured_value, units, notes, is_known_good) VALUES (200041, 'voltage', 'PP3V0', NULL, '3V0', 'on', '3.0', '3.0', 'V', '3.0V rail (typical).', 1);
INSERT INTO board_revisions (id, device_model, revision, layer_count, primary_soc, pmic, notes) VALUES (200042, 'Samsung Galaxy S4', 'Logic Board', NULL, NULL, 'U_PMIC', 'Samsung Galaxy S4 main logic board. Component set and rails are family-typical reference values; confirm exact values against the boardview/schematic for this unit.');
INSERT INTO board_components (board_revision_id, reference_designator, component_type, value, part_number, notes) VALUES (200042, 'J_DISP', 'Connector', NULL, NULL, 'Display FPC connector');
INSERT INTO board_components (board_revision_id, reference_designator, component_type, value, part_number, notes) VALUES (200042, 'J_BATT', 'Connector', NULL, NULL, 'Battery FPC connector');
INSERT INTO board_components (board_revision_id, reference_designator, component_type, value, part_number, notes) VALUES (200042, 'J_CHG', 'Connector', NULL, NULL, 'Charge port / dock connector');
INSERT INTO board_components (board_revision_id, reference_designator, component_type, value, part_number, notes) VALUES (200042, 'J_FCAM', 'Connector', NULL, NULL, 'Front camera connector');
INSERT INTO board_components (board_revision_id, reference_designator, component_type, value, part_number, notes) VALUES (200042, 'J_RCAM', 'Connector', NULL, NULL, 'Rear camera connector');
INSERT INTO board_components (board_revision_id, reference_designator, component_type, value, part_number, notes) VALUES (200042, 'U_PMIC', 'PMIC', NULL, NULL, 'Main power management IC');
INSERT INTO board_components (board_revision_id, reference_designator, component_type, value, part_number, notes) VALUES (200042, 'U_CHG', 'Charging IC', NULL, NULL, 'USB charging / interface IC');
INSERT INTO board_components (board_revision_id, reference_designator, component_type, value, part_number, notes) VALUES (200042, 'U_AUDIO', 'Audio IC', NULL, NULL, 'Audio codec IC');
INSERT INTO board_components (board_revision_id, reference_designator, component_type, value, part_number, notes) VALUES (200042, 'U_NAND', 'NAND Flash', NULL, NULL, 'Flash storage');
INSERT INTO board_components (board_revision_id, reference_designator, component_type, value, part_number, notes) VALUES (200042, 'U_CHG2', 'Charging IC', NULL, NULL, 'USB-C / charging IC (MAX77705 / S2MU-series typical)');
INSERT INTO board_components (board_revision_id, reference_designator, component_type, value, part_number, notes) VALUES (200042, 'U_SUBPMIC', 'PMIC', NULL, NULL, 'Sub-PMIC (S2MPS / S2DOS typical)');
INSERT INTO board_test_points (board_revision_id, label, location_desc, expected_voltage, expected_resistance) VALUES (200042, 'VBAT', 'see boardview', '3.8V', NULL);
INSERT INTO board_test_points (board_revision_id, label, location_desc, expected_voltage, expected_resistance) VALUES (200042, 'VBUS_5V', 'see boardview', '5.0V', NULL);
INSERT INTO board_test_points (board_revision_id, label, location_desc, expected_voltage, expected_resistance) VALUES (200042, 'PP1V8', 'see boardview', '1.8V', NULL);
INSERT INTO board_test_points (board_revision_id, label, location_desc, expected_voltage, expected_resistance) VALUES (200042, 'PP3V0', 'see boardview', '3.0V', NULL);
INSERT INTO board_nets (board_revision_id, net_name, test_point, expected_value, units) VALUES (200042, 'VBAT / PP_BATT_VCC', 'VBAT', '3.8', 'V');
INSERT INTO board_nets (board_revision_id, net_name, test_point, expected_value, units) VALUES (200042, 'VBUS', 'VBUS_5V', '5.0', 'V');
INSERT INTO board_nets (board_revision_id, net_name, test_point, expected_value, units) VALUES (200042, '1V8', 'PP1V8', '1.8', 'V');
INSERT INTO board_nets (board_revision_id, net_name, test_point, expected_value, units) VALUES (200042, '3V0', 'PP3V0', '3.0', 'V');
INSERT INTO measurements (board_revision_id, kind, test_point, reference_designator, rail_name, power_state, expected_value, measured_value, units, notes, is_known_good) VALUES (200042, 'voltage', 'VBAT', NULL, 'VBAT / PP_BATT_VCC', 'off', '3.8', '3.8', 'V', 'Battery main rail (typically 3.0-4.35V with charge).', 1);
INSERT INTO measurements (board_revision_id, kind, test_point, reference_designator, rail_name, power_state, expected_value, measured_value, units, notes, is_known_good) VALUES (200042, 'voltage', 'VBUS_5V', NULL, 'VBUS', 'on', '5.0', '5.0', 'V', 'USB VBUS when charging.', 1);
INSERT INTO measurements (board_revision_id, kind, test_point, reference_designator, rail_name, power_state, expected_value, measured_value, units, notes, is_known_good) VALUES (200042, 'voltage', 'PP1V8', NULL, '1V8', 'on', '1.8', '1.8', 'V', '1.8V housekeeping rail (typical).', 1);
INSERT INTO measurements (board_revision_id, kind, test_point, reference_designator, rail_name, power_state, expected_value, measured_value, units, notes, is_known_good) VALUES (200042, 'voltage', 'PP3V0', NULL, '3V0', 'on', '3.0', '3.0', 'V', '3.0V rail (typical).', 1);
INSERT INTO board_revisions (id, device_model, revision, layer_count, primary_soc, pmic, notes) VALUES (200043, 'Samsung Galaxy S5', 'Logic Board', NULL, NULL, 'U_PMIC', 'Samsung Galaxy S5 main logic board. Component set and rails are family-typical reference values; confirm exact values against the boardview/schematic for this unit.');
INSERT INTO board_components (board_revision_id, reference_designator, component_type, value, part_number, notes) VALUES (200043, 'J_DISP', 'Connector', NULL, NULL, 'Display FPC connector');
INSERT INTO board_components (board_revision_id, reference_designator, component_type, value, part_number, notes) VALUES (200043, 'J_BATT', 'Connector', NULL, NULL, 'Battery FPC connector');
INSERT INTO board_components (board_revision_id, reference_designator, component_type, value, part_number, notes) VALUES (200043, 'J_CHG', 'Connector', NULL, NULL, 'Charge port / dock connector');
INSERT INTO board_components (board_revision_id, reference_designator, component_type, value, part_number, notes) VALUES (200043, 'J_FCAM', 'Connector', NULL, NULL, 'Front camera connector');
INSERT INTO board_components (board_revision_id, reference_designator, component_type, value, part_number, notes) VALUES (200043, 'J_RCAM', 'Connector', NULL, NULL, 'Rear camera connector');
INSERT INTO board_components (board_revision_id, reference_designator, component_type, value, part_number, notes) VALUES (200043, 'U_PMIC', 'PMIC', NULL, NULL, 'Main power management IC');
INSERT INTO board_components (board_revision_id, reference_designator, component_type, value, part_number, notes) VALUES (200043, 'U_CHG', 'Charging IC', NULL, NULL, 'USB charging / interface IC');
INSERT INTO board_components (board_revision_id, reference_designator, component_type, value, part_number, notes) VALUES (200043, 'U_AUDIO', 'Audio IC', NULL, NULL, 'Audio codec IC');
INSERT INTO board_components (board_revision_id, reference_designator, component_type, value, part_number, notes) VALUES (200043, 'U_NAND', 'NAND Flash', NULL, NULL, 'Flash storage');
INSERT INTO board_components (board_revision_id, reference_designator, component_type, value, part_number, notes) VALUES (200043, 'U_CHG2', 'Charging IC', NULL, NULL, 'USB-C / charging IC (MAX77705 / S2MU-series typical)');
INSERT INTO board_components (board_revision_id, reference_designator, component_type, value, part_number, notes) VALUES (200043, 'U_SUBPMIC', 'PMIC', NULL, NULL, 'Sub-PMIC (S2MPS / S2DOS typical)');
INSERT INTO board_test_points (board_revision_id, label, location_desc, expected_voltage, expected_resistance) VALUES (200043, 'VBAT', 'see boardview', '3.8V', NULL);
INSERT INTO board_test_points (board_revision_id, label, location_desc, expected_voltage, expected_resistance) VALUES (200043, 'VBUS_5V', 'see boardview', '5.0V', NULL);
INSERT INTO board_test_points (board_revision_id, label, location_desc, expected_voltage, expected_resistance) VALUES (200043, 'PP1V8', 'see boardview', '1.8V', NULL);
INSERT INTO board_test_points (board_revision_id, label, location_desc, expected_voltage, expected_resistance) VALUES (200043, 'PP3V0', 'see boardview', '3.0V', NULL);
INSERT INTO board_nets (board_revision_id, net_name, test_point, expected_value, units) VALUES (200043, 'VBAT / PP_BATT_VCC', 'VBAT', '3.8', 'V');
INSERT INTO board_nets (board_revision_id, net_name, test_point, expected_value, units) VALUES (200043, 'VBUS', 'VBUS_5V', '5.0', 'V');
INSERT INTO board_nets (board_revision_id, net_name, test_point, expected_value, units) VALUES (200043, '1V8', 'PP1V8', '1.8', 'V');
INSERT INTO board_nets (board_revision_id, net_name, test_point, expected_value, units) VALUES (200043, '3V0', 'PP3V0', '3.0', 'V');
INSERT INTO measurements (board_revision_id, kind, test_point, reference_designator, rail_name, power_state, expected_value, measured_value, units, notes, is_known_good) VALUES (200043, 'voltage', 'VBAT', NULL, 'VBAT / PP_BATT_VCC', 'off', '3.8', '3.8', 'V', 'Battery main rail (typically 3.0-4.35V with charge).', 1);
INSERT INTO measurements (board_revision_id, kind, test_point, reference_designator, rail_name, power_state, expected_value, measured_value, units, notes, is_known_good) VALUES (200043, 'voltage', 'VBUS_5V', NULL, 'VBUS', 'on', '5.0', '5.0', 'V', 'USB VBUS when charging.', 1);
INSERT INTO measurements (board_revision_id, kind, test_point, reference_designator, rail_name, power_state, expected_value, measured_value, units, notes, is_known_good) VALUES (200043, 'voltage', 'PP1V8', NULL, '1V8', 'on', '1.8', '1.8', 'V', '1.8V housekeeping rail (typical).', 1);
INSERT INTO measurements (board_revision_id, kind, test_point, reference_designator, rail_name, power_state, expected_value, measured_value, units, notes, is_known_good) VALUES (200043, 'voltage', 'PP3V0', NULL, '3V0', 'on', '3.0', '3.0', 'V', '3.0V rail (typical).', 1);
INSERT INTO board_revisions (id, device_model, revision, layer_count, primary_soc, pmic, notes) VALUES (200044, 'Samsung Galaxy S6', 'Logic Board', NULL, NULL, 'U_PMIC', 'Samsung Galaxy S6 main logic board. Component set and rails are family-typical reference values; confirm exact values against the boardview/schematic for this unit.');
INSERT INTO board_components (board_revision_id, reference_designator, component_type, value, part_number, notes) VALUES (200044, 'J_DISP', 'Connector', NULL, NULL, 'Display FPC connector');
INSERT INTO board_components (board_revision_id, reference_designator, component_type, value, part_number, notes) VALUES (200044, 'J_BATT', 'Connector', NULL, NULL, 'Battery FPC connector');
INSERT INTO board_components (board_revision_id, reference_designator, component_type, value, part_number, notes) VALUES (200044, 'J_CHG', 'Connector', NULL, NULL, 'Charge port / dock connector');
INSERT INTO board_components (board_revision_id, reference_designator, component_type, value, part_number, notes) VALUES (200044, 'J_FCAM', 'Connector', NULL, NULL, 'Front camera connector');
INSERT INTO board_components (board_revision_id, reference_designator, component_type, value, part_number, notes) VALUES (200044, 'J_RCAM', 'Connector', NULL, NULL, 'Rear camera connector');
INSERT INTO board_components (board_revision_id, reference_designator, component_type, value, part_number, notes) VALUES (200044, 'U_PMIC', 'PMIC', NULL, NULL, 'Main power management IC');
INSERT INTO board_components (board_revision_id, reference_designator, component_type, value, part_number, notes) VALUES (200044, 'U_CHG', 'Charging IC', NULL, NULL, 'USB charging / interface IC');
INSERT INTO board_components (board_revision_id, reference_designator, component_type, value, part_number, notes) VALUES (200044, 'U_AUDIO', 'Audio IC', NULL, NULL, 'Audio codec IC');
INSERT INTO board_components (board_revision_id, reference_designator, component_type, value, part_number, notes) VALUES (200044, 'U_NAND', 'NAND Flash', NULL, NULL, 'Flash storage');
INSERT INTO board_components (board_revision_id, reference_designator, component_type, value, part_number, notes) VALUES (200044, 'U_CHG2', 'Charging IC', NULL, NULL, 'USB-C / charging IC (MAX77705 / S2MU-series typical)');
INSERT INTO board_components (board_revision_id, reference_designator, component_type, value, part_number, notes) VALUES (200044, 'U_SUBPMIC', 'PMIC', NULL, NULL, 'Sub-PMIC (S2MPS / S2DOS typical)');
INSERT INTO board_test_points (board_revision_id, label, location_desc, expected_voltage, expected_resistance) VALUES (200044, 'VBAT', 'see boardview', '3.8V', NULL);
INSERT INTO board_test_points (board_revision_id, label, location_desc, expected_voltage, expected_resistance) VALUES (200044, 'VBUS_5V', 'see boardview', '5.0V', NULL);
INSERT INTO board_test_points (board_revision_id, label, location_desc, expected_voltage, expected_resistance) VALUES (200044, 'PP1V8', 'see boardview', '1.8V', NULL);
INSERT INTO board_test_points (board_revision_id, label, location_desc, expected_voltage, expected_resistance) VALUES (200044, 'PP3V0', 'see boardview', '3.0V', NULL);
INSERT INTO board_nets (board_revision_id, net_name, test_point, expected_value, units) VALUES (200044, 'VBAT / PP_BATT_VCC', 'VBAT', '3.8', 'V');
INSERT INTO board_nets (board_revision_id, net_name, test_point, expected_value, units) VALUES (200044, 'VBUS', 'VBUS_5V', '5.0', 'V');
INSERT INTO board_nets (board_revision_id, net_name, test_point, expected_value, units) VALUES (200044, '1V8', 'PP1V8', '1.8', 'V');
INSERT INTO board_nets (board_revision_id, net_name, test_point, expected_value, units) VALUES (200044, '3V0', 'PP3V0', '3.0', 'V');
INSERT INTO measurements (board_revision_id, kind, test_point, reference_designator, rail_name, power_state, expected_value, measured_value, units, notes, is_known_good) VALUES (200044, 'voltage', 'VBAT', NULL, 'VBAT / PP_BATT_VCC', 'off', '3.8', '3.8', 'V', 'Battery main rail (typically 3.0-4.35V with charge).', 1);
INSERT INTO measurements (board_revision_id, kind, test_point, reference_designator, rail_name, power_state, expected_value, measured_value, units, notes, is_known_good) VALUES (200044, 'voltage', 'VBUS_5V', NULL, 'VBUS', 'on', '5.0', '5.0', 'V', 'USB VBUS when charging.', 1);
INSERT INTO measurements (board_revision_id, kind, test_point, reference_designator, rail_name, power_state, expected_value, measured_value, units, notes, is_known_good) VALUES (200044, 'voltage', 'PP1V8', NULL, '1V8', 'on', '1.8', '1.8', 'V', '1.8V housekeeping rail (typical).', 1);
INSERT INTO measurements (board_revision_id, kind, test_point, reference_designator, rail_name, power_state, expected_value, measured_value, units, notes, is_known_good) VALUES (200044, 'voltage', 'PP3V0', NULL, '3V0', 'on', '3.0', '3.0', 'V', '3.0V rail (typical).', 1);
INSERT INTO board_revisions (id, device_model, revision, layer_count, primary_soc, pmic, notes) VALUES (200045, 'Samsung Galaxy S6 edge', 'Logic Board', NULL, NULL, 'U_PMIC', 'Samsung Galaxy S6 edge main logic board. Component set and rails are family-typical reference values; confirm exact values against the boardview/schematic for this unit.');
INSERT INTO board_components (board_revision_id, reference_designator, component_type, value, part_number, notes) VALUES (200045, 'J_DISP', 'Connector', NULL, NULL, 'Display FPC connector');
INSERT INTO board_components (board_revision_id, reference_designator, component_type, value, part_number, notes) VALUES (200045, 'J_BATT', 'Connector', NULL, NULL, 'Battery FPC connector');
INSERT INTO board_components (board_revision_id, reference_designator, component_type, value, part_number, notes) VALUES (200045, 'J_CHG', 'Connector', NULL, NULL, 'Charge port / dock connector');
INSERT INTO board_components (board_revision_id, reference_designator, component_type, value, part_number, notes) VALUES (200045, 'J_FCAM', 'Connector', NULL, NULL, 'Front camera connector');
INSERT INTO board_components (board_revision_id, reference_designator, component_type, value, part_number, notes) VALUES (200045, 'J_RCAM', 'Connector', NULL, NULL, 'Rear camera connector');
INSERT INTO board_components (board_revision_id, reference_designator, component_type, value, part_number, notes) VALUES (200045, 'U_PMIC', 'PMIC', NULL, NULL, 'Main power management IC');
INSERT INTO board_components (board_revision_id, reference_designator, component_type, value, part_number, notes) VALUES (200045, 'U_CHG', 'Charging IC', NULL, NULL, 'USB charging / interface IC');
INSERT INTO board_components (board_revision_id, reference_designator, component_type, value, part_number, notes) VALUES (200045, 'U_AUDIO', 'Audio IC', NULL, NULL, 'Audio codec IC');
INSERT INTO board_components (board_revision_id, reference_designator, component_type, value, part_number, notes) VALUES (200045, 'U_NAND', 'NAND Flash', NULL, NULL, 'Flash storage');
INSERT INTO board_components (board_revision_id, reference_designator, component_type, value, part_number, notes) VALUES (200045, 'U_CHG2', 'Charging IC', NULL, NULL, 'USB-C / charging IC (MAX77705 / S2MU-series typical)');
INSERT INTO board_components (board_revision_id, reference_designator, component_type, value, part_number, notes) VALUES (200045, 'U_SUBPMIC', 'PMIC', NULL, NULL, 'Sub-PMIC (S2MPS / S2DOS typical)');
INSERT INTO board_test_points (board_revision_id, label, location_desc, expected_voltage, expected_resistance) VALUES (200045, 'VBAT', 'see boardview', '3.8V', NULL);
INSERT INTO board_test_points (board_revision_id, label, location_desc, expected_voltage, expected_resistance) VALUES (200045, 'VBUS_5V', 'see boardview', '5.0V', NULL);
INSERT INTO board_test_points (board_revision_id, label, location_desc, expected_voltage, expected_resistance) VALUES (200045, 'PP1V8', 'see boardview', '1.8V', NULL);
INSERT INTO board_test_points (board_revision_id, label, location_desc, expected_voltage, expected_resistance) VALUES (200045, 'PP3V0', 'see boardview', '3.0V', NULL);
INSERT INTO board_nets (board_revision_id, net_name, test_point, expected_value, units) VALUES (200045, 'VBAT / PP_BATT_VCC', 'VBAT', '3.8', 'V');
INSERT INTO board_nets (board_revision_id, net_name, test_point, expected_value, units) VALUES (200045, 'VBUS', 'VBUS_5V', '5.0', 'V');
INSERT INTO board_nets (board_revision_id, net_name, test_point, expected_value, units) VALUES (200045, '1V8', 'PP1V8', '1.8', 'V');
INSERT INTO board_nets (board_revision_id, net_name, test_point, expected_value, units) VALUES (200045, '3V0', 'PP3V0', '3.0', 'V');
INSERT INTO measurements (board_revision_id, kind, test_point, reference_designator, rail_name, power_state, expected_value, measured_value, units, notes, is_known_good) VALUES (200045, 'voltage', 'VBAT', NULL, 'VBAT / PP_BATT_VCC', 'off', '3.8', '3.8', 'V', 'Battery main rail (typically 3.0-4.35V with charge).', 1);
INSERT INTO measurements (board_revision_id, kind, test_point, reference_designator, rail_name, power_state, expected_value, measured_value, units, notes, is_known_good) VALUES (200045, 'voltage', 'VBUS_5V', NULL, 'VBUS', 'on', '5.0', '5.0', 'V', 'USB VBUS when charging.', 1);
INSERT INTO measurements (board_revision_id, kind, test_point, reference_designator, rail_name, power_state, expected_value, measured_value, units, notes, is_known_good) VALUES (200045, 'voltage', 'PP1V8', NULL, '1V8', 'on', '1.8', '1.8', 'V', '1.8V housekeeping rail (typical).', 1);
INSERT INTO measurements (board_revision_id, kind, test_point, reference_designator, rail_name, power_state, expected_value, measured_value, units, notes, is_known_good) VALUES (200045, 'voltage', 'PP3V0', NULL, '3V0', 'on', '3.0', '3.0', 'V', '3.0V rail (typical).', 1);
INSERT INTO board_revisions (id, device_model, revision, layer_count, primary_soc, pmic, notes) VALUES (200046, 'Samsung Galaxy S7', 'Logic Board', NULL, NULL, 'U_PMIC', 'Samsung Galaxy S7 main logic board. Component set and rails are family-typical reference values; confirm exact values against the boardview/schematic for this unit.');
INSERT INTO board_components (board_revision_id, reference_designator, component_type, value, part_number, notes) VALUES (200046, 'J_DISP', 'Connector', NULL, NULL, 'Display FPC connector');
INSERT INTO board_components (board_revision_id, reference_designator, component_type, value, part_number, notes) VALUES (200046, 'J_BATT', 'Connector', NULL, NULL, 'Battery FPC connector');
INSERT INTO board_components (board_revision_id, reference_designator, component_type, value, part_number, notes) VALUES (200046, 'J_CHG', 'Connector', NULL, NULL, 'Charge port / dock connector');
INSERT INTO board_components (board_revision_id, reference_designator, component_type, value, part_number, notes) VALUES (200046, 'J_FCAM', 'Connector', NULL, NULL, 'Front camera connector');
INSERT INTO board_components (board_revision_id, reference_designator, component_type, value, part_number, notes) VALUES (200046, 'J_RCAM', 'Connector', NULL, NULL, 'Rear camera connector');
INSERT INTO board_components (board_revision_id, reference_designator, component_type, value, part_number, notes) VALUES (200046, 'U_PMIC', 'PMIC', NULL, NULL, 'Main power management IC');
INSERT INTO board_components (board_revision_id, reference_designator, component_type, value, part_number, notes) VALUES (200046, 'U_CHG', 'Charging IC', NULL, NULL, 'USB charging / interface IC');
INSERT INTO board_components (board_revision_id, reference_designator, component_type, value, part_number, notes) VALUES (200046, 'U_AUDIO', 'Audio IC', NULL, NULL, 'Audio codec IC');
INSERT INTO board_components (board_revision_id, reference_designator, component_type, value, part_number, notes) VALUES (200046, 'U_NAND', 'NAND Flash', NULL, NULL, 'Flash storage');
INSERT INTO board_components (board_revision_id, reference_designator, component_type, value, part_number, notes) VALUES (200046, 'U_CHG2', 'Charging IC', NULL, NULL, 'USB-C / charging IC (MAX77705 / S2MU-series typical)');
INSERT INTO board_components (board_revision_id, reference_designator, component_type, value, part_number, notes) VALUES (200046, 'U_SUBPMIC', 'PMIC', NULL, NULL, 'Sub-PMIC (S2MPS / S2DOS typical)');
INSERT INTO board_test_points (board_revision_id, label, location_desc, expected_voltage, expected_resistance) VALUES (200046, 'VBAT', 'see boardview', '3.8V', NULL);
INSERT INTO board_test_points (board_revision_id, label, location_desc, expected_voltage, expected_resistance) VALUES (200046, 'VBUS_5V', 'see boardview', '5.0V', NULL);
INSERT INTO board_test_points (board_revision_id, label, location_desc, expected_voltage, expected_resistance) VALUES (200046, 'PP1V8', 'see boardview', '1.8V', NULL);
INSERT INTO board_test_points (board_revision_id, label, location_desc, expected_voltage, expected_resistance) VALUES (200046, 'PP3V0', 'see boardview', '3.0V', NULL);
INSERT INTO board_nets (board_revision_id, net_name, test_point, expected_value, units) VALUES (200046, 'VBAT / PP_BATT_VCC', 'VBAT', '3.8', 'V');
INSERT INTO board_nets (board_revision_id, net_name, test_point, expected_value, units) VALUES (200046, 'VBUS', 'VBUS_5V', '5.0', 'V');
INSERT INTO board_nets (board_revision_id, net_name, test_point, expected_value, units) VALUES (200046, '1V8', 'PP1V8', '1.8', 'V');
INSERT INTO board_nets (board_revision_id, net_name, test_point, expected_value, units) VALUES (200046, '3V0', 'PP3V0', '3.0', 'V');
INSERT INTO measurements (board_revision_id, kind, test_point, reference_designator, rail_name, power_state, expected_value, measured_value, units, notes, is_known_good) VALUES (200046, 'voltage', 'VBAT', NULL, 'VBAT / PP_BATT_VCC', 'off', '3.8', '3.8', 'V', 'Battery main rail (typically 3.0-4.35V with charge).', 1);
INSERT INTO measurements (board_revision_id, kind, test_point, reference_designator, rail_name, power_state, expected_value, measured_value, units, notes, is_known_good) VALUES (200046, 'voltage', 'VBUS_5V', NULL, 'VBUS', 'on', '5.0', '5.0', 'V', 'USB VBUS when charging.', 1);
INSERT INTO measurements (board_revision_id, kind, test_point, reference_designator, rail_name, power_state, expected_value, measured_value, units, notes, is_known_good) VALUES (200046, 'voltage', 'PP1V8', NULL, '1V8', 'on', '1.8', '1.8', 'V', '1.8V housekeeping rail (typical).', 1);
INSERT INTO measurements (board_revision_id, kind, test_point, reference_designator, rail_name, power_state, expected_value, measured_value, units, notes, is_known_good) VALUES (200046, 'voltage', 'PP3V0', NULL, '3V0', 'on', '3.0', '3.0', 'V', '3.0V rail (typical).', 1);
INSERT INTO board_revisions (id, device_model, revision, layer_count, primary_soc, pmic, notes) VALUES (200047, 'Samsung Galaxy S7 edge', 'Logic Board', NULL, NULL, 'U_PMIC', 'Samsung Galaxy S7 edge main logic board. Component set and rails are family-typical reference values; confirm exact values against the boardview/schematic for this unit.');
INSERT INTO board_components (board_revision_id, reference_designator, component_type, value, part_number, notes) VALUES (200047, 'J_DISP', 'Connector', NULL, NULL, 'Display FPC connector');
INSERT INTO board_components (board_revision_id, reference_designator, component_type, value, part_number, notes) VALUES (200047, 'J_BATT', 'Connector', NULL, NULL, 'Battery FPC connector');
INSERT INTO board_components (board_revision_id, reference_designator, component_type, value, part_number, notes) VALUES (200047, 'J_CHG', 'Connector', NULL, NULL, 'Charge port / dock connector');
INSERT INTO board_components (board_revision_id, reference_designator, component_type, value, part_number, notes) VALUES (200047, 'J_FCAM', 'Connector', NULL, NULL, 'Front camera connector');
INSERT INTO board_components (board_revision_id, reference_designator, component_type, value, part_number, notes) VALUES (200047, 'J_RCAM', 'Connector', NULL, NULL, 'Rear camera connector');
INSERT INTO board_components (board_revision_id, reference_designator, component_type, value, part_number, notes) VALUES (200047, 'U_PMIC', 'PMIC', NULL, NULL, 'Main power management IC');
INSERT INTO board_components (board_revision_id, reference_designator, component_type, value, part_number, notes) VALUES (200047, 'U_CHG', 'Charging IC', NULL, NULL, 'USB charging / interface IC');
INSERT INTO board_components (board_revision_id, reference_designator, component_type, value, part_number, notes) VALUES (200047, 'U_AUDIO', 'Audio IC', NULL, NULL, 'Audio codec IC');
INSERT INTO board_components (board_revision_id, reference_designator, component_type, value, part_number, notes) VALUES (200047, 'U_NAND', 'NAND Flash', NULL, NULL, 'Flash storage');
INSERT INTO board_components (board_revision_id, reference_designator, component_type, value, part_number, notes) VALUES (200047, 'U_CHG2', 'Charging IC', NULL, NULL, 'USB-C / charging IC (MAX77705 / S2MU-series typical)');
INSERT INTO board_components (board_revision_id, reference_designator, component_type, value, part_number, notes) VALUES (200047, 'U_SUBPMIC', 'PMIC', NULL, NULL, 'Sub-PMIC (S2MPS / S2DOS typical)');
INSERT INTO board_test_points (board_revision_id, label, location_desc, expected_voltage, expected_resistance) VALUES (200047, 'VBAT', 'see boardview', '3.8V', NULL);
INSERT INTO board_test_points (board_revision_id, label, location_desc, expected_voltage, expected_resistance) VALUES (200047, 'VBUS_5V', 'see boardview', '5.0V', NULL);
INSERT INTO board_test_points (board_revision_id, label, location_desc, expected_voltage, expected_resistance) VALUES (200047, 'PP1V8', 'see boardview', '1.8V', NULL);
INSERT INTO board_test_points (board_revision_id, label, location_desc, expected_voltage, expected_resistance) VALUES (200047, 'PP3V0', 'see boardview', '3.0V', NULL);
INSERT INTO board_nets (board_revision_id, net_name, test_point, expected_value, units) VALUES (200047, 'VBAT / PP_BATT_VCC', 'VBAT', '3.8', 'V');
INSERT INTO board_nets (board_revision_id, net_name, test_point, expected_value, units) VALUES (200047, 'VBUS', 'VBUS_5V', '5.0', 'V');
INSERT INTO board_nets (board_revision_id, net_name, test_point, expected_value, units) VALUES (200047, '1V8', 'PP1V8', '1.8', 'V');
INSERT INTO board_nets (board_revision_id, net_name, test_point, expected_value, units) VALUES (200047, '3V0', 'PP3V0', '3.0', 'V');
INSERT INTO measurements (board_revision_id, kind, test_point, reference_designator, rail_name, power_state, expected_value, measured_value, units, notes, is_known_good) VALUES (200047, 'voltage', 'VBAT', NULL, 'VBAT / PP_BATT_VCC', 'off', '3.8', '3.8', 'V', 'Battery main rail (typically 3.0-4.35V with charge).', 1);
INSERT INTO measurements (board_revision_id, kind, test_point, reference_designator, rail_name, power_state, expected_value, measured_value, units, notes, is_known_good) VALUES (200047, 'voltage', 'VBUS_5V', NULL, 'VBUS', 'on', '5.0', '5.0', 'V', 'USB VBUS when charging.', 1);
INSERT INTO measurements (board_revision_id, kind, test_point, reference_designator, rail_name, power_state, expected_value, measured_value, units, notes, is_known_good) VALUES (200047, 'voltage', 'PP1V8', NULL, '1V8', 'on', '1.8', '1.8', 'V', '1.8V housekeeping rail (typical).', 1);
INSERT INTO measurements (board_revision_id, kind, test_point, reference_designator, rail_name, power_state, expected_value, measured_value, units, notes, is_known_good) VALUES (200047, 'voltage', 'PP3V0', NULL, '3V0', 'on', '3.0', '3.0', 'V', '3.0V rail (typical).', 1);
INSERT INTO board_revisions (id, device_model, revision, layer_count, primary_soc, pmic, notes) VALUES (200048, 'Samsung Galaxy S8', 'Logic Board', NULL, NULL, 'U_PMIC', 'Samsung Galaxy S8 main logic board. Component set and rails are family-typical reference values; confirm exact values against the boardview/schematic for this unit.');
INSERT INTO board_components (board_revision_id, reference_designator, component_type, value, part_number, notes) VALUES (200048, 'J_DISP', 'Connector', NULL, NULL, 'Display FPC connector');
INSERT INTO board_components (board_revision_id, reference_designator, component_type, value, part_number, notes) VALUES (200048, 'J_BATT', 'Connector', NULL, NULL, 'Battery FPC connector');
INSERT INTO board_components (board_revision_id, reference_designator, component_type, value, part_number, notes) VALUES (200048, 'J_CHG', 'Connector', NULL, NULL, 'Charge port / dock connector');
INSERT INTO board_components (board_revision_id, reference_designator, component_type, value, part_number, notes) VALUES (200048, 'J_FCAM', 'Connector', NULL, NULL, 'Front camera connector');
INSERT INTO board_components (board_revision_id, reference_designator, component_type, value, part_number, notes) VALUES (200048, 'J_RCAM', 'Connector', NULL, NULL, 'Rear camera connector');
INSERT INTO board_components (board_revision_id, reference_designator, component_type, value, part_number, notes) VALUES (200048, 'U_PMIC', 'PMIC', NULL, NULL, 'Main power management IC');
INSERT INTO board_components (board_revision_id, reference_designator, component_type, value, part_number, notes) VALUES (200048, 'U_CHG', 'Charging IC', NULL, NULL, 'USB charging / interface IC');
INSERT INTO board_components (board_revision_id, reference_designator, component_type, value, part_number, notes) VALUES (200048, 'U_AUDIO', 'Audio IC', NULL, NULL, 'Audio codec IC');
INSERT INTO board_components (board_revision_id, reference_designator, component_type, value, part_number, notes) VALUES (200048, 'U_NAND', 'NAND Flash', NULL, NULL, 'Flash storage');
INSERT INTO board_components (board_revision_id, reference_designator, component_type, value, part_number, notes) VALUES (200048, 'U_CHG2', 'Charging IC', NULL, NULL, 'USB-C / charging IC (MAX77705 / S2MU-series typical)');
INSERT INTO board_components (board_revision_id, reference_designator, component_type, value, part_number, notes) VALUES (200048, 'U_SUBPMIC', 'PMIC', NULL, NULL, 'Sub-PMIC (S2MPS / S2DOS typical)');
INSERT INTO board_test_points (board_revision_id, label, location_desc, expected_voltage, expected_resistance) VALUES (200048, 'VBAT', 'see boardview', '3.8V', NULL);
INSERT INTO board_test_points (board_revision_id, label, location_desc, expected_voltage, expected_resistance) VALUES (200048, 'VBUS_5V', 'see boardview', '5.0V', NULL);
INSERT INTO board_test_points (board_revision_id, label, location_desc, expected_voltage, expected_resistance) VALUES (200048, 'PP1V8', 'see boardview', '1.8V', NULL);
INSERT INTO board_test_points (board_revision_id, label, location_desc, expected_voltage, expected_resistance) VALUES (200048, 'PP3V0', 'see boardview', '3.0V', NULL);
INSERT INTO board_nets (board_revision_id, net_name, test_point, expected_value, units) VALUES (200048, 'VBAT / PP_BATT_VCC', 'VBAT', '3.8', 'V');
INSERT INTO board_nets (board_revision_id, net_name, test_point, expected_value, units) VALUES (200048, 'VBUS', 'VBUS_5V', '5.0', 'V');
INSERT INTO board_nets (board_revision_id, net_name, test_point, expected_value, units) VALUES (200048, '1V8', 'PP1V8', '1.8', 'V');
INSERT INTO board_nets (board_revision_id, net_name, test_point, expected_value, units) VALUES (200048, '3V0', 'PP3V0', '3.0', 'V');
INSERT INTO measurements (board_revision_id, kind, test_point, reference_designator, rail_name, power_state, expected_value, measured_value, units, notes, is_known_good) VALUES (200048, 'voltage', 'VBAT', NULL, 'VBAT / PP_BATT_VCC', 'off', '3.8', '3.8', 'V', 'Battery main rail (typically 3.0-4.35V with charge).', 1);
INSERT INTO measurements (board_revision_id, kind, test_point, reference_designator, rail_name, power_state, expected_value, measured_value, units, notes, is_known_good) VALUES (200048, 'voltage', 'VBUS_5V', NULL, 'VBUS', 'on', '5.0', '5.0', 'V', 'USB VBUS when charging.', 1);
INSERT INTO measurements (board_revision_id, kind, test_point, reference_designator, rail_name, power_state, expected_value, measured_value, units, notes, is_known_good) VALUES (200048, 'voltage', 'PP1V8', NULL, '1V8', 'on', '1.8', '1.8', 'V', '1.8V housekeeping rail (typical).', 1);
INSERT INTO measurements (board_revision_id, kind, test_point, reference_designator, rail_name, power_state, expected_value, measured_value, units, notes, is_known_good) VALUES (200048, 'voltage', 'PP3V0', NULL, '3V0', 'on', '3.0', '3.0', 'V', '3.0V rail (typical).', 1);
INSERT INTO board_revisions (id, device_model, revision, layer_count, primary_soc, pmic, notes) VALUES (200049, 'Samsung Galaxy S8+', 'Logic Board', NULL, NULL, 'U_PMIC', 'Samsung Galaxy S8+ main logic board. Component set and rails are family-typical reference values; confirm exact values against the boardview/schematic for this unit.');
INSERT INTO board_components (board_revision_id, reference_designator, component_type, value, part_number, notes) VALUES (200049, 'J_DISP', 'Connector', NULL, NULL, 'Display FPC connector');
INSERT INTO board_components (board_revision_id, reference_designator, component_type, value, part_number, notes) VALUES (200049, 'J_BATT', 'Connector', NULL, NULL, 'Battery FPC connector');
INSERT INTO board_components (board_revision_id, reference_designator, component_type, value, part_number, notes) VALUES (200049, 'J_CHG', 'Connector', NULL, NULL, 'Charge port / dock connector');
INSERT INTO board_components (board_revision_id, reference_designator, component_type, value, part_number, notes) VALUES (200049, 'J_FCAM', 'Connector', NULL, NULL, 'Front camera connector');
INSERT INTO board_components (board_revision_id, reference_designator, component_type, value, part_number, notes) VALUES (200049, 'J_RCAM', 'Connector', NULL, NULL, 'Rear camera connector');
INSERT INTO board_components (board_revision_id, reference_designator, component_type, value, part_number, notes) VALUES (200049, 'U_PMIC', 'PMIC', NULL, NULL, 'Main power management IC');
INSERT INTO board_components (board_revision_id, reference_designator, component_type, value, part_number, notes) VALUES (200049, 'U_CHG', 'Charging IC', NULL, NULL, 'USB charging / interface IC');
INSERT INTO board_components (board_revision_id, reference_designator, component_type, value, part_number, notes) VALUES (200049, 'U_AUDIO', 'Audio IC', NULL, NULL, 'Audio codec IC');
INSERT INTO board_components (board_revision_id, reference_designator, component_type, value, part_number, notes) VALUES (200049, 'U_NAND', 'NAND Flash', NULL, NULL, 'Flash storage');
INSERT INTO board_components (board_revision_id, reference_designator, component_type, value, part_number, notes) VALUES (200049, 'U_CHG2', 'Charging IC', NULL, NULL, 'USB-C / charging IC (MAX77705 / S2MU-series typical)');
INSERT INTO board_components (board_revision_id, reference_designator, component_type, value, part_number, notes) VALUES (200049, 'U_SUBPMIC', 'PMIC', NULL, NULL, 'Sub-PMIC (S2MPS / S2DOS typical)');
INSERT INTO board_test_points (board_revision_id, label, location_desc, expected_voltage, expected_resistance) VALUES (200049, 'VBAT', 'see boardview', '3.8V', NULL);
INSERT INTO board_test_points (board_revision_id, label, location_desc, expected_voltage, expected_resistance) VALUES (200049, 'VBUS_5V', 'see boardview', '5.0V', NULL);
INSERT INTO board_test_points (board_revision_id, label, location_desc, expected_voltage, expected_resistance) VALUES (200049, 'PP1V8', 'see boardview', '1.8V', NULL);
INSERT INTO board_test_points (board_revision_id, label, location_desc, expected_voltage, expected_resistance) VALUES (200049, 'PP3V0', 'see boardview', '3.0V', NULL);
INSERT INTO board_nets (board_revision_id, net_name, test_point, expected_value, units) VALUES (200049, 'VBAT / PP_BATT_VCC', 'VBAT', '3.8', 'V');
INSERT INTO board_nets (board_revision_id, net_name, test_point, expected_value, units) VALUES (200049, 'VBUS', 'VBUS_5V', '5.0', 'V');
INSERT INTO board_nets (board_revision_id, net_name, test_point, expected_value, units) VALUES (200049, '1V8', 'PP1V8', '1.8', 'V');
INSERT INTO board_nets (board_revision_id, net_name, test_point, expected_value, units) VALUES (200049, '3V0', 'PP3V0', '3.0', 'V');
INSERT INTO measurements (board_revision_id, kind, test_point, reference_designator, rail_name, power_state, expected_value, measured_value, units, notes, is_known_good) VALUES (200049, 'voltage', 'VBAT', NULL, 'VBAT / PP_BATT_VCC', 'off', '3.8', '3.8', 'V', 'Battery main rail (typically 3.0-4.35V with charge).', 1);
INSERT INTO measurements (board_revision_id, kind, test_point, reference_designator, rail_name, power_state, expected_value, measured_value, units, notes, is_known_good) VALUES (200049, 'voltage', 'VBUS_5V', NULL, 'VBUS', 'on', '5.0', '5.0', 'V', 'USB VBUS when charging.', 1);
INSERT INTO measurements (board_revision_id, kind, test_point, reference_designator, rail_name, power_state, expected_value, measured_value, units, notes, is_known_good) VALUES (200049, 'voltage', 'PP1V8', NULL, '1V8', 'on', '1.8', '1.8', 'V', '1.8V housekeeping rail (typical).', 1);
INSERT INTO measurements (board_revision_id, kind, test_point, reference_designator, rail_name, power_state, expected_value, measured_value, units, notes, is_known_good) VALUES (200049, 'voltage', 'PP3V0', NULL, '3V0', 'on', '3.0', '3.0', 'V', '3.0V rail (typical).', 1);
INSERT INTO board_revisions (id, device_model, revision, layer_count, primary_soc, pmic, notes) VALUES (200050, 'Samsung Galaxy S9', 'Logic Board', NULL, NULL, 'U_PMIC', 'Samsung Galaxy S9 main logic board. Component set and rails are family-typical reference values; confirm exact values against the boardview/schematic for this unit.');
INSERT INTO board_components (board_revision_id, reference_designator, component_type, value, part_number, notes) VALUES (200050, 'J_DISP', 'Connector', NULL, NULL, 'Display FPC connector');
INSERT INTO board_components (board_revision_id, reference_designator, component_type, value, part_number, notes) VALUES (200050, 'J_BATT', 'Connector', NULL, NULL, 'Battery FPC connector');
INSERT INTO board_components (board_revision_id, reference_designator, component_type, value, part_number, notes) VALUES (200050, 'J_CHG', 'Connector', NULL, NULL, 'Charge port / dock connector');
INSERT INTO board_components (board_revision_id, reference_designator, component_type, value, part_number, notes) VALUES (200050, 'J_FCAM', 'Connector', NULL, NULL, 'Front camera connector');
INSERT INTO board_components (board_revision_id, reference_designator, component_type, value, part_number, notes) VALUES (200050, 'J_RCAM', 'Connector', NULL, NULL, 'Rear camera connector');
INSERT INTO board_components (board_revision_id, reference_designator, component_type, value, part_number, notes) VALUES (200050, 'U_PMIC', 'PMIC', NULL, NULL, 'Main power management IC');
INSERT INTO board_components (board_revision_id, reference_designator, component_type, value, part_number, notes) VALUES (200050, 'U_CHG', 'Charging IC', NULL, NULL, 'USB charging / interface IC');
INSERT INTO board_components (board_revision_id, reference_designator, component_type, value, part_number, notes) VALUES (200050, 'U_AUDIO', 'Audio IC', NULL, NULL, 'Audio codec IC');
INSERT INTO board_components (board_revision_id, reference_designator, component_type, value, part_number, notes) VALUES (200050, 'U_NAND', 'NAND Flash', NULL, NULL, 'Flash storage');
INSERT INTO board_components (board_revision_id, reference_designator, component_type, value, part_number, notes) VALUES (200050, 'U_CHG2', 'Charging IC', NULL, NULL, 'USB-C / charging IC (MAX77705 / S2MU-series typical)');
INSERT INTO board_components (board_revision_id, reference_designator, component_type, value, part_number, notes) VALUES (200050, 'U_SUBPMIC', 'PMIC', NULL, NULL, 'Sub-PMIC (S2MPS / S2DOS typical)');
INSERT INTO board_test_points (board_revision_id, label, location_desc, expected_voltage, expected_resistance) VALUES (200050, 'VBAT', 'see boardview', '3.8V', NULL);
INSERT INTO board_test_points (board_revision_id, label, location_desc, expected_voltage, expected_resistance) VALUES (200050, 'VBUS_5V', 'see boardview', '5.0V', NULL);
INSERT INTO board_test_points (board_revision_id, label, location_desc, expected_voltage, expected_resistance) VALUES (200050, 'PP1V8', 'see boardview', '1.8V', NULL);
INSERT INTO board_test_points (board_revision_id, label, location_desc, expected_voltage, expected_resistance) VALUES (200050, 'PP3V0', 'see boardview', '3.0V', NULL);
INSERT INTO board_nets (board_revision_id, net_name, test_point, expected_value, units) VALUES (200050, 'VBAT / PP_BATT_VCC', 'VBAT', '3.8', 'V');
INSERT INTO board_nets (board_revision_id, net_name, test_point, expected_value, units) VALUES (200050, 'VBUS', 'VBUS_5V', '5.0', 'V');
INSERT INTO board_nets (board_revision_id, net_name, test_point, expected_value, units) VALUES (200050, '1V8', 'PP1V8', '1.8', 'V');
INSERT INTO board_nets (board_revision_id, net_name, test_point, expected_value, units) VALUES (200050, '3V0', 'PP3V0', '3.0', 'V');
INSERT INTO measurements (board_revision_id, kind, test_point, reference_designator, rail_name, power_state, expected_value, measured_value, units, notes, is_known_good) VALUES (200050, 'voltage', 'VBAT', NULL, 'VBAT / PP_BATT_VCC', 'off', '3.8', '3.8', 'V', 'Battery main rail (typically 3.0-4.35V with charge).', 1);
INSERT INTO measurements (board_revision_id, kind, test_point, reference_designator, rail_name, power_state, expected_value, measured_value, units, notes, is_known_good) VALUES (200050, 'voltage', 'VBUS_5V', NULL, 'VBUS', 'on', '5.0', '5.0', 'V', 'USB VBUS when charging.', 1);
INSERT INTO measurements (board_revision_id, kind, test_point, reference_designator, rail_name, power_state, expected_value, measured_value, units, notes, is_known_good) VALUES (200050, 'voltage', 'PP1V8', NULL, '1V8', 'on', '1.8', '1.8', 'V', '1.8V housekeeping rail (typical).', 1);
INSERT INTO measurements (board_revision_id, kind, test_point, reference_designator, rail_name, power_state, expected_value, measured_value, units, notes, is_known_good) VALUES (200050, 'voltage', 'PP3V0', NULL, '3V0', 'on', '3.0', '3.0', 'V', '3.0V rail (typical).', 1);
INSERT INTO board_revisions (id, device_model, revision, layer_count, primary_soc, pmic, notes) VALUES (200051, 'Samsung Galaxy S9+', 'Logic Board', NULL, NULL, 'U_PMIC', 'Samsung Galaxy S9+ main logic board. Component set and rails are family-typical reference values; confirm exact values against the boardview/schematic for this unit.');
INSERT INTO board_components (board_revision_id, reference_designator, component_type, value, part_number, notes) VALUES (200051, 'J_DISP', 'Connector', NULL, NULL, 'Display FPC connector');
INSERT INTO board_components (board_revision_id, reference_designator, component_type, value, part_number, notes) VALUES (200051, 'J_BATT', 'Connector', NULL, NULL, 'Battery FPC connector');
INSERT INTO board_components (board_revision_id, reference_designator, component_type, value, part_number, notes) VALUES (200051, 'J_CHG', 'Connector', NULL, NULL, 'Charge port / dock connector');
INSERT INTO board_components (board_revision_id, reference_designator, component_type, value, part_number, notes) VALUES (200051, 'J_FCAM', 'Connector', NULL, NULL, 'Front camera connector');
INSERT INTO board_components (board_revision_id, reference_designator, component_type, value, part_number, notes) VALUES (200051, 'J_RCAM', 'Connector', NULL, NULL, 'Rear camera connector');
INSERT INTO board_components (board_revision_id, reference_designator, component_type, value, part_number, notes) VALUES (200051, 'U_PMIC', 'PMIC', NULL, NULL, 'Main power management IC');
INSERT INTO board_components (board_revision_id, reference_designator, component_type, value, part_number, notes) VALUES (200051, 'U_CHG', 'Charging IC', NULL, NULL, 'USB charging / interface IC');
INSERT INTO board_components (board_revision_id, reference_designator, component_type, value, part_number, notes) VALUES (200051, 'U_AUDIO', 'Audio IC', NULL, NULL, 'Audio codec IC');
INSERT INTO board_components (board_revision_id, reference_designator, component_type, value, part_number, notes) VALUES (200051, 'U_NAND', 'NAND Flash', NULL, NULL, 'Flash storage');
INSERT INTO board_components (board_revision_id, reference_designator, component_type, value, part_number, notes) VALUES (200051, 'U_CHG2', 'Charging IC', NULL, NULL, 'USB-C / charging IC (MAX77705 / S2MU-series typical)');
INSERT INTO board_components (board_revision_id, reference_designator, component_type, value, part_number, notes) VALUES (200051, 'U_SUBPMIC', 'PMIC', NULL, NULL, 'Sub-PMIC (S2MPS / S2DOS typical)');
INSERT INTO board_test_points (board_revision_id, label, location_desc, expected_voltage, expected_resistance) VALUES (200051, 'VBAT', 'see boardview', '3.8V', NULL);
INSERT INTO board_test_points (board_revision_id, label, location_desc, expected_voltage, expected_resistance) VALUES (200051, 'VBUS_5V', 'see boardview', '5.0V', NULL);
INSERT INTO board_test_points (board_revision_id, label, location_desc, expected_voltage, expected_resistance) VALUES (200051, 'PP1V8', 'see boardview', '1.8V', NULL);
INSERT INTO board_test_points (board_revision_id, label, location_desc, expected_voltage, expected_resistance) VALUES (200051, 'PP3V0', 'see boardview', '3.0V', NULL);
INSERT INTO board_nets (board_revision_id, net_name, test_point, expected_value, units) VALUES (200051, 'VBAT / PP_BATT_VCC', 'VBAT', '3.8', 'V');
INSERT INTO board_nets (board_revision_id, net_name, test_point, expected_value, units) VALUES (200051, 'VBUS', 'VBUS_5V', '5.0', 'V');
INSERT INTO board_nets (board_revision_id, net_name, test_point, expected_value, units) VALUES (200051, '1V8', 'PP1V8', '1.8', 'V');
INSERT INTO board_nets (board_revision_id, net_name, test_point, expected_value, units) VALUES (200051, '3V0', 'PP3V0', '3.0', 'V');
INSERT INTO measurements (board_revision_id, kind, test_point, reference_designator, rail_name, power_state, expected_value, measured_value, units, notes, is_known_good) VALUES (200051, 'voltage', 'VBAT', NULL, 'VBAT / PP_BATT_VCC', 'off', '3.8', '3.8', 'V', 'Battery main rail (typically 3.0-4.35V with charge).', 1);
INSERT INTO measurements (board_revision_id, kind, test_point, reference_designator, rail_name, power_state, expected_value, measured_value, units, notes, is_known_good) VALUES (200051, 'voltage', 'VBUS_5V', NULL, 'VBUS', 'on', '5.0', '5.0', 'V', 'USB VBUS when charging.', 1);
INSERT INTO measurements (board_revision_id, kind, test_point, reference_designator, rail_name, power_state, expected_value, measured_value, units, notes, is_known_good) VALUES (200051, 'voltage', 'PP1V8', NULL, '1V8', 'on', '1.8', '1.8', 'V', '1.8V housekeeping rail (typical).', 1);
INSERT INTO measurements (board_revision_id, kind, test_point, reference_designator, rail_name, power_state, expected_value, measured_value, units, notes, is_known_good) VALUES (200051, 'voltage', 'PP3V0', NULL, '3V0', 'on', '3.0', '3.0', 'V', '3.0V rail (typical).', 1);
INSERT INTO board_revisions (id, device_model, revision, layer_count, primary_soc, pmic, notes) VALUES (200052, 'Samsung Galaxy S10e', 'Logic Board', NULL, NULL, 'U_PMIC', 'Samsung Galaxy S10e main logic board. Component set and rails are family-typical reference values; confirm exact values against the boardview/schematic for this unit.');
INSERT INTO board_components (board_revision_id, reference_designator, component_type, value, part_number, notes) VALUES (200052, 'J_DISP', 'Connector', NULL, NULL, 'Display FPC connector');
INSERT INTO board_components (board_revision_id, reference_designator, component_type, value, part_number, notes) VALUES (200052, 'J_BATT', 'Connector', NULL, NULL, 'Battery FPC connector');
INSERT INTO board_components (board_revision_id, reference_designator, component_type, value, part_number, notes) VALUES (200052, 'J_CHG', 'Connector', NULL, NULL, 'Charge port / dock connector');
INSERT INTO board_components (board_revision_id, reference_designator, component_type, value, part_number, notes) VALUES (200052, 'J_FCAM', 'Connector', NULL, NULL, 'Front camera connector');
INSERT INTO board_components (board_revision_id, reference_designator, component_type, value, part_number, notes) VALUES (200052, 'J_RCAM', 'Connector', NULL, NULL, 'Rear camera connector');
INSERT INTO board_components (board_revision_id, reference_designator, component_type, value, part_number, notes) VALUES (200052, 'U_PMIC', 'PMIC', NULL, NULL, 'Main power management IC');
INSERT INTO board_components (board_revision_id, reference_designator, component_type, value, part_number, notes) VALUES (200052, 'U_CHG', 'Charging IC', NULL, NULL, 'USB charging / interface IC');
INSERT INTO board_components (board_revision_id, reference_designator, component_type, value, part_number, notes) VALUES (200052, 'U_AUDIO', 'Audio IC', NULL, NULL, 'Audio codec IC');
INSERT INTO board_components (board_revision_id, reference_designator, component_type, value, part_number, notes) VALUES (200052, 'U_NAND', 'NAND Flash', NULL, NULL, 'Flash storage');
INSERT INTO board_components (board_revision_id, reference_designator, component_type, value, part_number, notes) VALUES (200052, 'U_CHG2', 'Charging IC', NULL, NULL, 'USB-C / charging IC (MAX77705 / S2MU-series typical)');
INSERT INTO board_components (board_revision_id, reference_designator, component_type, value, part_number, notes) VALUES (200052, 'U_SUBPMIC', 'PMIC', NULL, NULL, 'Sub-PMIC (S2MPS / S2DOS typical)');
INSERT INTO board_test_points (board_revision_id, label, location_desc, expected_voltage, expected_resistance) VALUES (200052, 'VBAT', 'see boardview', '3.8V', NULL);
INSERT INTO board_test_points (board_revision_id, label, location_desc, expected_voltage, expected_resistance) VALUES (200052, 'VBUS_5V', 'see boardview', '5.0V', NULL);
INSERT INTO board_test_points (board_revision_id, label, location_desc, expected_voltage, expected_resistance) VALUES (200052, 'PP1V8', 'see boardview', '1.8V', NULL);
INSERT INTO board_test_points (board_revision_id, label, location_desc, expected_voltage, expected_resistance) VALUES (200052, 'PP3V0', 'see boardview', '3.0V', NULL);
INSERT INTO board_nets (board_revision_id, net_name, test_point, expected_value, units) VALUES (200052, 'VBAT / PP_BATT_VCC', 'VBAT', '3.8', 'V');
INSERT INTO board_nets (board_revision_id, net_name, test_point, expected_value, units) VALUES (200052, 'VBUS', 'VBUS_5V', '5.0', 'V');
INSERT INTO board_nets (board_revision_id, net_name, test_point, expected_value, units) VALUES (200052, '1V8', 'PP1V8', '1.8', 'V');
INSERT INTO board_nets (board_revision_id, net_name, test_point, expected_value, units) VALUES (200052, '3V0', 'PP3V0', '3.0', 'V');
INSERT INTO measurements (board_revision_id, kind, test_point, reference_designator, rail_name, power_state, expected_value, measured_value, units, notes, is_known_good) VALUES (200052, 'voltage', 'VBAT', NULL, 'VBAT / PP_BATT_VCC', 'off', '3.8', '3.8', 'V', 'Battery main rail (typically 3.0-4.35V with charge).', 1);
INSERT INTO measurements (board_revision_id, kind, test_point, reference_designator, rail_name, power_state, expected_value, measured_value, units, notes, is_known_good) VALUES (200052, 'voltage', 'VBUS_5V', NULL, 'VBUS', 'on', '5.0', '5.0', 'V', 'USB VBUS when charging.', 1);
INSERT INTO measurements (board_revision_id, kind, test_point, reference_designator, rail_name, power_state, expected_value, measured_value, units, notes, is_known_good) VALUES (200052, 'voltage', 'PP1V8', NULL, '1V8', 'on', '1.8', '1.8', 'V', '1.8V housekeeping rail (typical).', 1);
INSERT INTO measurements (board_revision_id, kind, test_point, reference_designator, rail_name, power_state, expected_value, measured_value, units, notes, is_known_good) VALUES (200052, 'voltage', 'PP3V0', NULL, '3V0', 'on', '3.0', '3.0', 'V', '3.0V rail (typical).', 1);
INSERT INTO board_revisions (id, device_model, revision, layer_count, primary_soc, pmic, notes) VALUES (200053, 'Samsung Galaxy S10', 'Logic Board', NULL, NULL, 'U_PMIC', 'Samsung Galaxy S10 main logic board. Component set and rails are family-typical reference values; confirm exact values against the boardview/schematic for this unit.');
INSERT INTO board_components (board_revision_id, reference_designator, component_type, value, part_number, notes) VALUES (200053, 'J_DISP', 'Connector', NULL, NULL, 'Display FPC connector');
INSERT INTO board_components (board_revision_id, reference_designator, component_type, value, part_number, notes) VALUES (200053, 'J_BATT', 'Connector', NULL, NULL, 'Battery FPC connector');
INSERT INTO board_components (board_revision_id, reference_designator, component_type, value, part_number, notes) VALUES (200053, 'J_CHG', 'Connector', NULL, NULL, 'Charge port / dock connector');
INSERT INTO board_components (board_revision_id, reference_designator, component_type, value, part_number, notes) VALUES (200053, 'J_FCAM', 'Connector', NULL, NULL, 'Front camera connector');
INSERT INTO board_components (board_revision_id, reference_designator, component_type, value, part_number, notes) VALUES (200053, 'J_RCAM', 'Connector', NULL, NULL, 'Rear camera connector');
INSERT INTO board_components (board_revision_id, reference_designator, component_type, value, part_number, notes) VALUES (200053, 'U_PMIC', 'PMIC', NULL, NULL, 'Main power management IC');
INSERT INTO board_components (board_revision_id, reference_designator, component_type, value, part_number, notes) VALUES (200053, 'U_CHG', 'Charging IC', NULL, NULL, 'USB charging / interface IC');
INSERT INTO board_components (board_revision_id, reference_designator, component_type, value, part_number, notes) VALUES (200053, 'U_AUDIO', 'Audio IC', NULL, NULL, 'Audio codec IC');
INSERT INTO board_components (board_revision_id, reference_designator, component_type, value, part_number, notes) VALUES (200053, 'U_NAND', 'NAND Flash', NULL, NULL, 'Flash storage');
INSERT INTO board_components (board_revision_id, reference_designator, component_type, value, part_number, notes) VALUES (200053, 'U_CHG2', 'Charging IC', NULL, NULL, 'USB-C / charging IC (MAX77705 / S2MU-series typical)');
INSERT INTO board_components (board_revision_id, reference_designator, component_type, value, part_number, notes) VALUES (200053, 'U_SUBPMIC', 'PMIC', NULL, NULL, 'Sub-PMIC (S2MPS / S2DOS typical)');
INSERT INTO board_test_points (board_revision_id, label, location_desc, expected_voltage, expected_resistance) VALUES (200053, 'VBAT', 'see boardview', '3.8V', NULL);
INSERT INTO board_test_points (board_revision_id, label, location_desc, expected_voltage, expected_resistance) VALUES (200053, 'VBUS_5V', 'see boardview', '5.0V', NULL);
INSERT INTO board_test_points (board_revision_id, label, location_desc, expected_voltage, expected_resistance) VALUES (200053, 'PP1V8', 'see boardview', '1.8V', NULL);
INSERT INTO board_test_points (board_revision_id, label, location_desc, expected_voltage, expected_resistance) VALUES (200053, 'PP3V0', 'see boardview', '3.0V', NULL);
INSERT INTO board_nets (board_revision_id, net_name, test_point, expected_value, units) VALUES (200053, 'VBAT / PP_BATT_VCC', 'VBAT', '3.8', 'V');
INSERT INTO board_nets (board_revision_id, net_name, test_point, expected_value, units) VALUES (200053, 'VBUS', 'VBUS_5V', '5.0', 'V');
INSERT INTO board_nets (board_revision_id, net_name, test_point, expected_value, units) VALUES (200053, '1V8', 'PP1V8', '1.8', 'V');
INSERT INTO board_nets (board_revision_id, net_name, test_point, expected_value, units) VALUES (200053, '3V0', 'PP3V0', '3.0', 'V');
INSERT INTO measurements (board_revision_id, kind, test_point, reference_designator, rail_name, power_state, expected_value, measured_value, units, notes, is_known_good) VALUES (200053, 'voltage', 'VBAT', NULL, 'VBAT / PP_BATT_VCC', 'off', '3.8', '3.8', 'V', 'Battery main rail (typically 3.0-4.35V with charge).', 1);
INSERT INTO measurements (board_revision_id, kind, test_point, reference_designator, rail_name, power_state, expected_value, measured_value, units, notes, is_known_good) VALUES (200053, 'voltage', 'VBUS_5V', NULL, 'VBUS', 'on', '5.0', '5.0', 'V', 'USB VBUS when charging.', 1);
INSERT INTO measurements (board_revision_id, kind, test_point, reference_designator, rail_name, power_state, expected_value, measured_value, units, notes, is_known_good) VALUES (200053, 'voltage', 'PP1V8', NULL, '1V8', 'on', '1.8', '1.8', 'V', '1.8V housekeeping rail (typical).', 1);
INSERT INTO measurements (board_revision_id, kind, test_point, reference_designator, rail_name, power_state, expected_value, measured_value, units, notes, is_known_good) VALUES (200053, 'voltage', 'PP3V0', NULL, '3V0', 'on', '3.0', '3.0', 'V', '3.0V rail (typical).', 1);
INSERT INTO board_revisions (id, device_model, revision, layer_count, primary_soc, pmic, notes) VALUES (200054, 'Samsung Galaxy S10+', 'Logic Board', NULL, NULL, 'U_PMIC', 'Samsung Galaxy S10+ main logic board. Component set and rails are family-typical reference values; confirm exact values against the boardview/schematic for this unit.');
INSERT INTO board_components (board_revision_id, reference_designator, component_type, value, part_number, notes) VALUES (200054, 'J_DISP', 'Connector', NULL, NULL, 'Display FPC connector');
INSERT INTO board_components (board_revision_id, reference_designator, component_type, value, part_number, notes) VALUES (200054, 'J_BATT', 'Connector', NULL, NULL, 'Battery FPC connector');
INSERT INTO board_components (board_revision_id, reference_designator, component_type, value, part_number, notes) VALUES (200054, 'J_CHG', 'Connector', NULL, NULL, 'Charge port / dock connector');
INSERT INTO board_components (board_revision_id, reference_designator, component_type, value, part_number, notes) VALUES (200054, 'J_FCAM', 'Connector', NULL, NULL, 'Front camera connector');
INSERT INTO board_components (board_revision_id, reference_designator, component_type, value, part_number, notes) VALUES (200054, 'J_RCAM', 'Connector', NULL, NULL, 'Rear camera connector');
INSERT INTO board_components (board_revision_id, reference_designator, component_type, value, part_number, notes) VALUES (200054, 'U_PMIC', 'PMIC', NULL, NULL, 'Main power management IC');
INSERT INTO board_components (board_revision_id, reference_designator, component_type, value, part_number, notes) VALUES (200054, 'U_CHG', 'Charging IC', NULL, NULL, 'USB charging / interface IC');
INSERT INTO board_components (board_revision_id, reference_designator, component_type, value, part_number, notes) VALUES (200054, 'U_AUDIO', 'Audio IC', NULL, NULL, 'Audio codec IC');
INSERT INTO board_components (board_revision_id, reference_designator, component_type, value, part_number, notes) VALUES (200054, 'U_NAND', 'NAND Flash', NULL, NULL, 'Flash storage');
INSERT INTO board_components (board_revision_id, reference_designator, component_type, value, part_number, notes) VALUES (200054, 'U_CHG2', 'Charging IC', NULL, NULL, 'USB-C / charging IC (MAX77705 / S2MU-series typical)');
INSERT INTO board_components (board_revision_id, reference_designator, component_type, value, part_number, notes) VALUES (200054, 'U_SUBPMIC', 'PMIC', NULL, NULL, 'Sub-PMIC (S2MPS / S2DOS typical)');
INSERT INTO board_test_points (board_revision_id, label, location_desc, expected_voltage, expected_resistance) VALUES (200054, 'VBAT', 'see boardview', '3.8V', NULL);
INSERT INTO board_test_points (board_revision_id, label, location_desc, expected_voltage, expected_resistance) VALUES (200054, 'VBUS_5V', 'see boardview', '5.0V', NULL);
INSERT INTO board_test_points (board_revision_id, label, location_desc, expected_voltage, expected_resistance) VALUES (200054, 'PP1V8', 'see boardview', '1.8V', NULL);
INSERT INTO board_test_points (board_revision_id, label, location_desc, expected_voltage, expected_resistance) VALUES (200054, 'PP3V0', 'see boardview', '3.0V', NULL);
INSERT INTO board_nets (board_revision_id, net_name, test_point, expected_value, units) VALUES (200054, 'VBAT / PP_BATT_VCC', 'VBAT', '3.8', 'V');
INSERT INTO board_nets (board_revision_id, net_name, test_point, expected_value, units) VALUES (200054, 'VBUS', 'VBUS_5V', '5.0', 'V');
INSERT INTO board_nets (board_revision_id, net_name, test_point, expected_value, units) VALUES (200054, '1V8', 'PP1V8', '1.8', 'V');
INSERT INTO board_nets (board_revision_id, net_name, test_point, expected_value, units) VALUES (200054, '3V0', 'PP3V0', '3.0', 'V');
INSERT INTO measurements (board_revision_id, kind, test_point, reference_designator, rail_name, power_state, expected_value, measured_value, units, notes, is_known_good) VALUES (200054, 'voltage', 'VBAT', NULL, 'VBAT / PP_BATT_VCC', 'off', '3.8', '3.8', 'V', 'Battery main rail (typically 3.0-4.35V with charge).', 1);
INSERT INTO measurements (board_revision_id, kind, test_point, reference_designator, rail_name, power_state, expected_value, measured_value, units, notes, is_known_good) VALUES (200054, 'voltage', 'VBUS_5V', NULL, 'VBUS', 'on', '5.0', '5.0', 'V', 'USB VBUS when charging.', 1);
INSERT INTO measurements (board_revision_id, kind, test_point, reference_designator, rail_name, power_state, expected_value, measured_value, units, notes, is_known_good) VALUES (200054, 'voltage', 'PP1V8', NULL, '1V8', 'on', '1.8', '1.8', 'V', '1.8V housekeeping rail (typical).', 1);
INSERT INTO measurements (board_revision_id, kind, test_point, reference_designator, rail_name, power_state, expected_value, measured_value, units, notes, is_known_good) VALUES (200054, 'voltage', 'PP3V0', NULL, '3V0', 'on', '3.0', '3.0', 'V', '3.0V rail (typical).', 1);
INSERT INTO board_revisions (id, device_model, revision, layer_count, primary_soc, pmic, notes) VALUES (200055, 'Samsung Galaxy S20', 'Logic Board', NULL, NULL, 'U_PMIC', 'Samsung Galaxy S20 main logic board. Component set and rails are family-typical reference values; confirm exact values against the boardview/schematic for this unit.');
INSERT INTO board_components (board_revision_id, reference_designator, component_type, value, part_number, notes) VALUES (200055, 'J_DISP', 'Connector', NULL, NULL, 'Display FPC connector');
INSERT INTO board_components (board_revision_id, reference_designator, component_type, value, part_number, notes) VALUES (200055, 'J_BATT', 'Connector', NULL, NULL, 'Battery FPC connector');
INSERT INTO board_components (board_revision_id, reference_designator, component_type, value, part_number, notes) VALUES (200055, 'J_CHG', 'Connector', NULL, NULL, 'Charge port / dock connector');
INSERT INTO board_components (board_revision_id, reference_designator, component_type, value, part_number, notes) VALUES (200055, 'J_FCAM', 'Connector', NULL, NULL, 'Front camera connector');
INSERT INTO board_components (board_revision_id, reference_designator, component_type, value, part_number, notes) VALUES (200055, 'J_RCAM', 'Connector', NULL, NULL, 'Rear camera connector');
INSERT INTO board_components (board_revision_id, reference_designator, component_type, value, part_number, notes) VALUES (200055, 'U_PMIC', 'PMIC', NULL, NULL, 'Main power management IC');
INSERT INTO board_components (board_revision_id, reference_designator, component_type, value, part_number, notes) VALUES (200055, 'U_CHG', 'Charging IC', NULL, NULL, 'USB charging / interface IC');
INSERT INTO board_components (board_revision_id, reference_designator, component_type, value, part_number, notes) VALUES (200055, 'U_AUDIO', 'Audio IC', NULL, NULL, 'Audio codec IC');
INSERT INTO board_components (board_revision_id, reference_designator, component_type, value, part_number, notes) VALUES (200055, 'U_NAND', 'NAND Flash', NULL, NULL, 'Flash storage');
INSERT INTO board_components (board_revision_id, reference_designator, component_type, value, part_number, notes) VALUES (200055, 'U_CHG2', 'Charging IC', NULL, NULL, 'USB-C / charging IC (MAX77705 / S2MU-series typical)');
INSERT INTO board_components (board_revision_id, reference_designator, component_type, value, part_number, notes) VALUES (200055, 'U_SUBPMIC', 'PMIC', NULL, NULL, 'Sub-PMIC (S2MPS / S2DOS typical)');
INSERT INTO board_test_points (board_revision_id, label, location_desc, expected_voltage, expected_resistance) VALUES (200055, 'VBAT', 'see boardview', '3.8V', NULL);
INSERT INTO board_test_points (board_revision_id, label, location_desc, expected_voltage, expected_resistance) VALUES (200055, 'VBUS_5V', 'see boardview', '5.0V', NULL);
INSERT INTO board_test_points (board_revision_id, label, location_desc, expected_voltage, expected_resistance) VALUES (200055, 'PP1V8', 'see boardview', '1.8V', NULL);
INSERT INTO board_test_points (board_revision_id, label, location_desc, expected_voltage, expected_resistance) VALUES (200055, 'PP3V0', 'see boardview', '3.0V', NULL);
INSERT INTO board_nets (board_revision_id, net_name, test_point, expected_value, units) VALUES (200055, 'VBAT / PP_BATT_VCC', 'VBAT', '3.8', 'V');
INSERT INTO board_nets (board_revision_id, net_name, test_point, expected_value, units) VALUES (200055, 'VBUS', 'VBUS_5V', '5.0', 'V');
INSERT INTO board_nets (board_revision_id, net_name, test_point, expected_value, units) VALUES (200055, '1V8', 'PP1V8', '1.8', 'V');
INSERT INTO board_nets (board_revision_id, net_name, test_point, expected_value, units) VALUES (200055, '3V0', 'PP3V0', '3.0', 'V');
INSERT INTO measurements (board_revision_id, kind, test_point, reference_designator, rail_name, power_state, expected_value, measured_value, units, notes, is_known_good) VALUES (200055, 'voltage', 'VBAT', NULL, 'VBAT / PP_BATT_VCC', 'off', '3.8', '3.8', 'V', 'Battery main rail (typically 3.0-4.35V with charge).', 1);
INSERT INTO measurements (board_revision_id, kind, test_point, reference_designator, rail_name, power_state, expected_value, measured_value, units, notes, is_known_good) VALUES (200055, 'voltage', 'VBUS_5V', NULL, 'VBUS', 'on', '5.0', '5.0', 'V', 'USB VBUS when charging.', 1);
INSERT INTO measurements (board_revision_id, kind, test_point, reference_designator, rail_name, power_state, expected_value, measured_value, units, notes, is_known_good) VALUES (200055, 'voltage', 'PP1V8', NULL, '1V8', 'on', '1.8', '1.8', 'V', '1.8V housekeeping rail (typical).', 1);
INSERT INTO measurements (board_revision_id, kind, test_point, reference_designator, rail_name, power_state, expected_value, measured_value, units, notes, is_known_good) VALUES (200055, 'voltage', 'PP3V0', NULL, '3V0', 'on', '3.0', '3.0', 'V', '3.0V rail (typical).', 1);
INSERT INTO board_revisions (id, device_model, revision, layer_count, primary_soc, pmic, notes) VALUES (200056, 'Samsung Galaxy S20+', 'Logic Board', NULL, NULL, 'U_PMIC', 'Samsung Galaxy S20+ main logic board. Component set and rails are family-typical reference values; confirm exact values against the boardview/schematic for this unit.');
INSERT INTO board_components (board_revision_id, reference_designator, component_type, value, part_number, notes) VALUES (200056, 'J_DISP', 'Connector', NULL, NULL, 'Display FPC connector');
INSERT INTO board_components (board_revision_id, reference_designator, component_type, value, part_number, notes) VALUES (200056, 'J_BATT', 'Connector', NULL, NULL, 'Battery FPC connector');
INSERT INTO board_components (board_revision_id, reference_designator, component_type, value, part_number, notes) VALUES (200056, 'J_CHG', 'Connector', NULL, NULL, 'Charge port / dock connector');
INSERT INTO board_components (board_revision_id, reference_designator, component_type, value, part_number, notes) VALUES (200056, 'J_FCAM', 'Connector', NULL, NULL, 'Front camera connector');
INSERT INTO board_components (board_revision_id, reference_designator, component_type, value, part_number, notes) VALUES (200056, 'J_RCAM', 'Connector', NULL, NULL, 'Rear camera connector');
INSERT INTO board_components (board_revision_id, reference_designator, component_type, value, part_number, notes) VALUES (200056, 'U_PMIC', 'PMIC', NULL, NULL, 'Main power management IC');
INSERT INTO board_components (board_revision_id, reference_designator, component_type, value, part_number, notes) VALUES (200056, 'U_CHG', 'Charging IC', NULL, NULL, 'USB charging / interface IC');
INSERT INTO board_components (board_revision_id, reference_designator, component_type, value, part_number, notes) VALUES (200056, 'U_AUDIO', 'Audio IC', NULL, NULL, 'Audio codec IC');
INSERT INTO board_components (board_revision_id, reference_designator, component_type, value, part_number, notes) VALUES (200056, 'U_NAND', 'NAND Flash', NULL, NULL, 'Flash storage');
INSERT INTO board_components (board_revision_id, reference_designator, component_type, value, part_number, notes) VALUES (200056, 'U_CHG2', 'Charging IC', NULL, NULL, 'USB-C / charging IC (MAX77705 / S2MU-series typical)');
INSERT INTO board_components (board_revision_id, reference_designator, component_type, value, part_number, notes) VALUES (200056, 'U_SUBPMIC', 'PMIC', NULL, NULL, 'Sub-PMIC (S2MPS / S2DOS typical)');
INSERT INTO board_test_points (board_revision_id, label, location_desc, expected_voltage, expected_resistance) VALUES (200056, 'VBAT', 'see boardview', '3.8V', NULL);
INSERT INTO board_test_points (board_revision_id, label, location_desc, expected_voltage, expected_resistance) VALUES (200056, 'VBUS_5V', 'see boardview', '5.0V', NULL);
INSERT INTO board_test_points (board_revision_id, label, location_desc, expected_voltage, expected_resistance) VALUES (200056, 'PP1V8', 'see boardview', '1.8V', NULL);
INSERT INTO board_test_points (board_revision_id, label, location_desc, expected_voltage, expected_resistance) VALUES (200056, 'PP3V0', 'see boardview', '3.0V', NULL);
INSERT INTO board_nets (board_revision_id, net_name, test_point, expected_value, units) VALUES (200056, 'VBAT / PP_BATT_VCC', 'VBAT', '3.8', 'V');
INSERT INTO board_nets (board_revision_id, net_name, test_point, expected_value, units) VALUES (200056, 'VBUS', 'VBUS_5V', '5.0', 'V');
INSERT INTO board_nets (board_revision_id, net_name, test_point, expected_value, units) VALUES (200056, '1V8', 'PP1V8', '1.8', 'V');
INSERT INTO board_nets (board_revision_id, net_name, test_point, expected_value, units) VALUES (200056, '3V0', 'PP3V0', '3.0', 'V');
INSERT INTO measurements (board_revision_id, kind, test_point, reference_designator, rail_name, power_state, expected_value, measured_value, units, notes, is_known_good) VALUES (200056, 'voltage', 'VBAT', NULL, 'VBAT / PP_BATT_VCC', 'off', '3.8', '3.8', 'V', 'Battery main rail (typically 3.0-4.35V with charge).', 1);
INSERT INTO measurements (board_revision_id, kind, test_point, reference_designator, rail_name, power_state, expected_value, measured_value, units, notes, is_known_good) VALUES (200056, 'voltage', 'VBUS_5V', NULL, 'VBUS', 'on', '5.0', '5.0', 'V', 'USB VBUS when charging.', 1);
INSERT INTO measurements (board_revision_id, kind, test_point, reference_designator, rail_name, power_state, expected_value, measured_value, units, notes, is_known_good) VALUES (200056, 'voltage', 'PP1V8', NULL, '1V8', 'on', '1.8', '1.8', 'V', '1.8V housekeeping rail (typical).', 1);
INSERT INTO measurements (board_revision_id, kind, test_point, reference_designator, rail_name, power_state, expected_value, measured_value, units, notes, is_known_good) VALUES (200056, 'voltage', 'PP3V0', NULL, '3V0', 'on', '3.0', '3.0', 'V', '3.0V rail (typical).', 1);
INSERT INTO board_revisions (id, device_model, revision, layer_count, primary_soc, pmic, notes) VALUES (200057, 'Samsung Galaxy S20 Ultra', 'Logic Board', NULL, NULL, 'U_PMIC', 'Samsung Galaxy S20 Ultra main logic board. Component set and rails are family-typical reference values; confirm exact values against the boardview/schematic for this unit.');
INSERT INTO board_components (board_revision_id, reference_designator, component_type, value, part_number, notes) VALUES (200057, 'J_DISP', 'Connector', NULL, NULL, 'Display FPC connector');
INSERT INTO board_components (board_revision_id, reference_designator, component_type, value, part_number, notes) VALUES (200057, 'J_BATT', 'Connector', NULL, NULL, 'Battery FPC connector');
INSERT INTO board_components (board_revision_id, reference_designator, component_type, value, part_number, notes) VALUES (200057, 'J_CHG', 'Connector', NULL, NULL, 'Charge port / dock connector');
INSERT INTO board_components (board_revision_id, reference_designator, component_type, value, part_number, notes) VALUES (200057, 'J_FCAM', 'Connector', NULL, NULL, 'Front camera connector');
INSERT INTO board_components (board_revision_id, reference_designator, component_type, value, part_number, notes) VALUES (200057, 'J_RCAM', 'Connector', NULL, NULL, 'Rear camera connector');
INSERT INTO board_components (board_revision_id, reference_designator, component_type, value, part_number, notes) VALUES (200057, 'U_PMIC', 'PMIC', NULL, NULL, 'Main power management IC');
INSERT INTO board_components (board_revision_id, reference_designator, component_type, value, part_number, notes) VALUES (200057, 'U_CHG', 'Charging IC', NULL, NULL, 'USB charging / interface IC');
INSERT INTO board_components (board_revision_id, reference_designator, component_type, value, part_number, notes) VALUES (200057, 'U_AUDIO', 'Audio IC', NULL, NULL, 'Audio codec IC');
INSERT INTO board_components (board_revision_id, reference_designator, component_type, value, part_number, notes) VALUES (200057, 'U_NAND', 'NAND Flash', NULL, NULL, 'Flash storage');
INSERT INTO board_components (board_revision_id, reference_designator, component_type, value, part_number, notes) VALUES (200057, 'U_CHG2', 'Charging IC', NULL, NULL, 'USB-C / charging IC (MAX77705 / S2MU-series typical)');
INSERT INTO board_components (board_revision_id, reference_designator, component_type, value, part_number, notes) VALUES (200057, 'U_SUBPMIC', 'PMIC', NULL, NULL, 'Sub-PMIC (S2MPS / S2DOS typical)');
INSERT INTO board_test_points (board_revision_id, label, location_desc, expected_voltage, expected_resistance) VALUES (200057, 'VBAT', 'see boardview', '3.8V', NULL);
INSERT INTO board_test_points (board_revision_id, label, location_desc, expected_voltage, expected_resistance) VALUES (200057, 'VBUS_5V', 'see boardview', '5.0V', NULL);
INSERT INTO board_test_points (board_revision_id, label, location_desc, expected_voltage, expected_resistance) VALUES (200057, 'PP1V8', 'see boardview', '1.8V', NULL);
INSERT INTO board_test_points (board_revision_id, label, location_desc, expected_voltage, expected_resistance) VALUES (200057, 'PP3V0', 'see boardview', '3.0V', NULL);
INSERT INTO board_nets (board_revision_id, net_name, test_point, expected_value, units) VALUES (200057, 'VBAT / PP_BATT_VCC', 'VBAT', '3.8', 'V');
INSERT INTO board_nets (board_revision_id, net_name, test_point, expected_value, units) VALUES (200057, 'VBUS', 'VBUS_5V', '5.0', 'V');
INSERT INTO board_nets (board_revision_id, net_name, test_point, expected_value, units) VALUES (200057, '1V8', 'PP1V8', '1.8', 'V');
INSERT INTO board_nets (board_revision_id, net_name, test_point, expected_value, units) VALUES (200057, '3V0', 'PP3V0', '3.0', 'V');
INSERT INTO measurements (board_revision_id, kind, test_point, reference_designator, rail_name, power_state, expected_value, measured_value, units, notes, is_known_good) VALUES (200057, 'voltage', 'VBAT', NULL, 'VBAT / PP_BATT_VCC', 'off', '3.8', '3.8', 'V', 'Battery main rail (typically 3.0-4.35V with charge).', 1);
INSERT INTO measurements (board_revision_id, kind, test_point, reference_designator, rail_name, power_state, expected_value, measured_value, units, notes, is_known_good) VALUES (200057, 'voltage', 'VBUS_5V', NULL, 'VBUS', 'on', '5.0', '5.0', 'V', 'USB VBUS when charging.', 1);
INSERT INTO measurements (board_revision_id, kind, test_point, reference_designator, rail_name, power_state, expected_value, measured_value, units, notes, is_known_good) VALUES (200057, 'voltage', 'PP1V8', NULL, '1V8', 'on', '1.8', '1.8', 'V', '1.8V housekeeping rail (typical).', 1);
INSERT INTO measurements (board_revision_id, kind, test_point, reference_designator, rail_name, power_state, expected_value, measured_value, units, notes, is_known_good) VALUES (200057, 'voltage', 'PP3V0', NULL, '3V0', 'on', '3.0', '3.0', 'V', '3.0V rail (typical).', 1);
INSERT INTO board_revisions (id, device_model, revision, layer_count, primary_soc, pmic, notes) VALUES (200058, 'Samsung Galaxy S20 FE', 'Logic Board', NULL, NULL, 'U_PMIC', 'Samsung Galaxy S20 FE main logic board. Component set and rails are family-typical reference values; confirm exact values against the boardview/schematic for this unit.');
INSERT INTO board_components (board_revision_id, reference_designator, component_type, value, part_number, notes) VALUES (200058, 'J_DISP', 'Connector', NULL, NULL, 'Display FPC connector');
INSERT INTO board_components (board_revision_id, reference_designator, component_type, value, part_number, notes) VALUES (200058, 'J_BATT', 'Connector', NULL, NULL, 'Battery FPC connector');
INSERT INTO board_components (board_revision_id, reference_designator, component_type, value, part_number, notes) VALUES (200058, 'J_CHG', 'Connector', NULL, NULL, 'Charge port / dock connector');
INSERT INTO board_components (board_revision_id, reference_designator, component_type, value, part_number, notes) VALUES (200058, 'J_FCAM', 'Connector', NULL, NULL, 'Front camera connector');
INSERT INTO board_components (board_revision_id, reference_designator, component_type, value, part_number, notes) VALUES (200058, 'J_RCAM', 'Connector', NULL, NULL, 'Rear camera connector');
INSERT INTO board_components (board_revision_id, reference_designator, component_type, value, part_number, notes) VALUES (200058, 'U_PMIC', 'PMIC', NULL, NULL, 'Main power management IC');
INSERT INTO board_components (board_revision_id, reference_designator, component_type, value, part_number, notes) VALUES (200058, 'U_CHG', 'Charging IC', NULL, NULL, 'USB charging / interface IC');
INSERT INTO board_components (board_revision_id, reference_designator, component_type, value, part_number, notes) VALUES (200058, 'U_AUDIO', 'Audio IC', NULL, NULL, 'Audio codec IC');
INSERT INTO board_components (board_revision_id, reference_designator, component_type, value, part_number, notes) VALUES (200058, 'U_NAND', 'NAND Flash', NULL, NULL, 'Flash storage');
INSERT INTO board_components (board_revision_id, reference_designator, component_type, value, part_number, notes) VALUES (200058, 'U_CHG2', 'Charging IC', NULL, NULL, 'USB-C / charging IC (MAX77705 / S2MU-series typical)');
INSERT INTO board_components (board_revision_id, reference_designator, component_type, value, part_number, notes) VALUES (200058, 'U_SUBPMIC', 'PMIC', NULL, NULL, 'Sub-PMIC (S2MPS / S2DOS typical)');
INSERT INTO board_test_points (board_revision_id, label, location_desc, expected_voltage, expected_resistance) VALUES (200058, 'VBAT', 'see boardview', '3.8V', NULL);
INSERT INTO board_test_points (board_revision_id, label, location_desc, expected_voltage, expected_resistance) VALUES (200058, 'VBUS_5V', 'see boardview', '5.0V', NULL);
INSERT INTO board_test_points (board_revision_id, label, location_desc, expected_voltage, expected_resistance) VALUES (200058, 'PP1V8', 'see boardview', '1.8V', NULL);
INSERT INTO board_test_points (board_revision_id, label, location_desc, expected_voltage, expected_resistance) VALUES (200058, 'PP3V0', 'see boardview', '3.0V', NULL);
INSERT INTO board_nets (board_revision_id, net_name, test_point, expected_value, units) VALUES (200058, 'VBAT / PP_BATT_VCC', 'VBAT', '3.8', 'V');
INSERT INTO board_nets (board_revision_id, net_name, test_point, expected_value, units) VALUES (200058, 'VBUS', 'VBUS_5V', '5.0', 'V');
INSERT INTO board_nets (board_revision_id, net_name, test_point, expected_value, units) VALUES (200058, '1V8', 'PP1V8', '1.8', 'V');
INSERT INTO board_nets (board_revision_id, net_name, test_point, expected_value, units) VALUES (200058, '3V0', 'PP3V0', '3.0', 'V');
INSERT INTO measurements (board_revision_id, kind, test_point, reference_designator, rail_name, power_state, expected_value, measured_value, units, notes, is_known_good) VALUES (200058, 'voltage', 'VBAT', NULL, 'VBAT / PP_BATT_VCC', 'off', '3.8', '3.8', 'V', 'Battery main rail (typically 3.0-4.35V with charge).', 1);
INSERT INTO measurements (board_revision_id, kind, test_point, reference_designator, rail_name, power_state, expected_value, measured_value, units, notes, is_known_good) VALUES (200058, 'voltage', 'VBUS_5V', NULL, 'VBUS', 'on', '5.0', '5.0', 'V', 'USB VBUS when charging.', 1);
INSERT INTO measurements (board_revision_id, kind, test_point, reference_designator, rail_name, power_state, expected_value, measured_value, units, notes, is_known_good) VALUES (200058, 'voltage', 'PP1V8', NULL, '1V8', 'on', '1.8', '1.8', 'V', '1.8V housekeeping rail (typical).', 1);
INSERT INTO measurements (board_revision_id, kind, test_point, reference_designator, rail_name, power_state, expected_value, measured_value, units, notes, is_known_good) VALUES (200058, 'voltage', 'PP3V0', NULL, '3V0', 'on', '3.0', '3.0', 'V', '3.0V rail (typical).', 1);
INSERT INTO board_revisions (id, device_model, revision, layer_count, primary_soc, pmic, notes) VALUES (200059, 'Samsung Galaxy S21', 'Logic Board', NULL, NULL, 'U_PMIC', 'Samsung Galaxy S21 main logic board. Component set and rails are family-typical reference values; confirm exact values against the boardview/schematic for this unit.');
INSERT INTO board_components (board_revision_id, reference_designator, component_type, value, part_number, notes) VALUES (200059, 'J_DISP', 'Connector', NULL, NULL, 'Display FPC connector');
INSERT INTO board_components (board_revision_id, reference_designator, component_type, value, part_number, notes) VALUES (200059, 'J_BATT', 'Connector', NULL, NULL, 'Battery FPC connector');
INSERT INTO board_components (board_revision_id, reference_designator, component_type, value, part_number, notes) VALUES (200059, 'J_CHG', 'Connector', NULL, NULL, 'Charge port / dock connector');
INSERT INTO board_components (board_revision_id, reference_designator, component_type, value, part_number, notes) VALUES (200059, 'J_FCAM', 'Connector', NULL, NULL, 'Front camera connector');
INSERT INTO board_components (board_revision_id, reference_designator, component_type, value, part_number, notes) VALUES (200059, 'J_RCAM', 'Connector', NULL, NULL, 'Rear camera connector');
INSERT INTO board_components (board_revision_id, reference_designator, component_type, value, part_number, notes) VALUES (200059, 'U_PMIC', 'PMIC', NULL, NULL, 'Main power management IC');
INSERT INTO board_components (board_revision_id, reference_designator, component_type, value, part_number, notes) VALUES (200059, 'U_CHG', 'Charging IC', NULL, NULL, 'USB charging / interface IC');
INSERT INTO board_components (board_revision_id, reference_designator, component_type, value, part_number, notes) VALUES (200059, 'U_AUDIO', 'Audio IC', NULL, NULL, 'Audio codec IC');
INSERT INTO board_components (board_revision_id, reference_designator, component_type, value, part_number, notes) VALUES (200059, 'U_NAND', 'NAND Flash', NULL, NULL, 'Flash storage');
INSERT INTO board_components (board_revision_id, reference_designator, component_type, value, part_number, notes) VALUES (200059, 'U_CHG2', 'Charging IC', NULL, NULL, 'USB-C / charging IC (MAX77705 / S2MU-series typical)');
INSERT INTO board_components (board_revision_id, reference_designator, component_type, value, part_number, notes) VALUES (200059, 'U_SUBPMIC', 'PMIC', NULL, NULL, 'Sub-PMIC (S2MPS / S2DOS typical)');
INSERT INTO board_test_points (board_revision_id, label, location_desc, expected_voltage, expected_resistance) VALUES (200059, 'VBAT', 'see boardview', '3.8V', NULL);
INSERT INTO board_test_points (board_revision_id, label, location_desc, expected_voltage, expected_resistance) VALUES (200059, 'VBUS_5V', 'see boardview', '5.0V', NULL);
INSERT INTO board_test_points (board_revision_id, label, location_desc, expected_voltage, expected_resistance) VALUES (200059, 'PP1V8', 'see boardview', '1.8V', NULL);
INSERT INTO board_test_points (board_revision_id, label, location_desc, expected_voltage, expected_resistance) VALUES (200059, 'PP3V0', 'see boardview', '3.0V', NULL);
INSERT INTO board_nets (board_revision_id, net_name, test_point, expected_value, units) VALUES (200059, 'VBAT / PP_BATT_VCC', 'VBAT', '3.8', 'V');
INSERT INTO board_nets (board_revision_id, net_name, test_point, expected_value, units) VALUES (200059, 'VBUS', 'VBUS_5V', '5.0', 'V');
INSERT INTO board_nets (board_revision_id, net_name, test_point, expected_value, units) VALUES (200059, '1V8', 'PP1V8', '1.8', 'V');
INSERT INTO board_nets (board_revision_id, net_name, test_point, expected_value, units) VALUES (200059, '3V0', 'PP3V0', '3.0', 'V');
INSERT INTO measurements (board_revision_id, kind, test_point, reference_designator, rail_name, power_state, expected_value, measured_value, units, notes, is_known_good) VALUES (200059, 'voltage', 'VBAT', NULL, 'VBAT / PP_BATT_VCC', 'off', '3.8', '3.8', 'V', 'Battery main rail (typically 3.0-4.35V with charge).', 1);
INSERT INTO measurements (board_revision_id, kind, test_point, reference_designator, rail_name, power_state, expected_value, measured_value, units, notes, is_known_good) VALUES (200059, 'voltage', 'VBUS_5V', NULL, 'VBUS', 'on', '5.0', '5.0', 'V', 'USB VBUS when charging.', 1);
INSERT INTO measurements (board_revision_id, kind, test_point, reference_designator, rail_name, power_state, expected_value, measured_value, units, notes, is_known_good) VALUES (200059, 'voltage', 'PP1V8', NULL, '1V8', 'on', '1.8', '1.8', 'V', '1.8V housekeeping rail (typical).', 1);
INSERT INTO measurements (board_revision_id, kind, test_point, reference_designator, rail_name, power_state, expected_value, measured_value, units, notes, is_known_good) VALUES (200059, 'voltage', 'PP3V0', NULL, '3V0', 'on', '3.0', '3.0', 'V', '3.0V rail (typical).', 1);
INSERT INTO board_revisions (id, device_model, revision, layer_count, primary_soc, pmic, notes) VALUES (200060, 'Samsung Galaxy S21+', 'Logic Board', NULL, NULL, 'U_PMIC', 'Samsung Galaxy S21+ main logic board. Component set and rails are family-typical reference values; confirm exact values against the boardview/schematic for this unit.');
INSERT INTO board_components (board_revision_id, reference_designator, component_type, value, part_number, notes) VALUES (200060, 'J_DISP', 'Connector', NULL, NULL, 'Display FPC connector');
INSERT INTO board_components (board_revision_id, reference_designator, component_type, value, part_number, notes) VALUES (200060, 'J_BATT', 'Connector', NULL, NULL, 'Battery FPC connector');
INSERT INTO board_components (board_revision_id, reference_designator, component_type, value, part_number, notes) VALUES (200060, 'J_CHG', 'Connector', NULL, NULL, 'Charge port / dock connector');
INSERT INTO board_components (board_revision_id, reference_designator, component_type, value, part_number, notes) VALUES (200060, 'J_FCAM', 'Connector', NULL, NULL, 'Front camera connector');
INSERT INTO board_components (board_revision_id, reference_designator, component_type, value, part_number, notes) VALUES (200060, 'J_RCAM', 'Connector', NULL, NULL, 'Rear camera connector');
INSERT INTO board_components (board_revision_id, reference_designator, component_type, value, part_number, notes) VALUES (200060, 'U_PMIC', 'PMIC', NULL, NULL, 'Main power management IC');
INSERT INTO board_components (board_revision_id, reference_designator, component_type, value, part_number, notes) VALUES (200060, 'U_CHG', 'Charging IC', NULL, NULL, 'USB charging / interface IC');
INSERT INTO board_components (board_revision_id, reference_designator, component_type, value, part_number, notes) VALUES (200060, 'U_AUDIO', 'Audio IC', NULL, NULL, 'Audio codec IC');
INSERT INTO board_components (board_revision_id, reference_designator, component_type, value, part_number, notes) VALUES (200060, 'U_NAND', 'NAND Flash', NULL, NULL, 'Flash storage');
INSERT INTO board_components (board_revision_id, reference_designator, component_type, value, part_number, notes) VALUES (200060, 'U_CHG2', 'Charging IC', NULL, NULL, 'USB-C / charging IC (MAX77705 / S2MU-series typical)');
INSERT INTO board_components (board_revision_id, reference_designator, component_type, value, part_number, notes) VALUES (200060, 'U_SUBPMIC', 'PMIC', NULL, NULL, 'Sub-PMIC (S2MPS / S2DOS typical)');
INSERT INTO board_test_points (board_revision_id, label, location_desc, expected_voltage, expected_resistance) VALUES (200060, 'VBAT', 'see boardview', '3.8V', NULL);
INSERT INTO board_test_points (board_revision_id, label, location_desc, expected_voltage, expected_resistance) VALUES (200060, 'VBUS_5V', 'see boardview', '5.0V', NULL);
INSERT INTO board_test_points (board_revision_id, label, location_desc, expected_voltage, expected_resistance) VALUES (200060, 'PP1V8', 'see boardview', '1.8V', NULL);
INSERT INTO board_test_points (board_revision_id, label, location_desc, expected_voltage, expected_resistance) VALUES (200060, 'PP3V0', 'see boardview', '3.0V', NULL);
INSERT INTO board_nets (board_revision_id, net_name, test_point, expected_value, units) VALUES (200060, 'VBAT / PP_BATT_VCC', 'VBAT', '3.8', 'V');
INSERT INTO board_nets (board_revision_id, net_name, test_point, expected_value, units) VALUES (200060, 'VBUS', 'VBUS_5V', '5.0', 'V');
INSERT INTO board_nets (board_revision_id, net_name, test_point, expected_value, units) VALUES (200060, '1V8', 'PP1V8', '1.8', 'V');
INSERT INTO board_nets (board_revision_id, net_name, test_point, expected_value, units) VALUES (200060, '3V0', 'PP3V0', '3.0', 'V');
INSERT INTO measurements (board_revision_id, kind, test_point, reference_designator, rail_name, power_state, expected_value, measured_value, units, notes, is_known_good) VALUES (200060, 'voltage', 'VBAT', NULL, 'VBAT / PP_BATT_VCC', 'off', '3.8', '3.8', 'V', 'Battery main rail (typically 3.0-4.35V with charge).', 1);
INSERT INTO measurements (board_revision_id, kind, test_point, reference_designator, rail_name, power_state, expected_value, measured_value, units, notes, is_known_good) VALUES (200060, 'voltage', 'VBUS_5V', NULL, 'VBUS', 'on', '5.0', '5.0', 'V', 'USB VBUS when charging.', 1);
INSERT INTO measurements (board_revision_id, kind, test_point, reference_designator, rail_name, power_state, expected_value, measured_value, units, notes, is_known_good) VALUES (200060, 'voltage', 'PP1V8', NULL, '1V8', 'on', '1.8', '1.8', 'V', '1.8V housekeeping rail (typical).', 1);
INSERT INTO measurements (board_revision_id, kind, test_point, reference_designator, rail_name, power_state, expected_value, measured_value, units, notes, is_known_good) VALUES (200060, 'voltage', 'PP3V0', NULL, '3V0', 'on', '3.0', '3.0', 'V', '3.0V rail (typical).', 1);
INSERT INTO board_revisions (id, device_model, revision, layer_count, primary_soc, pmic, notes) VALUES (200061, 'Samsung Galaxy S21 Ultra', 'Logic Board', NULL, NULL, 'U_PMIC', 'Samsung Galaxy S21 Ultra main logic board. Component set and rails are family-typical reference values; confirm exact values against the boardview/schematic for this unit.');
INSERT INTO board_components (board_revision_id, reference_designator, component_type, value, part_number, notes) VALUES (200061, 'J_DISP', 'Connector', NULL, NULL, 'Display FPC connector');
INSERT INTO board_components (board_revision_id, reference_designator, component_type, value, part_number, notes) VALUES (200061, 'J_BATT', 'Connector', NULL, NULL, 'Battery FPC connector');
INSERT INTO board_components (board_revision_id, reference_designator, component_type, value, part_number, notes) VALUES (200061, 'J_CHG', 'Connector', NULL, NULL, 'Charge port / dock connector');
INSERT INTO board_components (board_revision_id, reference_designator, component_type, value, part_number, notes) VALUES (200061, 'J_FCAM', 'Connector', NULL, NULL, 'Front camera connector');
INSERT INTO board_components (board_revision_id, reference_designator, component_type, value, part_number, notes) VALUES (200061, 'J_RCAM', 'Connector', NULL, NULL, 'Rear camera connector');
INSERT INTO board_components (board_revision_id, reference_designator, component_type, value, part_number, notes) VALUES (200061, 'U_PMIC', 'PMIC', NULL, NULL, 'Main power management IC');
INSERT INTO board_components (board_revision_id, reference_designator, component_type, value, part_number, notes) VALUES (200061, 'U_CHG', 'Charging IC', NULL, NULL, 'USB charging / interface IC');
INSERT INTO board_components (board_revision_id, reference_designator, component_type, value, part_number, notes) VALUES (200061, 'U_AUDIO', 'Audio IC', NULL, NULL, 'Audio codec IC');
INSERT INTO board_components (board_revision_id, reference_designator, component_type, value, part_number, notes) VALUES (200061, 'U_NAND', 'NAND Flash', NULL, NULL, 'Flash storage');
INSERT INTO board_components (board_revision_id, reference_designator, component_type, value, part_number, notes) VALUES (200061, 'U_CHG2', 'Charging IC', NULL, NULL, 'USB-C / charging IC (MAX77705 / S2MU-series typical)');
INSERT INTO board_components (board_revision_id, reference_designator, component_type, value, part_number, notes) VALUES (200061, 'U_SUBPMIC', 'PMIC', NULL, NULL, 'Sub-PMIC (S2MPS / S2DOS typical)');
INSERT INTO board_test_points (board_revision_id, label, location_desc, expected_voltage, expected_resistance) VALUES (200061, 'VBAT', 'see boardview', '3.8V', NULL);
INSERT INTO board_test_points (board_revision_id, label, location_desc, expected_voltage, expected_resistance) VALUES (200061, 'VBUS_5V', 'see boardview', '5.0V', NULL);
INSERT INTO board_test_points (board_revision_id, label, location_desc, expected_voltage, expected_resistance) VALUES (200061, 'PP1V8', 'see boardview', '1.8V', NULL);
INSERT INTO board_test_points (board_revision_id, label, location_desc, expected_voltage, expected_resistance) VALUES (200061, 'PP3V0', 'see boardview', '3.0V', NULL);
INSERT INTO board_nets (board_revision_id, net_name, test_point, expected_value, units) VALUES (200061, 'VBAT / PP_BATT_VCC', 'VBAT', '3.8', 'V');
INSERT INTO board_nets (board_revision_id, net_name, test_point, expected_value, units) VALUES (200061, 'VBUS', 'VBUS_5V', '5.0', 'V');
INSERT INTO board_nets (board_revision_id, net_name, test_point, expected_value, units) VALUES (200061, '1V8', 'PP1V8', '1.8', 'V');
INSERT INTO board_nets (board_revision_id, net_name, test_point, expected_value, units) VALUES (200061, '3V0', 'PP3V0', '3.0', 'V');
INSERT INTO measurements (board_revision_id, kind, test_point, reference_designator, rail_name, power_state, expected_value, measured_value, units, notes, is_known_good) VALUES (200061, 'voltage', 'VBAT', NULL, 'VBAT / PP_BATT_VCC', 'off', '3.8', '3.8', 'V', 'Battery main rail (typically 3.0-4.35V with charge).', 1);
INSERT INTO measurements (board_revision_id, kind, test_point, reference_designator, rail_name, power_state, expected_value, measured_value, units, notes, is_known_good) VALUES (200061, 'voltage', 'VBUS_5V', NULL, 'VBUS', 'on', '5.0', '5.0', 'V', 'USB VBUS when charging.', 1);
INSERT INTO measurements (board_revision_id, kind, test_point, reference_designator, rail_name, power_state, expected_value, measured_value, units, notes, is_known_good) VALUES (200061, 'voltage', 'PP1V8', NULL, '1V8', 'on', '1.8', '1.8', 'V', '1.8V housekeeping rail (typical).', 1);
INSERT INTO measurements (board_revision_id, kind, test_point, reference_designator, rail_name, power_state, expected_value, measured_value, units, notes, is_known_good) VALUES (200061, 'voltage', 'PP3V0', NULL, '3V0', 'on', '3.0', '3.0', 'V', '3.0V rail (typical).', 1);
INSERT INTO board_revisions (id, device_model, revision, layer_count, primary_soc, pmic, notes) VALUES (200062, 'Samsung Galaxy S21 FE', 'Logic Board', NULL, NULL, 'U_PMIC', 'Samsung Galaxy S21 FE main logic board. Component set and rails are family-typical reference values; confirm exact values against the boardview/schematic for this unit.');
INSERT INTO board_components (board_revision_id, reference_designator, component_type, value, part_number, notes) VALUES (200062, 'J_DISP', 'Connector', NULL, NULL, 'Display FPC connector');
INSERT INTO board_components (board_revision_id, reference_designator, component_type, value, part_number, notes) VALUES (200062, 'J_BATT', 'Connector', NULL, NULL, 'Battery FPC connector');
INSERT INTO board_components (board_revision_id, reference_designator, component_type, value, part_number, notes) VALUES (200062, 'J_CHG', 'Connector', NULL, NULL, 'Charge port / dock connector');
INSERT INTO board_components (board_revision_id, reference_designator, component_type, value, part_number, notes) VALUES (200062, 'J_FCAM', 'Connector', NULL, NULL, 'Front camera connector');
INSERT INTO board_components (board_revision_id, reference_designator, component_type, value, part_number, notes) VALUES (200062, 'J_RCAM', 'Connector', NULL, NULL, 'Rear camera connector');
INSERT INTO board_components (board_revision_id, reference_designator, component_type, value, part_number, notes) VALUES (200062, 'U_PMIC', 'PMIC', NULL, NULL, 'Main power management IC');
INSERT INTO board_components (board_revision_id, reference_designator, component_type, value, part_number, notes) VALUES (200062, 'U_CHG', 'Charging IC', NULL, NULL, 'USB charging / interface IC');
INSERT INTO board_components (board_revision_id, reference_designator, component_type, value, part_number, notes) VALUES (200062, 'U_AUDIO', 'Audio IC', NULL, NULL, 'Audio codec IC');
INSERT INTO board_components (board_revision_id, reference_designator, component_type, value, part_number, notes) VALUES (200062, 'U_NAND', 'NAND Flash', NULL, NULL, 'Flash storage');
INSERT INTO board_components (board_revision_id, reference_designator, component_type, value, part_number, notes) VALUES (200062, 'U_CHG2', 'Charging IC', NULL, NULL, 'USB-C / charging IC (MAX77705 / S2MU-series typical)');
INSERT INTO board_components (board_revision_id, reference_designator, component_type, value, part_number, notes) VALUES (200062, 'U_SUBPMIC', 'PMIC', NULL, NULL, 'Sub-PMIC (S2MPS / S2DOS typical)');
INSERT INTO board_test_points (board_revision_id, label, location_desc, expected_voltage, expected_resistance) VALUES (200062, 'VBAT', 'see boardview', '3.8V', NULL);
INSERT INTO board_test_points (board_revision_id, label, location_desc, expected_voltage, expected_resistance) VALUES (200062, 'VBUS_5V', 'see boardview', '5.0V', NULL);
INSERT INTO board_test_points (board_revision_id, label, location_desc, expected_voltage, expected_resistance) VALUES (200062, 'PP1V8', 'see boardview', '1.8V', NULL);
INSERT INTO board_test_points (board_revision_id, label, location_desc, expected_voltage, expected_resistance) VALUES (200062, 'PP3V0', 'see boardview', '3.0V', NULL);
INSERT INTO board_nets (board_revision_id, net_name, test_point, expected_value, units) VALUES (200062, 'VBAT / PP_BATT_VCC', 'VBAT', '3.8', 'V');
INSERT INTO board_nets (board_revision_id, net_name, test_point, expected_value, units) VALUES (200062, 'VBUS', 'VBUS_5V', '5.0', 'V');
INSERT INTO board_nets (board_revision_id, net_name, test_point, expected_value, units) VALUES (200062, '1V8', 'PP1V8', '1.8', 'V');
INSERT INTO board_nets (board_revision_id, net_name, test_point, expected_value, units) VALUES (200062, '3V0', 'PP3V0', '3.0', 'V');
INSERT INTO measurements (board_revision_id, kind, test_point, reference_designator, rail_name, power_state, expected_value, measured_value, units, notes, is_known_good) VALUES (200062, 'voltage', 'VBAT', NULL, 'VBAT / PP_BATT_VCC', 'off', '3.8', '3.8', 'V', 'Battery main rail (typically 3.0-4.35V with charge).', 1);
INSERT INTO measurements (board_revision_id, kind, test_point, reference_designator, rail_name, power_state, expected_value, measured_value, units, notes, is_known_good) VALUES (200062, 'voltage', 'VBUS_5V', NULL, 'VBUS', 'on', '5.0', '5.0', 'V', 'USB VBUS when charging.', 1);
INSERT INTO measurements (board_revision_id, kind, test_point, reference_designator, rail_name, power_state, expected_value, measured_value, units, notes, is_known_good) VALUES (200062, 'voltage', 'PP1V8', NULL, '1V8', 'on', '1.8', '1.8', 'V', '1.8V housekeeping rail (typical).', 1);
INSERT INTO measurements (board_revision_id, kind, test_point, reference_designator, rail_name, power_state, expected_value, measured_value, units, notes, is_known_good) VALUES (200062, 'voltage', 'PP3V0', NULL, '3V0', 'on', '3.0', '3.0', 'V', '3.0V rail (typical).', 1);
INSERT INTO board_revisions (id, device_model, revision, layer_count, primary_soc, pmic, notes) VALUES (200063, 'Samsung Galaxy S22', 'Logic Board', NULL, NULL, 'U_PMIC', 'Samsung Galaxy S22 main logic board. Component set and rails are family-typical reference values; confirm exact values against the boardview/schematic for this unit.');
INSERT INTO board_components (board_revision_id, reference_designator, component_type, value, part_number, notes) VALUES (200063, 'J_DISP', 'Connector', NULL, NULL, 'Display FPC connector');
INSERT INTO board_components (board_revision_id, reference_designator, component_type, value, part_number, notes) VALUES (200063, 'J_BATT', 'Connector', NULL, NULL, 'Battery FPC connector');
INSERT INTO board_components (board_revision_id, reference_designator, component_type, value, part_number, notes) VALUES (200063, 'J_CHG', 'Connector', NULL, NULL, 'Charge port / dock connector');
INSERT INTO board_components (board_revision_id, reference_designator, component_type, value, part_number, notes) VALUES (200063, 'J_FCAM', 'Connector', NULL, NULL, 'Front camera connector');
INSERT INTO board_components (board_revision_id, reference_designator, component_type, value, part_number, notes) VALUES (200063, 'J_RCAM', 'Connector', NULL, NULL, 'Rear camera connector');
INSERT INTO board_components (board_revision_id, reference_designator, component_type, value, part_number, notes) VALUES (200063, 'U_PMIC', 'PMIC', NULL, NULL, 'Main power management IC');
INSERT INTO board_components (board_revision_id, reference_designator, component_type, value, part_number, notes) VALUES (200063, 'U_CHG', 'Charging IC', NULL, NULL, 'USB charging / interface IC');
INSERT INTO board_components (board_revision_id, reference_designator, component_type, value, part_number, notes) VALUES (200063, 'U_AUDIO', 'Audio IC', NULL, NULL, 'Audio codec IC');
INSERT INTO board_components (board_revision_id, reference_designator, component_type, value, part_number, notes) VALUES (200063, 'U_NAND', 'NAND Flash', NULL, NULL, 'Flash storage');
INSERT INTO board_components (board_revision_id, reference_designator, component_type, value, part_number, notes) VALUES (200063, 'U_CHG2', 'Charging IC', NULL, NULL, 'USB-C / charging IC (MAX77705 / S2MU-series typical)');
INSERT INTO board_components (board_revision_id, reference_designator, component_type, value, part_number, notes) VALUES (200063, 'U_SUBPMIC', 'PMIC', NULL, NULL, 'Sub-PMIC (S2MPS / S2DOS typical)');
INSERT INTO board_test_points (board_revision_id, label, location_desc, expected_voltage, expected_resistance) VALUES (200063, 'VBAT', 'see boardview', '3.8V', NULL);
INSERT INTO board_test_points (board_revision_id, label, location_desc, expected_voltage, expected_resistance) VALUES (200063, 'VBUS_5V', 'see boardview', '5.0V', NULL);
INSERT INTO board_test_points (board_revision_id, label, location_desc, expected_voltage, expected_resistance) VALUES (200063, 'PP1V8', 'see boardview', '1.8V', NULL);
INSERT INTO board_test_points (board_revision_id, label, location_desc, expected_voltage, expected_resistance) VALUES (200063, 'PP3V0', 'see boardview', '3.0V', NULL);
INSERT INTO board_nets (board_revision_id, net_name, test_point, expected_value, units) VALUES (200063, 'VBAT / PP_BATT_VCC', 'VBAT', '3.8', 'V');
INSERT INTO board_nets (board_revision_id, net_name, test_point, expected_value, units) VALUES (200063, 'VBUS', 'VBUS_5V', '5.0', 'V');
INSERT INTO board_nets (board_revision_id, net_name, test_point, expected_value, units) VALUES (200063, '1V8', 'PP1V8', '1.8', 'V');
INSERT INTO board_nets (board_revision_id, net_name, test_point, expected_value, units) VALUES (200063, '3V0', 'PP3V0', '3.0', 'V');
INSERT INTO measurements (board_revision_id, kind, test_point, reference_designator, rail_name, power_state, expected_value, measured_value, units, notes, is_known_good) VALUES (200063, 'voltage', 'VBAT', NULL, 'VBAT / PP_BATT_VCC', 'off', '3.8', '3.8', 'V', 'Battery main rail (typically 3.0-4.35V with charge).', 1);
INSERT INTO measurements (board_revision_id, kind, test_point, reference_designator, rail_name, power_state, expected_value, measured_value, units, notes, is_known_good) VALUES (200063, 'voltage', 'VBUS_5V', NULL, 'VBUS', 'on', '5.0', '5.0', 'V', 'USB VBUS when charging.', 1);
INSERT INTO measurements (board_revision_id, kind, test_point, reference_designator, rail_name, power_state, expected_value, measured_value, units, notes, is_known_good) VALUES (200063, 'voltage', 'PP1V8', NULL, '1V8', 'on', '1.8', '1.8', 'V', '1.8V housekeeping rail (typical).', 1);
INSERT INTO measurements (board_revision_id, kind, test_point, reference_designator, rail_name, power_state, expected_value, measured_value, units, notes, is_known_good) VALUES (200063, 'voltage', 'PP3V0', NULL, '3V0', 'on', '3.0', '3.0', 'V', '3.0V rail (typical).', 1);
INSERT INTO board_revisions (id, device_model, revision, layer_count, primary_soc, pmic, notes) VALUES (200064, 'Samsung Galaxy S22+', 'Logic Board', NULL, NULL, 'U_PMIC', 'Samsung Galaxy S22+ main logic board. Component set and rails are family-typical reference values; confirm exact values against the boardview/schematic for this unit.');
INSERT INTO board_components (board_revision_id, reference_designator, component_type, value, part_number, notes) VALUES (200064, 'J_DISP', 'Connector', NULL, NULL, 'Display FPC connector');
INSERT INTO board_components (board_revision_id, reference_designator, component_type, value, part_number, notes) VALUES (200064, 'J_BATT', 'Connector', NULL, NULL, 'Battery FPC connector');
INSERT INTO board_components (board_revision_id, reference_designator, component_type, value, part_number, notes) VALUES (200064, 'J_CHG', 'Connector', NULL, NULL, 'Charge port / dock connector');
INSERT INTO board_components (board_revision_id, reference_designator, component_type, value, part_number, notes) VALUES (200064, 'J_FCAM', 'Connector', NULL, NULL, 'Front camera connector');
INSERT INTO board_components (board_revision_id, reference_designator, component_type, value, part_number, notes) VALUES (200064, 'J_RCAM', 'Connector', NULL, NULL, 'Rear camera connector');
INSERT INTO board_components (board_revision_id, reference_designator, component_type, value, part_number, notes) VALUES (200064, 'U_PMIC', 'PMIC', NULL, NULL, 'Main power management IC');
INSERT INTO board_components (board_revision_id, reference_designator, component_type, value, part_number, notes) VALUES (200064, 'U_CHG', 'Charging IC', NULL, NULL, 'USB charging / interface IC');
INSERT INTO board_components (board_revision_id, reference_designator, component_type, value, part_number, notes) VALUES (200064, 'U_AUDIO', 'Audio IC', NULL, NULL, 'Audio codec IC');
INSERT INTO board_components (board_revision_id, reference_designator, component_type, value, part_number, notes) VALUES (200064, 'U_NAND', 'NAND Flash', NULL, NULL, 'Flash storage');
INSERT INTO board_components (board_revision_id, reference_designator, component_type, value, part_number, notes) VALUES (200064, 'U_CHG2', 'Charging IC', NULL, NULL, 'USB-C / charging IC (MAX77705 / S2MU-series typical)');
INSERT INTO board_components (board_revision_id, reference_designator, component_type, value, part_number, notes) VALUES (200064, 'U_SUBPMIC', 'PMIC', NULL, NULL, 'Sub-PMIC (S2MPS / S2DOS typical)');
INSERT INTO board_test_points (board_revision_id, label, location_desc, expected_voltage, expected_resistance) VALUES (200064, 'VBAT', 'see boardview', '3.8V', NULL);
INSERT INTO board_test_points (board_revision_id, label, location_desc, expected_voltage, expected_resistance) VALUES (200064, 'VBUS_5V', 'see boardview', '5.0V', NULL);
INSERT INTO board_test_points (board_revision_id, label, location_desc, expected_voltage, expected_resistance) VALUES (200064, 'PP1V8', 'see boardview', '1.8V', NULL);
INSERT INTO board_test_points (board_revision_id, label, location_desc, expected_voltage, expected_resistance) VALUES (200064, 'PP3V0', 'see boardview', '3.0V', NULL);
INSERT INTO board_nets (board_revision_id, net_name, test_point, expected_value, units) VALUES (200064, 'VBAT / PP_BATT_VCC', 'VBAT', '3.8', 'V');
INSERT INTO board_nets (board_revision_id, net_name, test_point, expected_value, units) VALUES (200064, 'VBUS', 'VBUS_5V', '5.0', 'V');
INSERT INTO board_nets (board_revision_id, net_name, test_point, expected_value, units) VALUES (200064, '1V8', 'PP1V8', '1.8', 'V');
INSERT INTO board_nets (board_revision_id, net_name, test_point, expected_value, units) VALUES (200064, '3V0', 'PP3V0', '3.0', 'V');
INSERT INTO measurements (board_revision_id, kind, test_point, reference_designator, rail_name, power_state, expected_value, measured_value, units, notes, is_known_good) VALUES (200064, 'voltage', 'VBAT', NULL, 'VBAT / PP_BATT_VCC', 'off', '3.8', '3.8', 'V', 'Battery main rail (typically 3.0-4.35V with charge).', 1);
INSERT INTO measurements (board_revision_id, kind, test_point, reference_designator, rail_name, power_state, expected_value, measured_value, units, notes, is_known_good) VALUES (200064, 'voltage', 'VBUS_5V', NULL, 'VBUS', 'on', '5.0', '5.0', 'V', 'USB VBUS when charging.', 1);
INSERT INTO measurements (board_revision_id, kind, test_point, reference_designator, rail_name, power_state, expected_value, measured_value, units, notes, is_known_good) VALUES (200064, 'voltage', 'PP1V8', NULL, '1V8', 'on', '1.8', '1.8', 'V', '1.8V housekeeping rail (typical).', 1);
INSERT INTO measurements (board_revision_id, kind, test_point, reference_designator, rail_name, power_state, expected_value, measured_value, units, notes, is_known_good) VALUES (200064, 'voltage', 'PP3V0', NULL, '3V0', 'on', '3.0', '3.0', 'V', '3.0V rail (typical).', 1);
INSERT INTO board_revisions (id, device_model, revision, layer_count, primary_soc, pmic, notes) VALUES (200065, 'Samsung Galaxy S22 Ultra', 'Logic Board', NULL, NULL, 'U_PMIC', 'Samsung Galaxy S22 Ultra main logic board. Component set and rails are family-typical reference values; confirm exact values against the boardview/schematic for this unit.');
INSERT INTO board_components (board_revision_id, reference_designator, component_type, value, part_number, notes) VALUES (200065, 'J_DISP', 'Connector', NULL, NULL, 'Display FPC connector');
INSERT INTO board_components (board_revision_id, reference_designator, component_type, value, part_number, notes) VALUES (200065, 'J_BATT', 'Connector', NULL, NULL, 'Battery FPC connector');
INSERT INTO board_components (board_revision_id, reference_designator, component_type, value, part_number, notes) VALUES (200065, 'J_CHG', 'Connector', NULL, NULL, 'Charge port / dock connector');
INSERT INTO board_components (board_revision_id, reference_designator, component_type, value, part_number, notes) VALUES (200065, 'J_FCAM', 'Connector', NULL, NULL, 'Front camera connector');
INSERT INTO board_components (board_revision_id, reference_designator, component_type, value, part_number, notes) VALUES (200065, 'J_RCAM', 'Connector', NULL, NULL, 'Rear camera connector');
INSERT INTO board_components (board_revision_id, reference_designator, component_type, value, part_number, notes) VALUES (200065, 'U_PMIC', 'PMIC', NULL, NULL, 'Main power management IC');
INSERT INTO board_components (board_revision_id, reference_designator, component_type, value, part_number, notes) VALUES (200065, 'U_CHG', 'Charging IC', NULL, NULL, 'USB charging / interface IC');
INSERT INTO board_components (board_revision_id, reference_designator, component_type, value, part_number, notes) VALUES (200065, 'U_AUDIO', 'Audio IC', NULL, NULL, 'Audio codec IC');
INSERT INTO board_components (board_revision_id, reference_designator, component_type, value, part_number, notes) VALUES (200065, 'U_NAND', 'NAND Flash', NULL, NULL, 'Flash storage');
INSERT INTO board_components (board_revision_id, reference_designator, component_type, value, part_number, notes) VALUES (200065, 'U_CHG2', 'Charging IC', NULL, NULL, 'USB-C / charging IC (MAX77705 / S2MU-series typical)');
INSERT INTO board_components (board_revision_id, reference_designator, component_type, value, part_number, notes) VALUES (200065, 'U_SUBPMIC', 'PMIC', NULL, NULL, 'Sub-PMIC (S2MPS / S2DOS typical)');
INSERT INTO board_test_points (board_revision_id, label, location_desc, expected_voltage, expected_resistance) VALUES (200065, 'VBAT', 'see boardview', '3.8V', NULL);
INSERT INTO board_test_points (board_revision_id, label, location_desc, expected_voltage, expected_resistance) VALUES (200065, 'VBUS_5V', 'see boardview', '5.0V', NULL);
INSERT INTO board_test_points (board_revision_id, label, location_desc, expected_voltage, expected_resistance) VALUES (200065, 'PP1V8', 'see boardview', '1.8V', NULL);
INSERT INTO board_test_points (board_revision_id, label, location_desc, expected_voltage, expected_resistance) VALUES (200065, 'PP3V0', 'see boardview', '3.0V', NULL);
INSERT INTO board_nets (board_revision_id, net_name, test_point, expected_value, units) VALUES (200065, 'VBAT / PP_BATT_VCC', 'VBAT', '3.8', 'V');
INSERT INTO board_nets (board_revision_id, net_name, test_point, expected_value, units) VALUES (200065, 'VBUS', 'VBUS_5V', '5.0', 'V');
INSERT INTO board_nets (board_revision_id, net_name, test_point, expected_value, units) VALUES (200065, '1V8', 'PP1V8', '1.8', 'V');
INSERT INTO board_nets (board_revision_id, net_name, test_point, expected_value, units) VALUES (200065, '3V0', 'PP3V0', '3.0', 'V');
INSERT INTO measurements (board_revision_id, kind, test_point, reference_designator, rail_name, power_state, expected_value, measured_value, units, notes, is_known_good) VALUES (200065, 'voltage', 'VBAT', NULL, 'VBAT / PP_BATT_VCC', 'off', '3.8', '3.8', 'V', 'Battery main rail (typically 3.0-4.35V with charge).', 1);
INSERT INTO measurements (board_revision_id, kind, test_point, reference_designator, rail_name, power_state, expected_value, measured_value, units, notes, is_known_good) VALUES (200065, 'voltage', 'VBUS_5V', NULL, 'VBUS', 'on', '5.0', '5.0', 'V', 'USB VBUS when charging.', 1);
INSERT INTO measurements (board_revision_id, kind, test_point, reference_designator, rail_name, power_state, expected_value, measured_value, units, notes, is_known_good) VALUES (200065, 'voltage', 'PP1V8', NULL, '1V8', 'on', '1.8', '1.8', 'V', '1.8V housekeeping rail (typical).', 1);
INSERT INTO measurements (board_revision_id, kind, test_point, reference_designator, rail_name, power_state, expected_value, measured_value, units, notes, is_known_good) VALUES (200065, 'voltage', 'PP3V0', NULL, '3V0', 'on', '3.0', '3.0', 'V', '3.0V rail (typical).', 1);
INSERT INTO board_revisions (id, device_model, revision, layer_count, primary_soc, pmic, notes) VALUES (200066, 'Samsung Galaxy S23', 'Logic Board', NULL, NULL, 'U_PMIC', 'Samsung Galaxy S23 main logic board. Component set and rails are family-typical reference values; confirm exact values against the boardview/schematic for this unit.');
INSERT INTO board_components (board_revision_id, reference_designator, component_type, value, part_number, notes) VALUES (200066, 'J_DISP', 'Connector', NULL, NULL, 'Display FPC connector');
INSERT INTO board_components (board_revision_id, reference_designator, component_type, value, part_number, notes) VALUES (200066, 'J_BATT', 'Connector', NULL, NULL, 'Battery FPC connector');
INSERT INTO board_components (board_revision_id, reference_designator, component_type, value, part_number, notes) VALUES (200066, 'J_CHG', 'Connector', NULL, NULL, 'Charge port / dock connector');
INSERT INTO board_components (board_revision_id, reference_designator, component_type, value, part_number, notes) VALUES (200066, 'J_FCAM', 'Connector', NULL, NULL, 'Front camera connector');
INSERT INTO board_components (board_revision_id, reference_designator, component_type, value, part_number, notes) VALUES (200066, 'J_RCAM', 'Connector', NULL, NULL, 'Rear camera connector');
INSERT INTO board_components (board_revision_id, reference_designator, component_type, value, part_number, notes) VALUES (200066, 'U_PMIC', 'PMIC', NULL, NULL, 'Main power management IC');
INSERT INTO board_components (board_revision_id, reference_designator, component_type, value, part_number, notes) VALUES (200066, 'U_CHG', 'Charging IC', NULL, NULL, 'USB charging / interface IC');
INSERT INTO board_components (board_revision_id, reference_designator, component_type, value, part_number, notes) VALUES (200066, 'U_AUDIO', 'Audio IC', NULL, NULL, 'Audio codec IC');
INSERT INTO board_components (board_revision_id, reference_designator, component_type, value, part_number, notes) VALUES (200066, 'U_NAND', 'NAND Flash', NULL, NULL, 'Flash storage');
INSERT INTO board_components (board_revision_id, reference_designator, component_type, value, part_number, notes) VALUES (200066, 'U_CHG2', 'Charging IC', NULL, NULL, 'USB-C / charging IC (MAX77705 / S2MU-series typical)');
INSERT INTO board_components (board_revision_id, reference_designator, component_type, value, part_number, notes) VALUES (200066, 'U_SUBPMIC', 'PMIC', NULL, NULL, 'Sub-PMIC (S2MPS / S2DOS typical)');
INSERT INTO board_test_points (board_revision_id, label, location_desc, expected_voltage, expected_resistance) VALUES (200066, 'VBAT', 'see boardview', '3.8V', NULL);
INSERT INTO board_test_points (board_revision_id, label, location_desc, expected_voltage, expected_resistance) VALUES (200066, 'VBUS_5V', 'see boardview', '5.0V', NULL);
INSERT INTO board_test_points (board_revision_id, label, location_desc, expected_voltage, expected_resistance) VALUES (200066, 'PP1V8', 'see boardview', '1.8V', NULL);
INSERT INTO board_test_points (board_revision_id, label, location_desc, expected_voltage, expected_resistance) VALUES (200066, 'PP3V0', 'see boardview', '3.0V', NULL);
INSERT INTO board_nets (board_revision_id, net_name, test_point, expected_value, units) VALUES (200066, 'VBAT / PP_BATT_VCC', 'VBAT', '3.8', 'V');
INSERT INTO board_nets (board_revision_id, net_name, test_point, expected_value, units) VALUES (200066, 'VBUS', 'VBUS_5V', '5.0', 'V');
INSERT INTO board_nets (board_revision_id, net_name, test_point, expected_value, units) VALUES (200066, '1V8', 'PP1V8', '1.8', 'V');
INSERT INTO board_nets (board_revision_id, net_name, test_point, expected_value, units) VALUES (200066, '3V0', 'PP3V0', '3.0', 'V');
INSERT INTO measurements (board_revision_id, kind, test_point, reference_designator, rail_name, power_state, expected_value, measured_value, units, notes, is_known_good) VALUES (200066, 'voltage', 'VBAT', NULL, 'VBAT / PP_BATT_VCC', 'off', '3.8', '3.8', 'V', 'Battery main rail (typically 3.0-4.35V with charge).', 1);
INSERT INTO measurements (board_revision_id, kind, test_point, reference_designator, rail_name, power_state, expected_value, measured_value, units, notes, is_known_good) VALUES (200066, 'voltage', 'VBUS_5V', NULL, 'VBUS', 'on', '5.0', '5.0', 'V', 'USB VBUS when charging.', 1);
INSERT INTO measurements (board_revision_id, kind, test_point, reference_designator, rail_name, power_state, expected_value, measured_value, units, notes, is_known_good) VALUES (200066, 'voltage', 'PP1V8', NULL, '1V8', 'on', '1.8', '1.8', 'V', '1.8V housekeeping rail (typical).', 1);
INSERT INTO measurements (board_revision_id, kind, test_point, reference_designator, rail_name, power_state, expected_value, measured_value, units, notes, is_known_good) VALUES (200066, 'voltage', 'PP3V0', NULL, '3V0', 'on', '3.0', '3.0', 'V', '3.0V rail (typical).', 1);
INSERT INTO board_revisions (id, device_model, revision, layer_count, primary_soc, pmic, notes) VALUES (200067, 'Samsung Galaxy S23+', 'Logic Board', NULL, NULL, 'U_PMIC', 'Samsung Galaxy S23+ main logic board. Component set and rails are family-typical reference values; confirm exact values against the boardview/schematic for this unit.');
INSERT INTO board_components (board_revision_id, reference_designator, component_type, value, part_number, notes) VALUES (200067, 'J_DISP', 'Connector', NULL, NULL, 'Display FPC connector');
INSERT INTO board_components (board_revision_id, reference_designator, component_type, value, part_number, notes) VALUES (200067, 'J_BATT', 'Connector', NULL, NULL, 'Battery FPC connector');
INSERT INTO board_components (board_revision_id, reference_designator, component_type, value, part_number, notes) VALUES (200067, 'J_CHG', 'Connector', NULL, NULL, 'Charge port / dock connector');
INSERT INTO board_components (board_revision_id, reference_designator, component_type, value, part_number, notes) VALUES (200067, 'J_FCAM', 'Connector', NULL, NULL, 'Front camera connector');
INSERT INTO board_components (board_revision_id, reference_designator, component_type, value, part_number, notes) VALUES (200067, 'J_RCAM', 'Connector', NULL, NULL, 'Rear camera connector');
INSERT INTO board_components (board_revision_id, reference_designator, component_type, value, part_number, notes) VALUES (200067, 'U_PMIC', 'PMIC', NULL, NULL, 'Main power management IC');
INSERT INTO board_components (board_revision_id, reference_designator, component_type, value, part_number, notes) VALUES (200067, 'U_CHG', 'Charging IC', NULL, NULL, 'USB charging / interface IC');
INSERT INTO board_components (board_revision_id, reference_designator, component_type, value, part_number, notes) VALUES (200067, 'U_AUDIO', 'Audio IC', NULL, NULL, 'Audio codec IC');
INSERT INTO board_components (board_revision_id, reference_designator, component_type, value, part_number, notes) VALUES (200067, 'U_NAND', 'NAND Flash', NULL, NULL, 'Flash storage');
INSERT INTO board_components (board_revision_id, reference_designator, component_type, value, part_number, notes) VALUES (200067, 'U_CHG2', 'Charging IC', NULL, NULL, 'USB-C / charging IC (MAX77705 / S2MU-series typical)');
INSERT INTO board_components (board_revision_id, reference_designator, component_type, value, part_number, notes) VALUES (200067, 'U_SUBPMIC', 'PMIC', NULL, NULL, 'Sub-PMIC (S2MPS / S2DOS typical)');
INSERT INTO board_test_points (board_revision_id, label, location_desc, expected_voltage, expected_resistance) VALUES (200067, 'VBAT', 'see boardview', '3.8V', NULL);
INSERT INTO board_test_points (board_revision_id, label, location_desc, expected_voltage, expected_resistance) VALUES (200067, 'VBUS_5V', 'see boardview', '5.0V', NULL);
INSERT INTO board_test_points (board_revision_id, label, location_desc, expected_voltage, expected_resistance) VALUES (200067, 'PP1V8', 'see boardview', '1.8V', NULL);
INSERT INTO board_test_points (board_revision_id, label, location_desc, expected_voltage, expected_resistance) VALUES (200067, 'PP3V0', 'see boardview', '3.0V', NULL);
INSERT INTO board_nets (board_revision_id, net_name, test_point, expected_value, units) VALUES (200067, 'VBAT / PP_BATT_VCC', 'VBAT', '3.8', 'V');
INSERT INTO board_nets (board_revision_id, net_name, test_point, expected_value, units) VALUES (200067, 'VBUS', 'VBUS_5V', '5.0', 'V');
INSERT INTO board_nets (board_revision_id, net_name, test_point, expected_value, units) VALUES (200067, '1V8', 'PP1V8', '1.8', 'V');
INSERT INTO board_nets (board_revision_id, net_name, test_point, expected_value, units) VALUES (200067, '3V0', 'PP3V0', '3.0', 'V');
INSERT INTO measurements (board_revision_id, kind, test_point, reference_designator, rail_name, power_state, expected_value, measured_value, units, notes, is_known_good) VALUES (200067, 'voltage', 'VBAT', NULL, 'VBAT / PP_BATT_VCC', 'off', '3.8', '3.8', 'V', 'Battery main rail (typically 3.0-4.35V with charge).', 1);
INSERT INTO measurements (board_revision_id, kind, test_point, reference_designator, rail_name, power_state, expected_value, measured_value, units, notes, is_known_good) VALUES (200067, 'voltage', 'VBUS_5V', NULL, 'VBUS', 'on', '5.0', '5.0', 'V', 'USB VBUS when charging.', 1);
INSERT INTO measurements (board_revision_id, kind, test_point, reference_designator, rail_name, power_state, expected_value, measured_value, units, notes, is_known_good) VALUES (200067, 'voltage', 'PP1V8', NULL, '1V8', 'on', '1.8', '1.8', 'V', '1.8V housekeeping rail (typical).', 1);
INSERT INTO measurements (board_revision_id, kind, test_point, reference_designator, rail_name, power_state, expected_value, measured_value, units, notes, is_known_good) VALUES (200067, 'voltage', 'PP3V0', NULL, '3V0', 'on', '3.0', '3.0', 'V', '3.0V rail (typical).', 1);
INSERT INTO board_revisions (id, device_model, revision, layer_count, primary_soc, pmic, notes) VALUES (200068, 'Samsung Galaxy S23 Ultra', 'Logic Board', NULL, NULL, 'U_PMIC', 'Samsung Galaxy S23 Ultra main logic board. Component set and rails are family-typical reference values; confirm exact values against the boardview/schematic for this unit.');
INSERT INTO board_components (board_revision_id, reference_designator, component_type, value, part_number, notes) VALUES (200068, 'J_DISP', 'Connector', NULL, NULL, 'Display FPC connector');
INSERT INTO board_components (board_revision_id, reference_designator, component_type, value, part_number, notes) VALUES (200068, 'J_BATT', 'Connector', NULL, NULL, 'Battery FPC connector');
INSERT INTO board_components (board_revision_id, reference_designator, component_type, value, part_number, notes) VALUES (200068, 'J_CHG', 'Connector', NULL, NULL, 'Charge port / dock connector');
INSERT INTO board_components (board_revision_id, reference_designator, component_type, value, part_number, notes) VALUES (200068, 'J_FCAM', 'Connector', NULL, NULL, 'Front camera connector');
INSERT INTO board_components (board_revision_id, reference_designator, component_type, value, part_number, notes) VALUES (200068, 'J_RCAM', 'Connector', NULL, NULL, 'Rear camera connector');
INSERT INTO board_components (board_revision_id, reference_designator, component_type, value, part_number, notes) VALUES (200068, 'U_PMIC', 'PMIC', NULL, NULL, 'Main power management IC');
INSERT INTO board_components (board_revision_id, reference_designator, component_type, value, part_number, notes) VALUES (200068, 'U_CHG', 'Charging IC', NULL, NULL, 'USB charging / interface IC');
INSERT INTO board_components (board_revision_id, reference_designator, component_type, value, part_number, notes) VALUES (200068, 'U_AUDIO', 'Audio IC', NULL, NULL, 'Audio codec IC');
INSERT INTO board_components (board_revision_id, reference_designator, component_type, value, part_number, notes) VALUES (200068, 'U_NAND', 'NAND Flash', NULL, NULL, 'Flash storage');
INSERT INTO board_components (board_revision_id, reference_designator, component_type, value, part_number, notes) VALUES (200068, 'U_CHG2', 'Charging IC', NULL, NULL, 'USB-C / charging IC (MAX77705 / S2MU-series typical)');
INSERT INTO board_components (board_revision_id, reference_designator, component_type, value, part_number, notes) VALUES (200068, 'U_SUBPMIC', 'PMIC', NULL, NULL, 'Sub-PMIC (S2MPS / S2DOS typical)');
INSERT INTO board_test_points (board_revision_id, label, location_desc, expected_voltage, expected_resistance) VALUES (200068, 'VBAT', 'see boardview', '3.8V', NULL);
INSERT INTO board_test_points (board_revision_id, label, location_desc, expected_voltage, expected_resistance) VALUES (200068, 'VBUS_5V', 'see boardview', '5.0V', NULL);
INSERT INTO board_test_points (board_revision_id, label, location_desc, expected_voltage, expected_resistance) VALUES (200068, 'PP1V8', 'see boardview', '1.8V', NULL);
INSERT INTO board_test_points (board_revision_id, label, location_desc, expected_voltage, expected_resistance) VALUES (200068, 'PP3V0', 'see boardview', '3.0V', NULL);
INSERT INTO board_nets (board_revision_id, net_name, test_point, expected_value, units) VALUES (200068, 'VBAT / PP_BATT_VCC', 'VBAT', '3.8', 'V');
INSERT INTO board_nets (board_revision_id, net_name, test_point, expected_value, units) VALUES (200068, 'VBUS', 'VBUS_5V', '5.0', 'V');
INSERT INTO board_nets (board_revision_id, net_name, test_point, expected_value, units) VALUES (200068, '1V8', 'PP1V8', '1.8', 'V');
INSERT INTO board_nets (board_revision_id, net_name, test_point, expected_value, units) VALUES (200068, '3V0', 'PP3V0', '3.0', 'V');
INSERT INTO measurements (board_revision_id, kind, test_point, reference_designator, rail_name, power_state, expected_value, measured_value, units, notes, is_known_good) VALUES (200068, 'voltage', 'VBAT', NULL, 'VBAT / PP_BATT_VCC', 'off', '3.8', '3.8', 'V', 'Battery main rail (typically 3.0-4.35V with charge).', 1);
INSERT INTO measurements (board_revision_id, kind, test_point, reference_designator, rail_name, power_state, expected_value, measured_value, units, notes, is_known_good) VALUES (200068, 'voltage', 'VBUS_5V', NULL, 'VBUS', 'on', '5.0', '5.0', 'V', 'USB VBUS when charging.', 1);
INSERT INTO measurements (board_revision_id, kind, test_point, reference_designator, rail_name, power_state, expected_value, measured_value, units, notes, is_known_good) VALUES (200068, 'voltage', 'PP1V8', NULL, '1V8', 'on', '1.8', '1.8', 'V', '1.8V housekeeping rail (typical).', 1);
INSERT INTO measurements (board_revision_id, kind, test_point, reference_designator, rail_name, power_state, expected_value, measured_value, units, notes, is_known_good) VALUES (200068, 'voltage', 'PP3V0', NULL, '3V0', 'on', '3.0', '3.0', 'V', '3.0V rail (typical).', 1);
INSERT INTO board_revisions (id, device_model, revision, layer_count, primary_soc, pmic, notes) VALUES (200069, 'Samsung Galaxy S23 FE', 'Logic Board', NULL, NULL, 'U_PMIC', 'Samsung Galaxy S23 FE main logic board. Component set and rails are family-typical reference values; confirm exact values against the boardview/schematic for this unit.');
INSERT INTO board_components (board_revision_id, reference_designator, component_type, value, part_number, notes) VALUES (200069, 'J_DISP', 'Connector', NULL, NULL, 'Display FPC connector');
INSERT INTO board_components (board_revision_id, reference_designator, component_type, value, part_number, notes) VALUES (200069, 'J_BATT', 'Connector', NULL, NULL, 'Battery FPC connector');
INSERT INTO board_components (board_revision_id, reference_designator, component_type, value, part_number, notes) VALUES (200069, 'J_CHG', 'Connector', NULL, NULL, 'Charge port / dock connector');
INSERT INTO board_components (board_revision_id, reference_designator, component_type, value, part_number, notes) VALUES (200069, 'J_FCAM', 'Connector', NULL, NULL, 'Front camera connector');
INSERT INTO board_components (board_revision_id, reference_designator, component_type, value, part_number, notes) VALUES (200069, 'J_RCAM', 'Connector', NULL, NULL, 'Rear camera connector');
INSERT INTO board_components (board_revision_id, reference_designator, component_type, value, part_number, notes) VALUES (200069, 'U_PMIC', 'PMIC', NULL, NULL, 'Main power management IC');
INSERT INTO board_components (board_revision_id, reference_designator, component_type, value, part_number, notes) VALUES (200069, 'U_CHG', 'Charging IC', NULL, NULL, 'USB charging / interface IC');
INSERT INTO board_components (board_revision_id, reference_designator, component_type, value, part_number, notes) VALUES (200069, 'U_AUDIO', 'Audio IC', NULL, NULL, 'Audio codec IC');
INSERT INTO board_components (board_revision_id, reference_designator, component_type, value, part_number, notes) VALUES (200069, 'U_NAND', 'NAND Flash', NULL, NULL, 'Flash storage');
INSERT INTO board_components (board_revision_id, reference_designator, component_type, value, part_number, notes) VALUES (200069, 'U_CHG2', 'Charging IC', NULL, NULL, 'USB-C / charging IC (MAX77705 / S2MU-series typical)');
INSERT INTO board_components (board_revision_id, reference_designator, component_type, value, part_number, notes) VALUES (200069, 'U_SUBPMIC', 'PMIC', NULL, NULL, 'Sub-PMIC (S2MPS / S2DOS typical)');
INSERT INTO board_test_points (board_revision_id, label, location_desc, expected_voltage, expected_resistance) VALUES (200069, 'VBAT', 'see boardview', '3.8V', NULL);
INSERT INTO board_test_points (board_revision_id, label, location_desc, expected_voltage, expected_resistance) VALUES (200069, 'VBUS_5V', 'see boardview', '5.0V', NULL);
INSERT INTO board_test_points (board_revision_id, label, location_desc, expected_voltage, expected_resistance) VALUES (200069, 'PP1V8', 'see boardview', '1.8V', NULL);
INSERT INTO board_test_points (board_revision_id, label, location_desc, expected_voltage, expected_resistance) VALUES (200069, 'PP3V0', 'see boardview', '3.0V', NULL);
INSERT INTO board_nets (board_revision_id, net_name, test_point, expected_value, units) VALUES (200069, 'VBAT / PP_BATT_VCC', 'VBAT', '3.8', 'V');
INSERT INTO board_nets (board_revision_id, net_name, test_point, expected_value, units) VALUES (200069, 'VBUS', 'VBUS_5V', '5.0', 'V');
INSERT INTO board_nets (board_revision_id, net_name, test_point, expected_value, units) VALUES (200069, '1V8', 'PP1V8', '1.8', 'V');
INSERT INTO board_nets (board_revision_id, net_name, test_point, expected_value, units) VALUES (200069, '3V0', 'PP3V0', '3.0', 'V');
INSERT INTO measurements (board_revision_id, kind, test_point, reference_designator, rail_name, power_state, expected_value, measured_value, units, notes, is_known_good) VALUES (200069, 'voltage', 'VBAT', NULL, 'VBAT / PP_BATT_VCC', 'off', '3.8', '3.8', 'V', 'Battery main rail (typically 3.0-4.35V with charge).', 1);
INSERT INTO measurements (board_revision_id, kind, test_point, reference_designator, rail_name, power_state, expected_value, measured_value, units, notes, is_known_good) VALUES (200069, 'voltage', 'VBUS_5V', NULL, 'VBUS', 'on', '5.0', '5.0', 'V', 'USB VBUS when charging.', 1);
INSERT INTO measurements (board_revision_id, kind, test_point, reference_designator, rail_name, power_state, expected_value, measured_value, units, notes, is_known_good) VALUES (200069, 'voltage', 'PP1V8', NULL, '1V8', 'on', '1.8', '1.8', 'V', '1.8V housekeeping rail (typical).', 1);
INSERT INTO measurements (board_revision_id, kind, test_point, reference_designator, rail_name, power_state, expected_value, measured_value, units, notes, is_known_good) VALUES (200069, 'voltage', 'PP3V0', NULL, '3V0', 'on', '3.0', '3.0', 'V', '3.0V rail (typical).', 1);
INSERT INTO board_revisions (id, device_model, revision, layer_count, primary_soc, pmic, notes) VALUES (200070, 'Samsung Galaxy S24', 'Logic Board', NULL, NULL, 'U_PMIC', 'Samsung Galaxy S24 main logic board. Component set and rails are family-typical reference values; confirm exact values against the boardview/schematic for this unit.');
INSERT INTO board_components (board_revision_id, reference_designator, component_type, value, part_number, notes) VALUES (200070, 'J_DISP', 'Connector', NULL, NULL, 'Display FPC connector');
INSERT INTO board_components (board_revision_id, reference_designator, component_type, value, part_number, notes) VALUES (200070, 'J_BATT', 'Connector', NULL, NULL, 'Battery FPC connector');
INSERT INTO board_components (board_revision_id, reference_designator, component_type, value, part_number, notes) VALUES (200070, 'J_CHG', 'Connector', NULL, NULL, 'Charge port / dock connector');
INSERT INTO board_components (board_revision_id, reference_designator, component_type, value, part_number, notes) VALUES (200070, 'J_FCAM', 'Connector', NULL, NULL, 'Front camera connector');
INSERT INTO board_components (board_revision_id, reference_designator, component_type, value, part_number, notes) VALUES (200070, 'J_RCAM', 'Connector', NULL, NULL, 'Rear camera connector');
INSERT INTO board_components (board_revision_id, reference_designator, component_type, value, part_number, notes) VALUES (200070, 'U_PMIC', 'PMIC', NULL, NULL, 'Main power management IC');
INSERT INTO board_components (board_revision_id, reference_designator, component_type, value, part_number, notes) VALUES (200070, 'U_CHG', 'Charging IC', NULL, NULL, 'USB charging / interface IC');
INSERT INTO board_components (board_revision_id, reference_designator, component_type, value, part_number, notes) VALUES (200070, 'U_AUDIO', 'Audio IC', NULL, NULL, 'Audio codec IC');
INSERT INTO board_components (board_revision_id, reference_designator, component_type, value, part_number, notes) VALUES (200070, 'U_NAND', 'NAND Flash', NULL, NULL, 'Flash storage');
INSERT INTO board_components (board_revision_id, reference_designator, component_type, value, part_number, notes) VALUES (200070, 'U_CHG2', 'Charging IC', NULL, NULL, 'USB-C / charging IC (MAX77705 / S2MU-series typical)');
INSERT INTO board_components (board_revision_id, reference_designator, component_type, value, part_number, notes) VALUES (200070, 'U_SUBPMIC', 'PMIC', NULL, NULL, 'Sub-PMIC (S2MPS / S2DOS typical)');
INSERT INTO board_test_points (board_revision_id, label, location_desc, expected_voltage, expected_resistance) VALUES (200070, 'VBAT', 'see boardview', '3.8V', NULL);
INSERT INTO board_test_points (board_revision_id, label, location_desc, expected_voltage, expected_resistance) VALUES (200070, 'VBUS_5V', 'see boardview', '5.0V', NULL);
INSERT INTO board_test_points (board_revision_id, label, location_desc, expected_voltage, expected_resistance) VALUES (200070, 'PP1V8', 'see boardview', '1.8V', NULL);
INSERT INTO board_test_points (board_revision_id, label, location_desc, expected_voltage, expected_resistance) VALUES (200070, 'PP3V0', 'see boardview', '3.0V', NULL);
INSERT INTO board_nets (board_revision_id, net_name, test_point, expected_value, units) VALUES (200070, 'VBAT / PP_BATT_VCC', 'VBAT', '3.8', 'V');
INSERT INTO board_nets (board_revision_id, net_name, test_point, expected_value, units) VALUES (200070, 'VBUS', 'VBUS_5V', '5.0', 'V');
INSERT INTO board_nets (board_revision_id, net_name, test_point, expected_value, units) VALUES (200070, '1V8', 'PP1V8', '1.8', 'V');
INSERT INTO board_nets (board_revision_id, net_name, test_point, expected_value, units) VALUES (200070, '3V0', 'PP3V0', '3.0', 'V');
INSERT INTO measurements (board_revision_id, kind, test_point, reference_designator, rail_name, power_state, expected_value, measured_value, units, notes, is_known_good) VALUES (200070, 'voltage', 'VBAT', NULL, 'VBAT / PP_BATT_VCC', 'off', '3.8', '3.8', 'V', 'Battery main rail (typically 3.0-4.35V with charge).', 1);
INSERT INTO measurements (board_revision_id, kind, test_point, reference_designator, rail_name, power_state, expected_value, measured_value, units, notes, is_known_good) VALUES (200070, 'voltage', 'VBUS_5V', NULL, 'VBUS', 'on', '5.0', '5.0', 'V', 'USB VBUS when charging.', 1);
INSERT INTO measurements (board_revision_id, kind, test_point, reference_designator, rail_name, power_state, expected_value, measured_value, units, notes, is_known_good) VALUES (200070, 'voltage', 'PP1V8', NULL, '1V8', 'on', '1.8', '1.8', 'V', '1.8V housekeeping rail (typical).', 1);
INSERT INTO measurements (board_revision_id, kind, test_point, reference_designator, rail_name, power_state, expected_value, measured_value, units, notes, is_known_good) VALUES (200070, 'voltage', 'PP3V0', NULL, '3V0', 'on', '3.0', '3.0', 'V', '3.0V rail (typical).', 1);
INSERT INTO board_revisions (id, device_model, revision, layer_count, primary_soc, pmic, notes) VALUES (200071, 'Samsung Galaxy S24+', 'Logic Board', NULL, NULL, 'U_PMIC', 'Samsung Galaxy S24+ main logic board. Component set and rails are family-typical reference values; confirm exact values against the boardview/schematic for this unit.');
INSERT INTO board_components (board_revision_id, reference_designator, component_type, value, part_number, notes) VALUES (200071, 'J_DISP', 'Connector', NULL, NULL, 'Display FPC connector');
INSERT INTO board_components (board_revision_id, reference_designator, component_type, value, part_number, notes) VALUES (200071, 'J_BATT', 'Connector', NULL, NULL, 'Battery FPC connector');
INSERT INTO board_components (board_revision_id, reference_designator, component_type, value, part_number, notes) VALUES (200071, 'J_CHG', 'Connector', NULL, NULL, 'Charge port / dock connector');
INSERT INTO board_components (board_revision_id, reference_designator, component_type, value, part_number, notes) VALUES (200071, 'J_FCAM', 'Connector', NULL, NULL, 'Front camera connector');
INSERT INTO board_components (board_revision_id, reference_designator, component_type, value, part_number, notes) VALUES (200071, 'J_RCAM', 'Connector', NULL, NULL, 'Rear camera connector');
INSERT INTO board_components (board_revision_id, reference_designator, component_type, value, part_number, notes) VALUES (200071, 'U_PMIC', 'PMIC', NULL, NULL, 'Main power management IC');
INSERT INTO board_components (board_revision_id, reference_designator, component_type, value, part_number, notes) VALUES (200071, 'U_CHG', 'Charging IC', NULL, NULL, 'USB charging / interface IC');
INSERT INTO board_components (board_revision_id, reference_designator, component_type, value, part_number, notes) VALUES (200071, 'U_AUDIO', 'Audio IC', NULL, NULL, 'Audio codec IC');
INSERT INTO board_components (board_revision_id, reference_designator, component_type, value, part_number, notes) VALUES (200071, 'U_NAND', 'NAND Flash', NULL, NULL, 'Flash storage');
INSERT INTO board_components (board_revision_id, reference_designator, component_type, value, part_number, notes) VALUES (200071, 'U_CHG2', 'Charging IC', NULL, NULL, 'USB-C / charging IC (MAX77705 / S2MU-series typical)');
INSERT INTO board_components (board_revision_id, reference_designator, component_type, value, part_number, notes) VALUES (200071, 'U_SUBPMIC', 'PMIC', NULL, NULL, 'Sub-PMIC (S2MPS / S2DOS typical)');
INSERT INTO board_test_points (board_revision_id, label, location_desc, expected_voltage, expected_resistance) VALUES (200071, 'VBAT', 'see boardview', '3.8V', NULL);
INSERT INTO board_test_points (board_revision_id, label, location_desc, expected_voltage, expected_resistance) VALUES (200071, 'VBUS_5V', 'see boardview', '5.0V', NULL);
INSERT INTO board_test_points (board_revision_id, label, location_desc, expected_voltage, expected_resistance) VALUES (200071, 'PP1V8', 'see boardview', '1.8V', NULL);
INSERT INTO board_test_points (board_revision_id, label, location_desc, expected_voltage, expected_resistance) VALUES (200071, 'PP3V0', 'see boardview', '3.0V', NULL);
INSERT INTO board_nets (board_revision_id, net_name, test_point, expected_value, units) VALUES (200071, 'VBAT / PP_BATT_VCC', 'VBAT', '3.8', 'V');
INSERT INTO board_nets (board_revision_id, net_name, test_point, expected_value, units) VALUES (200071, 'VBUS', 'VBUS_5V', '5.0', 'V');
INSERT INTO board_nets (board_revision_id, net_name, test_point, expected_value, units) VALUES (200071, '1V8', 'PP1V8', '1.8', 'V');
INSERT INTO board_nets (board_revision_id, net_name, test_point, expected_value, units) VALUES (200071, '3V0', 'PP3V0', '3.0', 'V');
INSERT INTO measurements (board_revision_id, kind, test_point, reference_designator, rail_name, power_state, expected_value, measured_value, units, notes, is_known_good) VALUES (200071, 'voltage', 'VBAT', NULL, 'VBAT / PP_BATT_VCC', 'off', '3.8', '3.8', 'V', 'Battery main rail (typically 3.0-4.35V with charge).', 1);
INSERT INTO measurements (board_revision_id, kind, test_point, reference_designator, rail_name, power_state, expected_value, measured_value, units, notes, is_known_good) VALUES (200071, 'voltage', 'VBUS_5V', NULL, 'VBUS', 'on', '5.0', '5.0', 'V', 'USB VBUS when charging.', 1);
INSERT INTO measurements (board_revision_id, kind, test_point, reference_designator, rail_name, power_state, expected_value, measured_value, units, notes, is_known_good) VALUES (200071, 'voltage', 'PP1V8', NULL, '1V8', 'on', '1.8', '1.8', 'V', '1.8V housekeeping rail (typical).', 1);
INSERT INTO measurements (board_revision_id, kind, test_point, reference_designator, rail_name, power_state, expected_value, measured_value, units, notes, is_known_good) VALUES (200071, 'voltage', 'PP3V0', NULL, '3V0', 'on', '3.0', '3.0', 'V', '3.0V rail (typical).', 1);
INSERT INTO board_revisions (id, device_model, revision, layer_count, primary_soc, pmic, notes) VALUES (200072, 'Samsung Galaxy S24 Ultra', 'Logic Board', NULL, NULL, 'U_PMIC', 'Samsung Galaxy S24 Ultra main logic board. Component set and rails are family-typical reference values; confirm exact values against the boardview/schematic for this unit.');
INSERT INTO board_components (board_revision_id, reference_designator, component_type, value, part_number, notes) VALUES (200072, 'J_DISP', 'Connector', NULL, NULL, 'Display FPC connector');
INSERT INTO board_components (board_revision_id, reference_designator, component_type, value, part_number, notes) VALUES (200072, 'J_BATT', 'Connector', NULL, NULL, 'Battery FPC connector');
INSERT INTO board_components (board_revision_id, reference_designator, component_type, value, part_number, notes) VALUES (200072, 'J_CHG', 'Connector', NULL, NULL, 'Charge port / dock connector');
INSERT INTO board_components (board_revision_id, reference_designator, component_type, value, part_number, notes) VALUES (200072, 'J_FCAM', 'Connector', NULL, NULL, 'Front camera connector');
INSERT INTO board_components (board_revision_id, reference_designator, component_type, value, part_number, notes) VALUES (200072, 'J_RCAM', 'Connector', NULL, NULL, 'Rear camera connector');
INSERT INTO board_components (board_revision_id, reference_designator, component_type, value, part_number, notes) VALUES (200072, 'U_PMIC', 'PMIC', NULL, NULL, 'Main power management IC');
INSERT INTO board_components (board_revision_id, reference_designator, component_type, value, part_number, notes) VALUES (200072, 'U_CHG', 'Charging IC', NULL, NULL, 'USB charging / interface IC');
INSERT INTO board_components (board_revision_id, reference_designator, component_type, value, part_number, notes) VALUES (200072, 'U_AUDIO', 'Audio IC', NULL, NULL, 'Audio codec IC');
INSERT INTO board_components (board_revision_id, reference_designator, component_type, value, part_number, notes) VALUES (200072, 'U_NAND', 'NAND Flash', NULL, NULL, 'Flash storage');
INSERT INTO board_components (board_revision_id, reference_designator, component_type, value, part_number, notes) VALUES (200072, 'U_CHG2', 'Charging IC', NULL, NULL, 'USB-C / charging IC (MAX77705 / S2MU-series typical)');
INSERT INTO board_components (board_revision_id, reference_designator, component_type, value, part_number, notes) VALUES (200072, 'U_SUBPMIC', 'PMIC', NULL, NULL, 'Sub-PMIC (S2MPS / S2DOS typical)');
INSERT INTO board_test_points (board_revision_id, label, location_desc, expected_voltage, expected_resistance) VALUES (200072, 'VBAT', 'see boardview', '3.8V', NULL);
INSERT INTO board_test_points (board_revision_id, label, location_desc, expected_voltage, expected_resistance) VALUES (200072, 'VBUS_5V', 'see boardview', '5.0V', NULL);
INSERT INTO board_test_points (board_revision_id, label, location_desc, expected_voltage, expected_resistance) VALUES (200072, 'PP1V8', 'see boardview', '1.8V', NULL);
INSERT INTO board_test_points (board_revision_id, label, location_desc, expected_voltage, expected_resistance) VALUES (200072, 'PP3V0', 'see boardview', '3.0V', NULL);
INSERT INTO board_nets (board_revision_id, net_name, test_point, expected_value, units) VALUES (200072, 'VBAT / PP_BATT_VCC', 'VBAT', '3.8', 'V');
INSERT INTO board_nets (board_revision_id, net_name, test_point, expected_value, units) VALUES (200072, 'VBUS', 'VBUS_5V', '5.0', 'V');
INSERT INTO board_nets (board_revision_id, net_name, test_point, expected_value, units) VALUES (200072, '1V8', 'PP1V8', '1.8', 'V');
INSERT INTO board_nets (board_revision_id, net_name, test_point, expected_value, units) VALUES (200072, '3V0', 'PP3V0', '3.0', 'V');
INSERT INTO measurements (board_revision_id, kind, test_point, reference_designator, rail_name, power_state, expected_value, measured_value, units, notes, is_known_good) VALUES (200072, 'voltage', 'VBAT', NULL, 'VBAT / PP_BATT_VCC', 'off', '3.8', '3.8', 'V', 'Battery main rail (typically 3.0-4.35V with charge).', 1);
INSERT INTO measurements (board_revision_id, kind, test_point, reference_designator, rail_name, power_state, expected_value, measured_value, units, notes, is_known_good) VALUES (200072, 'voltage', 'VBUS_5V', NULL, 'VBUS', 'on', '5.0', '5.0', 'V', 'USB VBUS when charging.', 1);
INSERT INTO measurements (board_revision_id, kind, test_point, reference_designator, rail_name, power_state, expected_value, measured_value, units, notes, is_known_good) VALUES (200072, 'voltage', 'PP1V8', NULL, '1V8', 'on', '1.8', '1.8', 'V', '1.8V housekeeping rail (typical).', 1);
INSERT INTO measurements (board_revision_id, kind, test_point, reference_designator, rail_name, power_state, expected_value, measured_value, units, notes, is_known_good) VALUES (200072, 'voltage', 'PP3V0', NULL, '3V0', 'on', '3.0', '3.0', 'V', '3.0V rail (typical).', 1);
INSERT INTO board_revisions (id, device_model, revision, layer_count, primary_soc, pmic, notes) VALUES (200073, 'Samsung Galaxy Note 3', 'Logic Board', NULL, NULL, 'U_PMIC', 'Samsung Galaxy Note 3 main logic board. Component set and rails are family-typical reference values; confirm exact values against the boardview/schematic for this unit.');
INSERT INTO board_components (board_revision_id, reference_designator, component_type, value, part_number, notes) VALUES (200073, 'J_DISP', 'Connector', NULL, NULL, 'Display FPC connector');
INSERT INTO board_components (board_revision_id, reference_designator, component_type, value, part_number, notes) VALUES (200073, 'J_BATT', 'Connector', NULL, NULL, 'Battery FPC connector');
INSERT INTO board_components (board_revision_id, reference_designator, component_type, value, part_number, notes) VALUES (200073, 'J_CHG', 'Connector', NULL, NULL, 'Charge port / dock connector');
INSERT INTO board_components (board_revision_id, reference_designator, component_type, value, part_number, notes) VALUES (200073, 'J_FCAM', 'Connector', NULL, NULL, 'Front camera connector');
INSERT INTO board_components (board_revision_id, reference_designator, component_type, value, part_number, notes) VALUES (200073, 'J_RCAM', 'Connector', NULL, NULL, 'Rear camera connector');
INSERT INTO board_components (board_revision_id, reference_designator, component_type, value, part_number, notes) VALUES (200073, 'U_PMIC', 'PMIC', NULL, NULL, 'Main power management IC');
INSERT INTO board_components (board_revision_id, reference_designator, component_type, value, part_number, notes) VALUES (200073, 'U_CHG', 'Charging IC', NULL, NULL, 'USB charging / interface IC');
INSERT INTO board_components (board_revision_id, reference_designator, component_type, value, part_number, notes) VALUES (200073, 'U_AUDIO', 'Audio IC', NULL, NULL, 'Audio codec IC');
INSERT INTO board_components (board_revision_id, reference_designator, component_type, value, part_number, notes) VALUES (200073, 'U_NAND', 'NAND Flash', NULL, NULL, 'Flash storage');
INSERT INTO board_components (board_revision_id, reference_designator, component_type, value, part_number, notes) VALUES (200073, 'U_CHG2', 'Charging IC', NULL, NULL, 'USB-C / charging IC (MAX77705 / S2MU-series typical)');
INSERT INTO board_components (board_revision_id, reference_designator, component_type, value, part_number, notes) VALUES (200073, 'U_SUBPMIC', 'PMIC', NULL, NULL, 'Sub-PMIC (S2MPS / S2DOS typical)');
INSERT INTO board_test_points (board_revision_id, label, location_desc, expected_voltage, expected_resistance) VALUES (200073, 'VBAT', 'see boardview', '3.8V', NULL);
INSERT INTO board_test_points (board_revision_id, label, location_desc, expected_voltage, expected_resistance) VALUES (200073, 'VBUS_5V', 'see boardview', '5.0V', NULL);
INSERT INTO board_test_points (board_revision_id, label, location_desc, expected_voltage, expected_resistance) VALUES (200073, 'PP1V8', 'see boardview', '1.8V', NULL);
INSERT INTO board_test_points (board_revision_id, label, location_desc, expected_voltage, expected_resistance) VALUES (200073, 'PP3V0', 'see boardview', '3.0V', NULL);
INSERT INTO board_nets (board_revision_id, net_name, test_point, expected_value, units) VALUES (200073, 'VBAT / PP_BATT_VCC', 'VBAT', '3.8', 'V');
INSERT INTO board_nets (board_revision_id, net_name, test_point, expected_value, units) VALUES (200073, 'VBUS', 'VBUS_5V', '5.0', 'V');
INSERT INTO board_nets (board_revision_id, net_name, test_point, expected_value, units) VALUES (200073, '1V8', 'PP1V8', '1.8', 'V');
INSERT INTO board_nets (board_revision_id, net_name, test_point, expected_value, units) VALUES (200073, '3V0', 'PP3V0', '3.0', 'V');
INSERT INTO measurements (board_revision_id, kind, test_point, reference_designator, rail_name, power_state, expected_value, measured_value, units, notes, is_known_good) VALUES (200073, 'voltage', 'VBAT', NULL, 'VBAT / PP_BATT_VCC', 'off', '3.8', '3.8', 'V', 'Battery main rail (typically 3.0-4.35V with charge).', 1);
INSERT INTO measurements (board_revision_id, kind, test_point, reference_designator, rail_name, power_state, expected_value, measured_value, units, notes, is_known_good) VALUES (200073, 'voltage', 'VBUS_5V', NULL, 'VBUS', 'on', '5.0', '5.0', 'V', 'USB VBUS when charging.', 1);
INSERT INTO measurements (board_revision_id, kind, test_point, reference_designator, rail_name, power_state, expected_value, measured_value, units, notes, is_known_good) VALUES (200073, 'voltage', 'PP1V8', NULL, '1V8', 'on', '1.8', '1.8', 'V', '1.8V housekeeping rail (typical).', 1);
INSERT INTO measurements (board_revision_id, kind, test_point, reference_designator, rail_name, power_state, expected_value, measured_value, units, notes, is_known_good) VALUES (200073, 'voltage', 'PP3V0', NULL, '3V0', 'on', '3.0', '3.0', 'V', '3.0V rail (typical).', 1);
INSERT INTO board_revisions (id, device_model, revision, layer_count, primary_soc, pmic, notes) VALUES (200074, 'Samsung Galaxy Note 4', 'Logic Board', NULL, NULL, 'U_PMIC', 'Samsung Galaxy Note 4 main logic board. Component set and rails are family-typical reference values; confirm exact values against the boardview/schematic for this unit.');
INSERT INTO board_components (board_revision_id, reference_designator, component_type, value, part_number, notes) VALUES (200074, 'J_DISP', 'Connector', NULL, NULL, 'Display FPC connector');
INSERT INTO board_components (board_revision_id, reference_designator, component_type, value, part_number, notes) VALUES (200074, 'J_BATT', 'Connector', NULL, NULL, 'Battery FPC connector');
INSERT INTO board_components (board_revision_id, reference_designator, component_type, value, part_number, notes) VALUES (200074, 'J_CHG', 'Connector', NULL, NULL, 'Charge port / dock connector');
INSERT INTO board_components (board_revision_id, reference_designator, component_type, value, part_number, notes) VALUES (200074, 'J_FCAM', 'Connector', NULL, NULL, 'Front camera connector');
INSERT INTO board_components (board_revision_id, reference_designator, component_type, value, part_number, notes) VALUES (200074, 'J_RCAM', 'Connector', NULL, NULL, 'Rear camera connector');
INSERT INTO board_components (board_revision_id, reference_designator, component_type, value, part_number, notes) VALUES (200074, 'U_PMIC', 'PMIC', NULL, NULL, 'Main power management IC');
INSERT INTO board_components (board_revision_id, reference_designator, component_type, value, part_number, notes) VALUES (200074, 'U_CHG', 'Charging IC', NULL, NULL, 'USB charging / interface IC');
INSERT INTO board_components (board_revision_id, reference_designator, component_type, value, part_number, notes) VALUES (200074, 'U_AUDIO', 'Audio IC', NULL, NULL, 'Audio codec IC');
INSERT INTO board_components (board_revision_id, reference_designator, component_type, value, part_number, notes) VALUES (200074, 'U_NAND', 'NAND Flash', NULL, NULL, 'Flash storage');
INSERT INTO board_components (board_revision_id, reference_designator, component_type, value, part_number, notes) VALUES (200074, 'U_CHG2', 'Charging IC', NULL, NULL, 'USB-C / charging IC (MAX77705 / S2MU-series typical)');
INSERT INTO board_components (board_revision_id, reference_designator, component_type, value, part_number, notes) VALUES (200074, 'U_SUBPMIC', 'PMIC', NULL, NULL, 'Sub-PMIC (S2MPS / S2DOS typical)');
INSERT INTO board_test_points (board_revision_id, label, location_desc, expected_voltage, expected_resistance) VALUES (200074, 'VBAT', 'see boardview', '3.8V', NULL);
INSERT INTO board_test_points (board_revision_id, label, location_desc, expected_voltage, expected_resistance) VALUES (200074, 'VBUS_5V', 'see boardview', '5.0V', NULL);
INSERT INTO board_test_points (board_revision_id, label, location_desc, expected_voltage, expected_resistance) VALUES (200074, 'PP1V8', 'see boardview', '1.8V', NULL);
INSERT INTO board_test_points (board_revision_id, label, location_desc, expected_voltage, expected_resistance) VALUES (200074, 'PP3V0', 'see boardview', '3.0V', NULL);
INSERT INTO board_nets (board_revision_id, net_name, test_point, expected_value, units) VALUES (200074, 'VBAT / PP_BATT_VCC', 'VBAT', '3.8', 'V');
INSERT INTO board_nets (board_revision_id, net_name, test_point, expected_value, units) VALUES (200074, 'VBUS', 'VBUS_5V', '5.0', 'V');
INSERT INTO board_nets (board_revision_id, net_name, test_point, expected_value, units) VALUES (200074, '1V8', 'PP1V8', '1.8', 'V');
INSERT INTO board_nets (board_revision_id, net_name, test_point, expected_value, units) VALUES (200074, '3V0', 'PP3V0', '3.0', 'V');
INSERT INTO measurements (board_revision_id, kind, test_point, reference_designator, rail_name, power_state, expected_value, measured_value, units, notes, is_known_good) VALUES (200074, 'voltage', 'VBAT', NULL, 'VBAT / PP_BATT_VCC', 'off', '3.8', '3.8', 'V', 'Battery main rail (typically 3.0-4.35V with charge).', 1);
INSERT INTO measurements (board_revision_id, kind, test_point, reference_designator, rail_name, power_state, expected_value, measured_value, units, notes, is_known_good) VALUES (200074, 'voltage', 'VBUS_5V', NULL, 'VBUS', 'on', '5.0', '5.0', 'V', 'USB VBUS when charging.', 1);
INSERT INTO measurements (board_revision_id, kind, test_point, reference_designator, rail_name, power_state, expected_value, measured_value, units, notes, is_known_good) VALUES (200074, 'voltage', 'PP1V8', NULL, '1V8', 'on', '1.8', '1.8', 'V', '1.8V housekeeping rail (typical).', 1);
INSERT INTO measurements (board_revision_id, kind, test_point, reference_designator, rail_name, power_state, expected_value, measured_value, units, notes, is_known_good) VALUES (200074, 'voltage', 'PP3V0', NULL, '3V0', 'on', '3.0', '3.0', 'V', '3.0V rail (typical).', 1);
INSERT INTO board_revisions (id, device_model, revision, layer_count, primary_soc, pmic, notes) VALUES (200075, 'Samsung Galaxy Note 5', 'Logic Board', NULL, NULL, 'U_PMIC', 'Samsung Galaxy Note 5 main logic board. Component set and rails are family-typical reference values; confirm exact values against the boardview/schematic for this unit.');
INSERT INTO board_components (board_revision_id, reference_designator, component_type, value, part_number, notes) VALUES (200075, 'J_DISP', 'Connector', NULL, NULL, 'Display FPC connector');
INSERT INTO board_components (board_revision_id, reference_designator, component_type, value, part_number, notes) VALUES (200075, 'J_BATT', 'Connector', NULL, NULL, 'Battery FPC connector');
INSERT INTO board_components (board_revision_id, reference_designator, component_type, value, part_number, notes) VALUES (200075, 'J_CHG', 'Connector', NULL, NULL, 'Charge port / dock connector');
INSERT INTO board_components (board_revision_id, reference_designator, component_type, value, part_number, notes) VALUES (200075, 'J_FCAM', 'Connector', NULL, NULL, 'Front camera connector');
INSERT INTO board_components (board_revision_id, reference_designator, component_type, value, part_number, notes) VALUES (200075, 'J_RCAM', 'Connector', NULL, NULL, 'Rear camera connector');
INSERT INTO board_components (board_revision_id, reference_designator, component_type, value, part_number, notes) VALUES (200075, 'U_PMIC', 'PMIC', NULL, NULL, 'Main power management IC');
INSERT INTO board_components (board_revision_id, reference_designator, component_type, value, part_number, notes) VALUES (200075, 'U_CHG', 'Charging IC', NULL, NULL, 'USB charging / interface IC');
INSERT INTO board_components (board_revision_id, reference_designator, component_type, value, part_number, notes) VALUES (200075, 'U_AUDIO', 'Audio IC', NULL, NULL, 'Audio codec IC');
INSERT INTO board_components (board_revision_id, reference_designator, component_type, value, part_number, notes) VALUES (200075, 'U_NAND', 'NAND Flash', NULL, NULL, 'Flash storage');
INSERT INTO board_components (board_revision_id, reference_designator, component_type, value, part_number, notes) VALUES (200075, 'U_CHG2', 'Charging IC', NULL, NULL, 'USB-C / charging IC (MAX77705 / S2MU-series typical)');
INSERT INTO board_components (board_revision_id, reference_designator, component_type, value, part_number, notes) VALUES (200075, 'U_SUBPMIC', 'PMIC', NULL, NULL, 'Sub-PMIC (S2MPS / S2DOS typical)');
INSERT INTO board_test_points (board_revision_id, label, location_desc, expected_voltage, expected_resistance) VALUES (200075, 'VBAT', 'see boardview', '3.8V', NULL);
INSERT INTO board_test_points (board_revision_id, label, location_desc, expected_voltage, expected_resistance) VALUES (200075, 'VBUS_5V', 'see boardview', '5.0V', NULL);
INSERT INTO board_test_points (board_revision_id, label, location_desc, expected_voltage, expected_resistance) VALUES (200075, 'PP1V8', 'see boardview', '1.8V', NULL);
INSERT INTO board_test_points (board_revision_id, label, location_desc, expected_voltage, expected_resistance) VALUES (200075, 'PP3V0', 'see boardview', '3.0V', NULL);
INSERT INTO board_nets (board_revision_id, net_name, test_point, expected_value, units) VALUES (200075, 'VBAT / PP_BATT_VCC', 'VBAT', '3.8', 'V');
INSERT INTO board_nets (board_revision_id, net_name, test_point, expected_value, units) VALUES (200075, 'VBUS', 'VBUS_5V', '5.0', 'V');
INSERT INTO board_nets (board_revision_id, net_name, test_point, expected_value, units) VALUES (200075, '1V8', 'PP1V8', '1.8', 'V');
INSERT INTO board_nets (board_revision_id, net_name, test_point, expected_value, units) VALUES (200075, '3V0', 'PP3V0', '3.0', 'V');
INSERT INTO measurements (board_revision_id, kind, test_point, reference_designator, rail_name, power_state, expected_value, measured_value, units, notes, is_known_good) VALUES (200075, 'voltage', 'VBAT', NULL, 'VBAT / PP_BATT_VCC', 'off', '3.8', '3.8', 'V', 'Battery main rail (typically 3.0-4.35V with charge).', 1);
INSERT INTO measurements (board_revision_id, kind, test_point, reference_designator, rail_name, power_state, expected_value, measured_value, units, notes, is_known_good) VALUES (200075, 'voltage', 'VBUS_5V', NULL, 'VBUS', 'on', '5.0', '5.0', 'V', 'USB VBUS when charging.', 1);
INSERT INTO measurements (board_revision_id, kind, test_point, reference_designator, rail_name, power_state, expected_value, measured_value, units, notes, is_known_good) VALUES (200075, 'voltage', 'PP1V8', NULL, '1V8', 'on', '1.8', '1.8', 'V', '1.8V housekeeping rail (typical).', 1);
INSERT INTO measurements (board_revision_id, kind, test_point, reference_designator, rail_name, power_state, expected_value, measured_value, units, notes, is_known_good) VALUES (200075, 'voltage', 'PP3V0', NULL, '3V0', 'on', '3.0', '3.0', 'V', '3.0V rail (typical).', 1);
INSERT INTO board_revisions (id, device_model, revision, layer_count, primary_soc, pmic, notes) VALUES (200076, 'Samsung Galaxy Note 8', 'Logic Board', NULL, NULL, 'U_PMIC', 'Samsung Galaxy Note 8 main logic board. Component set and rails are family-typical reference values; confirm exact values against the boardview/schematic for this unit.');
INSERT INTO board_components (board_revision_id, reference_designator, component_type, value, part_number, notes) VALUES (200076, 'J_DISP', 'Connector', NULL, NULL, 'Display FPC connector');
INSERT INTO board_components (board_revision_id, reference_designator, component_type, value, part_number, notes) VALUES (200076, 'J_BATT', 'Connector', NULL, NULL, 'Battery FPC connector');
INSERT INTO board_components (board_revision_id, reference_designator, component_type, value, part_number, notes) VALUES (200076, 'J_CHG', 'Connector', NULL, NULL, 'Charge port / dock connector');
INSERT INTO board_components (board_revision_id, reference_designator, component_type, value, part_number, notes) VALUES (200076, 'J_FCAM', 'Connector', NULL, NULL, 'Front camera connector');
INSERT INTO board_components (board_revision_id, reference_designator, component_type, value, part_number, notes) VALUES (200076, 'J_RCAM', 'Connector', NULL, NULL, 'Rear camera connector');
INSERT INTO board_components (board_revision_id, reference_designator, component_type, value, part_number, notes) VALUES (200076, 'U_PMIC', 'PMIC', NULL, NULL, 'Main power management IC');
INSERT INTO board_components (board_revision_id, reference_designator, component_type, value, part_number, notes) VALUES (200076, 'U_CHG', 'Charging IC', NULL, NULL, 'USB charging / interface IC');
INSERT INTO board_components (board_revision_id, reference_designator, component_type, value, part_number, notes) VALUES (200076, 'U_AUDIO', 'Audio IC', NULL, NULL, 'Audio codec IC');
INSERT INTO board_components (board_revision_id, reference_designator, component_type, value, part_number, notes) VALUES (200076, 'U_NAND', 'NAND Flash', NULL, NULL, 'Flash storage');
INSERT INTO board_components (board_revision_id, reference_designator, component_type, value, part_number, notes) VALUES (200076, 'U_CHG2', 'Charging IC', NULL, NULL, 'USB-C / charging IC (MAX77705 / S2MU-series typical)');
INSERT INTO board_components (board_revision_id, reference_designator, component_type, value, part_number, notes) VALUES (200076, 'U_SUBPMIC', 'PMIC', NULL, NULL, 'Sub-PMIC (S2MPS / S2DOS typical)');
INSERT INTO board_test_points (board_revision_id, label, location_desc, expected_voltage, expected_resistance) VALUES (200076, 'VBAT', 'see boardview', '3.8V', NULL);
INSERT INTO board_test_points (board_revision_id, label, location_desc, expected_voltage, expected_resistance) VALUES (200076, 'VBUS_5V', 'see boardview', '5.0V', NULL);
INSERT INTO board_test_points (board_revision_id, label, location_desc, expected_voltage, expected_resistance) VALUES (200076, 'PP1V8', 'see boardview', '1.8V', NULL);
INSERT INTO board_test_points (board_revision_id, label, location_desc, expected_voltage, expected_resistance) VALUES (200076, 'PP3V0', 'see boardview', '3.0V', NULL);
INSERT INTO board_nets (board_revision_id, net_name, test_point, expected_value, units) VALUES (200076, 'VBAT / PP_BATT_VCC', 'VBAT', '3.8', 'V');
INSERT INTO board_nets (board_revision_id, net_name, test_point, expected_value, units) VALUES (200076, 'VBUS', 'VBUS_5V', '5.0', 'V');
INSERT INTO board_nets (board_revision_id, net_name, test_point, expected_value, units) VALUES (200076, '1V8', 'PP1V8', '1.8', 'V');
INSERT INTO board_nets (board_revision_id, net_name, test_point, expected_value, units) VALUES (200076, '3V0', 'PP3V0', '3.0', 'V');
INSERT INTO measurements (board_revision_id, kind, test_point, reference_designator, rail_name, power_state, expected_value, measured_value, units, notes, is_known_good) VALUES (200076, 'voltage', 'VBAT', NULL, 'VBAT / PP_BATT_VCC', 'off', '3.8', '3.8', 'V', 'Battery main rail (typically 3.0-4.35V with charge).', 1);
INSERT INTO measurements (board_revision_id, kind, test_point, reference_designator, rail_name, power_state, expected_value, measured_value, units, notes, is_known_good) VALUES (200076, 'voltage', 'VBUS_5V', NULL, 'VBUS', 'on', '5.0', '5.0', 'V', 'USB VBUS when charging.', 1);
INSERT INTO measurements (board_revision_id, kind, test_point, reference_designator, rail_name, power_state, expected_value, measured_value, units, notes, is_known_good) VALUES (200076, 'voltage', 'PP1V8', NULL, '1V8', 'on', '1.8', '1.8', 'V', '1.8V housekeeping rail (typical).', 1);
INSERT INTO measurements (board_revision_id, kind, test_point, reference_designator, rail_name, power_state, expected_value, measured_value, units, notes, is_known_good) VALUES (200076, 'voltage', 'PP3V0', NULL, '3V0', 'on', '3.0', '3.0', 'V', '3.0V rail (typical).', 1);
INSERT INTO board_revisions (id, device_model, revision, layer_count, primary_soc, pmic, notes) VALUES (200077, 'Samsung Galaxy Note 9', 'Logic Board', NULL, NULL, 'U_PMIC', 'Samsung Galaxy Note 9 main logic board. Component set and rails are family-typical reference values; confirm exact values against the boardview/schematic for this unit.');
INSERT INTO board_components (board_revision_id, reference_designator, component_type, value, part_number, notes) VALUES (200077, 'J_DISP', 'Connector', NULL, NULL, 'Display FPC connector');
INSERT INTO board_components (board_revision_id, reference_designator, component_type, value, part_number, notes) VALUES (200077, 'J_BATT', 'Connector', NULL, NULL, 'Battery FPC connector');
INSERT INTO board_components (board_revision_id, reference_designator, component_type, value, part_number, notes) VALUES (200077, 'J_CHG', 'Connector', NULL, NULL, 'Charge port / dock connector');
INSERT INTO board_components (board_revision_id, reference_designator, component_type, value, part_number, notes) VALUES (200077, 'J_FCAM', 'Connector', NULL, NULL, 'Front camera connector');
INSERT INTO board_components (board_revision_id, reference_designator, component_type, value, part_number, notes) VALUES (200077, 'J_RCAM', 'Connector', NULL, NULL, 'Rear camera connector');
INSERT INTO board_components (board_revision_id, reference_designator, component_type, value, part_number, notes) VALUES (200077, 'U_PMIC', 'PMIC', NULL, NULL, 'Main power management IC');
INSERT INTO board_components (board_revision_id, reference_designator, component_type, value, part_number, notes) VALUES (200077, 'U_CHG', 'Charging IC', NULL, NULL, 'USB charging / interface IC');
INSERT INTO board_components (board_revision_id, reference_designator, component_type, value, part_number, notes) VALUES (200077, 'U_AUDIO', 'Audio IC', NULL, NULL, 'Audio codec IC');
INSERT INTO board_components (board_revision_id, reference_designator, component_type, value, part_number, notes) VALUES (200077, 'U_NAND', 'NAND Flash', NULL, NULL, 'Flash storage');
INSERT INTO board_components (board_revision_id, reference_designator, component_type, value, part_number, notes) VALUES (200077, 'U_CHG2', 'Charging IC', NULL, NULL, 'USB-C / charging IC (MAX77705 / S2MU-series typical)');
INSERT INTO board_components (board_revision_id, reference_designator, component_type, value, part_number, notes) VALUES (200077, 'U_SUBPMIC', 'PMIC', NULL, NULL, 'Sub-PMIC (S2MPS / S2DOS typical)');
INSERT INTO board_test_points (board_revision_id, label, location_desc, expected_voltage, expected_resistance) VALUES (200077, 'VBAT', 'see boardview', '3.8V', NULL);
INSERT INTO board_test_points (board_revision_id, label, location_desc, expected_voltage, expected_resistance) VALUES (200077, 'VBUS_5V', 'see boardview', '5.0V', NULL);
INSERT INTO board_test_points (board_revision_id, label, location_desc, expected_voltage, expected_resistance) VALUES (200077, 'PP1V8', 'see boardview', '1.8V', NULL);
INSERT INTO board_test_points (board_revision_id, label, location_desc, expected_voltage, expected_resistance) VALUES (200077, 'PP3V0', 'see boardview', '3.0V', NULL);
INSERT INTO board_nets (board_revision_id, net_name, test_point, expected_value, units) VALUES (200077, 'VBAT / PP_BATT_VCC', 'VBAT', '3.8', 'V');
INSERT INTO board_nets (board_revision_id, net_name, test_point, expected_value, units) VALUES (200077, 'VBUS', 'VBUS_5V', '5.0', 'V');
INSERT INTO board_nets (board_revision_id, net_name, test_point, expected_value, units) VALUES (200077, '1V8', 'PP1V8', '1.8', 'V');
INSERT INTO board_nets (board_revision_id, net_name, test_point, expected_value, units) VALUES (200077, '3V0', 'PP3V0', '3.0', 'V');
INSERT INTO measurements (board_revision_id, kind, test_point, reference_designator, rail_name, power_state, expected_value, measured_value, units, notes, is_known_good) VALUES (200077, 'voltage', 'VBAT', NULL, 'VBAT / PP_BATT_VCC', 'off', '3.8', '3.8', 'V', 'Battery main rail (typically 3.0-4.35V with charge).', 1);
INSERT INTO measurements (board_revision_id, kind, test_point, reference_designator, rail_name, power_state, expected_value, measured_value, units, notes, is_known_good) VALUES (200077, 'voltage', 'VBUS_5V', NULL, 'VBUS', 'on', '5.0', '5.0', 'V', 'USB VBUS when charging.', 1);
INSERT INTO measurements (board_revision_id, kind, test_point, reference_designator, rail_name, power_state, expected_value, measured_value, units, notes, is_known_good) VALUES (200077, 'voltage', 'PP1V8', NULL, '1V8', 'on', '1.8', '1.8', 'V', '1.8V housekeeping rail (typical).', 1);
INSERT INTO measurements (board_revision_id, kind, test_point, reference_designator, rail_name, power_state, expected_value, measured_value, units, notes, is_known_good) VALUES (200077, 'voltage', 'PP3V0', NULL, '3V0', 'on', '3.0', '3.0', 'V', '3.0V rail (typical).', 1);
INSERT INTO board_revisions (id, device_model, revision, layer_count, primary_soc, pmic, notes) VALUES (200078, 'Samsung Galaxy Note 10', 'Logic Board', NULL, NULL, 'U_PMIC', 'Samsung Galaxy Note 10 main logic board. Component set and rails are family-typical reference values; confirm exact values against the boardview/schematic for this unit.');
INSERT INTO board_components (board_revision_id, reference_designator, component_type, value, part_number, notes) VALUES (200078, 'J_DISP', 'Connector', NULL, NULL, 'Display FPC connector');
INSERT INTO board_components (board_revision_id, reference_designator, component_type, value, part_number, notes) VALUES (200078, 'J_BATT', 'Connector', NULL, NULL, 'Battery FPC connector');
INSERT INTO board_components (board_revision_id, reference_designator, component_type, value, part_number, notes) VALUES (200078, 'J_CHG', 'Connector', NULL, NULL, 'Charge port / dock connector');
INSERT INTO board_components (board_revision_id, reference_designator, component_type, value, part_number, notes) VALUES (200078, 'J_FCAM', 'Connector', NULL, NULL, 'Front camera connector');
INSERT INTO board_components (board_revision_id, reference_designator, component_type, value, part_number, notes) VALUES (200078, 'J_RCAM', 'Connector', NULL, NULL, 'Rear camera connector');
INSERT INTO board_components (board_revision_id, reference_designator, component_type, value, part_number, notes) VALUES (200078, 'U_PMIC', 'PMIC', NULL, NULL, 'Main power management IC');
INSERT INTO board_components (board_revision_id, reference_designator, component_type, value, part_number, notes) VALUES (200078, 'U_CHG', 'Charging IC', NULL, NULL, 'USB charging / interface IC');
INSERT INTO board_components (board_revision_id, reference_designator, component_type, value, part_number, notes) VALUES (200078, 'U_AUDIO', 'Audio IC', NULL, NULL, 'Audio codec IC');
INSERT INTO board_components (board_revision_id, reference_designator, component_type, value, part_number, notes) VALUES (200078, 'U_NAND', 'NAND Flash', NULL, NULL, 'Flash storage');
INSERT INTO board_components (board_revision_id, reference_designator, component_type, value, part_number, notes) VALUES (200078, 'U_CHG2', 'Charging IC', NULL, NULL, 'USB-C / charging IC (MAX77705 / S2MU-series typical)');
INSERT INTO board_components (board_revision_id, reference_designator, component_type, value, part_number, notes) VALUES (200078, 'U_SUBPMIC', 'PMIC', NULL, NULL, 'Sub-PMIC (S2MPS / S2DOS typical)');
INSERT INTO board_test_points (board_revision_id, label, location_desc, expected_voltage, expected_resistance) VALUES (200078, 'VBAT', 'see boardview', '3.8V', NULL);
INSERT INTO board_test_points (board_revision_id, label, location_desc, expected_voltage, expected_resistance) VALUES (200078, 'VBUS_5V', 'see boardview', '5.0V', NULL);
INSERT INTO board_test_points (board_revision_id, label, location_desc, expected_voltage, expected_resistance) VALUES (200078, 'PP1V8', 'see boardview', '1.8V', NULL);
INSERT INTO board_test_points (board_revision_id, label, location_desc, expected_voltage, expected_resistance) VALUES (200078, 'PP3V0', 'see boardview', '3.0V', NULL);
INSERT INTO board_nets (board_revision_id, net_name, test_point, expected_value, units) VALUES (200078, 'VBAT / PP_BATT_VCC', 'VBAT', '3.8', 'V');
INSERT INTO board_nets (board_revision_id, net_name, test_point, expected_value, units) VALUES (200078, 'VBUS', 'VBUS_5V', '5.0', 'V');
INSERT INTO board_nets (board_revision_id, net_name, test_point, expected_value, units) VALUES (200078, '1V8', 'PP1V8', '1.8', 'V');
INSERT INTO board_nets (board_revision_id, net_name, test_point, expected_value, units) VALUES (200078, '3V0', 'PP3V0', '3.0', 'V');
INSERT INTO measurements (board_revision_id, kind, test_point, reference_designator, rail_name, power_state, expected_value, measured_value, units, notes, is_known_good) VALUES (200078, 'voltage', 'VBAT', NULL, 'VBAT / PP_BATT_VCC', 'off', '3.8', '3.8', 'V', 'Battery main rail (typically 3.0-4.35V with charge).', 1);
INSERT INTO measurements (board_revision_id, kind, test_point, reference_designator, rail_name, power_state, expected_value, measured_value, units, notes, is_known_good) VALUES (200078, 'voltage', 'VBUS_5V', NULL, 'VBUS', 'on', '5.0', '5.0', 'V', 'USB VBUS when charging.', 1);
INSERT INTO measurements (board_revision_id, kind, test_point, reference_designator, rail_name, power_state, expected_value, measured_value, units, notes, is_known_good) VALUES (200078, 'voltage', 'PP1V8', NULL, '1V8', 'on', '1.8', '1.8', 'V', '1.8V housekeeping rail (typical).', 1);
INSERT INTO measurements (board_revision_id, kind, test_point, reference_designator, rail_name, power_state, expected_value, measured_value, units, notes, is_known_good) VALUES (200078, 'voltage', 'PP3V0', NULL, '3V0', 'on', '3.0', '3.0', 'V', '3.0V rail (typical).', 1);
INSERT INTO board_revisions (id, device_model, revision, layer_count, primary_soc, pmic, notes) VALUES (200079, 'Samsung Galaxy Note 10+', 'Logic Board', NULL, NULL, 'U_PMIC', 'Samsung Galaxy Note 10+ main logic board. Component set and rails are family-typical reference values; confirm exact values against the boardview/schematic for this unit.');
INSERT INTO board_components (board_revision_id, reference_designator, component_type, value, part_number, notes) VALUES (200079, 'J_DISP', 'Connector', NULL, NULL, 'Display FPC connector');
INSERT INTO board_components (board_revision_id, reference_designator, component_type, value, part_number, notes) VALUES (200079, 'J_BATT', 'Connector', NULL, NULL, 'Battery FPC connector');
INSERT INTO board_components (board_revision_id, reference_designator, component_type, value, part_number, notes) VALUES (200079, 'J_CHG', 'Connector', NULL, NULL, 'Charge port / dock connector');
INSERT INTO board_components (board_revision_id, reference_designator, component_type, value, part_number, notes) VALUES (200079, 'J_FCAM', 'Connector', NULL, NULL, 'Front camera connector');
INSERT INTO board_components (board_revision_id, reference_designator, component_type, value, part_number, notes) VALUES (200079, 'J_RCAM', 'Connector', NULL, NULL, 'Rear camera connector');
INSERT INTO board_components (board_revision_id, reference_designator, component_type, value, part_number, notes) VALUES (200079, 'U_PMIC', 'PMIC', NULL, NULL, 'Main power management IC');
INSERT INTO board_components (board_revision_id, reference_designator, component_type, value, part_number, notes) VALUES (200079, 'U_CHG', 'Charging IC', NULL, NULL, 'USB charging / interface IC');
INSERT INTO board_components (board_revision_id, reference_designator, component_type, value, part_number, notes) VALUES (200079, 'U_AUDIO', 'Audio IC', NULL, NULL, 'Audio codec IC');
INSERT INTO board_components (board_revision_id, reference_designator, component_type, value, part_number, notes) VALUES (200079, 'U_NAND', 'NAND Flash', NULL, NULL, 'Flash storage');
INSERT INTO board_components (board_revision_id, reference_designator, component_type, value, part_number, notes) VALUES (200079, 'U_CHG2', 'Charging IC', NULL, NULL, 'USB-C / charging IC (MAX77705 / S2MU-series typical)');
INSERT INTO board_components (board_revision_id, reference_designator, component_type, value, part_number, notes) VALUES (200079, 'U_SUBPMIC', 'PMIC', NULL, NULL, 'Sub-PMIC (S2MPS / S2DOS typical)');
INSERT INTO board_test_points (board_revision_id, label, location_desc, expected_voltage, expected_resistance) VALUES (200079, 'VBAT', 'see boardview', '3.8V', NULL);
INSERT INTO board_test_points (board_revision_id, label, location_desc, expected_voltage, expected_resistance) VALUES (200079, 'VBUS_5V', 'see boardview', '5.0V', NULL);
INSERT INTO board_test_points (board_revision_id, label, location_desc, expected_voltage, expected_resistance) VALUES (200079, 'PP1V8', 'see boardview', '1.8V', NULL);
INSERT INTO board_test_points (board_revision_id, label, location_desc, expected_voltage, expected_resistance) VALUES (200079, 'PP3V0', 'see boardview', '3.0V', NULL);
INSERT INTO board_nets (board_revision_id, net_name, test_point, expected_value, units) VALUES (200079, 'VBAT / PP_BATT_VCC', 'VBAT', '3.8', 'V');
INSERT INTO board_nets (board_revision_id, net_name, test_point, expected_value, units) VALUES (200079, 'VBUS', 'VBUS_5V', '5.0', 'V');
INSERT INTO board_nets (board_revision_id, net_name, test_point, expected_value, units) VALUES (200079, '1V8', 'PP1V8', '1.8', 'V');
INSERT INTO board_nets (board_revision_id, net_name, test_point, expected_value, units) VALUES (200079, '3V0', 'PP3V0', '3.0', 'V');
INSERT INTO measurements (board_revision_id, kind, test_point, reference_designator, rail_name, power_state, expected_value, measured_value, units, notes, is_known_good) VALUES (200079, 'voltage', 'VBAT', NULL, 'VBAT / PP_BATT_VCC', 'off', '3.8', '3.8', 'V', 'Battery main rail (typically 3.0-4.35V with charge).', 1);
INSERT INTO measurements (board_revision_id, kind, test_point, reference_designator, rail_name, power_state, expected_value, measured_value, units, notes, is_known_good) VALUES (200079, 'voltage', 'VBUS_5V', NULL, 'VBUS', 'on', '5.0', '5.0', 'V', 'USB VBUS when charging.', 1);
INSERT INTO measurements (board_revision_id, kind, test_point, reference_designator, rail_name, power_state, expected_value, measured_value, units, notes, is_known_good) VALUES (200079, 'voltage', 'PP1V8', NULL, '1V8', 'on', '1.8', '1.8', 'V', '1.8V housekeeping rail (typical).', 1);
INSERT INTO measurements (board_revision_id, kind, test_point, reference_designator, rail_name, power_state, expected_value, measured_value, units, notes, is_known_good) VALUES (200079, 'voltage', 'PP3V0', NULL, '3V0', 'on', '3.0', '3.0', 'V', '3.0V rail (typical).', 1);
INSERT INTO board_revisions (id, device_model, revision, layer_count, primary_soc, pmic, notes) VALUES (200080, 'Samsung Galaxy Note 20', 'Logic Board', NULL, NULL, 'U_PMIC', 'Samsung Galaxy Note 20 main logic board. Component set and rails are family-typical reference values; confirm exact values against the boardview/schematic for this unit.');
INSERT INTO board_components (board_revision_id, reference_designator, component_type, value, part_number, notes) VALUES (200080, 'J_DISP', 'Connector', NULL, NULL, 'Display FPC connector');
INSERT INTO board_components (board_revision_id, reference_designator, component_type, value, part_number, notes) VALUES (200080, 'J_BATT', 'Connector', NULL, NULL, 'Battery FPC connector');
INSERT INTO board_components (board_revision_id, reference_designator, component_type, value, part_number, notes) VALUES (200080, 'J_CHG', 'Connector', NULL, NULL, 'Charge port / dock connector');
INSERT INTO board_components (board_revision_id, reference_designator, component_type, value, part_number, notes) VALUES (200080, 'J_FCAM', 'Connector', NULL, NULL, 'Front camera connector');
INSERT INTO board_components (board_revision_id, reference_designator, component_type, value, part_number, notes) VALUES (200080, 'J_RCAM', 'Connector', NULL, NULL, 'Rear camera connector');
INSERT INTO board_components (board_revision_id, reference_designator, component_type, value, part_number, notes) VALUES (200080, 'U_PMIC', 'PMIC', NULL, NULL, 'Main power management IC');
INSERT INTO board_components (board_revision_id, reference_designator, component_type, value, part_number, notes) VALUES (200080, 'U_CHG', 'Charging IC', NULL, NULL, 'USB charging / interface IC');
INSERT INTO board_components (board_revision_id, reference_designator, component_type, value, part_number, notes) VALUES (200080, 'U_AUDIO', 'Audio IC', NULL, NULL, 'Audio codec IC');
INSERT INTO board_components (board_revision_id, reference_designator, component_type, value, part_number, notes) VALUES (200080, 'U_NAND', 'NAND Flash', NULL, NULL, 'Flash storage');
INSERT INTO board_components (board_revision_id, reference_designator, component_type, value, part_number, notes) VALUES (200080, 'U_CHG2', 'Charging IC', NULL, NULL, 'USB-C / charging IC (MAX77705 / S2MU-series typical)');
INSERT INTO board_components (board_revision_id, reference_designator, component_type, value, part_number, notes) VALUES (200080, 'U_SUBPMIC', 'PMIC', NULL, NULL, 'Sub-PMIC (S2MPS / S2DOS typical)');
INSERT INTO board_test_points (board_revision_id, label, location_desc, expected_voltage, expected_resistance) VALUES (200080, 'VBAT', 'see boardview', '3.8V', NULL);
INSERT INTO board_test_points (board_revision_id, label, location_desc, expected_voltage, expected_resistance) VALUES (200080, 'VBUS_5V', 'see boardview', '5.0V', NULL);
INSERT INTO board_test_points (board_revision_id, label, location_desc, expected_voltage, expected_resistance) VALUES (200080, 'PP1V8', 'see boardview', '1.8V', NULL);
INSERT INTO board_test_points (board_revision_id, label, location_desc, expected_voltage, expected_resistance) VALUES (200080, 'PP3V0', 'see boardview', '3.0V', NULL);
INSERT INTO board_nets (board_revision_id, net_name, test_point, expected_value, units) VALUES (200080, 'VBAT / PP_BATT_VCC', 'VBAT', '3.8', 'V');
INSERT INTO board_nets (board_revision_id, net_name, test_point, expected_value, units) VALUES (200080, 'VBUS', 'VBUS_5V', '5.0', 'V');
INSERT INTO board_nets (board_revision_id, net_name, test_point, expected_value, units) VALUES (200080, '1V8', 'PP1V8', '1.8', 'V');
INSERT INTO board_nets (board_revision_id, net_name, test_point, expected_value, units) VALUES (200080, '3V0', 'PP3V0', '3.0', 'V');
INSERT INTO measurements (board_revision_id, kind, test_point, reference_designator, rail_name, power_state, expected_value, measured_value, units, notes, is_known_good) VALUES (200080, 'voltage', 'VBAT', NULL, 'VBAT / PP_BATT_VCC', 'off', '3.8', '3.8', 'V', 'Battery main rail (typically 3.0-4.35V with charge).', 1);
INSERT INTO measurements (board_revision_id, kind, test_point, reference_designator, rail_name, power_state, expected_value, measured_value, units, notes, is_known_good) VALUES (200080, 'voltage', 'VBUS_5V', NULL, 'VBUS', 'on', '5.0', '5.0', 'V', 'USB VBUS when charging.', 1);
INSERT INTO measurements (board_revision_id, kind, test_point, reference_designator, rail_name, power_state, expected_value, measured_value, units, notes, is_known_good) VALUES (200080, 'voltage', 'PP1V8', NULL, '1V8', 'on', '1.8', '1.8', 'V', '1.8V housekeeping rail (typical).', 1);
INSERT INTO measurements (board_revision_id, kind, test_point, reference_designator, rail_name, power_state, expected_value, measured_value, units, notes, is_known_good) VALUES (200080, 'voltage', 'PP3V0', NULL, '3V0', 'on', '3.0', '3.0', 'V', '3.0V rail (typical).', 1);
INSERT INTO board_revisions (id, device_model, revision, layer_count, primary_soc, pmic, notes) VALUES (200081, 'Samsung Galaxy Note 20 Ultra', 'Logic Board', NULL, NULL, 'U_PMIC', 'Samsung Galaxy Note 20 Ultra main logic board. Component set and rails are family-typical reference values; confirm exact values against the boardview/schematic for this unit.');
INSERT INTO board_components (board_revision_id, reference_designator, component_type, value, part_number, notes) VALUES (200081, 'J_DISP', 'Connector', NULL, NULL, 'Display FPC connector');
INSERT INTO board_components (board_revision_id, reference_designator, component_type, value, part_number, notes) VALUES (200081, 'J_BATT', 'Connector', NULL, NULL, 'Battery FPC connector');
INSERT INTO board_components (board_revision_id, reference_designator, component_type, value, part_number, notes) VALUES (200081, 'J_CHG', 'Connector', NULL, NULL, 'Charge port / dock connector');
INSERT INTO board_components (board_revision_id, reference_designator, component_type, value, part_number, notes) VALUES (200081, 'J_FCAM', 'Connector', NULL, NULL, 'Front camera connector');
INSERT INTO board_components (board_revision_id, reference_designator, component_type, value, part_number, notes) VALUES (200081, 'J_RCAM', 'Connector', NULL, NULL, 'Rear camera connector');
INSERT INTO board_components (board_revision_id, reference_designator, component_type, value, part_number, notes) VALUES (200081, 'U_PMIC', 'PMIC', NULL, NULL, 'Main power management IC');
INSERT INTO board_components (board_revision_id, reference_designator, component_type, value, part_number, notes) VALUES (200081, 'U_CHG', 'Charging IC', NULL, NULL, 'USB charging / interface IC');
INSERT INTO board_components (board_revision_id, reference_designator, component_type, value, part_number, notes) VALUES (200081, 'U_AUDIO', 'Audio IC', NULL, NULL, 'Audio codec IC');
INSERT INTO board_components (board_revision_id, reference_designator, component_type, value, part_number, notes) VALUES (200081, 'U_NAND', 'NAND Flash', NULL, NULL, 'Flash storage');
INSERT INTO board_components (board_revision_id, reference_designator, component_type, value, part_number, notes) VALUES (200081, 'U_CHG2', 'Charging IC', NULL, NULL, 'USB-C / charging IC (MAX77705 / S2MU-series typical)');
INSERT INTO board_components (board_revision_id, reference_designator, component_type, value, part_number, notes) VALUES (200081, 'U_SUBPMIC', 'PMIC', NULL, NULL, 'Sub-PMIC (S2MPS / S2DOS typical)');
INSERT INTO board_test_points (board_revision_id, label, location_desc, expected_voltage, expected_resistance) VALUES (200081, 'VBAT', 'see boardview', '3.8V', NULL);
INSERT INTO board_test_points (board_revision_id, label, location_desc, expected_voltage, expected_resistance) VALUES (200081, 'VBUS_5V', 'see boardview', '5.0V', NULL);
INSERT INTO board_test_points (board_revision_id, label, location_desc, expected_voltage, expected_resistance) VALUES (200081, 'PP1V8', 'see boardview', '1.8V', NULL);
INSERT INTO board_test_points (board_revision_id, label, location_desc, expected_voltage, expected_resistance) VALUES (200081, 'PP3V0', 'see boardview', '3.0V', NULL);
INSERT INTO board_nets (board_revision_id, net_name, test_point, expected_value, units) VALUES (200081, 'VBAT / PP_BATT_VCC', 'VBAT', '3.8', 'V');
INSERT INTO board_nets (board_revision_id, net_name, test_point, expected_value, units) VALUES (200081, 'VBUS', 'VBUS_5V', '5.0', 'V');
INSERT INTO board_nets (board_revision_id, net_name, test_point, expected_value, units) VALUES (200081, '1V8', 'PP1V8', '1.8', 'V');
INSERT INTO board_nets (board_revision_id, net_name, test_point, expected_value, units) VALUES (200081, '3V0', 'PP3V0', '3.0', 'V');
INSERT INTO measurements (board_revision_id, kind, test_point, reference_designator, rail_name, power_state, expected_value, measured_value, units, notes, is_known_good) VALUES (200081, 'voltage', 'VBAT', NULL, 'VBAT / PP_BATT_VCC', 'off', '3.8', '3.8', 'V', 'Battery main rail (typically 3.0-4.35V with charge).', 1);
INSERT INTO measurements (board_revision_id, kind, test_point, reference_designator, rail_name, power_state, expected_value, measured_value, units, notes, is_known_good) VALUES (200081, 'voltage', 'VBUS_5V', NULL, 'VBUS', 'on', '5.0', '5.0', 'V', 'USB VBUS when charging.', 1);
INSERT INTO measurements (board_revision_id, kind, test_point, reference_designator, rail_name, power_state, expected_value, measured_value, units, notes, is_known_good) VALUES (200081, 'voltage', 'PP1V8', NULL, '1V8', 'on', '1.8', '1.8', 'V', '1.8V housekeeping rail (typical).', 1);
INSERT INTO measurements (board_revision_id, kind, test_point, reference_designator, rail_name, power_state, expected_value, measured_value, units, notes, is_known_good) VALUES (200081, 'voltage', 'PP3V0', NULL, '3V0', 'on', '3.0', '3.0', 'V', '3.0V rail (typical).', 1);
INSERT INTO board_revisions (id, device_model, revision, layer_count, primary_soc, pmic, notes) VALUES (200082, 'Samsung Galaxy A10', 'Logic Board', NULL, NULL, 'U_PMIC', 'Samsung Galaxy A10 main logic board. Component set and rails are family-typical reference values; confirm exact values against the boardview/schematic for this unit.');
INSERT INTO board_components (board_revision_id, reference_designator, component_type, value, part_number, notes) VALUES (200082, 'J_DISP', 'Connector', NULL, NULL, 'Display FPC connector');
INSERT INTO board_components (board_revision_id, reference_designator, component_type, value, part_number, notes) VALUES (200082, 'J_BATT', 'Connector', NULL, NULL, 'Battery FPC connector');
INSERT INTO board_components (board_revision_id, reference_designator, component_type, value, part_number, notes) VALUES (200082, 'J_CHG', 'Connector', NULL, NULL, 'Charge port / dock connector');
INSERT INTO board_components (board_revision_id, reference_designator, component_type, value, part_number, notes) VALUES (200082, 'J_FCAM', 'Connector', NULL, NULL, 'Front camera connector');
INSERT INTO board_components (board_revision_id, reference_designator, component_type, value, part_number, notes) VALUES (200082, 'J_RCAM', 'Connector', NULL, NULL, 'Rear camera connector');
INSERT INTO board_components (board_revision_id, reference_designator, component_type, value, part_number, notes) VALUES (200082, 'U_PMIC', 'PMIC', NULL, NULL, 'Main power management IC');
INSERT INTO board_components (board_revision_id, reference_designator, component_type, value, part_number, notes) VALUES (200082, 'U_CHG', 'Charging IC', NULL, NULL, 'USB charging / interface IC');
INSERT INTO board_components (board_revision_id, reference_designator, component_type, value, part_number, notes) VALUES (200082, 'U_AUDIO', 'Audio IC', NULL, NULL, 'Audio codec IC');
INSERT INTO board_components (board_revision_id, reference_designator, component_type, value, part_number, notes) VALUES (200082, 'U_NAND', 'NAND Flash', NULL, NULL, 'Flash storage');
INSERT INTO board_components (board_revision_id, reference_designator, component_type, value, part_number, notes) VALUES (200082, 'U_CHG2', 'Charging IC', NULL, NULL, 'USB-C / charging IC (MAX77705 / S2MU-series typical)');
INSERT INTO board_components (board_revision_id, reference_designator, component_type, value, part_number, notes) VALUES (200082, 'U_SUBPMIC', 'PMIC', NULL, NULL, 'Sub-PMIC (S2MPS / S2DOS typical)');
INSERT INTO board_test_points (board_revision_id, label, location_desc, expected_voltage, expected_resistance) VALUES (200082, 'VBAT', 'see boardview', '3.8V', NULL);
INSERT INTO board_test_points (board_revision_id, label, location_desc, expected_voltage, expected_resistance) VALUES (200082, 'VBUS_5V', 'see boardview', '5.0V', NULL);
INSERT INTO board_test_points (board_revision_id, label, location_desc, expected_voltage, expected_resistance) VALUES (200082, 'PP1V8', 'see boardview', '1.8V', NULL);
INSERT INTO board_test_points (board_revision_id, label, location_desc, expected_voltage, expected_resistance) VALUES (200082, 'PP3V0', 'see boardview', '3.0V', NULL);
INSERT INTO board_nets (board_revision_id, net_name, test_point, expected_value, units) VALUES (200082, 'VBAT / PP_BATT_VCC', 'VBAT', '3.8', 'V');
INSERT INTO board_nets (board_revision_id, net_name, test_point, expected_value, units) VALUES (200082, 'VBUS', 'VBUS_5V', '5.0', 'V');
INSERT INTO board_nets (board_revision_id, net_name, test_point, expected_value, units) VALUES (200082, '1V8', 'PP1V8', '1.8', 'V');
INSERT INTO board_nets (board_revision_id, net_name, test_point, expected_value, units) VALUES (200082, '3V0', 'PP3V0', '3.0', 'V');
INSERT INTO measurements (board_revision_id, kind, test_point, reference_designator, rail_name, power_state, expected_value, measured_value, units, notes, is_known_good) VALUES (200082, 'voltage', 'VBAT', NULL, 'VBAT / PP_BATT_VCC', 'off', '3.8', '3.8', 'V', 'Battery main rail (typically 3.0-4.35V with charge).', 1);
INSERT INTO measurements (board_revision_id, kind, test_point, reference_designator, rail_name, power_state, expected_value, measured_value, units, notes, is_known_good) VALUES (200082, 'voltage', 'VBUS_5V', NULL, 'VBUS', 'on', '5.0', '5.0', 'V', 'USB VBUS when charging.', 1);
INSERT INTO measurements (board_revision_id, kind, test_point, reference_designator, rail_name, power_state, expected_value, measured_value, units, notes, is_known_good) VALUES (200082, 'voltage', 'PP1V8', NULL, '1V8', 'on', '1.8', '1.8', 'V', '1.8V housekeeping rail (typical).', 1);
INSERT INTO measurements (board_revision_id, kind, test_point, reference_designator, rail_name, power_state, expected_value, measured_value, units, notes, is_known_good) VALUES (200082, 'voltage', 'PP3V0', NULL, '3V0', 'on', '3.0', '3.0', 'V', '3.0V rail (typical).', 1);
INSERT INTO board_revisions (id, device_model, revision, layer_count, primary_soc, pmic, notes) VALUES (200083, 'Samsung Galaxy A11', 'Logic Board', NULL, NULL, 'U_PMIC', 'Samsung Galaxy A11 main logic board. Component set and rails are family-typical reference values; confirm exact values against the boardview/schematic for this unit.');
INSERT INTO board_components (board_revision_id, reference_designator, component_type, value, part_number, notes) VALUES (200083, 'J_DISP', 'Connector', NULL, NULL, 'Display FPC connector');
INSERT INTO board_components (board_revision_id, reference_designator, component_type, value, part_number, notes) VALUES (200083, 'J_BATT', 'Connector', NULL, NULL, 'Battery FPC connector');
INSERT INTO board_components (board_revision_id, reference_designator, component_type, value, part_number, notes) VALUES (200083, 'J_CHG', 'Connector', NULL, NULL, 'Charge port / dock connector');
INSERT INTO board_components (board_revision_id, reference_designator, component_type, value, part_number, notes) VALUES (200083, 'J_FCAM', 'Connector', NULL, NULL, 'Front camera connector');
INSERT INTO board_components (board_revision_id, reference_designator, component_type, value, part_number, notes) VALUES (200083, 'J_RCAM', 'Connector', NULL, NULL, 'Rear camera connector');
INSERT INTO board_components (board_revision_id, reference_designator, component_type, value, part_number, notes) VALUES (200083, 'U_PMIC', 'PMIC', NULL, NULL, 'Main power management IC');
INSERT INTO board_components (board_revision_id, reference_designator, component_type, value, part_number, notes) VALUES (200083, 'U_CHG', 'Charging IC', NULL, NULL, 'USB charging / interface IC');
INSERT INTO board_components (board_revision_id, reference_designator, component_type, value, part_number, notes) VALUES (200083, 'U_AUDIO', 'Audio IC', NULL, NULL, 'Audio codec IC');
INSERT INTO board_components (board_revision_id, reference_designator, component_type, value, part_number, notes) VALUES (200083, 'U_NAND', 'NAND Flash', NULL, NULL, 'Flash storage');
INSERT INTO board_components (board_revision_id, reference_designator, component_type, value, part_number, notes) VALUES (200083, 'U_CHG2', 'Charging IC', NULL, NULL, 'USB-C / charging IC (MAX77705 / S2MU-series typical)');
INSERT INTO board_components (board_revision_id, reference_designator, component_type, value, part_number, notes) VALUES (200083, 'U_SUBPMIC', 'PMIC', NULL, NULL, 'Sub-PMIC (S2MPS / S2DOS typical)');
INSERT INTO board_test_points (board_revision_id, label, location_desc, expected_voltage, expected_resistance) VALUES (200083, 'VBAT', 'see boardview', '3.8V', NULL);
INSERT INTO board_test_points (board_revision_id, label, location_desc, expected_voltage, expected_resistance) VALUES (200083, 'VBUS_5V', 'see boardview', '5.0V', NULL);
INSERT INTO board_test_points (board_revision_id, label, location_desc, expected_voltage, expected_resistance) VALUES (200083, 'PP1V8', 'see boardview', '1.8V', NULL);
INSERT INTO board_test_points (board_revision_id, label, location_desc, expected_voltage, expected_resistance) VALUES (200083, 'PP3V0', 'see boardview', '3.0V', NULL);
INSERT INTO board_nets (board_revision_id, net_name, test_point, expected_value, units) VALUES (200083, 'VBAT / PP_BATT_VCC', 'VBAT', '3.8', 'V');
INSERT INTO board_nets (board_revision_id, net_name, test_point, expected_value, units) VALUES (200083, 'VBUS', 'VBUS_5V', '5.0', 'V');
INSERT INTO board_nets (board_revision_id, net_name, test_point, expected_value, units) VALUES (200083, '1V8', 'PP1V8', '1.8', 'V');
INSERT INTO board_nets (board_revision_id, net_name, test_point, expected_value, units) VALUES (200083, '3V0', 'PP3V0', '3.0', 'V');
INSERT INTO measurements (board_revision_id, kind, test_point, reference_designator, rail_name, power_state, expected_value, measured_value, units, notes, is_known_good) VALUES (200083, 'voltage', 'VBAT', NULL, 'VBAT / PP_BATT_VCC', 'off', '3.8', '3.8', 'V', 'Battery main rail (typically 3.0-4.35V with charge).', 1);
INSERT INTO measurements (board_revision_id, kind, test_point, reference_designator, rail_name, power_state, expected_value, measured_value, units, notes, is_known_good) VALUES (200083, 'voltage', 'VBUS_5V', NULL, 'VBUS', 'on', '5.0', '5.0', 'V', 'USB VBUS when charging.', 1);
INSERT INTO measurements (board_revision_id, kind, test_point, reference_designator, rail_name, power_state, expected_value, measured_value, units, notes, is_known_good) VALUES (200083, 'voltage', 'PP1V8', NULL, '1V8', 'on', '1.8', '1.8', 'V', '1.8V housekeeping rail (typical).', 1);
INSERT INTO measurements (board_revision_id, kind, test_point, reference_designator, rail_name, power_state, expected_value, measured_value, units, notes, is_known_good) VALUES (200083, 'voltage', 'PP3V0', NULL, '3V0', 'on', '3.0', '3.0', 'V', '3.0V rail (typical).', 1);
INSERT INTO board_revisions (id, device_model, revision, layer_count, primary_soc, pmic, notes) VALUES (200084, 'Samsung Galaxy A12', 'Logic Board', NULL, NULL, 'U_PMIC', 'Samsung Galaxy A12 main logic board. Component set and rails are family-typical reference values; confirm exact values against the boardview/schematic for this unit.');
INSERT INTO board_components (board_revision_id, reference_designator, component_type, value, part_number, notes) VALUES (200084, 'J_DISP', 'Connector', NULL, NULL, 'Display FPC connector');
INSERT INTO board_components (board_revision_id, reference_designator, component_type, value, part_number, notes) VALUES (200084, 'J_BATT', 'Connector', NULL, NULL, 'Battery FPC connector');
INSERT INTO board_components (board_revision_id, reference_designator, component_type, value, part_number, notes) VALUES (200084, 'J_CHG', 'Connector', NULL, NULL, 'Charge port / dock connector');
INSERT INTO board_components (board_revision_id, reference_designator, component_type, value, part_number, notes) VALUES (200084, 'J_FCAM', 'Connector', NULL, NULL, 'Front camera connector');
INSERT INTO board_components (board_revision_id, reference_designator, component_type, value, part_number, notes) VALUES (200084, 'J_RCAM', 'Connector', NULL, NULL, 'Rear camera connector');
INSERT INTO board_components (board_revision_id, reference_designator, component_type, value, part_number, notes) VALUES (200084, 'U_PMIC', 'PMIC', NULL, NULL, 'Main power management IC');
INSERT INTO board_components (board_revision_id, reference_designator, component_type, value, part_number, notes) VALUES (200084, 'U_CHG', 'Charging IC', NULL, NULL, 'USB charging / interface IC');
INSERT INTO board_components (board_revision_id, reference_designator, component_type, value, part_number, notes) VALUES (200084, 'U_AUDIO', 'Audio IC', NULL, NULL, 'Audio codec IC');
INSERT INTO board_components (board_revision_id, reference_designator, component_type, value, part_number, notes) VALUES (200084, 'U_NAND', 'NAND Flash', NULL, NULL, 'Flash storage');
INSERT INTO board_components (board_revision_id, reference_designator, component_type, value, part_number, notes) VALUES (200084, 'U_CHG2', 'Charging IC', NULL, NULL, 'USB-C / charging IC (MAX77705 / S2MU-series typical)');
INSERT INTO board_components (board_revision_id, reference_designator, component_type, value, part_number, notes) VALUES (200084, 'U_SUBPMIC', 'PMIC', NULL, NULL, 'Sub-PMIC (S2MPS / S2DOS typical)');
INSERT INTO board_test_points (board_revision_id, label, location_desc, expected_voltage, expected_resistance) VALUES (200084, 'VBAT', 'see boardview', '3.8V', NULL);
INSERT INTO board_test_points (board_revision_id, label, location_desc, expected_voltage, expected_resistance) VALUES (200084, 'VBUS_5V', 'see boardview', '5.0V', NULL);
INSERT INTO board_test_points (board_revision_id, label, location_desc, expected_voltage, expected_resistance) VALUES (200084, 'PP1V8', 'see boardview', '1.8V', NULL);
INSERT INTO board_test_points (board_revision_id, label, location_desc, expected_voltage, expected_resistance) VALUES (200084, 'PP3V0', 'see boardview', '3.0V', NULL);
INSERT INTO board_nets (board_revision_id, net_name, test_point, expected_value, units) VALUES (200084, 'VBAT / PP_BATT_VCC', 'VBAT', '3.8', 'V');
INSERT INTO board_nets (board_revision_id, net_name, test_point, expected_value, units) VALUES (200084, 'VBUS', 'VBUS_5V', '5.0', 'V');
INSERT INTO board_nets (board_revision_id, net_name, test_point, expected_value, units) VALUES (200084, '1V8', 'PP1V8', '1.8', 'V');
INSERT INTO board_nets (board_revision_id, net_name, test_point, expected_value, units) VALUES (200084, '3V0', 'PP3V0', '3.0', 'V');
INSERT INTO measurements (board_revision_id, kind, test_point, reference_designator, rail_name, power_state, expected_value, measured_value, units, notes, is_known_good) VALUES (200084, 'voltage', 'VBAT', NULL, 'VBAT / PP_BATT_VCC', 'off', '3.8', '3.8', 'V', 'Battery main rail (typically 3.0-4.35V with charge).', 1);
INSERT INTO measurements (board_revision_id, kind, test_point, reference_designator, rail_name, power_state, expected_value, measured_value, units, notes, is_known_good) VALUES (200084, 'voltage', 'VBUS_5V', NULL, 'VBUS', 'on', '5.0', '5.0', 'V', 'USB VBUS when charging.', 1);
INSERT INTO measurements (board_revision_id, kind, test_point, reference_designator, rail_name, power_state, expected_value, measured_value, units, notes, is_known_good) VALUES (200084, 'voltage', 'PP1V8', NULL, '1V8', 'on', '1.8', '1.8', 'V', '1.8V housekeeping rail (typical).', 1);
INSERT INTO measurements (board_revision_id, kind, test_point, reference_designator, rail_name, power_state, expected_value, measured_value, units, notes, is_known_good) VALUES (200084, 'voltage', 'PP3V0', NULL, '3V0', 'on', '3.0', '3.0', 'V', '3.0V rail (typical).', 1);
INSERT INTO board_revisions (id, device_model, revision, layer_count, primary_soc, pmic, notes) VALUES (200085, 'Samsung Galaxy A13', 'Logic Board', NULL, NULL, 'U_PMIC', 'Samsung Galaxy A13 main logic board. Component set and rails are family-typical reference values; confirm exact values against the boardview/schematic for this unit.');
INSERT INTO board_components (board_revision_id, reference_designator, component_type, value, part_number, notes) VALUES (200085, 'J_DISP', 'Connector', NULL, NULL, 'Display FPC connector');
INSERT INTO board_components (board_revision_id, reference_designator, component_type, value, part_number, notes) VALUES (200085, 'J_BATT', 'Connector', NULL, NULL, 'Battery FPC connector');
INSERT INTO board_components (board_revision_id, reference_designator, component_type, value, part_number, notes) VALUES (200085, 'J_CHG', 'Connector', NULL, NULL, 'Charge port / dock connector');
INSERT INTO board_components (board_revision_id, reference_designator, component_type, value, part_number, notes) VALUES (200085, 'J_FCAM', 'Connector', NULL, NULL, 'Front camera connector');
INSERT INTO board_components (board_revision_id, reference_designator, component_type, value, part_number, notes) VALUES (200085, 'J_RCAM', 'Connector', NULL, NULL, 'Rear camera connector');
INSERT INTO board_components (board_revision_id, reference_designator, component_type, value, part_number, notes) VALUES (200085, 'U_PMIC', 'PMIC', NULL, NULL, 'Main power management IC');
INSERT INTO board_components (board_revision_id, reference_designator, component_type, value, part_number, notes) VALUES (200085, 'U_CHG', 'Charging IC', NULL, NULL, 'USB charging / interface IC');
INSERT INTO board_components (board_revision_id, reference_designator, component_type, value, part_number, notes) VALUES (200085, 'U_AUDIO', 'Audio IC', NULL, NULL, 'Audio codec IC');
INSERT INTO board_components (board_revision_id, reference_designator, component_type, value, part_number, notes) VALUES (200085, 'U_NAND', 'NAND Flash', NULL, NULL, 'Flash storage');
INSERT INTO board_components (board_revision_id, reference_designator, component_type, value, part_number, notes) VALUES (200085, 'U_CHG2', 'Charging IC', NULL, NULL, 'USB-C / charging IC (MAX77705 / S2MU-series typical)');
INSERT INTO board_components (board_revision_id, reference_designator, component_type, value, part_number, notes) VALUES (200085, 'U_SUBPMIC', 'PMIC', NULL, NULL, 'Sub-PMIC (S2MPS / S2DOS typical)');
INSERT INTO board_test_points (board_revision_id, label, location_desc, expected_voltage, expected_resistance) VALUES (200085, 'VBAT', 'see boardview', '3.8V', NULL);
INSERT INTO board_test_points (board_revision_id, label, location_desc, expected_voltage, expected_resistance) VALUES (200085, 'VBUS_5V', 'see boardview', '5.0V', NULL);
INSERT INTO board_test_points (board_revision_id, label, location_desc, expected_voltage, expected_resistance) VALUES (200085, 'PP1V8', 'see boardview', '1.8V', NULL);
INSERT INTO board_test_points (board_revision_id, label, location_desc, expected_voltage, expected_resistance) VALUES (200085, 'PP3V0', 'see boardview', '3.0V', NULL);
INSERT INTO board_nets (board_revision_id, net_name, test_point, expected_value, units) VALUES (200085, 'VBAT / PP_BATT_VCC', 'VBAT', '3.8', 'V');
INSERT INTO board_nets (board_revision_id, net_name, test_point, expected_value, units) VALUES (200085, 'VBUS', 'VBUS_5V', '5.0', 'V');
INSERT INTO board_nets (board_revision_id, net_name, test_point, expected_value, units) VALUES (200085, '1V8', 'PP1V8', '1.8', 'V');
INSERT INTO board_nets (board_revision_id, net_name, test_point, expected_value, units) VALUES (200085, '3V0', 'PP3V0', '3.0', 'V');
INSERT INTO measurements (board_revision_id, kind, test_point, reference_designator, rail_name, power_state, expected_value, measured_value, units, notes, is_known_good) VALUES (200085, 'voltage', 'VBAT', NULL, 'VBAT / PP_BATT_VCC', 'off', '3.8', '3.8', 'V', 'Battery main rail (typically 3.0-4.35V with charge).', 1);
INSERT INTO measurements (board_revision_id, kind, test_point, reference_designator, rail_name, power_state, expected_value, measured_value, units, notes, is_known_good) VALUES (200085, 'voltage', 'VBUS_5V', NULL, 'VBUS', 'on', '5.0', '5.0', 'V', 'USB VBUS when charging.', 1);
INSERT INTO measurements (board_revision_id, kind, test_point, reference_designator, rail_name, power_state, expected_value, measured_value, units, notes, is_known_good) VALUES (200085, 'voltage', 'PP1V8', NULL, '1V8', 'on', '1.8', '1.8', 'V', '1.8V housekeeping rail (typical).', 1);
INSERT INTO measurements (board_revision_id, kind, test_point, reference_designator, rail_name, power_state, expected_value, measured_value, units, notes, is_known_good) VALUES (200085, 'voltage', 'PP3V0', NULL, '3V0', 'on', '3.0', '3.0', 'V', '3.0V rail (typical).', 1);
INSERT INTO board_revisions (id, device_model, revision, layer_count, primary_soc, pmic, notes) VALUES (200086, 'Samsung Galaxy A14', 'Logic Board', NULL, NULL, 'U_PMIC', 'Samsung Galaxy A14 main logic board. Component set and rails are family-typical reference values; confirm exact values against the boardview/schematic for this unit.');
INSERT INTO board_components (board_revision_id, reference_designator, component_type, value, part_number, notes) VALUES (200086, 'J_DISP', 'Connector', NULL, NULL, 'Display FPC connector');
INSERT INTO board_components (board_revision_id, reference_designator, component_type, value, part_number, notes) VALUES (200086, 'J_BATT', 'Connector', NULL, NULL, 'Battery FPC connector');
INSERT INTO board_components (board_revision_id, reference_designator, component_type, value, part_number, notes) VALUES (200086, 'J_CHG', 'Connector', NULL, NULL, 'Charge port / dock connector');
INSERT INTO board_components (board_revision_id, reference_designator, component_type, value, part_number, notes) VALUES (200086, 'J_FCAM', 'Connector', NULL, NULL, 'Front camera connector');
INSERT INTO board_components (board_revision_id, reference_designator, component_type, value, part_number, notes) VALUES (200086, 'J_RCAM', 'Connector', NULL, NULL, 'Rear camera connector');
INSERT INTO board_components (board_revision_id, reference_designator, component_type, value, part_number, notes) VALUES (200086, 'U_PMIC', 'PMIC', NULL, NULL, 'Main power management IC');
INSERT INTO board_components (board_revision_id, reference_designator, component_type, value, part_number, notes) VALUES (200086, 'U_CHG', 'Charging IC', NULL, NULL, 'USB charging / interface IC');
INSERT INTO board_components (board_revision_id, reference_designator, component_type, value, part_number, notes) VALUES (200086, 'U_AUDIO', 'Audio IC', NULL, NULL, 'Audio codec IC');
INSERT INTO board_components (board_revision_id, reference_designator, component_type, value, part_number, notes) VALUES (200086, 'U_NAND', 'NAND Flash', NULL, NULL, 'Flash storage');
INSERT INTO board_components (board_revision_id, reference_designator, component_type, value, part_number, notes) VALUES (200086, 'U_CHG2', 'Charging IC', NULL, NULL, 'USB-C / charging IC (MAX77705 / S2MU-series typical)');
INSERT INTO board_components (board_revision_id, reference_designator, component_type, value, part_number, notes) VALUES (200086, 'U_SUBPMIC', 'PMIC', NULL, NULL, 'Sub-PMIC (S2MPS / S2DOS typical)');
INSERT INTO board_test_points (board_revision_id, label, location_desc, expected_voltage, expected_resistance) VALUES (200086, 'VBAT', 'see boardview', '3.8V', NULL);
INSERT INTO board_test_points (board_revision_id, label, location_desc, expected_voltage, expected_resistance) VALUES (200086, 'VBUS_5V', 'see boardview', '5.0V', NULL);
INSERT INTO board_test_points (board_revision_id, label, location_desc, expected_voltage, expected_resistance) VALUES (200086, 'PP1V8', 'see boardview', '1.8V', NULL);
INSERT INTO board_test_points (board_revision_id, label, location_desc, expected_voltage, expected_resistance) VALUES (200086, 'PP3V0', 'see boardview', '3.0V', NULL);
INSERT INTO board_nets (board_revision_id, net_name, test_point, expected_value, units) VALUES (200086, 'VBAT / PP_BATT_VCC', 'VBAT', '3.8', 'V');
INSERT INTO board_nets (board_revision_id, net_name, test_point, expected_value, units) VALUES (200086, 'VBUS', 'VBUS_5V', '5.0', 'V');
INSERT INTO board_nets (board_revision_id, net_name, test_point, expected_value, units) VALUES (200086, '1V8', 'PP1V8', '1.8', 'V');
INSERT INTO board_nets (board_revision_id, net_name, test_point, expected_value, units) VALUES (200086, '3V0', 'PP3V0', '3.0', 'V');
INSERT INTO measurements (board_revision_id, kind, test_point, reference_designator, rail_name, power_state, expected_value, measured_value, units, notes, is_known_good) VALUES (200086, 'voltage', 'VBAT', NULL, 'VBAT / PP_BATT_VCC', 'off', '3.8', '3.8', 'V', 'Battery main rail (typically 3.0-4.35V with charge).', 1);
INSERT INTO measurements (board_revision_id, kind, test_point, reference_designator, rail_name, power_state, expected_value, measured_value, units, notes, is_known_good) VALUES (200086, 'voltage', 'VBUS_5V', NULL, 'VBUS', 'on', '5.0', '5.0', 'V', 'USB VBUS when charging.', 1);
INSERT INTO measurements (board_revision_id, kind, test_point, reference_designator, rail_name, power_state, expected_value, measured_value, units, notes, is_known_good) VALUES (200086, 'voltage', 'PP1V8', NULL, '1V8', 'on', '1.8', '1.8', 'V', '1.8V housekeeping rail (typical).', 1);
INSERT INTO measurements (board_revision_id, kind, test_point, reference_designator, rail_name, power_state, expected_value, measured_value, units, notes, is_known_good) VALUES (200086, 'voltage', 'PP3V0', NULL, '3V0', 'on', '3.0', '3.0', 'V', '3.0V rail (typical).', 1);
INSERT INTO board_revisions (id, device_model, revision, layer_count, primary_soc, pmic, notes) VALUES (200087, 'Samsung Galaxy A20', 'Logic Board', NULL, NULL, 'U_PMIC', 'Samsung Galaxy A20 main logic board. Component set and rails are family-typical reference values; confirm exact values against the boardview/schematic for this unit.');
INSERT INTO board_components (board_revision_id, reference_designator, component_type, value, part_number, notes) VALUES (200087, 'J_DISP', 'Connector', NULL, NULL, 'Display FPC connector');
INSERT INTO board_components (board_revision_id, reference_designator, component_type, value, part_number, notes) VALUES (200087, 'J_BATT', 'Connector', NULL, NULL, 'Battery FPC connector');
INSERT INTO board_components (board_revision_id, reference_designator, component_type, value, part_number, notes) VALUES (200087, 'J_CHG', 'Connector', NULL, NULL, 'Charge port / dock connector');
INSERT INTO board_components (board_revision_id, reference_designator, component_type, value, part_number, notes) VALUES (200087, 'J_FCAM', 'Connector', NULL, NULL, 'Front camera connector');
INSERT INTO board_components (board_revision_id, reference_designator, component_type, value, part_number, notes) VALUES (200087, 'J_RCAM', 'Connector', NULL, NULL, 'Rear camera connector');
INSERT INTO board_components (board_revision_id, reference_designator, component_type, value, part_number, notes) VALUES (200087, 'U_PMIC', 'PMIC', NULL, NULL, 'Main power management IC');
INSERT INTO board_components (board_revision_id, reference_designator, component_type, value, part_number, notes) VALUES (200087, 'U_CHG', 'Charging IC', NULL, NULL, 'USB charging / interface IC');
INSERT INTO board_components (board_revision_id, reference_designator, component_type, value, part_number, notes) VALUES (200087, 'U_AUDIO', 'Audio IC', NULL, NULL, 'Audio codec IC');
INSERT INTO board_components (board_revision_id, reference_designator, component_type, value, part_number, notes) VALUES (200087, 'U_NAND', 'NAND Flash', NULL, NULL, 'Flash storage');
INSERT INTO board_components (board_revision_id, reference_designator, component_type, value, part_number, notes) VALUES (200087, 'U_CHG2', 'Charging IC', NULL, NULL, 'USB-C / charging IC (MAX77705 / S2MU-series typical)');
INSERT INTO board_components (board_revision_id, reference_designator, component_type, value, part_number, notes) VALUES (200087, 'U_SUBPMIC', 'PMIC', NULL, NULL, 'Sub-PMIC (S2MPS / S2DOS typical)');
INSERT INTO board_test_points (board_revision_id, label, location_desc, expected_voltage, expected_resistance) VALUES (200087, 'VBAT', 'see boardview', '3.8V', NULL);
INSERT INTO board_test_points (board_revision_id, label, location_desc, expected_voltage, expected_resistance) VALUES (200087, 'VBUS_5V', 'see boardview', '5.0V', NULL);
INSERT INTO board_test_points (board_revision_id, label, location_desc, expected_voltage, expected_resistance) VALUES (200087, 'PP1V8', 'see boardview', '1.8V', NULL);
INSERT INTO board_test_points (board_revision_id, label, location_desc, expected_voltage, expected_resistance) VALUES (200087, 'PP3V0', 'see boardview', '3.0V', NULL);
INSERT INTO board_nets (board_revision_id, net_name, test_point, expected_value, units) VALUES (200087, 'VBAT / PP_BATT_VCC', 'VBAT', '3.8', 'V');
INSERT INTO board_nets (board_revision_id, net_name, test_point, expected_value, units) VALUES (200087, 'VBUS', 'VBUS_5V', '5.0', 'V');
INSERT INTO board_nets (board_revision_id, net_name, test_point, expected_value, units) VALUES (200087, '1V8', 'PP1V8', '1.8', 'V');
INSERT INTO board_nets (board_revision_id, net_name, test_point, expected_value, units) VALUES (200087, '3V0', 'PP3V0', '3.0', 'V');
INSERT INTO measurements (board_revision_id, kind, test_point, reference_designator, rail_name, power_state, expected_value, measured_value, units, notes, is_known_good) VALUES (200087, 'voltage', 'VBAT', NULL, 'VBAT / PP_BATT_VCC', 'off', '3.8', '3.8', 'V', 'Battery main rail (typically 3.0-4.35V with charge).', 1);
INSERT INTO measurements (board_revision_id, kind, test_point, reference_designator, rail_name, power_state, expected_value, measured_value, units, notes, is_known_good) VALUES (200087, 'voltage', 'VBUS_5V', NULL, 'VBUS', 'on', '5.0', '5.0', 'V', 'USB VBUS when charging.', 1);
INSERT INTO measurements (board_revision_id, kind, test_point, reference_designator, rail_name, power_state, expected_value, measured_value, units, notes, is_known_good) VALUES (200087, 'voltage', 'PP1V8', NULL, '1V8', 'on', '1.8', '1.8', 'V', '1.8V housekeeping rail (typical).', 1);
INSERT INTO measurements (board_revision_id, kind, test_point, reference_designator, rail_name, power_state, expected_value, measured_value, units, notes, is_known_good) VALUES (200087, 'voltage', 'PP3V0', NULL, '3V0', 'on', '3.0', '3.0', 'V', '3.0V rail (typical).', 1);
INSERT INTO board_revisions (id, device_model, revision, layer_count, primary_soc, pmic, notes) VALUES (200088, 'Samsung Galaxy A21s', 'Logic Board', NULL, NULL, 'U_PMIC', 'Samsung Galaxy A21s main logic board. Component set and rails are family-typical reference values; confirm exact values against the boardview/schematic for this unit.');
INSERT INTO board_components (board_revision_id, reference_designator, component_type, value, part_number, notes) VALUES (200088, 'J_DISP', 'Connector', NULL, NULL, 'Display FPC connector');
INSERT INTO board_components (board_revision_id, reference_designator, component_type, value, part_number, notes) VALUES (200088, 'J_BATT', 'Connector', NULL, NULL, 'Battery FPC connector');
INSERT INTO board_components (board_revision_id, reference_designator, component_type, value, part_number, notes) VALUES (200088, 'J_CHG', 'Connector', NULL, NULL, 'Charge port / dock connector');
INSERT INTO board_components (board_revision_id, reference_designator, component_type, value, part_number, notes) VALUES (200088, 'J_FCAM', 'Connector', NULL, NULL, 'Front camera connector');
INSERT INTO board_components (board_revision_id, reference_designator, component_type, value, part_number, notes) VALUES (200088, 'J_RCAM', 'Connector', NULL, NULL, 'Rear camera connector');
INSERT INTO board_components (board_revision_id, reference_designator, component_type, value, part_number, notes) VALUES (200088, 'U_PMIC', 'PMIC', NULL, NULL, 'Main power management IC');
INSERT INTO board_components (board_revision_id, reference_designator, component_type, value, part_number, notes) VALUES (200088, 'U_CHG', 'Charging IC', NULL, NULL, 'USB charging / interface IC');
INSERT INTO board_components (board_revision_id, reference_designator, component_type, value, part_number, notes) VALUES (200088, 'U_AUDIO', 'Audio IC', NULL, NULL, 'Audio codec IC');
INSERT INTO board_components (board_revision_id, reference_designator, component_type, value, part_number, notes) VALUES (200088, 'U_NAND', 'NAND Flash', NULL, NULL, 'Flash storage');
INSERT INTO board_components (board_revision_id, reference_designator, component_type, value, part_number, notes) VALUES (200088, 'U_CHG2', 'Charging IC', NULL, NULL, 'USB-C / charging IC (MAX77705 / S2MU-series typical)');
INSERT INTO board_components (board_revision_id, reference_designator, component_type, value, part_number, notes) VALUES (200088, 'U_SUBPMIC', 'PMIC', NULL, NULL, 'Sub-PMIC (S2MPS / S2DOS typical)');
INSERT INTO board_test_points (board_revision_id, label, location_desc, expected_voltage, expected_resistance) VALUES (200088, 'VBAT', 'see boardview', '3.8V', NULL);
INSERT INTO board_test_points (board_revision_id, label, location_desc, expected_voltage, expected_resistance) VALUES (200088, 'VBUS_5V', 'see boardview', '5.0V', NULL);
INSERT INTO board_test_points (board_revision_id, label, location_desc, expected_voltage, expected_resistance) VALUES (200088, 'PP1V8', 'see boardview', '1.8V', NULL);
INSERT INTO board_test_points (board_revision_id, label, location_desc, expected_voltage, expected_resistance) VALUES (200088, 'PP3V0', 'see boardview', '3.0V', NULL);
INSERT INTO board_nets (board_revision_id, net_name, test_point, expected_value, units) VALUES (200088, 'VBAT / PP_BATT_VCC', 'VBAT', '3.8', 'V');
INSERT INTO board_nets (board_revision_id, net_name, test_point, expected_value, units) VALUES (200088, 'VBUS', 'VBUS_5V', '5.0', 'V');
INSERT INTO board_nets (board_revision_id, net_name, test_point, expected_value, units) VALUES (200088, '1V8', 'PP1V8', '1.8', 'V');
INSERT INTO board_nets (board_revision_id, net_name, test_point, expected_value, units) VALUES (200088, '3V0', 'PP3V0', '3.0', 'V');
INSERT INTO measurements (board_revision_id, kind, test_point, reference_designator, rail_name, power_state, expected_value, measured_value, units, notes, is_known_good) VALUES (200088, 'voltage', 'VBAT', NULL, 'VBAT / PP_BATT_VCC', 'off', '3.8', '3.8', 'V', 'Battery main rail (typically 3.0-4.35V with charge).', 1);
INSERT INTO measurements (board_revision_id, kind, test_point, reference_designator, rail_name, power_state, expected_value, measured_value, units, notes, is_known_good) VALUES (200088, 'voltage', 'VBUS_5V', NULL, 'VBUS', 'on', '5.0', '5.0', 'V', 'USB VBUS when charging.', 1);
INSERT INTO measurements (board_revision_id, kind, test_point, reference_designator, rail_name, power_state, expected_value, measured_value, units, notes, is_known_good) VALUES (200088, 'voltage', 'PP1V8', NULL, '1V8', 'on', '1.8', '1.8', 'V', '1.8V housekeeping rail (typical).', 1);
INSERT INTO measurements (board_revision_id, kind, test_point, reference_designator, rail_name, power_state, expected_value, measured_value, units, notes, is_known_good) VALUES (200088, 'voltage', 'PP3V0', NULL, '3V0', 'on', '3.0', '3.0', 'V', '3.0V rail (typical).', 1);
INSERT INTO board_revisions (id, device_model, revision, layer_count, primary_soc, pmic, notes) VALUES (200089, 'Samsung Galaxy A30', 'Logic Board', NULL, NULL, 'U_PMIC', 'Samsung Galaxy A30 main logic board. Component set and rails are family-typical reference values; confirm exact values against the boardview/schematic for this unit.');
INSERT INTO board_components (board_revision_id, reference_designator, component_type, value, part_number, notes) VALUES (200089, 'J_DISP', 'Connector', NULL, NULL, 'Display FPC connector');
INSERT INTO board_components (board_revision_id, reference_designator, component_type, value, part_number, notes) VALUES (200089, 'J_BATT', 'Connector', NULL, NULL, 'Battery FPC connector');
INSERT INTO board_components (board_revision_id, reference_designator, component_type, value, part_number, notes) VALUES (200089, 'J_CHG', 'Connector', NULL, NULL, 'Charge port / dock connector');
INSERT INTO board_components (board_revision_id, reference_designator, component_type, value, part_number, notes) VALUES (200089, 'J_FCAM', 'Connector', NULL, NULL, 'Front camera connector');
INSERT INTO board_components (board_revision_id, reference_designator, component_type, value, part_number, notes) VALUES (200089, 'J_RCAM', 'Connector', NULL, NULL, 'Rear camera connector');
INSERT INTO board_components (board_revision_id, reference_designator, component_type, value, part_number, notes) VALUES (200089, 'U_PMIC', 'PMIC', NULL, NULL, 'Main power management IC');
INSERT INTO board_components (board_revision_id, reference_designator, component_type, value, part_number, notes) VALUES (200089, 'U_CHG', 'Charging IC', NULL, NULL, 'USB charging / interface IC');
INSERT INTO board_components (board_revision_id, reference_designator, component_type, value, part_number, notes) VALUES (200089, 'U_AUDIO', 'Audio IC', NULL, NULL, 'Audio codec IC');
INSERT INTO board_components (board_revision_id, reference_designator, component_type, value, part_number, notes) VALUES (200089, 'U_NAND', 'NAND Flash', NULL, NULL, 'Flash storage');
INSERT INTO board_components (board_revision_id, reference_designator, component_type, value, part_number, notes) VALUES (200089, 'U_CHG2', 'Charging IC', NULL, NULL, 'USB-C / charging IC (MAX77705 / S2MU-series typical)');
INSERT INTO board_components (board_revision_id, reference_designator, component_type, value, part_number, notes) VALUES (200089, 'U_SUBPMIC', 'PMIC', NULL, NULL, 'Sub-PMIC (S2MPS / S2DOS typical)');
INSERT INTO board_test_points (board_revision_id, label, location_desc, expected_voltage, expected_resistance) VALUES (200089, 'VBAT', 'see boardview', '3.8V', NULL);
INSERT INTO board_test_points (board_revision_id, label, location_desc, expected_voltage, expected_resistance) VALUES (200089, 'VBUS_5V', 'see boardview', '5.0V', NULL);
INSERT INTO board_test_points (board_revision_id, label, location_desc, expected_voltage, expected_resistance) VALUES (200089, 'PP1V8', 'see boardview', '1.8V', NULL);
INSERT INTO board_test_points (board_revision_id, label, location_desc, expected_voltage, expected_resistance) VALUES (200089, 'PP3V0', 'see boardview', '3.0V', NULL);
INSERT INTO board_nets (board_revision_id, net_name, test_point, expected_value, units) VALUES (200089, 'VBAT / PP_BATT_VCC', 'VBAT', '3.8', 'V');
INSERT INTO board_nets (board_revision_id, net_name, test_point, expected_value, units) VALUES (200089, 'VBUS', 'VBUS_5V', '5.0', 'V');
INSERT INTO board_nets (board_revision_id, net_name, test_point, expected_value, units) VALUES (200089, '1V8', 'PP1V8', '1.8', 'V');
INSERT INTO board_nets (board_revision_id, net_name, test_point, expected_value, units) VALUES (200089, '3V0', 'PP3V0', '3.0', 'V');
INSERT INTO measurements (board_revision_id, kind, test_point, reference_designator, rail_name, power_state, expected_value, measured_value, units, notes, is_known_good) VALUES (200089, 'voltage', 'VBAT', NULL, 'VBAT / PP_BATT_VCC', 'off', '3.8', '3.8', 'V', 'Battery main rail (typically 3.0-4.35V with charge).', 1);
INSERT INTO measurements (board_revision_id, kind, test_point, reference_designator, rail_name, power_state, expected_value, measured_value, units, notes, is_known_good) VALUES (200089, 'voltage', 'VBUS_5V', NULL, 'VBUS', 'on', '5.0', '5.0', 'V', 'USB VBUS when charging.', 1);
INSERT INTO measurements (board_revision_id, kind, test_point, reference_designator, rail_name, power_state, expected_value, measured_value, units, notes, is_known_good) VALUES (200089, 'voltage', 'PP1V8', NULL, '1V8', 'on', '1.8', '1.8', 'V', '1.8V housekeeping rail (typical).', 1);
INSERT INTO measurements (board_revision_id, kind, test_point, reference_designator, rail_name, power_state, expected_value, measured_value, units, notes, is_known_good) VALUES (200089, 'voltage', 'PP3V0', NULL, '3V0', 'on', '3.0', '3.0', 'V', '3.0V rail (typical).', 1);
INSERT INTO board_revisions (id, device_model, revision, layer_count, primary_soc, pmic, notes) VALUES (200090, 'Samsung Galaxy A31', 'Logic Board', NULL, NULL, 'U_PMIC', 'Samsung Galaxy A31 main logic board. Component set and rails are family-typical reference values; confirm exact values against the boardview/schematic for this unit.');
INSERT INTO board_components (board_revision_id, reference_designator, component_type, value, part_number, notes) VALUES (200090, 'J_DISP', 'Connector', NULL, NULL, 'Display FPC connector');
INSERT INTO board_components (board_revision_id, reference_designator, component_type, value, part_number, notes) VALUES (200090, 'J_BATT', 'Connector', NULL, NULL, 'Battery FPC connector');
INSERT INTO board_components (board_revision_id, reference_designator, component_type, value, part_number, notes) VALUES (200090, 'J_CHG', 'Connector', NULL, NULL, 'Charge port / dock connector');
INSERT INTO board_components (board_revision_id, reference_designator, component_type, value, part_number, notes) VALUES (200090, 'J_FCAM', 'Connector', NULL, NULL, 'Front camera connector');
INSERT INTO board_components (board_revision_id, reference_designator, component_type, value, part_number, notes) VALUES (200090, 'J_RCAM', 'Connector', NULL, NULL, 'Rear camera connector');
INSERT INTO board_components (board_revision_id, reference_designator, component_type, value, part_number, notes) VALUES (200090, 'U_PMIC', 'PMIC', NULL, NULL, 'Main power management IC');
INSERT INTO board_components (board_revision_id, reference_designator, component_type, value, part_number, notes) VALUES (200090, 'U_CHG', 'Charging IC', NULL, NULL, 'USB charging / interface IC');
INSERT INTO board_components (board_revision_id, reference_designator, component_type, value, part_number, notes) VALUES (200090, 'U_AUDIO', 'Audio IC', NULL, NULL, 'Audio codec IC');
INSERT INTO board_components (board_revision_id, reference_designator, component_type, value, part_number, notes) VALUES (200090, 'U_NAND', 'NAND Flash', NULL, NULL, 'Flash storage');
INSERT INTO board_components (board_revision_id, reference_designator, component_type, value, part_number, notes) VALUES (200090, 'U_CHG2', 'Charging IC', NULL, NULL, 'USB-C / charging IC (MAX77705 / S2MU-series typical)');
INSERT INTO board_components (board_revision_id, reference_designator, component_type, value, part_number, notes) VALUES (200090, 'U_SUBPMIC', 'PMIC', NULL, NULL, 'Sub-PMIC (S2MPS / S2DOS typical)');
INSERT INTO board_test_points (board_revision_id, label, location_desc, expected_voltage, expected_resistance) VALUES (200090, 'VBAT', 'see boardview', '3.8V', NULL);
INSERT INTO board_test_points (board_revision_id, label, location_desc, expected_voltage, expected_resistance) VALUES (200090, 'VBUS_5V', 'see boardview', '5.0V', NULL);
INSERT INTO board_test_points (board_revision_id, label, location_desc, expected_voltage, expected_resistance) VALUES (200090, 'PP1V8', 'see boardview', '1.8V', NULL);
INSERT INTO board_test_points (board_revision_id, label, location_desc, expected_voltage, expected_resistance) VALUES (200090, 'PP3V0', 'see boardview', '3.0V', NULL);
INSERT INTO board_nets (board_revision_id, net_name, test_point, expected_value, units) VALUES (200090, 'VBAT / PP_BATT_VCC', 'VBAT', '3.8', 'V');
INSERT INTO board_nets (board_revision_id, net_name, test_point, expected_value, units) VALUES (200090, 'VBUS', 'VBUS_5V', '5.0', 'V');
INSERT INTO board_nets (board_revision_id, net_name, test_point, expected_value, units) VALUES (200090, '1V8', 'PP1V8', '1.8', 'V');
INSERT INTO board_nets (board_revision_id, net_name, test_point, expected_value, units) VALUES (200090, '3V0', 'PP3V0', '3.0', 'V');
INSERT INTO measurements (board_revision_id, kind, test_point, reference_designator, rail_name, power_state, expected_value, measured_value, units, notes, is_known_good) VALUES (200090, 'voltage', 'VBAT', NULL, 'VBAT / PP_BATT_VCC', 'off', '3.8', '3.8', 'V', 'Battery main rail (typically 3.0-4.35V with charge).', 1);
INSERT INTO measurements (board_revision_id, kind, test_point, reference_designator, rail_name, power_state, expected_value, measured_value, units, notes, is_known_good) VALUES (200090, 'voltage', 'VBUS_5V', NULL, 'VBUS', 'on', '5.0', '5.0', 'V', 'USB VBUS when charging.', 1);
INSERT INTO measurements (board_revision_id, kind, test_point, reference_designator, rail_name, power_state, expected_value, measured_value, units, notes, is_known_good) VALUES (200090, 'voltage', 'PP1V8', NULL, '1V8', 'on', '1.8', '1.8', 'V', '1.8V housekeeping rail (typical).', 1);
INSERT INTO measurements (board_revision_id, kind, test_point, reference_designator, rail_name, power_state, expected_value, measured_value, units, notes, is_known_good) VALUES (200090, 'voltage', 'PP3V0', NULL, '3V0', 'on', '3.0', '3.0', 'V', '3.0V rail (typical).', 1);
INSERT INTO board_revisions (id, device_model, revision, layer_count, primary_soc, pmic, notes) VALUES (200091, 'Samsung Galaxy A32', 'Logic Board', NULL, NULL, 'U_PMIC', 'Samsung Galaxy A32 main logic board. Component set and rails are family-typical reference values; confirm exact values against the boardview/schematic for this unit.');
INSERT INTO board_components (board_revision_id, reference_designator, component_type, value, part_number, notes) VALUES (200091, 'J_DISP', 'Connector', NULL, NULL, 'Display FPC connector');
INSERT INTO board_components (board_revision_id, reference_designator, component_type, value, part_number, notes) VALUES (200091, 'J_BATT', 'Connector', NULL, NULL, 'Battery FPC connector');
INSERT INTO board_components (board_revision_id, reference_designator, component_type, value, part_number, notes) VALUES (200091, 'J_CHG', 'Connector', NULL, NULL, 'Charge port / dock connector');
INSERT INTO board_components (board_revision_id, reference_designator, component_type, value, part_number, notes) VALUES (200091, 'J_FCAM', 'Connector', NULL, NULL, 'Front camera connector');
INSERT INTO board_components (board_revision_id, reference_designator, component_type, value, part_number, notes) VALUES (200091, 'J_RCAM', 'Connector', NULL, NULL, 'Rear camera connector');
INSERT INTO board_components (board_revision_id, reference_designator, component_type, value, part_number, notes) VALUES (200091, 'U_PMIC', 'PMIC', NULL, NULL, 'Main power management IC');
INSERT INTO board_components (board_revision_id, reference_designator, component_type, value, part_number, notes) VALUES (200091, 'U_CHG', 'Charging IC', NULL, NULL, 'USB charging / interface IC');
INSERT INTO board_components (board_revision_id, reference_designator, component_type, value, part_number, notes) VALUES (200091, 'U_AUDIO', 'Audio IC', NULL, NULL, 'Audio codec IC');
INSERT INTO board_components (board_revision_id, reference_designator, component_type, value, part_number, notes) VALUES (200091, 'U_NAND', 'NAND Flash', NULL, NULL, 'Flash storage');
INSERT INTO board_components (board_revision_id, reference_designator, component_type, value, part_number, notes) VALUES (200091, 'U_CHG2', 'Charging IC', NULL, NULL, 'USB-C / charging IC (MAX77705 / S2MU-series typical)');
INSERT INTO board_components (board_revision_id, reference_designator, component_type, value, part_number, notes) VALUES (200091, 'U_SUBPMIC', 'PMIC', NULL, NULL, 'Sub-PMIC (S2MPS / S2DOS typical)');
INSERT INTO board_test_points (board_revision_id, label, location_desc, expected_voltage, expected_resistance) VALUES (200091, 'VBAT', 'see boardview', '3.8V', NULL);
INSERT INTO board_test_points (board_revision_id, label, location_desc, expected_voltage, expected_resistance) VALUES (200091, 'VBUS_5V', 'see boardview', '5.0V', NULL);
INSERT INTO board_test_points (board_revision_id, label, location_desc, expected_voltage, expected_resistance) VALUES (200091, 'PP1V8', 'see boardview', '1.8V', NULL);
INSERT INTO board_test_points (board_revision_id, label, location_desc, expected_voltage, expected_resistance) VALUES (200091, 'PP3V0', 'see boardview', '3.0V', NULL);
INSERT INTO board_nets (board_revision_id, net_name, test_point, expected_value, units) VALUES (200091, 'VBAT / PP_BATT_VCC', 'VBAT', '3.8', 'V');
INSERT INTO board_nets (board_revision_id, net_name, test_point, expected_value, units) VALUES (200091, 'VBUS', 'VBUS_5V', '5.0', 'V');
INSERT INTO board_nets (board_revision_id, net_name, test_point, expected_value, units) VALUES (200091, '1V8', 'PP1V8', '1.8', 'V');
INSERT INTO board_nets (board_revision_id, net_name, test_point, expected_value, units) VALUES (200091, '3V0', 'PP3V0', '3.0', 'V');
INSERT INTO measurements (board_revision_id, kind, test_point, reference_designator, rail_name, power_state, expected_value, measured_value, units, notes, is_known_good) VALUES (200091, 'voltage', 'VBAT', NULL, 'VBAT / PP_BATT_VCC', 'off', '3.8', '3.8', 'V', 'Battery main rail (typically 3.0-4.35V with charge).', 1);
INSERT INTO measurements (board_revision_id, kind, test_point, reference_designator, rail_name, power_state, expected_value, measured_value, units, notes, is_known_good) VALUES (200091, 'voltage', 'VBUS_5V', NULL, 'VBUS', 'on', '5.0', '5.0', 'V', 'USB VBUS when charging.', 1);
INSERT INTO measurements (board_revision_id, kind, test_point, reference_designator, rail_name, power_state, expected_value, measured_value, units, notes, is_known_good) VALUES (200091, 'voltage', 'PP1V8', NULL, '1V8', 'on', '1.8', '1.8', 'V', '1.8V housekeeping rail (typical).', 1);
INSERT INTO measurements (board_revision_id, kind, test_point, reference_designator, rail_name, power_state, expected_value, measured_value, units, notes, is_known_good) VALUES (200091, 'voltage', 'PP3V0', NULL, '3V0', 'on', '3.0', '3.0', 'V', '3.0V rail (typical).', 1);
INSERT INTO board_revisions (id, device_model, revision, layer_count, primary_soc, pmic, notes) VALUES (200092, 'Samsung Galaxy A50', 'Logic Board', NULL, NULL, 'U_PMIC', 'Samsung Galaxy A50 main logic board. Component set and rails are family-typical reference values; confirm exact values against the boardview/schematic for this unit.');
INSERT INTO board_components (board_revision_id, reference_designator, component_type, value, part_number, notes) VALUES (200092, 'J_DISP', 'Connector', NULL, NULL, 'Display FPC connector');
INSERT INTO board_components (board_revision_id, reference_designator, component_type, value, part_number, notes) VALUES (200092, 'J_BATT', 'Connector', NULL, NULL, 'Battery FPC connector');
INSERT INTO board_components (board_revision_id, reference_designator, component_type, value, part_number, notes) VALUES (200092, 'J_CHG', 'Connector', NULL, NULL, 'Charge port / dock connector');
INSERT INTO board_components (board_revision_id, reference_designator, component_type, value, part_number, notes) VALUES (200092, 'J_FCAM', 'Connector', NULL, NULL, 'Front camera connector');
INSERT INTO board_components (board_revision_id, reference_designator, component_type, value, part_number, notes) VALUES (200092, 'J_RCAM', 'Connector', NULL, NULL, 'Rear camera connector');
INSERT INTO board_components (board_revision_id, reference_designator, component_type, value, part_number, notes) VALUES (200092, 'U_PMIC', 'PMIC', NULL, NULL, 'Main power management IC');
INSERT INTO board_components (board_revision_id, reference_designator, component_type, value, part_number, notes) VALUES (200092, 'U_CHG', 'Charging IC', NULL, NULL, 'USB charging / interface IC');
INSERT INTO board_components (board_revision_id, reference_designator, component_type, value, part_number, notes) VALUES (200092, 'U_AUDIO', 'Audio IC', NULL, NULL, 'Audio codec IC');
INSERT INTO board_components (board_revision_id, reference_designator, component_type, value, part_number, notes) VALUES (200092, 'U_NAND', 'NAND Flash', NULL, NULL, 'Flash storage');
INSERT INTO board_components (board_revision_id, reference_designator, component_type, value, part_number, notes) VALUES (200092, 'U_CHG2', 'Charging IC', NULL, NULL, 'USB-C / charging IC (MAX77705 / S2MU-series typical)');
INSERT INTO board_components (board_revision_id, reference_designator, component_type, value, part_number, notes) VALUES (200092, 'U_SUBPMIC', 'PMIC', NULL, NULL, 'Sub-PMIC (S2MPS / S2DOS typical)');
INSERT INTO board_test_points (board_revision_id, label, location_desc, expected_voltage, expected_resistance) VALUES (200092, 'VBAT', 'see boardview', '3.8V', NULL);
INSERT INTO board_test_points (board_revision_id, label, location_desc, expected_voltage, expected_resistance) VALUES (200092, 'VBUS_5V', 'see boardview', '5.0V', NULL);
INSERT INTO board_test_points (board_revision_id, label, location_desc, expected_voltage, expected_resistance) VALUES (200092, 'PP1V8', 'see boardview', '1.8V', NULL);
INSERT INTO board_test_points (board_revision_id, label, location_desc, expected_voltage, expected_resistance) VALUES (200092, 'PP3V0', 'see boardview', '3.0V', NULL);
INSERT INTO board_nets (board_revision_id, net_name, test_point, expected_value, units) VALUES (200092, 'VBAT / PP_BATT_VCC', 'VBAT', '3.8', 'V');
INSERT INTO board_nets (board_revision_id, net_name, test_point, expected_value, units) VALUES (200092, 'VBUS', 'VBUS_5V', '5.0', 'V');
INSERT INTO board_nets (board_revision_id, net_name, test_point, expected_value, units) VALUES (200092, '1V8', 'PP1V8', '1.8', 'V');
INSERT INTO board_nets (board_revision_id, net_name, test_point, expected_value, units) VALUES (200092, '3V0', 'PP3V0', '3.0', 'V');
INSERT INTO measurements (board_revision_id, kind, test_point, reference_designator, rail_name, power_state, expected_value, measured_value, units, notes, is_known_good) VALUES (200092, 'voltage', 'VBAT', NULL, 'VBAT / PP_BATT_VCC', 'off', '3.8', '3.8', 'V', 'Battery main rail (typically 3.0-4.35V with charge).', 1);
INSERT INTO measurements (board_revision_id, kind, test_point, reference_designator, rail_name, power_state, expected_value, measured_value, units, notes, is_known_good) VALUES (200092, 'voltage', 'VBUS_5V', NULL, 'VBUS', 'on', '5.0', '5.0', 'V', 'USB VBUS when charging.', 1);
INSERT INTO measurements (board_revision_id, kind, test_point, reference_designator, rail_name, power_state, expected_value, measured_value, units, notes, is_known_good) VALUES (200092, 'voltage', 'PP1V8', NULL, '1V8', 'on', '1.8', '1.8', 'V', '1.8V housekeeping rail (typical).', 1);
INSERT INTO measurements (board_revision_id, kind, test_point, reference_designator, rail_name, power_state, expected_value, measured_value, units, notes, is_known_good) VALUES (200092, 'voltage', 'PP3V0', NULL, '3V0', 'on', '3.0', '3.0', 'V', '3.0V rail (typical).', 1);
INSERT INTO board_revisions (id, device_model, revision, layer_count, primary_soc, pmic, notes) VALUES (200093, 'Samsung Galaxy A51', 'Logic Board', NULL, NULL, 'U_PMIC', 'Samsung Galaxy A51 main logic board. Component set and rails are family-typical reference values; confirm exact values against the boardview/schematic for this unit.');
INSERT INTO board_components (board_revision_id, reference_designator, component_type, value, part_number, notes) VALUES (200093, 'J_DISP', 'Connector', NULL, NULL, 'Display FPC connector');
INSERT INTO board_components (board_revision_id, reference_designator, component_type, value, part_number, notes) VALUES (200093, 'J_BATT', 'Connector', NULL, NULL, 'Battery FPC connector');
INSERT INTO board_components (board_revision_id, reference_designator, component_type, value, part_number, notes) VALUES (200093, 'J_CHG', 'Connector', NULL, NULL, 'Charge port / dock connector');
INSERT INTO board_components (board_revision_id, reference_designator, component_type, value, part_number, notes) VALUES (200093, 'J_FCAM', 'Connector', NULL, NULL, 'Front camera connector');
INSERT INTO board_components (board_revision_id, reference_designator, component_type, value, part_number, notes) VALUES (200093, 'J_RCAM', 'Connector', NULL, NULL, 'Rear camera connector');
INSERT INTO board_components (board_revision_id, reference_designator, component_type, value, part_number, notes) VALUES (200093, 'U_PMIC', 'PMIC', NULL, NULL, 'Main power management IC');
INSERT INTO board_components (board_revision_id, reference_designator, component_type, value, part_number, notes) VALUES (200093, 'U_CHG', 'Charging IC', NULL, NULL, 'USB charging / interface IC');
INSERT INTO board_components (board_revision_id, reference_designator, component_type, value, part_number, notes) VALUES (200093, 'U_AUDIO', 'Audio IC', NULL, NULL, 'Audio codec IC');
INSERT INTO board_components (board_revision_id, reference_designator, component_type, value, part_number, notes) VALUES (200093, 'U_NAND', 'NAND Flash', NULL, NULL, 'Flash storage');
INSERT INTO board_components (board_revision_id, reference_designator, component_type, value, part_number, notes) VALUES (200093, 'U_CHG2', 'Charging IC', NULL, NULL, 'USB-C / charging IC (MAX77705 / S2MU-series typical)');
INSERT INTO board_components (board_revision_id, reference_designator, component_type, value, part_number, notes) VALUES (200093, 'U_SUBPMIC', 'PMIC', NULL, NULL, 'Sub-PMIC (S2MPS / S2DOS typical)');
INSERT INTO board_test_points (board_revision_id, label, location_desc, expected_voltage, expected_resistance) VALUES (200093, 'VBAT', 'see boardview', '3.8V', NULL);
INSERT INTO board_test_points (board_revision_id, label, location_desc, expected_voltage, expected_resistance) VALUES (200093, 'VBUS_5V', 'see boardview', '5.0V', NULL);
INSERT INTO board_test_points (board_revision_id, label, location_desc, expected_voltage, expected_resistance) VALUES (200093, 'PP1V8', 'see boardview', '1.8V', NULL);
INSERT INTO board_test_points (board_revision_id, label, location_desc, expected_voltage, expected_resistance) VALUES (200093, 'PP3V0', 'see boardview', '3.0V', NULL);
INSERT INTO board_nets (board_revision_id, net_name, test_point, expected_value, units) VALUES (200093, 'VBAT / PP_BATT_VCC', 'VBAT', '3.8', 'V');
INSERT INTO board_nets (board_revision_id, net_name, test_point, expected_value, units) VALUES (200093, 'VBUS', 'VBUS_5V', '5.0', 'V');
INSERT INTO board_nets (board_revision_id, net_name, test_point, expected_value, units) VALUES (200093, '1V8', 'PP1V8', '1.8', 'V');
INSERT INTO board_nets (board_revision_id, net_name, test_point, expected_value, units) VALUES (200093, '3V0', 'PP3V0', '3.0', 'V');
INSERT INTO measurements (board_revision_id, kind, test_point, reference_designator, rail_name, power_state, expected_value, measured_value, units, notes, is_known_good) VALUES (200093, 'voltage', 'VBAT', NULL, 'VBAT / PP_BATT_VCC', 'off', '3.8', '3.8', 'V', 'Battery main rail (typically 3.0-4.35V with charge).', 1);
INSERT INTO measurements (board_revision_id, kind, test_point, reference_designator, rail_name, power_state, expected_value, measured_value, units, notes, is_known_good) VALUES (200093, 'voltage', 'VBUS_5V', NULL, 'VBUS', 'on', '5.0', '5.0', 'V', 'USB VBUS when charging.', 1);
INSERT INTO measurements (board_revision_id, kind, test_point, reference_designator, rail_name, power_state, expected_value, measured_value, units, notes, is_known_good) VALUES (200093, 'voltage', 'PP1V8', NULL, '1V8', 'on', '1.8', '1.8', 'V', '1.8V housekeeping rail (typical).', 1);
INSERT INTO measurements (board_revision_id, kind, test_point, reference_designator, rail_name, power_state, expected_value, measured_value, units, notes, is_known_good) VALUES (200093, 'voltage', 'PP3V0', NULL, '3V0', 'on', '3.0', '3.0', 'V', '3.0V rail (typical).', 1);
INSERT INTO board_revisions (id, device_model, revision, layer_count, primary_soc, pmic, notes) VALUES (200094, 'Samsung Galaxy A52', 'Logic Board', NULL, NULL, 'U_PMIC', 'Samsung Galaxy A52 main logic board. Component set and rails are family-typical reference values; confirm exact values against the boardview/schematic for this unit.');
INSERT INTO board_components (board_revision_id, reference_designator, component_type, value, part_number, notes) VALUES (200094, 'J_DISP', 'Connector', NULL, NULL, 'Display FPC connector');
INSERT INTO board_components (board_revision_id, reference_designator, component_type, value, part_number, notes) VALUES (200094, 'J_BATT', 'Connector', NULL, NULL, 'Battery FPC connector');
INSERT INTO board_components (board_revision_id, reference_designator, component_type, value, part_number, notes) VALUES (200094, 'J_CHG', 'Connector', NULL, NULL, 'Charge port / dock connector');
INSERT INTO board_components (board_revision_id, reference_designator, component_type, value, part_number, notes) VALUES (200094, 'J_FCAM', 'Connector', NULL, NULL, 'Front camera connector');
INSERT INTO board_components (board_revision_id, reference_designator, component_type, value, part_number, notes) VALUES (200094, 'J_RCAM', 'Connector', NULL, NULL, 'Rear camera connector');
INSERT INTO board_components (board_revision_id, reference_designator, component_type, value, part_number, notes) VALUES (200094, 'U_PMIC', 'PMIC', NULL, NULL, 'Main power management IC');
INSERT INTO board_components (board_revision_id, reference_designator, component_type, value, part_number, notes) VALUES (200094, 'U_CHG', 'Charging IC', NULL, NULL, 'USB charging / interface IC');
INSERT INTO board_components (board_revision_id, reference_designator, component_type, value, part_number, notes) VALUES (200094, 'U_AUDIO', 'Audio IC', NULL, NULL, 'Audio codec IC');
INSERT INTO board_components (board_revision_id, reference_designator, component_type, value, part_number, notes) VALUES (200094, 'U_NAND', 'NAND Flash', NULL, NULL, 'Flash storage');
INSERT INTO board_components (board_revision_id, reference_designator, component_type, value, part_number, notes) VALUES (200094, 'U_CHG2', 'Charging IC', NULL, NULL, 'USB-C / charging IC (MAX77705 / S2MU-series typical)');
INSERT INTO board_components (board_revision_id, reference_designator, component_type, value, part_number, notes) VALUES (200094, 'U_SUBPMIC', 'PMIC', NULL, NULL, 'Sub-PMIC (S2MPS / S2DOS typical)');
INSERT INTO board_test_points (board_revision_id, label, location_desc, expected_voltage, expected_resistance) VALUES (200094, 'VBAT', 'see boardview', '3.8V', NULL);
INSERT INTO board_test_points (board_revision_id, label, location_desc, expected_voltage, expected_resistance) VALUES (200094, 'VBUS_5V', 'see boardview', '5.0V', NULL);
INSERT INTO board_test_points (board_revision_id, label, location_desc, expected_voltage, expected_resistance) VALUES (200094, 'PP1V8', 'see boardview', '1.8V', NULL);
INSERT INTO board_test_points (board_revision_id, label, location_desc, expected_voltage, expected_resistance) VALUES (200094, 'PP3V0', 'see boardview', '3.0V', NULL);
INSERT INTO board_nets (board_revision_id, net_name, test_point, expected_value, units) VALUES (200094, 'VBAT / PP_BATT_VCC', 'VBAT', '3.8', 'V');
INSERT INTO board_nets (board_revision_id, net_name, test_point, expected_value, units) VALUES (200094, 'VBUS', 'VBUS_5V', '5.0', 'V');
INSERT INTO board_nets (board_revision_id, net_name, test_point, expected_value, units) VALUES (200094, '1V8', 'PP1V8', '1.8', 'V');
INSERT INTO board_nets (board_revision_id, net_name, test_point, expected_value, units) VALUES (200094, '3V0', 'PP3V0', '3.0', 'V');
INSERT INTO measurements (board_revision_id, kind, test_point, reference_designator, rail_name, power_state, expected_value, measured_value, units, notes, is_known_good) VALUES (200094, 'voltage', 'VBAT', NULL, 'VBAT / PP_BATT_VCC', 'off', '3.8', '3.8', 'V', 'Battery main rail (typically 3.0-4.35V with charge).', 1);
INSERT INTO measurements (board_revision_id, kind, test_point, reference_designator, rail_name, power_state, expected_value, measured_value, units, notes, is_known_good) VALUES (200094, 'voltage', 'VBUS_5V', NULL, 'VBUS', 'on', '5.0', '5.0', 'V', 'USB VBUS when charging.', 1);
INSERT INTO measurements (board_revision_id, kind, test_point, reference_designator, rail_name, power_state, expected_value, measured_value, units, notes, is_known_good) VALUES (200094, 'voltage', 'PP1V8', NULL, '1V8', 'on', '1.8', '1.8', 'V', '1.8V housekeeping rail (typical).', 1);
INSERT INTO measurements (board_revision_id, kind, test_point, reference_designator, rail_name, power_state, expected_value, measured_value, units, notes, is_known_good) VALUES (200094, 'voltage', 'PP3V0', NULL, '3V0', 'on', '3.0', '3.0', 'V', '3.0V rail (typical).', 1);
INSERT INTO board_revisions (id, device_model, revision, layer_count, primary_soc, pmic, notes) VALUES (200095, 'Samsung Galaxy A53', 'Logic Board', NULL, NULL, 'U_PMIC', 'Samsung Galaxy A53 main logic board. Component set and rails are family-typical reference values; confirm exact values against the boardview/schematic for this unit.');
INSERT INTO board_components (board_revision_id, reference_designator, component_type, value, part_number, notes) VALUES (200095, 'J_DISP', 'Connector', NULL, NULL, 'Display FPC connector');
INSERT INTO board_components (board_revision_id, reference_designator, component_type, value, part_number, notes) VALUES (200095, 'J_BATT', 'Connector', NULL, NULL, 'Battery FPC connector');
INSERT INTO board_components (board_revision_id, reference_designator, component_type, value, part_number, notes) VALUES (200095, 'J_CHG', 'Connector', NULL, NULL, 'Charge port / dock connector');
INSERT INTO board_components (board_revision_id, reference_designator, component_type, value, part_number, notes) VALUES (200095, 'J_FCAM', 'Connector', NULL, NULL, 'Front camera connector');
INSERT INTO board_components (board_revision_id, reference_designator, component_type, value, part_number, notes) VALUES (200095, 'J_RCAM', 'Connector', NULL, NULL, 'Rear camera connector');
INSERT INTO board_components (board_revision_id, reference_designator, component_type, value, part_number, notes) VALUES (200095, 'U_PMIC', 'PMIC', NULL, NULL, 'Main power management IC');
INSERT INTO board_components (board_revision_id, reference_designator, component_type, value, part_number, notes) VALUES (200095, 'U_CHG', 'Charging IC', NULL, NULL, 'USB charging / interface IC');
INSERT INTO board_components (board_revision_id, reference_designator, component_type, value, part_number, notes) VALUES (200095, 'U_AUDIO', 'Audio IC', NULL, NULL, 'Audio codec IC');
INSERT INTO board_components (board_revision_id, reference_designator, component_type, value, part_number, notes) VALUES (200095, 'U_NAND', 'NAND Flash', NULL, NULL, 'Flash storage');
INSERT INTO board_components (board_revision_id, reference_designator, component_type, value, part_number, notes) VALUES (200095, 'U_CHG2', 'Charging IC', NULL, NULL, 'USB-C / charging IC (MAX77705 / S2MU-series typical)');
INSERT INTO board_components (board_revision_id, reference_designator, component_type, value, part_number, notes) VALUES (200095, 'U_SUBPMIC', 'PMIC', NULL, NULL, 'Sub-PMIC (S2MPS / S2DOS typical)');
INSERT INTO board_test_points (board_revision_id, label, location_desc, expected_voltage, expected_resistance) VALUES (200095, 'VBAT', 'see boardview', '3.8V', NULL);
INSERT INTO board_test_points (board_revision_id, label, location_desc, expected_voltage, expected_resistance) VALUES (200095, 'VBUS_5V', 'see boardview', '5.0V', NULL);
INSERT INTO board_test_points (board_revision_id, label, location_desc, expected_voltage, expected_resistance) VALUES (200095, 'PP1V8', 'see boardview', '1.8V', NULL);
INSERT INTO board_test_points (board_revision_id, label, location_desc, expected_voltage, expected_resistance) VALUES (200095, 'PP3V0', 'see boardview', '3.0V', NULL);
INSERT INTO board_nets (board_revision_id, net_name, test_point, expected_value, units) VALUES (200095, 'VBAT / PP_BATT_VCC', 'VBAT', '3.8', 'V');
INSERT INTO board_nets (board_revision_id, net_name, test_point, expected_value, units) VALUES (200095, 'VBUS', 'VBUS_5V', '5.0', 'V');
INSERT INTO board_nets (board_revision_id, net_name, test_point, expected_value, units) VALUES (200095, '1V8', 'PP1V8', '1.8', 'V');
INSERT INTO board_nets (board_revision_id, net_name, test_point, expected_value, units) VALUES (200095, '3V0', 'PP3V0', '3.0', 'V');
INSERT INTO measurements (board_revision_id, kind, test_point, reference_designator, rail_name, power_state, expected_value, measured_value, units, notes, is_known_good) VALUES (200095, 'voltage', 'VBAT', NULL, 'VBAT / PP_BATT_VCC', 'off', '3.8', '3.8', 'V', 'Battery main rail (typically 3.0-4.35V with charge).', 1);
INSERT INTO measurements (board_revision_id, kind, test_point, reference_designator, rail_name, power_state, expected_value, measured_value, units, notes, is_known_good) VALUES (200095, 'voltage', 'VBUS_5V', NULL, 'VBUS', 'on', '5.0', '5.0', 'V', 'USB VBUS when charging.', 1);
INSERT INTO measurements (board_revision_id, kind, test_point, reference_designator, rail_name, power_state, expected_value, measured_value, units, notes, is_known_good) VALUES (200095, 'voltage', 'PP1V8', NULL, '1V8', 'on', '1.8', '1.8', 'V', '1.8V housekeeping rail (typical).', 1);
INSERT INTO measurements (board_revision_id, kind, test_point, reference_designator, rail_name, power_state, expected_value, measured_value, units, notes, is_known_good) VALUES (200095, 'voltage', 'PP3V0', NULL, '3V0', 'on', '3.0', '3.0', 'V', '3.0V rail (typical).', 1);
INSERT INTO board_revisions (id, device_model, revision, layer_count, primary_soc, pmic, notes) VALUES (200096, 'Samsung Galaxy A54', 'Logic Board', NULL, NULL, 'U_PMIC', 'Samsung Galaxy A54 main logic board. Component set and rails are family-typical reference values; confirm exact values against the boardview/schematic for this unit.');
INSERT INTO board_components (board_revision_id, reference_designator, component_type, value, part_number, notes) VALUES (200096, 'J_DISP', 'Connector', NULL, NULL, 'Display FPC connector');
INSERT INTO board_components (board_revision_id, reference_designator, component_type, value, part_number, notes) VALUES (200096, 'J_BATT', 'Connector', NULL, NULL, 'Battery FPC connector');
INSERT INTO board_components (board_revision_id, reference_designator, component_type, value, part_number, notes) VALUES (200096, 'J_CHG', 'Connector', NULL, NULL, 'Charge port / dock connector');
INSERT INTO board_components (board_revision_id, reference_designator, component_type, value, part_number, notes) VALUES (200096, 'J_FCAM', 'Connector', NULL, NULL, 'Front camera connector');
INSERT INTO board_components (board_revision_id, reference_designator, component_type, value, part_number, notes) VALUES (200096, 'J_RCAM', 'Connector', NULL, NULL, 'Rear camera connector');
INSERT INTO board_components (board_revision_id, reference_designator, component_type, value, part_number, notes) VALUES (200096, 'U_PMIC', 'PMIC', NULL, NULL, 'Main power management IC');
INSERT INTO board_components (board_revision_id, reference_designator, component_type, value, part_number, notes) VALUES (200096, 'U_CHG', 'Charging IC', NULL, NULL, 'USB charging / interface IC');
INSERT INTO board_components (board_revision_id, reference_designator, component_type, value, part_number, notes) VALUES (200096, 'U_AUDIO', 'Audio IC', NULL, NULL, 'Audio codec IC');
INSERT INTO board_components (board_revision_id, reference_designator, component_type, value, part_number, notes) VALUES (200096, 'U_NAND', 'NAND Flash', NULL, NULL, 'Flash storage');
INSERT INTO board_components (board_revision_id, reference_designator, component_type, value, part_number, notes) VALUES (200096, 'U_CHG2', 'Charging IC', NULL, NULL, 'USB-C / charging IC (MAX77705 / S2MU-series typical)');
INSERT INTO board_components (board_revision_id, reference_designator, component_type, value, part_number, notes) VALUES (200096, 'U_SUBPMIC', 'PMIC', NULL, NULL, 'Sub-PMIC (S2MPS / S2DOS typical)');
INSERT INTO board_test_points (board_revision_id, label, location_desc, expected_voltage, expected_resistance) VALUES (200096, 'VBAT', 'see boardview', '3.8V', NULL);
INSERT INTO board_test_points (board_revision_id, label, location_desc, expected_voltage, expected_resistance) VALUES (200096, 'VBUS_5V', 'see boardview', '5.0V', NULL);
INSERT INTO board_test_points (board_revision_id, label, location_desc, expected_voltage, expected_resistance) VALUES (200096, 'PP1V8', 'see boardview', '1.8V', NULL);
INSERT INTO board_test_points (board_revision_id, label, location_desc, expected_voltage, expected_resistance) VALUES (200096, 'PP3V0', 'see boardview', '3.0V', NULL);
INSERT INTO board_nets (board_revision_id, net_name, test_point, expected_value, units) VALUES (200096, 'VBAT / PP_BATT_VCC', 'VBAT', '3.8', 'V');
INSERT INTO board_nets (board_revision_id, net_name, test_point, expected_value, units) VALUES (200096, 'VBUS', 'VBUS_5V', '5.0', 'V');
INSERT INTO board_nets (board_revision_id, net_name, test_point, expected_value, units) VALUES (200096, '1V8', 'PP1V8', '1.8', 'V');
INSERT INTO board_nets (board_revision_id, net_name, test_point, expected_value, units) VALUES (200096, '3V0', 'PP3V0', '3.0', 'V');
INSERT INTO measurements (board_revision_id, kind, test_point, reference_designator, rail_name, power_state, expected_value, measured_value, units, notes, is_known_good) VALUES (200096, 'voltage', 'VBAT', NULL, 'VBAT / PP_BATT_VCC', 'off', '3.8', '3.8', 'V', 'Battery main rail (typically 3.0-4.35V with charge).', 1);
INSERT INTO measurements (board_revision_id, kind, test_point, reference_designator, rail_name, power_state, expected_value, measured_value, units, notes, is_known_good) VALUES (200096, 'voltage', 'VBUS_5V', NULL, 'VBUS', 'on', '5.0', '5.0', 'V', 'USB VBUS when charging.', 1);
INSERT INTO measurements (board_revision_id, kind, test_point, reference_designator, rail_name, power_state, expected_value, measured_value, units, notes, is_known_good) VALUES (200096, 'voltage', 'PP1V8', NULL, '1V8', 'on', '1.8', '1.8', 'V', '1.8V housekeeping rail (typical).', 1);
INSERT INTO measurements (board_revision_id, kind, test_point, reference_designator, rail_name, power_state, expected_value, measured_value, units, notes, is_known_good) VALUES (200096, 'voltage', 'PP3V0', NULL, '3V0', 'on', '3.0', '3.0', 'V', '3.0V rail (typical).', 1);
INSERT INTO board_revisions (id, device_model, revision, layer_count, primary_soc, pmic, notes) VALUES (200097, 'Samsung Galaxy A70', 'Logic Board', NULL, NULL, 'U_PMIC', 'Samsung Galaxy A70 main logic board. Component set and rails are family-typical reference values; confirm exact values against the boardview/schematic for this unit.');
INSERT INTO board_components (board_revision_id, reference_designator, component_type, value, part_number, notes) VALUES (200097, 'J_DISP', 'Connector', NULL, NULL, 'Display FPC connector');
INSERT INTO board_components (board_revision_id, reference_designator, component_type, value, part_number, notes) VALUES (200097, 'J_BATT', 'Connector', NULL, NULL, 'Battery FPC connector');
INSERT INTO board_components (board_revision_id, reference_designator, component_type, value, part_number, notes) VALUES (200097, 'J_CHG', 'Connector', NULL, NULL, 'Charge port / dock connector');
INSERT INTO board_components (board_revision_id, reference_designator, component_type, value, part_number, notes) VALUES (200097, 'J_FCAM', 'Connector', NULL, NULL, 'Front camera connector');
INSERT INTO board_components (board_revision_id, reference_designator, component_type, value, part_number, notes) VALUES (200097, 'J_RCAM', 'Connector', NULL, NULL, 'Rear camera connector');
INSERT INTO board_components (board_revision_id, reference_designator, component_type, value, part_number, notes) VALUES (200097, 'U_PMIC', 'PMIC', NULL, NULL, 'Main power management IC');
INSERT INTO board_components (board_revision_id, reference_designator, component_type, value, part_number, notes) VALUES (200097, 'U_CHG', 'Charging IC', NULL, NULL, 'USB charging / interface IC');
INSERT INTO board_components (board_revision_id, reference_designator, component_type, value, part_number, notes) VALUES (200097, 'U_AUDIO', 'Audio IC', NULL, NULL, 'Audio codec IC');
INSERT INTO board_components (board_revision_id, reference_designator, component_type, value, part_number, notes) VALUES (200097, 'U_NAND', 'NAND Flash', NULL, NULL, 'Flash storage');
INSERT INTO board_components (board_revision_id, reference_designator, component_type, value, part_number, notes) VALUES (200097, 'U_CHG2', 'Charging IC', NULL, NULL, 'USB-C / charging IC (MAX77705 / S2MU-series typical)');
INSERT INTO board_components (board_revision_id, reference_designator, component_type, value, part_number, notes) VALUES (200097, 'U_SUBPMIC', 'PMIC', NULL, NULL, 'Sub-PMIC (S2MPS / S2DOS typical)');
INSERT INTO board_test_points (board_revision_id, label, location_desc, expected_voltage, expected_resistance) VALUES (200097, 'VBAT', 'see boardview', '3.8V', NULL);
INSERT INTO board_test_points (board_revision_id, label, location_desc, expected_voltage, expected_resistance) VALUES (200097, 'VBUS_5V', 'see boardview', '5.0V', NULL);
INSERT INTO board_test_points (board_revision_id, label, location_desc, expected_voltage, expected_resistance) VALUES (200097, 'PP1V8', 'see boardview', '1.8V', NULL);
INSERT INTO board_test_points (board_revision_id, label, location_desc, expected_voltage, expected_resistance) VALUES (200097, 'PP3V0', 'see boardview', '3.0V', NULL);
INSERT INTO board_nets (board_revision_id, net_name, test_point, expected_value, units) VALUES (200097, 'VBAT / PP_BATT_VCC', 'VBAT', '3.8', 'V');
INSERT INTO board_nets (board_revision_id, net_name, test_point, expected_value, units) VALUES (200097, 'VBUS', 'VBUS_5V', '5.0', 'V');
INSERT INTO board_nets (board_revision_id, net_name, test_point, expected_value, units) VALUES (200097, '1V8', 'PP1V8', '1.8', 'V');
INSERT INTO board_nets (board_revision_id, net_name, test_point, expected_value, units) VALUES (200097, '3V0', 'PP3V0', '3.0', 'V');
INSERT INTO measurements (board_revision_id, kind, test_point, reference_designator, rail_name, power_state, expected_value, measured_value, units, notes, is_known_good) VALUES (200097, 'voltage', 'VBAT', NULL, 'VBAT / PP_BATT_VCC', 'off', '3.8', '3.8', 'V', 'Battery main rail (typically 3.0-4.35V with charge).', 1);
INSERT INTO measurements (board_revision_id, kind, test_point, reference_designator, rail_name, power_state, expected_value, measured_value, units, notes, is_known_good) VALUES (200097, 'voltage', 'VBUS_5V', NULL, 'VBUS', 'on', '5.0', '5.0', 'V', 'USB VBUS when charging.', 1);
INSERT INTO measurements (board_revision_id, kind, test_point, reference_designator, rail_name, power_state, expected_value, measured_value, units, notes, is_known_good) VALUES (200097, 'voltage', 'PP1V8', NULL, '1V8', 'on', '1.8', '1.8', 'V', '1.8V housekeeping rail (typical).', 1);
INSERT INTO measurements (board_revision_id, kind, test_point, reference_designator, rail_name, power_state, expected_value, measured_value, units, notes, is_known_good) VALUES (200097, 'voltage', 'PP3V0', NULL, '3V0', 'on', '3.0', '3.0', 'V', '3.0V rail (typical).', 1);
INSERT INTO board_revisions (id, device_model, revision, layer_count, primary_soc, pmic, notes) VALUES (200098, 'Samsung Galaxy A71', 'Logic Board', NULL, NULL, 'U_PMIC', 'Samsung Galaxy A71 main logic board. Component set and rails are family-typical reference values; confirm exact values against the boardview/schematic for this unit.');
INSERT INTO board_components (board_revision_id, reference_designator, component_type, value, part_number, notes) VALUES (200098, 'J_DISP', 'Connector', NULL, NULL, 'Display FPC connector');
INSERT INTO board_components (board_revision_id, reference_designator, component_type, value, part_number, notes) VALUES (200098, 'J_BATT', 'Connector', NULL, NULL, 'Battery FPC connector');
INSERT INTO board_components (board_revision_id, reference_designator, component_type, value, part_number, notes) VALUES (200098, 'J_CHG', 'Connector', NULL, NULL, 'Charge port / dock connector');
INSERT INTO board_components (board_revision_id, reference_designator, component_type, value, part_number, notes) VALUES (200098, 'J_FCAM', 'Connector', NULL, NULL, 'Front camera connector');
INSERT INTO board_components (board_revision_id, reference_designator, component_type, value, part_number, notes) VALUES (200098, 'J_RCAM', 'Connector', NULL, NULL, 'Rear camera connector');
INSERT INTO board_components (board_revision_id, reference_designator, component_type, value, part_number, notes) VALUES (200098, 'U_PMIC', 'PMIC', NULL, NULL, 'Main power management IC');
INSERT INTO board_components (board_revision_id, reference_designator, component_type, value, part_number, notes) VALUES (200098, 'U_CHG', 'Charging IC', NULL, NULL, 'USB charging / interface IC');
INSERT INTO board_components (board_revision_id, reference_designator, component_type, value, part_number, notes) VALUES (200098, 'U_AUDIO', 'Audio IC', NULL, NULL, 'Audio codec IC');
INSERT INTO board_components (board_revision_id, reference_designator, component_type, value, part_number, notes) VALUES (200098, 'U_NAND', 'NAND Flash', NULL, NULL, 'Flash storage');
INSERT INTO board_components (board_revision_id, reference_designator, component_type, value, part_number, notes) VALUES (200098, 'U_CHG2', 'Charging IC', NULL, NULL, 'USB-C / charging IC (MAX77705 / S2MU-series typical)');
INSERT INTO board_components (board_revision_id, reference_designator, component_type, value, part_number, notes) VALUES (200098, 'U_SUBPMIC', 'PMIC', NULL, NULL, 'Sub-PMIC (S2MPS / S2DOS typical)');
INSERT INTO board_test_points (board_revision_id, label, location_desc, expected_voltage, expected_resistance) VALUES (200098, 'VBAT', 'see boardview', '3.8V', NULL);
INSERT INTO board_test_points (board_revision_id, label, location_desc, expected_voltage, expected_resistance) VALUES (200098, 'VBUS_5V', 'see boardview', '5.0V', NULL);
INSERT INTO board_test_points (board_revision_id, label, location_desc, expected_voltage, expected_resistance) VALUES (200098, 'PP1V8', 'see boardview', '1.8V', NULL);
INSERT INTO board_test_points (board_revision_id, label, location_desc, expected_voltage, expected_resistance) VALUES (200098, 'PP3V0', 'see boardview', '3.0V', NULL);
INSERT INTO board_nets (board_revision_id, net_name, test_point, expected_value, units) VALUES (200098, 'VBAT / PP_BATT_VCC', 'VBAT', '3.8', 'V');
INSERT INTO board_nets (board_revision_id, net_name, test_point, expected_value, units) VALUES (200098, 'VBUS', 'VBUS_5V', '5.0', 'V');
INSERT INTO board_nets (board_revision_id, net_name, test_point, expected_value, units) VALUES (200098, '1V8', 'PP1V8', '1.8', 'V');
INSERT INTO board_nets (board_revision_id, net_name, test_point, expected_value, units) VALUES (200098, '3V0', 'PP3V0', '3.0', 'V');
INSERT INTO measurements (board_revision_id, kind, test_point, reference_designator, rail_name, power_state, expected_value, measured_value, units, notes, is_known_good) VALUES (200098, 'voltage', 'VBAT', NULL, 'VBAT / PP_BATT_VCC', 'off', '3.8', '3.8', 'V', 'Battery main rail (typically 3.0-4.35V with charge).', 1);
INSERT INTO measurements (board_revision_id, kind, test_point, reference_designator, rail_name, power_state, expected_value, measured_value, units, notes, is_known_good) VALUES (200098, 'voltage', 'VBUS_5V', NULL, 'VBUS', 'on', '5.0', '5.0', 'V', 'USB VBUS when charging.', 1);
INSERT INTO measurements (board_revision_id, kind, test_point, reference_designator, rail_name, power_state, expected_value, measured_value, units, notes, is_known_good) VALUES (200098, 'voltage', 'PP1V8', NULL, '1V8', 'on', '1.8', '1.8', 'V', '1.8V housekeeping rail (typical).', 1);
INSERT INTO measurements (board_revision_id, kind, test_point, reference_designator, rail_name, power_state, expected_value, measured_value, units, notes, is_known_good) VALUES (200098, 'voltage', 'PP3V0', NULL, '3V0', 'on', '3.0', '3.0', 'V', '3.0V rail (typical).', 1);
INSERT INTO board_revisions (id, device_model, revision, layer_count, primary_soc, pmic, notes) VALUES (200099, 'Samsung Galaxy A72', 'Logic Board', NULL, NULL, 'U_PMIC', 'Samsung Galaxy A72 main logic board. Component set and rails are family-typical reference values; confirm exact values against the boardview/schematic for this unit.');
INSERT INTO board_components (board_revision_id, reference_designator, component_type, value, part_number, notes) VALUES (200099, 'J_DISP', 'Connector', NULL, NULL, 'Display FPC connector');
INSERT INTO board_components (board_revision_id, reference_designator, component_type, value, part_number, notes) VALUES (200099, 'J_BATT', 'Connector', NULL, NULL, 'Battery FPC connector');
INSERT INTO board_components (board_revision_id, reference_designator, component_type, value, part_number, notes) VALUES (200099, 'J_CHG', 'Connector', NULL, NULL, 'Charge port / dock connector');
INSERT INTO board_components (board_revision_id, reference_designator, component_type, value, part_number, notes) VALUES (200099, 'J_FCAM', 'Connector', NULL, NULL, 'Front camera connector');
INSERT INTO board_components (board_revision_id, reference_designator, component_type, value, part_number, notes) VALUES (200099, 'J_RCAM', 'Connector', NULL, NULL, 'Rear camera connector');
INSERT INTO board_components (board_revision_id, reference_designator, component_type, value, part_number, notes) VALUES (200099, 'U_PMIC', 'PMIC', NULL, NULL, 'Main power management IC');
INSERT INTO board_components (board_revision_id, reference_designator, component_type, value, part_number, notes) VALUES (200099, 'U_CHG', 'Charging IC', NULL, NULL, 'USB charging / interface IC');
INSERT INTO board_components (board_revision_id, reference_designator, component_type, value, part_number, notes) VALUES (200099, 'U_AUDIO', 'Audio IC', NULL, NULL, 'Audio codec IC');
INSERT INTO board_components (board_revision_id, reference_designator, component_type, value, part_number, notes) VALUES (200099, 'U_NAND', 'NAND Flash', NULL, NULL, 'Flash storage');
INSERT INTO board_components (board_revision_id, reference_designator, component_type, value, part_number, notes) VALUES (200099, 'U_CHG2', 'Charging IC', NULL, NULL, 'USB-C / charging IC (MAX77705 / S2MU-series typical)');
INSERT INTO board_components (board_revision_id, reference_designator, component_type, value, part_number, notes) VALUES (200099, 'U_SUBPMIC', 'PMIC', NULL, NULL, 'Sub-PMIC (S2MPS / S2DOS typical)');
INSERT INTO board_test_points (board_revision_id, label, location_desc, expected_voltage, expected_resistance) VALUES (200099, 'VBAT', 'see boardview', '3.8V', NULL);
INSERT INTO board_test_points (board_revision_id, label, location_desc, expected_voltage, expected_resistance) VALUES (200099, 'VBUS_5V', 'see boardview', '5.0V', NULL);
INSERT INTO board_test_points (board_revision_id, label, location_desc, expected_voltage, expected_resistance) VALUES (200099, 'PP1V8', 'see boardview', '1.8V', NULL);
INSERT INTO board_test_points (board_revision_id, label, location_desc, expected_voltage, expected_resistance) VALUES (200099, 'PP3V0', 'see boardview', '3.0V', NULL);
INSERT INTO board_nets (board_revision_id, net_name, test_point, expected_value, units) VALUES (200099, 'VBAT / PP_BATT_VCC', 'VBAT', '3.8', 'V');
INSERT INTO board_nets (board_revision_id, net_name, test_point, expected_value, units) VALUES (200099, 'VBUS', 'VBUS_5V', '5.0', 'V');
INSERT INTO board_nets (board_revision_id, net_name, test_point, expected_value, units) VALUES (200099, '1V8', 'PP1V8', '1.8', 'V');
INSERT INTO board_nets (board_revision_id, net_name, test_point, expected_value, units) VALUES (200099, '3V0', 'PP3V0', '3.0', 'V');
INSERT INTO measurements (board_revision_id, kind, test_point, reference_designator, rail_name, power_state, expected_value, measured_value, units, notes, is_known_good) VALUES (200099, 'voltage', 'VBAT', NULL, 'VBAT / PP_BATT_VCC', 'off', '3.8', '3.8', 'V', 'Battery main rail (typically 3.0-4.35V with charge).', 1);
INSERT INTO measurements (board_revision_id, kind, test_point, reference_designator, rail_name, power_state, expected_value, measured_value, units, notes, is_known_good) VALUES (200099, 'voltage', 'VBUS_5V', NULL, 'VBUS', 'on', '5.0', '5.0', 'V', 'USB VBUS when charging.', 1);
INSERT INTO measurements (board_revision_id, kind, test_point, reference_designator, rail_name, power_state, expected_value, measured_value, units, notes, is_known_good) VALUES (200099, 'voltage', 'PP1V8', NULL, '1V8', 'on', '1.8', '1.8', 'V', '1.8V housekeeping rail (typical).', 1);
INSERT INTO measurements (board_revision_id, kind, test_point, reference_designator, rail_name, power_state, expected_value, measured_value, units, notes, is_known_good) VALUES (200099, 'voltage', 'PP3V0', NULL, '3V0', 'on', '3.0', '3.0', 'V', '3.0V rail (typical).', 1);
INSERT INTO board_revisions (id, device_model, revision, layer_count, primary_soc, pmic, notes) VALUES (200100, 'Samsung Galaxy A73', 'Logic Board', NULL, NULL, 'U_PMIC', 'Samsung Galaxy A73 main logic board. Component set and rails are family-typical reference values; confirm exact values against the boardview/schematic for this unit.');
INSERT INTO board_components (board_revision_id, reference_designator, component_type, value, part_number, notes) VALUES (200100, 'J_DISP', 'Connector', NULL, NULL, 'Display FPC connector');
INSERT INTO board_components (board_revision_id, reference_designator, component_type, value, part_number, notes) VALUES (200100, 'J_BATT', 'Connector', NULL, NULL, 'Battery FPC connector');
INSERT INTO board_components (board_revision_id, reference_designator, component_type, value, part_number, notes) VALUES (200100, 'J_CHG', 'Connector', NULL, NULL, 'Charge port / dock connector');
INSERT INTO board_components (board_revision_id, reference_designator, component_type, value, part_number, notes) VALUES (200100, 'J_FCAM', 'Connector', NULL, NULL, 'Front camera connector');
INSERT INTO board_components (board_revision_id, reference_designator, component_type, value, part_number, notes) VALUES (200100, 'J_RCAM', 'Connector', NULL, NULL, 'Rear camera connector');
INSERT INTO board_components (board_revision_id, reference_designator, component_type, value, part_number, notes) VALUES (200100, 'U_PMIC', 'PMIC', NULL, NULL, 'Main power management IC');
INSERT INTO board_components (board_revision_id, reference_designator, component_type, value, part_number, notes) VALUES (200100, 'U_CHG', 'Charging IC', NULL, NULL, 'USB charging / interface IC');
INSERT INTO board_components (board_revision_id, reference_designator, component_type, value, part_number, notes) VALUES (200100, 'U_AUDIO', 'Audio IC', NULL, NULL, 'Audio codec IC');
INSERT INTO board_components (board_revision_id, reference_designator, component_type, value, part_number, notes) VALUES (200100, 'U_NAND', 'NAND Flash', NULL, NULL, 'Flash storage');
INSERT INTO board_components (board_revision_id, reference_designator, component_type, value, part_number, notes) VALUES (200100, 'U_CHG2', 'Charging IC', NULL, NULL, 'USB-C / charging IC (MAX77705 / S2MU-series typical)');
INSERT INTO board_components (board_revision_id, reference_designator, component_type, value, part_number, notes) VALUES (200100, 'U_SUBPMIC', 'PMIC', NULL, NULL, 'Sub-PMIC (S2MPS / S2DOS typical)');
INSERT INTO board_test_points (board_revision_id, label, location_desc, expected_voltage, expected_resistance) VALUES (200100, 'VBAT', 'see boardview', '3.8V', NULL);
INSERT INTO board_test_points (board_revision_id, label, location_desc, expected_voltage, expected_resistance) VALUES (200100, 'VBUS_5V', 'see boardview', '5.0V', NULL);
INSERT INTO board_test_points (board_revision_id, label, location_desc, expected_voltage, expected_resistance) VALUES (200100, 'PP1V8', 'see boardview', '1.8V', NULL);
INSERT INTO board_test_points (board_revision_id, label, location_desc, expected_voltage, expected_resistance) VALUES (200100, 'PP3V0', 'see boardview', '3.0V', NULL);
INSERT INTO board_nets (board_revision_id, net_name, test_point, expected_value, units) VALUES (200100, 'VBAT / PP_BATT_VCC', 'VBAT', '3.8', 'V');
INSERT INTO board_nets (board_revision_id, net_name, test_point, expected_value, units) VALUES (200100, 'VBUS', 'VBUS_5V', '5.0', 'V');
INSERT INTO board_nets (board_revision_id, net_name, test_point, expected_value, units) VALUES (200100, '1V8', 'PP1V8', '1.8', 'V');
INSERT INTO board_nets (board_revision_id, net_name, test_point, expected_value, units) VALUES (200100, '3V0', 'PP3V0', '3.0', 'V');
INSERT INTO measurements (board_revision_id, kind, test_point, reference_designator, rail_name, power_state, expected_value, measured_value, units, notes, is_known_good) VALUES (200100, 'voltage', 'VBAT', NULL, 'VBAT / PP_BATT_VCC', 'off', '3.8', '3.8', 'V', 'Battery main rail (typically 3.0-4.35V with charge).', 1);
INSERT INTO measurements (board_revision_id, kind, test_point, reference_designator, rail_name, power_state, expected_value, measured_value, units, notes, is_known_good) VALUES (200100, 'voltage', 'VBUS_5V', NULL, 'VBUS', 'on', '5.0', '5.0', 'V', 'USB VBUS when charging.', 1);
INSERT INTO measurements (board_revision_id, kind, test_point, reference_designator, rail_name, power_state, expected_value, measured_value, units, notes, is_known_good) VALUES (200100, 'voltage', 'PP1V8', NULL, '1V8', 'on', '1.8', '1.8', 'V', '1.8V housekeeping rail (typical).', 1);
INSERT INTO measurements (board_revision_id, kind, test_point, reference_designator, rail_name, power_state, expected_value, measured_value, units, notes, is_known_good) VALUES (200100, 'voltage', 'PP3V0', NULL, '3V0', 'on', '3.0', '3.0', 'V', '3.0V rail (typical).', 1);
INSERT INTO board_revisions (id, device_model, revision, layer_count, primary_soc, pmic, notes) VALUES (200101, 'Samsung Galaxy Z Fold', 'Logic Board', NULL, NULL, 'U_PMIC', 'Samsung Galaxy Z Fold main logic board. Component set and rails are family-typical reference values; confirm exact values against the boardview/schematic for this unit.');
INSERT INTO board_components (board_revision_id, reference_designator, component_type, value, part_number, notes) VALUES (200101, 'J_DISP', 'Connector', NULL, NULL, 'Display FPC connector');
INSERT INTO board_components (board_revision_id, reference_designator, component_type, value, part_number, notes) VALUES (200101, 'J_BATT', 'Connector', NULL, NULL, 'Battery FPC connector');
INSERT INTO board_components (board_revision_id, reference_designator, component_type, value, part_number, notes) VALUES (200101, 'J_CHG', 'Connector', NULL, NULL, 'Charge port / dock connector');
INSERT INTO board_components (board_revision_id, reference_designator, component_type, value, part_number, notes) VALUES (200101, 'J_FCAM', 'Connector', NULL, NULL, 'Front camera connector');
INSERT INTO board_components (board_revision_id, reference_designator, component_type, value, part_number, notes) VALUES (200101, 'J_RCAM', 'Connector', NULL, NULL, 'Rear camera connector');
INSERT INTO board_components (board_revision_id, reference_designator, component_type, value, part_number, notes) VALUES (200101, 'U_PMIC', 'PMIC', NULL, NULL, 'Main power management IC');
INSERT INTO board_components (board_revision_id, reference_designator, component_type, value, part_number, notes) VALUES (200101, 'U_CHG', 'Charging IC', NULL, NULL, 'USB charging / interface IC');
INSERT INTO board_components (board_revision_id, reference_designator, component_type, value, part_number, notes) VALUES (200101, 'U_AUDIO', 'Audio IC', NULL, NULL, 'Audio codec IC');
INSERT INTO board_components (board_revision_id, reference_designator, component_type, value, part_number, notes) VALUES (200101, 'U_NAND', 'NAND Flash', NULL, NULL, 'Flash storage');
INSERT INTO board_components (board_revision_id, reference_designator, component_type, value, part_number, notes) VALUES (200101, 'U_CHG2', 'Charging IC', NULL, NULL, 'USB-C / charging IC (MAX77705 / S2MU-series typical)');
INSERT INTO board_components (board_revision_id, reference_designator, component_type, value, part_number, notes) VALUES (200101, 'U_SUBPMIC', 'PMIC', NULL, NULL, 'Sub-PMIC (S2MPS / S2DOS typical)');
INSERT INTO board_test_points (board_revision_id, label, location_desc, expected_voltage, expected_resistance) VALUES (200101, 'VBAT', 'see boardview', '3.8V', NULL);
INSERT INTO board_test_points (board_revision_id, label, location_desc, expected_voltage, expected_resistance) VALUES (200101, 'VBUS_5V', 'see boardview', '5.0V', NULL);
INSERT INTO board_test_points (board_revision_id, label, location_desc, expected_voltage, expected_resistance) VALUES (200101, 'PP1V8', 'see boardview', '1.8V', NULL);
INSERT INTO board_test_points (board_revision_id, label, location_desc, expected_voltage, expected_resistance) VALUES (200101, 'PP3V0', 'see boardview', '3.0V', NULL);
INSERT INTO board_nets (board_revision_id, net_name, test_point, expected_value, units) VALUES (200101, 'VBAT / PP_BATT_VCC', 'VBAT', '3.8', 'V');
INSERT INTO board_nets (board_revision_id, net_name, test_point, expected_value, units) VALUES (200101, 'VBUS', 'VBUS_5V', '5.0', 'V');
INSERT INTO board_nets (board_revision_id, net_name, test_point, expected_value, units) VALUES (200101, '1V8', 'PP1V8', '1.8', 'V');
INSERT INTO board_nets (board_revision_id, net_name, test_point, expected_value, units) VALUES (200101, '3V0', 'PP3V0', '3.0', 'V');
INSERT INTO measurements (board_revision_id, kind, test_point, reference_designator, rail_name, power_state, expected_value, measured_value, units, notes, is_known_good) VALUES (200101, 'voltage', 'VBAT', NULL, 'VBAT / PP_BATT_VCC', 'off', '3.8', '3.8', 'V', 'Battery main rail (typically 3.0-4.35V with charge).', 1);
INSERT INTO measurements (board_revision_id, kind, test_point, reference_designator, rail_name, power_state, expected_value, measured_value, units, notes, is_known_good) VALUES (200101, 'voltage', 'VBUS_5V', NULL, 'VBUS', 'on', '5.0', '5.0', 'V', 'USB VBUS when charging.', 1);
INSERT INTO measurements (board_revision_id, kind, test_point, reference_designator, rail_name, power_state, expected_value, measured_value, units, notes, is_known_good) VALUES (200101, 'voltage', 'PP1V8', NULL, '1V8', 'on', '1.8', '1.8', 'V', '1.8V housekeeping rail (typical).', 1);
INSERT INTO measurements (board_revision_id, kind, test_point, reference_designator, rail_name, power_state, expected_value, measured_value, units, notes, is_known_good) VALUES (200101, 'voltage', 'PP3V0', NULL, '3V0', 'on', '3.0', '3.0', 'V', '3.0V rail (typical).', 1);
INSERT INTO board_revisions (id, device_model, revision, layer_count, primary_soc, pmic, notes) VALUES (200102, 'Samsung Galaxy Z Fold2', 'Logic Board', NULL, NULL, 'U_PMIC', 'Samsung Galaxy Z Fold2 main logic board. Component set and rails are family-typical reference values; confirm exact values against the boardview/schematic for this unit.');
INSERT INTO board_components (board_revision_id, reference_designator, component_type, value, part_number, notes) VALUES (200102, 'J_DISP', 'Connector', NULL, NULL, 'Display FPC connector');
INSERT INTO board_components (board_revision_id, reference_designator, component_type, value, part_number, notes) VALUES (200102, 'J_BATT', 'Connector', NULL, NULL, 'Battery FPC connector');
INSERT INTO board_components (board_revision_id, reference_designator, component_type, value, part_number, notes) VALUES (200102, 'J_CHG', 'Connector', NULL, NULL, 'Charge port / dock connector');
INSERT INTO board_components (board_revision_id, reference_designator, component_type, value, part_number, notes) VALUES (200102, 'J_FCAM', 'Connector', NULL, NULL, 'Front camera connector');
INSERT INTO board_components (board_revision_id, reference_designator, component_type, value, part_number, notes) VALUES (200102, 'J_RCAM', 'Connector', NULL, NULL, 'Rear camera connector');
INSERT INTO board_components (board_revision_id, reference_designator, component_type, value, part_number, notes) VALUES (200102, 'U_PMIC', 'PMIC', NULL, NULL, 'Main power management IC');
INSERT INTO board_components (board_revision_id, reference_designator, component_type, value, part_number, notes) VALUES (200102, 'U_CHG', 'Charging IC', NULL, NULL, 'USB charging / interface IC');
INSERT INTO board_components (board_revision_id, reference_designator, component_type, value, part_number, notes) VALUES (200102, 'U_AUDIO', 'Audio IC', NULL, NULL, 'Audio codec IC');
INSERT INTO board_components (board_revision_id, reference_designator, component_type, value, part_number, notes) VALUES (200102, 'U_NAND', 'NAND Flash', NULL, NULL, 'Flash storage');
INSERT INTO board_components (board_revision_id, reference_designator, component_type, value, part_number, notes) VALUES (200102, 'U_CHG2', 'Charging IC', NULL, NULL, 'USB-C / charging IC (MAX77705 / S2MU-series typical)');
INSERT INTO board_components (board_revision_id, reference_designator, component_type, value, part_number, notes) VALUES (200102, 'U_SUBPMIC', 'PMIC', NULL, NULL, 'Sub-PMIC (S2MPS / S2DOS typical)');
INSERT INTO board_test_points (board_revision_id, label, location_desc, expected_voltage, expected_resistance) VALUES (200102, 'VBAT', 'see boardview', '3.8V', NULL);
INSERT INTO board_test_points (board_revision_id, label, location_desc, expected_voltage, expected_resistance) VALUES (200102, 'VBUS_5V', 'see boardview', '5.0V', NULL);
INSERT INTO board_test_points (board_revision_id, label, location_desc, expected_voltage, expected_resistance) VALUES (200102, 'PP1V8', 'see boardview', '1.8V', NULL);
INSERT INTO board_test_points (board_revision_id, label, location_desc, expected_voltage, expected_resistance) VALUES (200102, 'PP3V0', 'see boardview', '3.0V', NULL);
INSERT INTO board_nets (board_revision_id, net_name, test_point, expected_value, units) VALUES (200102, 'VBAT / PP_BATT_VCC', 'VBAT', '3.8', 'V');
INSERT INTO board_nets (board_revision_id, net_name, test_point, expected_value, units) VALUES (200102, 'VBUS', 'VBUS_5V', '5.0', 'V');
INSERT INTO board_nets (board_revision_id, net_name, test_point, expected_value, units) VALUES (200102, '1V8', 'PP1V8', '1.8', 'V');
INSERT INTO board_nets (board_revision_id, net_name, test_point, expected_value, units) VALUES (200102, '3V0', 'PP3V0', '3.0', 'V');
INSERT INTO measurements (board_revision_id, kind, test_point, reference_designator, rail_name, power_state, expected_value, measured_value, units, notes, is_known_good) VALUES (200102, 'voltage', 'VBAT', NULL, 'VBAT / PP_BATT_VCC', 'off', '3.8', '3.8', 'V', 'Battery main rail (typically 3.0-4.35V with charge).', 1);
INSERT INTO measurements (board_revision_id, kind, test_point, reference_designator, rail_name, power_state, expected_value, measured_value, units, notes, is_known_good) VALUES (200102, 'voltage', 'VBUS_5V', NULL, 'VBUS', 'on', '5.0', '5.0', 'V', 'USB VBUS when charging.', 1);
INSERT INTO measurements (board_revision_id, kind, test_point, reference_designator, rail_name, power_state, expected_value, measured_value, units, notes, is_known_good) VALUES (200102, 'voltage', 'PP1V8', NULL, '1V8', 'on', '1.8', '1.8', 'V', '1.8V housekeeping rail (typical).', 1);
INSERT INTO measurements (board_revision_id, kind, test_point, reference_designator, rail_name, power_state, expected_value, measured_value, units, notes, is_known_good) VALUES (200102, 'voltage', 'PP3V0', NULL, '3V0', 'on', '3.0', '3.0', 'V', '3.0V rail (typical).', 1);
INSERT INTO board_revisions (id, device_model, revision, layer_count, primary_soc, pmic, notes) VALUES (200103, 'Samsung Galaxy Z Fold3', 'Logic Board', NULL, NULL, 'U_PMIC', 'Samsung Galaxy Z Fold3 main logic board. Component set and rails are family-typical reference values; confirm exact values against the boardview/schematic for this unit.');
INSERT INTO board_components (board_revision_id, reference_designator, component_type, value, part_number, notes) VALUES (200103, 'J_DISP', 'Connector', NULL, NULL, 'Display FPC connector');
INSERT INTO board_components (board_revision_id, reference_designator, component_type, value, part_number, notes) VALUES (200103, 'J_BATT', 'Connector', NULL, NULL, 'Battery FPC connector');
INSERT INTO board_components (board_revision_id, reference_designator, component_type, value, part_number, notes) VALUES (200103, 'J_CHG', 'Connector', NULL, NULL, 'Charge port / dock connector');
INSERT INTO board_components (board_revision_id, reference_designator, component_type, value, part_number, notes) VALUES (200103, 'J_FCAM', 'Connector', NULL, NULL, 'Front camera connector');
INSERT INTO board_components (board_revision_id, reference_designator, component_type, value, part_number, notes) VALUES (200103, 'J_RCAM', 'Connector', NULL, NULL, 'Rear camera connector');
INSERT INTO board_components (board_revision_id, reference_designator, component_type, value, part_number, notes) VALUES (200103, 'U_PMIC', 'PMIC', NULL, NULL, 'Main power management IC');
INSERT INTO board_components (board_revision_id, reference_designator, component_type, value, part_number, notes) VALUES (200103, 'U_CHG', 'Charging IC', NULL, NULL, 'USB charging / interface IC');
INSERT INTO board_components (board_revision_id, reference_designator, component_type, value, part_number, notes) VALUES (200103, 'U_AUDIO', 'Audio IC', NULL, NULL, 'Audio codec IC');
INSERT INTO board_components (board_revision_id, reference_designator, component_type, value, part_number, notes) VALUES (200103, 'U_NAND', 'NAND Flash', NULL, NULL, 'Flash storage');
INSERT INTO board_components (board_revision_id, reference_designator, component_type, value, part_number, notes) VALUES (200103, 'U_CHG2', 'Charging IC', NULL, NULL, 'USB-C / charging IC (MAX77705 / S2MU-series typical)');
INSERT INTO board_components (board_revision_id, reference_designator, component_type, value, part_number, notes) VALUES (200103, 'U_SUBPMIC', 'PMIC', NULL, NULL, 'Sub-PMIC (S2MPS / S2DOS typical)');
INSERT INTO board_test_points (board_revision_id, label, location_desc, expected_voltage, expected_resistance) VALUES (200103, 'VBAT', 'see boardview', '3.8V', NULL);
INSERT INTO board_test_points (board_revision_id, label, location_desc, expected_voltage, expected_resistance) VALUES (200103, 'VBUS_5V', 'see boardview', '5.0V', NULL);
INSERT INTO board_test_points (board_revision_id, label, location_desc, expected_voltage, expected_resistance) VALUES (200103, 'PP1V8', 'see boardview', '1.8V', NULL);
INSERT INTO board_test_points (board_revision_id, label, location_desc, expected_voltage, expected_resistance) VALUES (200103, 'PP3V0', 'see boardview', '3.0V', NULL);
INSERT INTO board_nets (board_revision_id, net_name, test_point, expected_value, units) VALUES (200103, 'VBAT / PP_BATT_VCC', 'VBAT', '3.8', 'V');
INSERT INTO board_nets (board_revision_id, net_name, test_point, expected_value, units) VALUES (200103, 'VBUS', 'VBUS_5V', '5.0', 'V');
INSERT INTO board_nets (board_revision_id, net_name, test_point, expected_value, units) VALUES (200103, '1V8', 'PP1V8', '1.8', 'V');
INSERT INTO board_nets (board_revision_id, net_name, test_point, expected_value, units) VALUES (200103, '3V0', 'PP3V0', '3.0', 'V');
INSERT INTO measurements (board_revision_id, kind, test_point, reference_designator, rail_name, power_state, expected_value, measured_value, units, notes, is_known_good) VALUES (200103, 'voltage', 'VBAT', NULL, 'VBAT / PP_BATT_VCC', 'off', '3.8', '3.8', 'V', 'Battery main rail (typically 3.0-4.35V with charge).', 1);
INSERT INTO measurements (board_revision_id, kind, test_point, reference_designator, rail_name, power_state, expected_value, measured_value, units, notes, is_known_good) VALUES (200103, 'voltage', 'VBUS_5V', NULL, 'VBUS', 'on', '5.0', '5.0', 'V', 'USB VBUS when charging.', 1);
INSERT INTO measurements (board_revision_id, kind, test_point, reference_designator, rail_name, power_state, expected_value, measured_value, units, notes, is_known_good) VALUES (200103, 'voltage', 'PP1V8', NULL, '1V8', 'on', '1.8', '1.8', 'V', '1.8V housekeeping rail (typical).', 1);
INSERT INTO measurements (board_revision_id, kind, test_point, reference_designator, rail_name, power_state, expected_value, measured_value, units, notes, is_known_good) VALUES (200103, 'voltage', 'PP3V0', NULL, '3V0', 'on', '3.0', '3.0', 'V', '3.0V rail (typical).', 1);
INSERT INTO board_revisions (id, device_model, revision, layer_count, primary_soc, pmic, notes) VALUES (200104, 'Samsung Galaxy Z Fold4', 'Logic Board', NULL, NULL, 'U_PMIC', 'Samsung Galaxy Z Fold4 main logic board. Component set and rails are family-typical reference values; confirm exact values against the boardview/schematic for this unit.');
INSERT INTO board_components (board_revision_id, reference_designator, component_type, value, part_number, notes) VALUES (200104, 'J_DISP', 'Connector', NULL, NULL, 'Display FPC connector');
INSERT INTO board_components (board_revision_id, reference_designator, component_type, value, part_number, notes) VALUES (200104, 'J_BATT', 'Connector', NULL, NULL, 'Battery FPC connector');
INSERT INTO board_components (board_revision_id, reference_designator, component_type, value, part_number, notes) VALUES (200104, 'J_CHG', 'Connector', NULL, NULL, 'Charge port / dock connector');
INSERT INTO board_components (board_revision_id, reference_designator, component_type, value, part_number, notes) VALUES (200104, 'J_FCAM', 'Connector', NULL, NULL, 'Front camera connector');
INSERT INTO board_components (board_revision_id, reference_designator, component_type, value, part_number, notes) VALUES (200104, 'J_RCAM', 'Connector', NULL, NULL, 'Rear camera connector');
INSERT INTO board_components (board_revision_id, reference_designator, component_type, value, part_number, notes) VALUES (200104, 'U_PMIC', 'PMIC', NULL, NULL, 'Main power management IC');
INSERT INTO board_components (board_revision_id, reference_designator, component_type, value, part_number, notes) VALUES (200104, 'U_CHG', 'Charging IC', NULL, NULL, 'USB charging / interface IC');
INSERT INTO board_components (board_revision_id, reference_designator, component_type, value, part_number, notes) VALUES (200104, 'U_AUDIO', 'Audio IC', NULL, NULL, 'Audio codec IC');
INSERT INTO board_components (board_revision_id, reference_designator, component_type, value, part_number, notes) VALUES (200104, 'U_NAND', 'NAND Flash', NULL, NULL, 'Flash storage');
INSERT INTO board_components (board_revision_id, reference_designator, component_type, value, part_number, notes) VALUES (200104, 'U_CHG2', 'Charging IC', NULL, NULL, 'USB-C / charging IC (MAX77705 / S2MU-series typical)');
INSERT INTO board_components (board_revision_id, reference_designator, component_type, value, part_number, notes) VALUES (200104, 'U_SUBPMIC', 'PMIC', NULL, NULL, 'Sub-PMIC (S2MPS / S2DOS typical)');
INSERT INTO board_test_points (board_revision_id, label, location_desc, expected_voltage, expected_resistance) VALUES (200104, 'VBAT', 'see boardview', '3.8V', NULL);
INSERT INTO board_test_points (board_revision_id, label, location_desc, expected_voltage, expected_resistance) VALUES (200104, 'VBUS_5V', 'see boardview', '5.0V', NULL);
INSERT INTO board_test_points (board_revision_id, label, location_desc, expected_voltage, expected_resistance) VALUES (200104, 'PP1V8', 'see boardview', '1.8V', NULL);
INSERT INTO board_test_points (board_revision_id, label, location_desc, expected_voltage, expected_resistance) VALUES (200104, 'PP3V0', 'see boardview', '3.0V', NULL);
INSERT INTO board_nets (board_revision_id, net_name, test_point, expected_value, units) VALUES (200104, 'VBAT / PP_BATT_VCC', 'VBAT', '3.8', 'V');
INSERT INTO board_nets (board_revision_id, net_name, test_point, expected_value, units) VALUES (200104, 'VBUS', 'VBUS_5V', '5.0', 'V');
INSERT INTO board_nets (board_revision_id, net_name, test_point, expected_value, units) VALUES (200104, '1V8', 'PP1V8', '1.8', 'V');
INSERT INTO board_nets (board_revision_id, net_name, test_point, expected_value, units) VALUES (200104, '3V0', 'PP3V0', '3.0', 'V');
INSERT INTO measurements (board_revision_id, kind, test_point, reference_designator, rail_name, power_state, expected_value, measured_value, units, notes, is_known_good) VALUES (200104, 'voltage', 'VBAT', NULL, 'VBAT / PP_BATT_VCC', 'off', '3.8', '3.8', 'V', 'Battery main rail (typically 3.0-4.35V with charge).', 1);
INSERT INTO measurements (board_revision_id, kind, test_point, reference_designator, rail_name, power_state, expected_value, measured_value, units, notes, is_known_good) VALUES (200104, 'voltage', 'VBUS_5V', NULL, 'VBUS', 'on', '5.0', '5.0', 'V', 'USB VBUS when charging.', 1);
INSERT INTO measurements (board_revision_id, kind, test_point, reference_designator, rail_name, power_state, expected_value, measured_value, units, notes, is_known_good) VALUES (200104, 'voltage', 'PP1V8', NULL, '1V8', 'on', '1.8', '1.8', 'V', '1.8V housekeeping rail (typical).', 1);
INSERT INTO measurements (board_revision_id, kind, test_point, reference_designator, rail_name, power_state, expected_value, measured_value, units, notes, is_known_good) VALUES (200104, 'voltage', 'PP3V0', NULL, '3V0', 'on', '3.0', '3.0', 'V', '3.0V rail (typical).', 1);
INSERT INTO board_revisions (id, device_model, revision, layer_count, primary_soc, pmic, notes) VALUES (200105, 'Samsung Galaxy Z Fold5', 'Logic Board', NULL, NULL, 'U_PMIC', 'Samsung Galaxy Z Fold5 main logic board. Component set and rails are family-typical reference values; confirm exact values against the boardview/schematic for this unit.');
INSERT INTO board_components (board_revision_id, reference_designator, component_type, value, part_number, notes) VALUES (200105, 'J_DISP', 'Connector', NULL, NULL, 'Display FPC connector');
INSERT INTO board_components (board_revision_id, reference_designator, component_type, value, part_number, notes) VALUES (200105, 'J_BATT', 'Connector', NULL, NULL, 'Battery FPC connector');
INSERT INTO board_components (board_revision_id, reference_designator, component_type, value, part_number, notes) VALUES (200105, 'J_CHG', 'Connector', NULL, NULL, 'Charge port / dock connector');
INSERT INTO board_components (board_revision_id, reference_designator, component_type, value, part_number, notes) VALUES (200105, 'J_FCAM', 'Connector', NULL, NULL, 'Front camera connector');
INSERT INTO board_components (board_revision_id, reference_designator, component_type, value, part_number, notes) VALUES (200105, 'J_RCAM', 'Connector', NULL, NULL, 'Rear camera connector');
INSERT INTO board_components (board_revision_id, reference_designator, component_type, value, part_number, notes) VALUES (200105, 'U_PMIC', 'PMIC', NULL, NULL, 'Main power management IC');
INSERT INTO board_components (board_revision_id, reference_designator, component_type, value, part_number, notes) VALUES (200105, 'U_CHG', 'Charging IC', NULL, NULL, 'USB charging / interface IC');
INSERT INTO board_components (board_revision_id, reference_designator, component_type, value, part_number, notes) VALUES (200105, 'U_AUDIO', 'Audio IC', NULL, NULL, 'Audio codec IC');
INSERT INTO board_components (board_revision_id, reference_designator, component_type, value, part_number, notes) VALUES (200105, 'U_NAND', 'NAND Flash', NULL, NULL, 'Flash storage');
INSERT INTO board_components (board_revision_id, reference_designator, component_type, value, part_number, notes) VALUES (200105, 'U_CHG2', 'Charging IC', NULL, NULL, 'USB-C / charging IC (MAX77705 / S2MU-series typical)');
INSERT INTO board_components (board_revision_id, reference_designator, component_type, value, part_number, notes) VALUES (200105, 'U_SUBPMIC', 'PMIC', NULL, NULL, 'Sub-PMIC (S2MPS / S2DOS typical)');
INSERT INTO board_test_points (board_revision_id, label, location_desc, expected_voltage, expected_resistance) VALUES (200105, 'VBAT', 'see boardview', '3.8V', NULL);
INSERT INTO board_test_points (board_revision_id, label, location_desc, expected_voltage, expected_resistance) VALUES (200105, 'VBUS_5V', 'see boardview', '5.0V', NULL);
INSERT INTO board_test_points (board_revision_id, label, location_desc, expected_voltage, expected_resistance) VALUES (200105, 'PP1V8', 'see boardview', '1.8V', NULL);
INSERT INTO board_test_points (board_revision_id, label, location_desc, expected_voltage, expected_resistance) VALUES (200105, 'PP3V0', 'see boardview', '3.0V', NULL);
INSERT INTO board_nets (board_revision_id, net_name, test_point, expected_value, units) VALUES (200105, 'VBAT / PP_BATT_VCC', 'VBAT', '3.8', 'V');
INSERT INTO board_nets (board_revision_id, net_name, test_point, expected_value, units) VALUES (200105, 'VBUS', 'VBUS_5V', '5.0', 'V');
INSERT INTO board_nets (board_revision_id, net_name, test_point, expected_value, units) VALUES (200105, '1V8', 'PP1V8', '1.8', 'V');
INSERT INTO board_nets (board_revision_id, net_name, test_point, expected_value, units) VALUES (200105, '3V0', 'PP3V0', '3.0', 'V');
INSERT INTO measurements (board_revision_id, kind, test_point, reference_designator, rail_name, power_state, expected_value, measured_value, units, notes, is_known_good) VALUES (200105, 'voltage', 'VBAT', NULL, 'VBAT / PP_BATT_VCC', 'off', '3.8', '3.8', 'V', 'Battery main rail (typically 3.0-4.35V with charge).', 1);
INSERT INTO measurements (board_revision_id, kind, test_point, reference_designator, rail_name, power_state, expected_value, measured_value, units, notes, is_known_good) VALUES (200105, 'voltage', 'VBUS_5V', NULL, 'VBUS', 'on', '5.0', '5.0', 'V', 'USB VBUS when charging.', 1);
INSERT INTO measurements (board_revision_id, kind, test_point, reference_designator, rail_name, power_state, expected_value, measured_value, units, notes, is_known_good) VALUES (200105, 'voltage', 'PP1V8', NULL, '1V8', 'on', '1.8', '1.8', 'V', '1.8V housekeeping rail (typical).', 1);
INSERT INTO measurements (board_revision_id, kind, test_point, reference_designator, rail_name, power_state, expected_value, measured_value, units, notes, is_known_good) VALUES (200105, 'voltage', 'PP3V0', NULL, '3V0', 'on', '3.0', '3.0', 'V', '3.0V rail (typical).', 1);
INSERT INTO board_revisions (id, device_model, revision, layer_count, primary_soc, pmic, notes) VALUES (200106, 'Samsung Galaxy Z Flip', 'Logic Board', NULL, NULL, 'U_PMIC', 'Samsung Galaxy Z Flip main logic board. Component set and rails are family-typical reference values; confirm exact values against the boardview/schematic for this unit.');
INSERT INTO board_components (board_revision_id, reference_designator, component_type, value, part_number, notes) VALUES (200106, 'J_DISP', 'Connector', NULL, NULL, 'Display FPC connector');
INSERT INTO board_components (board_revision_id, reference_designator, component_type, value, part_number, notes) VALUES (200106, 'J_BATT', 'Connector', NULL, NULL, 'Battery FPC connector');
INSERT INTO board_components (board_revision_id, reference_designator, component_type, value, part_number, notes) VALUES (200106, 'J_CHG', 'Connector', NULL, NULL, 'Charge port / dock connector');
INSERT INTO board_components (board_revision_id, reference_designator, component_type, value, part_number, notes) VALUES (200106, 'J_FCAM', 'Connector', NULL, NULL, 'Front camera connector');
INSERT INTO board_components (board_revision_id, reference_designator, component_type, value, part_number, notes) VALUES (200106, 'J_RCAM', 'Connector', NULL, NULL, 'Rear camera connector');
INSERT INTO board_components (board_revision_id, reference_designator, component_type, value, part_number, notes) VALUES (200106, 'U_PMIC', 'PMIC', NULL, NULL, 'Main power management IC');
INSERT INTO board_components (board_revision_id, reference_designator, component_type, value, part_number, notes) VALUES (200106, 'U_CHG', 'Charging IC', NULL, NULL, 'USB charging / interface IC');
INSERT INTO board_components (board_revision_id, reference_designator, component_type, value, part_number, notes) VALUES (200106, 'U_AUDIO', 'Audio IC', NULL, NULL, 'Audio codec IC');
INSERT INTO board_components (board_revision_id, reference_designator, component_type, value, part_number, notes) VALUES (200106, 'U_NAND', 'NAND Flash', NULL, NULL, 'Flash storage');
INSERT INTO board_components (board_revision_id, reference_designator, component_type, value, part_number, notes) VALUES (200106, 'U_CHG2', 'Charging IC', NULL, NULL, 'USB-C / charging IC (MAX77705 / S2MU-series typical)');
INSERT INTO board_components (board_revision_id, reference_designator, component_type, value, part_number, notes) VALUES (200106, 'U_SUBPMIC', 'PMIC', NULL, NULL, 'Sub-PMIC (S2MPS / S2DOS typical)');
INSERT INTO board_test_points (board_revision_id, label, location_desc, expected_voltage, expected_resistance) VALUES (200106, 'VBAT', 'see boardview', '3.8V', NULL);
INSERT INTO board_test_points (board_revision_id, label, location_desc, expected_voltage, expected_resistance) VALUES (200106, 'VBUS_5V', 'see boardview', '5.0V', NULL);
INSERT INTO board_test_points (board_revision_id, label, location_desc, expected_voltage, expected_resistance) VALUES (200106, 'PP1V8', 'see boardview', '1.8V', NULL);
INSERT INTO board_test_points (board_revision_id, label, location_desc, expected_voltage, expected_resistance) VALUES (200106, 'PP3V0', 'see boardview', '3.0V', NULL);
INSERT INTO board_nets (board_revision_id, net_name, test_point, expected_value, units) VALUES (200106, 'VBAT / PP_BATT_VCC', 'VBAT', '3.8', 'V');
INSERT INTO board_nets (board_revision_id, net_name, test_point, expected_value, units) VALUES (200106, 'VBUS', 'VBUS_5V', '5.0', 'V');
INSERT INTO board_nets (board_revision_id, net_name, test_point, expected_value, units) VALUES (200106, '1V8', 'PP1V8', '1.8', 'V');
INSERT INTO board_nets (board_revision_id, net_name, test_point, expected_value, units) VALUES (200106, '3V0', 'PP3V0', '3.0', 'V');
INSERT INTO measurements (board_revision_id, kind, test_point, reference_designator, rail_name, power_state, expected_value, measured_value, units, notes, is_known_good) VALUES (200106, 'voltage', 'VBAT', NULL, 'VBAT / PP_BATT_VCC', 'off', '3.8', '3.8', 'V', 'Battery main rail (typically 3.0-4.35V with charge).', 1);
INSERT INTO measurements (board_revision_id, kind, test_point, reference_designator, rail_name, power_state, expected_value, measured_value, units, notes, is_known_good) VALUES (200106, 'voltage', 'VBUS_5V', NULL, 'VBUS', 'on', '5.0', '5.0', 'V', 'USB VBUS when charging.', 1);
INSERT INTO measurements (board_revision_id, kind, test_point, reference_designator, rail_name, power_state, expected_value, measured_value, units, notes, is_known_good) VALUES (200106, 'voltage', 'PP1V8', NULL, '1V8', 'on', '1.8', '1.8', 'V', '1.8V housekeeping rail (typical).', 1);
INSERT INTO measurements (board_revision_id, kind, test_point, reference_designator, rail_name, power_state, expected_value, measured_value, units, notes, is_known_good) VALUES (200106, 'voltage', 'PP3V0', NULL, '3V0', 'on', '3.0', '3.0', 'V', '3.0V rail (typical).', 1);
INSERT INTO board_revisions (id, device_model, revision, layer_count, primary_soc, pmic, notes) VALUES (200107, 'Samsung Galaxy Z Flip3', 'Logic Board', NULL, NULL, 'U_PMIC', 'Samsung Galaxy Z Flip3 main logic board. Component set and rails are family-typical reference values; confirm exact values against the boardview/schematic for this unit.');
INSERT INTO board_components (board_revision_id, reference_designator, component_type, value, part_number, notes) VALUES (200107, 'J_DISP', 'Connector', NULL, NULL, 'Display FPC connector');
INSERT INTO board_components (board_revision_id, reference_designator, component_type, value, part_number, notes) VALUES (200107, 'J_BATT', 'Connector', NULL, NULL, 'Battery FPC connector');
INSERT INTO board_components (board_revision_id, reference_designator, component_type, value, part_number, notes) VALUES (200107, 'J_CHG', 'Connector', NULL, NULL, 'Charge port / dock connector');
INSERT INTO board_components (board_revision_id, reference_designator, component_type, value, part_number, notes) VALUES (200107, 'J_FCAM', 'Connector', NULL, NULL, 'Front camera connector');
INSERT INTO board_components (board_revision_id, reference_designator, component_type, value, part_number, notes) VALUES (200107, 'J_RCAM', 'Connector', NULL, NULL, 'Rear camera connector');
INSERT INTO board_components (board_revision_id, reference_designator, component_type, value, part_number, notes) VALUES (200107, 'U_PMIC', 'PMIC', NULL, NULL, 'Main power management IC');
INSERT INTO board_components (board_revision_id, reference_designator, component_type, value, part_number, notes) VALUES (200107, 'U_CHG', 'Charging IC', NULL, NULL, 'USB charging / interface IC');
INSERT INTO board_components (board_revision_id, reference_designator, component_type, value, part_number, notes) VALUES (200107, 'U_AUDIO', 'Audio IC', NULL, NULL, 'Audio codec IC');
INSERT INTO board_components (board_revision_id, reference_designator, component_type, value, part_number, notes) VALUES (200107, 'U_NAND', 'NAND Flash', NULL, NULL, 'Flash storage');
INSERT INTO board_components (board_revision_id, reference_designator, component_type, value, part_number, notes) VALUES (200107, 'U_CHG2', 'Charging IC', NULL, NULL, 'USB-C / charging IC (MAX77705 / S2MU-series typical)');
INSERT INTO board_components (board_revision_id, reference_designator, component_type, value, part_number, notes) VALUES (200107, 'U_SUBPMIC', 'PMIC', NULL, NULL, 'Sub-PMIC (S2MPS / S2DOS typical)');
INSERT INTO board_test_points (board_revision_id, label, location_desc, expected_voltage, expected_resistance) VALUES (200107, 'VBAT', 'see boardview', '3.8V', NULL);
INSERT INTO board_test_points (board_revision_id, label, location_desc, expected_voltage, expected_resistance) VALUES (200107, 'VBUS_5V', 'see boardview', '5.0V', NULL);
INSERT INTO board_test_points (board_revision_id, label, location_desc, expected_voltage, expected_resistance) VALUES (200107, 'PP1V8', 'see boardview', '1.8V', NULL);
INSERT INTO board_test_points (board_revision_id, label, location_desc, expected_voltage, expected_resistance) VALUES (200107, 'PP3V0', 'see boardview', '3.0V', NULL);
INSERT INTO board_nets (board_revision_id, net_name, test_point, expected_value, units) VALUES (200107, 'VBAT / PP_BATT_VCC', 'VBAT', '3.8', 'V');
INSERT INTO board_nets (board_revision_id, net_name, test_point, expected_value, units) VALUES (200107, 'VBUS', 'VBUS_5V', '5.0', 'V');
INSERT INTO board_nets (board_revision_id, net_name, test_point, expected_value, units) VALUES (200107, '1V8', 'PP1V8', '1.8', 'V');
INSERT INTO board_nets (board_revision_id, net_name, test_point, expected_value, units) VALUES (200107, '3V0', 'PP3V0', '3.0', 'V');
INSERT INTO measurements (board_revision_id, kind, test_point, reference_designator, rail_name, power_state, expected_value, measured_value, units, notes, is_known_good) VALUES (200107, 'voltage', 'VBAT', NULL, 'VBAT / PP_BATT_VCC', 'off', '3.8', '3.8', 'V', 'Battery main rail (typically 3.0-4.35V with charge).', 1);
INSERT INTO measurements (board_revision_id, kind, test_point, reference_designator, rail_name, power_state, expected_value, measured_value, units, notes, is_known_good) VALUES (200107, 'voltage', 'VBUS_5V', NULL, 'VBUS', 'on', '5.0', '5.0', 'V', 'USB VBUS when charging.', 1);
INSERT INTO measurements (board_revision_id, kind, test_point, reference_designator, rail_name, power_state, expected_value, measured_value, units, notes, is_known_good) VALUES (200107, 'voltage', 'PP1V8', NULL, '1V8', 'on', '1.8', '1.8', 'V', '1.8V housekeeping rail (typical).', 1);
INSERT INTO measurements (board_revision_id, kind, test_point, reference_designator, rail_name, power_state, expected_value, measured_value, units, notes, is_known_good) VALUES (200107, 'voltage', 'PP3V0', NULL, '3V0', 'on', '3.0', '3.0', 'V', '3.0V rail (typical).', 1);
INSERT INTO board_revisions (id, device_model, revision, layer_count, primary_soc, pmic, notes) VALUES (200108, 'Samsung Galaxy Z Flip4', 'Logic Board', NULL, NULL, 'U_PMIC', 'Samsung Galaxy Z Flip4 main logic board. Component set and rails are family-typical reference values; confirm exact values against the boardview/schematic for this unit.');
INSERT INTO board_components (board_revision_id, reference_designator, component_type, value, part_number, notes) VALUES (200108, 'J_DISP', 'Connector', NULL, NULL, 'Display FPC connector');
INSERT INTO board_components (board_revision_id, reference_designator, component_type, value, part_number, notes) VALUES (200108, 'J_BATT', 'Connector', NULL, NULL, 'Battery FPC connector');
INSERT INTO board_components (board_revision_id, reference_designator, component_type, value, part_number, notes) VALUES (200108, 'J_CHG', 'Connector', NULL, NULL, 'Charge port / dock connector');
INSERT INTO board_components (board_revision_id, reference_designator, component_type, value, part_number, notes) VALUES (200108, 'J_FCAM', 'Connector', NULL, NULL, 'Front camera connector');
INSERT INTO board_components (board_revision_id, reference_designator, component_type, value, part_number, notes) VALUES (200108, 'J_RCAM', 'Connector', NULL, NULL, 'Rear camera connector');
INSERT INTO board_components (board_revision_id, reference_designator, component_type, value, part_number, notes) VALUES (200108, 'U_PMIC', 'PMIC', NULL, NULL, 'Main power management IC');
INSERT INTO board_components (board_revision_id, reference_designator, component_type, value, part_number, notes) VALUES (200108, 'U_CHG', 'Charging IC', NULL, NULL, 'USB charging / interface IC');
INSERT INTO board_components (board_revision_id, reference_designator, component_type, value, part_number, notes) VALUES (200108, 'U_AUDIO', 'Audio IC', NULL, NULL, 'Audio codec IC');
INSERT INTO board_components (board_revision_id, reference_designator, component_type, value, part_number, notes) VALUES (200108, 'U_NAND', 'NAND Flash', NULL, NULL, 'Flash storage');
INSERT INTO board_components (board_revision_id, reference_designator, component_type, value, part_number, notes) VALUES (200108, 'U_CHG2', 'Charging IC', NULL, NULL, 'USB-C / charging IC (MAX77705 / S2MU-series typical)');
INSERT INTO board_components (board_revision_id, reference_designator, component_type, value, part_number, notes) VALUES (200108, 'U_SUBPMIC', 'PMIC', NULL, NULL, 'Sub-PMIC (S2MPS / S2DOS typical)');
INSERT INTO board_test_points (board_revision_id, label, location_desc, expected_voltage, expected_resistance) VALUES (200108, 'VBAT', 'see boardview', '3.8V', NULL);
INSERT INTO board_test_points (board_revision_id, label, location_desc, expected_voltage, expected_resistance) VALUES (200108, 'VBUS_5V', 'see boardview', '5.0V', NULL);
INSERT INTO board_test_points (board_revision_id, label, location_desc, expected_voltage, expected_resistance) VALUES (200108, 'PP1V8', 'see boardview', '1.8V', NULL);
INSERT INTO board_test_points (board_revision_id, label, location_desc, expected_voltage, expected_resistance) VALUES (200108, 'PP3V0', 'see boardview', '3.0V', NULL);
INSERT INTO board_nets (board_revision_id, net_name, test_point, expected_value, units) VALUES (200108, 'VBAT / PP_BATT_VCC', 'VBAT', '3.8', 'V');
INSERT INTO board_nets (board_revision_id, net_name, test_point, expected_value, units) VALUES (200108, 'VBUS', 'VBUS_5V', '5.0', 'V');
INSERT INTO board_nets (board_revision_id, net_name, test_point, expected_value, units) VALUES (200108, '1V8', 'PP1V8', '1.8', 'V');
INSERT INTO board_nets (board_revision_id, net_name, test_point, expected_value, units) VALUES (200108, '3V0', 'PP3V0', '3.0', 'V');
INSERT INTO measurements (board_revision_id, kind, test_point, reference_designator, rail_name, power_state, expected_value, measured_value, units, notes, is_known_good) VALUES (200108, 'voltage', 'VBAT', NULL, 'VBAT / PP_BATT_VCC', 'off', '3.8', '3.8', 'V', 'Battery main rail (typically 3.0-4.35V with charge).', 1);
INSERT INTO measurements (board_revision_id, kind, test_point, reference_designator, rail_name, power_state, expected_value, measured_value, units, notes, is_known_good) VALUES (200108, 'voltage', 'VBUS_5V', NULL, 'VBUS', 'on', '5.0', '5.0', 'V', 'USB VBUS when charging.', 1);
INSERT INTO measurements (board_revision_id, kind, test_point, reference_designator, rail_name, power_state, expected_value, measured_value, units, notes, is_known_good) VALUES (200108, 'voltage', 'PP1V8', NULL, '1V8', 'on', '1.8', '1.8', 'V', '1.8V housekeeping rail (typical).', 1);
INSERT INTO measurements (board_revision_id, kind, test_point, reference_designator, rail_name, power_state, expected_value, measured_value, units, notes, is_known_good) VALUES (200108, 'voltage', 'PP3V0', NULL, '3V0', 'on', '3.0', '3.0', 'V', '3.0V rail (typical).', 1);
INSERT INTO board_revisions (id, device_model, revision, layer_count, primary_soc, pmic, notes) VALUES (200109, 'Samsung Galaxy Z Flip5', 'Logic Board', NULL, NULL, 'U_PMIC', 'Samsung Galaxy Z Flip5 main logic board. Component set and rails are family-typical reference values; confirm exact values against the boardview/schematic for this unit.');
INSERT INTO board_components (board_revision_id, reference_designator, component_type, value, part_number, notes) VALUES (200109, 'J_DISP', 'Connector', NULL, NULL, 'Display FPC connector');
INSERT INTO board_components (board_revision_id, reference_designator, component_type, value, part_number, notes) VALUES (200109, 'J_BATT', 'Connector', NULL, NULL, 'Battery FPC connector');
INSERT INTO board_components (board_revision_id, reference_designator, component_type, value, part_number, notes) VALUES (200109, 'J_CHG', 'Connector', NULL, NULL, 'Charge port / dock connector');
INSERT INTO board_components (board_revision_id, reference_designator, component_type, value, part_number, notes) VALUES (200109, 'J_FCAM', 'Connector', NULL, NULL, 'Front camera connector');
INSERT INTO board_components (board_revision_id, reference_designator, component_type, value, part_number, notes) VALUES (200109, 'J_RCAM', 'Connector', NULL, NULL, 'Rear camera connector');
INSERT INTO board_components (board_revision_id, reference_designator, component_type, value, part_number, notes) VALUES (200109, 'U_PMIC', 'PMIC', NULL, NULL, 'Main power management IC');
INSERT INTO board_components (board_revision_id, reference_designator, component_type, value, part_number, notes) VALUES (200109, 'U_CHG', 'Charging IC', NULL, NULL, 'USB charging / interface IC');
INSERT INTO board_components (board_revision_id, reference_designator, component_type, value, part_number, notes) VALUES (200109, 'U_AUDIO', 'Audio IC', NULL, NULL, 'Audio codec IC');
INSERT INTO board_components (board_revision_id, reference_designator, component_type, value, part_number, notes) VALUES (200109, 'U_NAND', 'NAND Flash', NULL, NULL, 'Flash storage');
INSERT INTO board_components (board_revision_id, reference_designator, component_type, value, part_number, notes) VALUES (200109, 'U_CHG2', 'Charging IC', NULL, NULL, 'USB-C / charging IC (MAX77705 / S2MU-series typical)');
INSERT INTO board_components (board_revision_id, reference_designator, component_type, value, part_number, notes) VALUES (200109, 'U_SUBPMIC', 'PMIC', NULL, NULL, 'Sub-PMIC (S2MPS / S2DOS typical)');
INSERT INTO board_test_points (board_revision_id, label, location_desc, expected_voltage, expected_resistance) VALUES (200109, 'VBAT', 'see boardview', '3.8V', NULL);
INSERT INTO board_test_points (board_revision_id, label, location_desc, expected_voltage, expected_resistance) VALUES (200109, 'VBUS_5V', 'see boardview', '5.0V', NULL);
INSERT INTO board_test_points (board_revision_id, label, location_desc, expected_voltage, expected_resistance) VALUES (200109, 'PP1V8', 'see boardview', '1.8V', NULL);
INSERT INTO board_test_points (board_revision_id, label, location_desc, expected_voltage, expected_resistance) VALUES (200109, 'PP3V0', 'see boardview', '3.0V', NULL);
INSERT INTO board_nets (board_revision_id, net_name, test_point, expected_value, units) VALUES (200109, 'VBAT / PP_BATT_VCC', 'VBAT', '3.8', 'V');
INSERT INTO board_nets (board_revision_id, net_name, test_point, expected_value, units) VALUES (200109, 'VBUS', 'VBUS_5V', '5.0', 'V');
INSERT INTO board_nets (board_revision_id, net_name, test_point, expected_value, units) VALUES (200109, '1V8', 'PP1V8', '1.8', 'V');
INSERT INTO board_nets (board_revision_id, net_name, test_point, expected_value, units) VALUES (200109, '3V0', 'PP3V0', '3.0', 'V');
INSERT INTO measurements (board_revision_id, kind, test_point, reference_designator, rail_name, power_state, expected_value, measured_value, units, notes, is_known_good) VALUES (200109, 'voltage', 'VBAT', NULL, 'VBAT / PP_BATT_VCC', 'off', '3.8', '3.8', 'V', 'Battery main rail (typically 3.0-4.35V with charge).', 1);
INSERT INTO measurements (board_revision_id, kind, test_point, reference_designator, rail_name, power_state, expected_value, measured_value, units, notes, is_known_good) VALUES (200109, 'voltage', 'VBUS_5V', NULL, 'VBUS', 'on', '5.0', '5.0', 'V', 'USB VBUS when charging.', 1);
INSERT INTO measurements (board_revision_id, kind, test_point, reference_designator, rail_name, power_state, expected_value, measured_value, units, notes, is_known_good) VALUES (200109, 'voltage', 'PP1V8', NULL, '1V8', 'on', '1.8', '1.8', 'V', '1.8V housekeeping rail (typical).', 1);
INSERT INTO measurements (board_revision_id, kind, test_point, reference_designator, rail_name, power_state, expected_value, measured_value, units, notes, is_known_good) VALUES (200109, 'voltage', 'PP3V0', NULL, '3V0', 'on', '3.0', '3.0', 'V', '3.0V rail (typical).', 1);
INSERT INTO board_revisions (id, device_model, revision, layer_count, primary_soc, pmic, notes) VALUES (200110, 'Google Pixel', 'Logic Board', NULL, NULL, 'U_PMIC', 'Google Pixel main logic board. Component set and rails are family-typical reference values; confirm exact values against the boardview/schematic for this unit.');
INSERT INTO board_components (board_revision_id, reference_designator, component_type, value, part_number, notes) VALUES (200110, 'J_DISP', 'Connector', NULL, NULL, 'Display FPC connector');
INSERT INTO board_components (board_revision_id, reference_designator, component_type, value, part_number, notes) VALUES (200110, 'J_BATT', 'Connector', NULL, NULL, 'Battery FPC connector');
INSERT INTO board_components (board_revision_id, reference_designator, component_type, value, part_number, notes) VALUES (200110, 'J_CHG', 'Connector', NULL, NULL, 'Charge port / dock connector');
INSERT INTO board_components (board_revision_id, reference_designator, component_type, value, part_number, notes) VALUES (200110, 'J_FCAM', 'Connector', NULL, NULL, 'Front camera connector');
INSERT INTO board_components (board_revision_id, reference_designator, component_type, value, part_number, notes) VALUES (200110, 'J_RCAM', 'Connector', NULL, NULL, 'Rear camera connector');
INSERT INTO board_components (board_revision_id, reference_designator, component_type, value, part_number, notes) VALUES (200110, 'U_PMIC', 'PMIC', NULL, NULL, 'Main power management IC');
INSERT INTO board_components (board_revision_id, reference_designator, component_type, value, part_number, notes) VALUES (200110, 'U_CHG', 'Charging IC', NULL, NULL, 'USB charging / interface IC');
INSERT INTO board_components (board_revision_id, reference_designator, component_type, value, part_number, notes) VALUES (200110, 'U_AUDIO', 'Audio IC', NULL, NULL, 'Audio codec IC');
INSERT INTO board_components (board_revision_id, reference_designator, component_type, value, part_number, notes) VALUES (200110, 'U_NAND', 'NAND Flash', NULL, NULL, 'Flash storage');
INSERT INTO board_test_points (board_revision_id, label, location_desc, expected_voltage, expected_resistance) VALUES (200110, 'VBAT', 'see boardview', '3.8V', NULL);
INSERT INTO board_test_points (board_revision_id, label, location_desc, expected_voltage, expected_resistance) VALUES (200110, 'VBUS_5V', 'see boardview', '5.0V', NULL);
INSERT INTO board_test_points (board_revision_id, label, location_desc, expected_voltage, expected_resistance) VALUES (200110, 'PP1V8', 'see boardview', '1.8V', NULL);
INSERT INTO board_test_points (board_revision_id, label, location_desc, expected_voltage, expected_resistance) VALUES (200110, 'PP3V0', 'see boardview', '3.0V', NULL);
INSERT INTO board_nets (board_revision_id, net_name, test_point, expected_value, units) VALUES (200110, 'VBAT / PP_BATT_VCC', 'VBAT', '3.8', 'V');
INSERT INTO board_nets (board_revision_id, net_name, test_point, expected_value, units) VALUES (200110, 'VBUS', 'VBUS_5V', '5.0', 'V');
INSERT INTO board_nets (board_revision_id, net_name, test_point, expected_value, units) VALUES (200110, '1V8', 'PP1V8', '1.8', 'V');
INSERT INTO board_nets (board_revision_id, net_name, test_point, expected_value, units) VALUES (200110, '3V0', 'PP3V0', '3.0', 'V');
INSERT INTO measurements (board_revision_id, kind, test_point, reference_designator, rail_name, power_state, expected_value, measured_value, units, notes, is_known_good) VALUES (200110, 'voltage', 'VBAT', NULL, 'VBAT / PP_BATT_VCC', 'off', '3.8', '3.8', 'V', 'Battery main rail (typically 3.0-4.35V with charge).', 1);
INSERT INTO measurements (board_revision_id, kind, test_point, reference_designator, rail_name, power_state, expected_value, measured_value, units, notes, is_known_good) VALUES (200110, 'voltage', 'VBUS_5V', NULL, 'VBUS', 'on', '5.0', '5.0', 'V', 'USB VBUS when charging.', 1);
INSERT INTO measurements (board_revision_id, kind, test_point, reference_designator, rail_name, power_state, expected_value, measured_value, units, notes, is_known_good) VALUES (200110, 'voltage', 'PP1V8', NULL, '1V8', 'on', '1.8', '1.8', 'V', '1.8V housekeeping rail (typical).', 1);
INSERT INTO measurements (board_revision_id, kind, test_point, reference_designator, rail_name, power_state, expected_value, measured_value, units, notes, is_known_good) VALUES (200110, 'voltage', 'PP3V0', NULL, '3V0', 'on', '3.0', '3.0', 'V', '3.0V rail (typical).', 1);
INSERT INTO board_revisions (id, device_model, revision, layer_count, primary_soc, pmic, notes) VALUES (200111, 'Google Pixel XL', 'Logic Board', NULL, NULL, 'U_PMIC', 'Google Pixel XL main logic board. Component set and rails are family-typical reference values; confirm exact values against the boardview/schematic for this unit.');
INSERT INTO board_components (board_revision_id, reference_designator, component_type, value, part_number, notes) VALUES (200111, 'J_DISP', 'Connector', NULL, NULL, 'Display FPC connector');
INSERT INTO board_components (board_revision_id, reference_designator, component_type, value, part_number, notes) VALUES (200111, 'J_BATT', 'Connector', NULL, NULL, 'Battery FPC connector');
INSERT INTO board_components (board_revision_id, reference_designator, component_type, value, part_number, notes) VALUES (200111, 'J_CHG', 'Connector', NULL, NULL, 'Charge port / dock connector');
INSERT INTO board_components (board_revision_id, reference_designator, component_type, value, part_number, notes) VALUES (200111, 'J_FCAM', 'Connector', NULL, NULL, 'Front camera connector');
INSERT INTO board_components (board_revision_id, reference_designator, component_type, value, part_number, notes) VALUES (200111, 'J_RCAM', 'Connector', NULL, NULL, 'Rear camera connector');
INSERT INTO board_components (board_revision_id, reference_designator, component_type, value, part_number, notes) VALUES (200111, 'U_PMIC', 'PMIC', NULL, NULL, 'Main power management IC');
INSERT INTO board_components (board_revision_id, reference_designator, component_type, value, part_number, notes) VALUES (200111, 'U_CHG', 'Charging IC', NULL, NULL, 'USB charging / interface IC');
INSERT INTO board_components (board_revision_id, reference_designator, component_type, value, part_number, notes) VALUES (200111, 'U_AUDIO', 'Audio IC', NULL, NULL, 'Audio codec IC');
INSERT INTO board_components (board_revision_id, reference_designator, component_type, value, part_number, notes) VALUES (200111, 'U_NAND', 'NAND Flash', NULL, NULL, 'Flash storage');
INSERT INTO board_test_points (board_revision_id, label, location_desc, expected_voltage, expected_resistance) VALUES (200111, 'VBAT', 'see boardview', '3.8V', NULL);
INSERT INTO board_test_points (board_revision_id, label, location_desc, expected_voltage, expected_resistance) VALUES (200111, 'VBUS_5V', 'see boardview', '5.0V', NULL);
INSERT INTO board_test_points (board_revision_id, label, location_desc, expected_voltage, expected_resistance) VALUES (200111, 'PP1V8', 'see boardview', '1.8V', NULL);
INSERT INTO board_test_points (board_revision_id, label, location_desc, expected_voltage, expected_resistance) VALUES (200111, 'PP3V0', 'see boardview', '3.0V', NULL);
INSERT INTO board_nets (board_revision_id, net_name, test_point, expected_value, units) VALUES (200111, 'VBAT / PP_BATT_VCC', 'VBAT', '3.8', 'V');
INSERT INTO board_nets (board_revision_id, net_name, test_point, expected_value, units) VALUES (200111, 'VBUS', 'VBUS_5V', '5.0', 'V');
INSERT INTO board_nets (board_revision_id, net_name, test_point, expected_value, units) VALUES (200111, '1V8', 'PP1V8', '1.8', 'V');
INSERT INTO board_nets (board_revision_id, net_name, test_point, expected_value, units) VALUES (200111, '3V0', 'PP3V0', '3.0', 'V');
INSERT INTO measurements (board_revision_id, kind, test_point, reference_designator, rail_name, power_state, expected_value, measured_value, units, notes, is_known_good) VALUES (200111, 'voltage', 'VBAT', NULL, 'VBAT / PP_BATT_VCC', 'off', '3.8', '3.8', 'V', 'Battery main rail (typically 3.0-4.35V with charge).', 1);
INSERT INTO measurements (board_revision_id, kind, test_point, reference_designator, rail_name, power_state, expected_value, measured_value, units, notes, is_known_good) VALUES (200111, 'voltage', 'VBUS_5V', NULL, 'VBUS', 'on', '5.0', '5.0', 'V', 'USB VBUS when charging.', 1);
INSERT INTO measurements (board_revision_id, kind, test_point, reference_designator, rail_name, power_state, expected_value, measured_value, units, notes, is_known_good) VALUES (200111, 'voltage', 'PP1V8', NULL, '1V8', 'on', '1.8', '1.8', 'V', '1.8V housekeeping rail (typical).', 1);
INSERT INTO measurements (board_revision_id, kind, test_point, reference_designator, rail_name, power_state, expected_value, measured_value, units, notes, is_known_good) VALUES (200111, 'voltage', 'PP3V0', NULL, '3V0', 'on', '3.0', '3.0', 'V', '3.0V rail (typical).', 1);
INSERT INTO board_revisions (id, device_model, revision, layer_count, primary_soc, pmic, notes) VALUES (200112, 'Google Pixel 2', 'Logic Board', NULL, NULL, 'U_PMIC', 'Google Pixel 2 main logic board. Component set and rails are family-typical reference values; confirm exact values against the boardview/schematic for this unit.');
INSERT INTO board_components (board_revision_id, reference_designator, component_type, value, part_number, notes) VALUES (200112, 'J_DISP', 'Connector', NULL, NULL, 'Display FPC connector');
INSERT INTO board_components (board_revision_id, reference_designator, component_type, value, part_number, notes) VALUES (200112, 'J_BATT', 'Connector', NULL, NULL, 'Battery FPC connector');
INSERT INTO board_components (board_revision_id, reference_designator, component_type, value, part_number, notes) VALUES (200112, 'J_CHG', 'Connector', NULL, NULL, 'Charge port / dock connector');
INSERT INTO board_components (board_revision_id, reference_designator, component_type, value, part_number, notes) VALUES (200112, 'J_FCAM', 'Connector', NULL, NULL, 'Front camera connector');
INSERT INTO board_components (board_revision_id, reference_designator, component_type, value, part_number, notes) VALUES (200112, 'J_RCAM', 'Connector', NULL, NULL, 'Rear camera connector');
INSERT INTO board_components (board_revision_id, reference_designator, component_type, value, part_number, notes) VALUES (200112, 'U_PMIC', 'PMIC', NULL, NULL, 'Main power management IC');
INSERT INTO board_components (board_revision_id, reference_designator, component_type, value, part_number, notes) VALUES (200112, 'U_CHG', 'Charging IC', NULL, NULL, 'USB charging / interface IC');
INSERT INTO board_components (board_revision_id, reference_designator, component_type, value, part_number, notes) VALUES (200112, 'U_AUDIO', 'Audio IC', NULL, NULL, 'Audio codec IC');
INSERT INTO board_components (board_revision_id, reference_designator, component_type, value, part_number, notes) VALUES (200112, 'U_NAND', 'NAND Flash', NULL, NULL, 'Flash storage');
INSERT INTO board_test_points (board_revision_id, label, location_desc, expected_voltage, expected_resistance) VALUES (200112, 'VBAT', 'see boardview', '3.8V', NULL);
INSERT INTO board_test_points (board_revision_id, label, location_desc, expected_voltage, expected_resistance) VALUES (200112, 'VBUS_5V', 'see boardview', '5.0V', NULL);
INSERT INTO board_test_points (board_revision_id, label, location_desc, expected_voltage, expected_resistance) VALUES (200112, 'PP1V8', 'see boardview', '1.8V', NULL);
INSERT INTO board_test_points (board_revision_id, label, location_desc, expected_voltage, expected_resistance) VALUES (200112, 'PP3V0', 'see boardview', '3.0V', NULL);
INSERT INTO board_nets (board_revision_id, net_name, test_point, expected_value, units) VALUES (200112, 'VBAT / PP_BATT_VCC', 'VBAT', '3.8', 'V');
INSERT INTO board_nets (board_revision_id, net_name, test_point, expected_value, units) VALUES (200112, 'VBUS', 'VBUS_5V', '5.0', 'V');
INSERT INTO board_nets (board_revision_id, net_name, test_point, expected_value, units) VALUES (200112, '1V8', 'PP1V8', '1.8', 'V');
INSERT INTO board_nets (board_revision_id, net_name, test_point, expected_value, units) VALUES (200112, '3V0', 'PP3V0', '3.0', 'V');
INSERT INTO measurements (board_revision_id, kind, test_point, reference_designator, rail_name, power_state, expected_value, measured_value, units, notes, is_known_good) VALUES (200112, 'voltage', 'VBAT', NULL, 'VBAT / PP_BATT_VCC', 'off', '3.8', '3.8', 'V', 'Battery main rail (typically 3.0-4.35V with charge).', 1);
INSERT INTO measurements (board_revision_id, kind, test_point, reference_designator, rail_name, power_state, expected_value, measured_value, units, notes, is_known_good) VALUES (200112, 'voltage', 'VBUS_5V', NULL, 'VBUS', 'on', '5.0', '5.0', 'V', 'USB VBUS when charging.', 1);
INSERT INTO measurements (board_revision_id, kind, test_point, reference_designator, rail_name, power_state, expected_value, measured_value, units, notes, is_known_good) VALUES (200112, 'voltage', 'PP1V8', NULL, '1V8', 'on', '1.8', '1.8', 'V', '1.8V housekeeping rail (typical).', 1);
INSERT INTO measurements (board_revision_id, kind, test_point, reference_designator, rail_name, power_state, expected_value, measured_value, units, notes, is_known_good) VALUES (200112, 'voltage', 'PP3V0', NULL, '3V0', 'on', '3.0', '3.0', 'V', '3.0V rail (typical).', 1);
INSERT INTO board_revisions (id, device_model, revision, layer_count, primary_soc, pmic, notes) VALUES (200113, 'Google Pixel 2 XL', 'Logic Board', NULL, NULL, 'U_PMIC', 'Google Pixel 2 XL main logic board. Component set and rails are family-typical reference values; confirm exact values against the boardview/schematic for this unit.');
INSERT INTO board_components (board_revision_id, reference_designator, component_type, value, part_number, notes) VALUES (200113, 'J_DISP', 'Connector', NULL, NULL, 'Display FPC connector');
INSERT INTO board_components (board_revision_id, reference_designator, component_type, value, part_number, notes) VALUES (200113, 'J_BATT', 'Connector', NULL, NULL, 'Battery FPC connector');
INSERT INTO board_components (board_revision_id, reference_designator, component_type, value, part_number, notes) VALUES (200113, 'J_CHG', 'Connector', NULL, NULL, 'Charge port / dock connector');
INSERT INTO board_components (board_revision_id, reference_designator, component_type, value, part_number, notes) VALUES (200113, 'J_FCAM', 'Connector', NULL, NULL, 'Front camera connector');
INSERT INTO board_components (board_revision_id, reference_designator, component_type, value, part_number, notes) VALUES (200113, 'J_RCAM', 'Connector', NULL, NULL, 'Rear camera connector');
INSERT INTO board_components (board_revision_id, reference_designator, component_type, value, part_number, notes) VALUES (200113, 'U_PMIC', 'PMIC', NULL, NULL, 'Main power management IC');
INSERT INTO board_components (board_revision_id, reference_designator, component_type, value, part_number, notes) VALUES (200113, 'U_CHG', 'Charging IC', NULL, NULL, 'USB charging / interface IC');
INSERT INTO board_components (board_revision_id, reference_designator, component_type, value, part_number, notes) VALUES (200113, 'U_AUDIO', 'Audio IC', NULL, NULL, 'Audio codec IC');
INSERT INTO board_components (board_revision_id, reference_designator, component_type, value, part_number, notes) VALUES (200113, 'U_NAND', 'NAND Flash', NULL, NULL, 'Flash storage');
INSERT INTO board_test_points (board_revision_id, label, location_desc, expected_voltage, expected_resistance) VALUES (200113, 'VBAT', 'see boardview', '3.8V', NULL);
INSERT INTO board_test_points (board_revision_id, label, location_desc, expected_voltage, expected_resistance) VALUES (200113, 'VBUS_5V', 'see boardview', '5.0V', NULL);
INSERT INTO board_test_points (board_revision_id, label, location_desc, expected_voltage, expected_resistance) VALUES (200113, 'PP1V8', 'see boardview', '1.8V', NULL);
INSERT INTO board_test_points (board_revision_id, label, location_desc, expected_voltage, expected_resistance) VALUES (200113, 'PP3V0', 'see boardview', '3.0V', NULL);
INSERT INTO board_nets (board_revision_id, net_name, test_point, expected_value, units) VALUES (200113, 'VBAT / PP_BATT_VCC', 'VBAT', '3.8', 'V');
INSERT INTO board_nets (board_revision_id, net_name, test_point, expected_value, units) VALUES (200113, 'VBUS', 'VBUS_5V', '5.0', 'V');
INSERT INTO board_nets (board_revision_id, net_name, test_point, expected_value, units) VALUES (200113, '1V8', 'PP1V8', '1.8', 'V');
INSERT INTO board_nets (board_revision_id, net_name, test_point, expected_value, units) VALUES (200113, '3V0', 'PP3V0', '3.0', 'V');
INSERT INTO measurements (board_revision_id, kind, test_point, reference_designator, rail_name, power_state, expected_value, measured_value, units, notes, is_known_good) VALUES (200113, 'voltage', 'VBAT', NULL, 'VBAT / PP_BATT_VCC', 'off', '3.8', '3.8', 'V', 'Battery main rail (typically 3.0-4.35V with charge).', 1);
INSERT INTO measurements (board_revision_id, kind, test_point, reference_designator, rail_name, power_state, expected_value, measured_value, units, notes, is_known_good) VALUES (200113, 'voltage', 'VBUS_5V', NULL, 'VBUS', 'on', '5.0', '5.0', 'V', 'USB VBUS when charging.', 1);
INSERT INTO measurements (board_revision_id, kind, test_point, reference_designator, rail_name, power_state, expected_value, measured_value, units, notes, is_known_good) VALUES (200113, 'voltage', 'PP1V8', NULL, '1V8', 'on', '1.8', '1.8', 'V', '1.8V housekeeping rail (typical).', 1);
INSERT INTO measurements (board_revision_id, kind, test_point, reference_designator, rail_name, power_state, expected_value, measured_value, units, notes, is_known_good) VALUES (200113, 'voltage', 'PP3V0', NULL, '3V0', 'on', '3.0', '3.0', 'V', '3.0V rail (typical).', 1);
INSERT INTO board_revisions (id, device_model, revision, layer_count, primary_soc, pmic, notes) VALUES (200114, 'Google Pixel 3', 'Logic Board', NULL, NULL, 'U_PMIC', 'Google Pixel 3 main logic board. Component set and rails are family-typical reference values; confirm exact values against the boardview/schematic for this unit.');
INSERT INTO board_components (board_revision_id, reference_designator, component_type, value, part_number, notes) VALUES (200114, 'J_DISP', 'Connector', NULL, NULL, 'Display FPC connector');
INSERT INTO board_components (board_revision_id, reference_designator, component_type, value, part_number, notes) VALUES (200114, 'J_BATT', 'Connector', NULL, NULL, 'Battery FPC connector');
INSERT INTO board_components (board_revision_id, reference_designator, component_type, value, part_number, notes) VALUES (200114, 'J_CHG', 'Connector', NULL, NULL, 'Charge port / dock connector');
INSERT INTO board_components (board_revision_id, reference_designator, component_type, value, part_number, notes) VALUES (200114, 'J_FCAM', 'Connector', NULL, NULL, 'Front camera connector');
INSERT INTO board_components (board_revision_id, reference_designator, component_type, value, part_number, notes) VALUES (200114, 'J_RCAM', 'Connector', NULL, NULL, 'Rear camera connector');
INSERT INTO board_components (board_revision_id, reference_designator, component_type, value, part_number, notes) VALUES (200114, 'U_PMIC', 'PMIC', NULL, NULL, 'Main power management IC');
INSERT INTO board_components (board_revision_id, reference_designator, component_type, value, part_number, notes) VALUES (200114, 'U_CHG', 'Charging IC', NULL, NULL, 'USB charging / interface IC');
INSERT INTO board_components (board_revision_id, reference_designator, component_type, value, part_number, notes) VALUES (200114, 'U_AUDIO', 'Audio IC', NULL, NULL, 'Audio codec IC');
INSERT INTO board_components (board_revision_id, reference_designator, component_type, value, part_number, notes) VALUES (200114, 'U_NAND', 'NAND Flash', NULL, NULL, 'Flash storage');
INSERT INTO board_test_points (board_revision_id, label, location_desc, expected_voltage, expected_resistance) VALUES (200114, 'VBAT', 'see boardview', '3.8V', NULL);
INSERT INTO board_test_points (board_revision_id, label, location_desc, expected_voltage, expected_resistance) VALUES (200114, 'VBUS_5V', 'see boardview', '5.0V', NULL);
INSERT INTO board_test_points (board_revision_id, label, location_desc, expected_voltage, expected_resistance) VALUES (200114, 'PP1V8', 'see boardview', '1.8V', NULL);
INSERT INTO board_test_points (board_revision_id, label, location_desc, expected_voltage, expected_resistance) VALUES (200114, 'PP3V0', 'see boardview', '3.0V', NULL);
INSERT INTO board_nets (board_revision_id, net_name, test_point, expected_value, units) VALUES (200114, 'VBAT / PP_BATT_VCC', 'VBAT', '3.8', 'V');
INSERT INTO board_nets (board_revision_id, net_name, test_point, expected_value, units) VALUES (200114, 'VBUS', 'VBUS_5V', '5.0', 'V');
INSERT INTO board_nets (board_revision_id, net_name, test_point, expected_value, units) VALUES (200114, '1V8', 'PP1V8', '1.8', 'V');
INSERT INTO board_nets (board_revision_id, net_name, test_point, expected_value, units) VALUES (200114, '3V0', 'PP3V0', '3.0', 'V');
INSERT INTO measurements (board_revision_id, kind, test_point, reference_designator, rail_name, power_state, expected_value, measured_value, units, notes, is_known_good) VALUES (200114, 'voltage', 'VBAT', NULL, 'VBAT / PP_BATT_VCC', 'off', '3.8', '3.8', 'V', 'Battery main rail (typically 3.0-4.35V with charge).', 1);
INSERT INTO measurements (board_revision_id, kind, test_point, reference_designator, rail_name, power_state, expected_value, measured_value, units, notes, is_known_good) VALUES (200114, 'voltage', 'VBUS_5V', NULL, 'VBUS', 'on', '5.0', '5.0', 'V', 'USB VBUS when charging.', 1);
INSERT INTO measurements (board_revision_id, kind, test_point, reference_designator, rail_name, power_state, expected_value, measured_value, units, notes, is_known_good) VALUES (200114, 'voltage', 'PP1V8', NULL, '1V8', 'on', '1.8', '1.8', 'V', '1.8V housekeeping rail (typical).', 1);
INSERT INTO measurements (board_revision_id, kind, test_point, reference_designator, rail_name, power_state, expected_value, measured_value, units, notes, is_known_good) VALUES (200114, 'voltage', 'PP3V0', NULL, '3V0', 'on', '3.0', '3.0', 'V', '3.0V rail (typical).', 1);
INSERT INTO board_revisions (id, device_model, revision, layer_count, primary_soc, pmic, notes) VALUES (200115, 'Google Pixel 3 XL', 'Logic Board', NULL, NULL, 'U_PMIC', 'Google Pixel 3 XL main logic board. Component set and rails are family-typical reference values; confirm exact values against the boardview/schematic for this unit.');
INSERT INTO board_components (board_revision_id, reference_designator, component_type, value, part_number, notes) VALUES (200115, 'J_DISP', 'Connector', NULL, NULL, 'Display FPC connector');
INSERT INTO board_components (board_revision_id, reference_designator, component_type, value, part_number, notes) VALUES (200115, 'J_BATT', 'Connector', NULL, NULL, 'Battery FPC connector');
INSERT INTO board_components (board_revision_id, reference_designator, component_type, value, part_number, notes) VALUES (200115, 'J_CHG', 'Connector', NULL, NULL, 'Charge port / dock connector');
INSERT INTO board_components (board_revision_id, reference_designator, component_type, value, part_number, notes) VALUES (200115, 'J_FCAM', 'Connector', NULL, NULL, 'Front camera connector');
INSERT INTO board_components (board_revision_id, reference_designator, component_type, value, part_number, notes) VALUES (200115, 'J_RCAM', 'Connector', NULL, NULL, 'Rear camera connector');
INSERT INTO board_components (board_revision_id, reference_designator, component_type, value, part_number, notes) VALUES (200115, 'U_PMIC', 'PMIC', NULL, NULL, 'Main power management IC');
INSERT INTO board_components (board_revision_id, reference_designator, component_type, value, part_number, notes) VALUES (200115, 'U_CHG', 'Charging IC', NULL, NULL, 'USB charging / interface IC');
INSERT INTO board_components (board_revision_id, reference_designator, component_type, value, part_number, notes) VALUES (200115, 'U_AUDIO', 'Audio IC', NULL, NULL, 'Audio codec IC');
INSERT INTO board_components (board_revision_id, reference_designator, component_type, value, part_number, notes) VALUES (200115, 'U_NAND', 'NAND Flash', NULL, NULL, 'Flash storage');
INSERT INTO board_test_points (board_revision_id, label, location_desc, expected_voltage, expected_resistance) VALUES (200115, 'VBAT', 'see boardview', '3.8V', NULL);
INSERT INTO board_test_points (board_revision_id, label, location_desc, expected_voltage, expected_resistance) VALUES (200115, 'VBUS_5V', 'see boardview', '5.0V', NULL);
INSERT INTO board_test_points (board_revision_id, label, location_desc, expected_voltage, expected_resistance) VALUES (200115, 'PP1V8', 'see boardview', '1.8V', NULL);
INSERT INTO board_test_points (board_revision_id, label, location_desc, expected_voltage, expected_resistance) VALUES (200115, 'PP3V0', 'see boardview', '3.0V', NULL);
INSERT INTO board_nets (board_revision_id, net_name, test_point, expected_value, units) VALUES (200115, 'VBAT / PP_BATT_VCC', 'VBAT', '3.8', 'V');
INSERT INTO board_nets (board_revision_id, net_name, test_point, expected_value, units) VALUES (200115, 'VBUS', 'VBUS_5V', '5.0', 'V');
INSERT INTO board_nets (board_revision_id, net_name, test_point, expected_value, units) VALUES (200115, '1V8', 'PP1V8', '1.8', 'V');
INSERT INTO board_nets (board_revision_id, net_name, test_point, expected_value, units) VALUES (200115, '3V0', 'PP3V0', '3.0', 'V');
INSERT INTO measurements (board_revision_id, kind, test_point, reference_designator, rail_name, power_state, expected_value, measured_value, units, notes, is_known_good) VALUES (200115, 'voltage', 'VBAT', NULL, 'VBAT / PP_BATT_VCC', 'off', '3.8', '3.8', 'V', 'Battery main rail (typically 3.0-4.35V with charge).', 1);
INSERT INTO measurements (board_revision_id, kind, test_point, reference_designator, rail_name, power_state, expected_value, measured_value, units, notes, is_known_good) VALUES (200115, 'voltage', 'VBUS_5V', NULL, 'VBUS', 'on', '5.0', '5.0', 'V', 'USB VBUS when charging.', 1);
INSERT INTO measurements (board_revision_id, kind, test_point, reference_designator, rail_name, power_state, expected_value, measured_value, units, notes, is_known_good) VALUES (200115, 'voltage', 'PP1V8', NULL, '1V8', 'on', '1.8', '1.8', 'V', '1.8V housekeeping rail (typical).', 1);
INSERT INTO measurements (board_revision_id, kind, test_point, reference_designator, rail_name, power_state, expected_value, measured_value, units, notes, is_known_good) VALUES (200115, 'voltage', 'PP3V0', NULL, '3V0', 'on', '3.0', '3.0', 'V', '3.0V rail (typical).', 1);
INSERT INTO board_revisions (id, device_model, revision, layer_count, primary_soc, pmic, notes) VALUES (200116, 'Google Pixel 3a', 'Logic Board', NULL, NULL, 'U_PMIC', 'Google Pixel 3a main logic board. Component set and rails are family-typical reference values; confirm exact values against the boardview/schematic for this unit.');
INSERT INTO board_components (board_revision_id, reference_designator, component_type, value, part_number, notes) VALUES (200116, 'J_DISP', 'Connector', NULL, NULL, 'Display FPC connector');
INSERT INTO board_components (board_revision_id, reference_designator, component_type, value, part_number, notes) VALUES (200116, 'J_BATT', 'Connector', NULL, NULL, 'Battery FPC connector');
INSERT INTO board_components (board_revision_id, reference_designator, component_type, value, part_number, notes) VALUES (200116, 'J_CHG', 'Connector', NULL, NULL, 'Charge port / dock connector');
INSERT INTO board_components (board_revision_id, reference_designator, component_type, value, part_number, notes) VALUES (200116, 'J_FCAM', 'Connector', NULL, NULL, 'Front camera connector');
INSERT INTO board_components (board_revision_id, reference_designator, component_type, value, part_number, notes) VALUES (200116, 'J_RCAM', 'Connector', NULL, NULL, 'Rear camera connector');
INSERT INTO board_components (board_revision_id, reference_designator, component_type, value, part_number, notes) VALUES (200116, 'U_PMIC', 'PMIC', NULL, NULL, 'Main power management IC');
INSERT INTO board_components (board_revision_id, reference_designator, component_type, value, part_number, notes) VALUES (200116, 'U_CHG', 'Charging IC', NULL, NULL, 'USB charging / interface IC');
INSERT INTO board_components (board_revision_id, reference_designator, component_type, value, part_number, notes) VALUES (200116, 'U_AUDIO', 'Audio IC', NULL, NULL, 'Audio codec IC');
INSERT INTO board_components (board_revision_id, reference_designator, component_type, value, part_number, notes) VALUES (200116, 'U_NAND', 'NAND Flash', NULL, NULL, 'Flash storage');
INSERT INTO board_test_points (board_revision_id, label, location_desc, expected_voltage, expected_resistance) VALUES (200116, 'VBAT', 'see boardview', '3.8V', NULL);
INSERT INTO board_test_points (board_revision_id, label, location_desc, expected_voltage, expected_resistance) VALUES (200116, 'VBUS_5V', 'see boardview', '5.0V', NULL);
INSERT INTO board_test_points (board_revision_id, label, location_desc, expected_voltage, expected_resistance) VALUES (200116, 'PP1V8', 'see boardview', '1.8V', NULL);
INSERT INTO board_test_points (board_revision_id, label, location_desc, expected_voltage, expected_resistance) VALUES (200116, 'PP3V0', 'see boardview', '3.0V', NULL);
INSERT INTO board_nets (board_revision_id, net_name, test_point, expected_value, units) VALUES (200116, 'VBAT / PP_BATT_VCC', 'VBAT', '3.8', 'V');
INSERT INTO board_nets (board_revision_id, net_name, test_point, expected_value, units) VALUES (200116, 'VBUS', 'VBUS_5V', '5.0', 'V');
INSERT INTO board_nets (board_revision_id, net_name, test_point, expected_value, units) VALUES (200116, '1V8', 'PP1V8', '1.8', 'V');
INSERT INTO board_nets (board_revision_id, net_name, test_point, expected_value, units) VALUES (200116, '3V0', 'PP3V0', '3.0', 'V');
INSERT INTO measurements (board_revision_id, kind, test_point, reference_designator, rail_name, power_state, expected_value, measured_value, units, notes, is_known_good) VALUES (200116, 'voltage', 'VBAT', NULL, 'VBAT / PP_BATT_VCC', 'off', '3.8', '3.8', 'V', 'Battery main rail (typically 3.0-4.35V with charge).', 1);
INSERT INTO measurements (board_revision_id, kind, test_point, reference_designator, rail_name, power_state, expected_value, measured_value, units, notes, is_known_good) VALUES (200116, 'voltage', 'VBUS_5V', NULL, 'VBUS', 'on', '5.0', '5.0', 'V', 'USB VBUS when charging.', 1);
INSERT INTO measurements (board_revision_id, kind, test_point, reference_designator, rail_name, power_state, expected_value, measured_value, units, notes, is_known_good) VALUES (200116, 'voltage', 'PP1V8', NULL, '1V8', 'on', '1.8', '1.8', 'V', '1.8V housekeeping rail (typical).', 1);
INSERT INTO measurements (board_revision_id, kind, test_point, reference_designator, rail_name, power_state, expected_value, measured_value, units, notes, is_known_good) VALUES (200116, 'voltage', 'PP3V0', NULL, '3V0', 'on', '3.0', '3.0', 'V', '3.0V rail (typical).', 1);
INSERT INTO board_revisions (id, device_model, revision, layer_count, primary_soc, pmic, notes) VALUES (200117, 'Google Pixel 4', 'Logic Board', NULL, NULL, 'U_PMIC', 'Google Pixel 4 main logic board. Component set and rails are family-typical reference values; confirm exact values against the boardview/schematic for this unit.');
INSERT INTO board_components (board_revision_id, reference_designator, component_type, value, part_number, notes) VALUES (200117, 'J_DISP', 'Connector', NULL, NULL, 'Display FPC connector');
INSERT INTO board_components (board_revision_id, reference_designator, component_type, value, part_number, notes) VALUES (200117, 'J_BATT', 'Connector', NULL, NULL, 'Battery FPC connector');
INSERT INTO board_components (board_revision_id, reference_designator, component_type, value, part_number, notes) VALUES (200117, 'J_CHG', 'Connector', NULL, NULL, 'Charge port / dock connector');
INSERT INTO board_components (board_revision_id, reference_designator, component_type, value, part_number, notes) VALUES (200117, 'J_FCAM', 'Connector', NULL, NULL, 'Front camera connector');
INSERT INTO board_components (board_revision_id, reference_designator, component_type, value, part_number, notes) VALUES (200117, 'J_RCAM', 'Connector', NULL, NULL, 'Rear camera connector');
INSERT INTO board_components (board_revision_id, reference_designator, component_type, value, part_number, notes) VALUES (200117, 'U_PMIC', 'PMIC', NULL, NULL, 'Main power management IC');
INSERT INTO board_components (board_revision_id, reference_designator, component_type, value, part_number, notes) VALUES (200117, 'U_CHG', 'Charging IC', NULL, NULL, 'USB charging / interface IC');
INSERT INTO board_components (board_revision_id, reference_designator, component_type, value, part_number, notes) VALUES (200117, 'U_AUDIO', 'Audio IC', NULL, NULL, 'Audio codec IC');
INSERT INTO board_components (board_revision_id, reference_designator, component_type, value, part_number, notes) VALUES (200117, 'U_NAND', 'NAND Flash', NULL, NULL, 'Flash storage');
INSERT INTO board_test_points (board_revision_id, label, location_desc, expected_voltage, expected_resistance) VALUES (200117, 'VBAT', 'see boardview', '3.8V', NULL);
INSERT INTO board_test_points (board_revision_id, label, location_desc, expected_voltage, expected_resistance) VALUES (200117, 'VBUS_5V', 'see boardview', '5.0V', NULL);
INSERT INTO board_test_points (board_revision_id, label, location_desc, expected_voltage, expected_resistance) VALUES (200117, 'PP1V8', 'see boardview', '1.8V', NULL);
INSERT INTO board_test_points (board_revision_id, label, location_desc, expected_voltage, expected_resistance) VALUES (200117, 'PP3V0', 'see boardview', '3.0V', NULL);
INSERT INTO board_nets (board_revision_id, net_name, test_point, expected_value, units) VALUES (200117, 'VBAT / PP_BATT_VCC', 'VBAT', '3.8', 'V');
INSERT INTO board_nets (board_revision_id, net_name, test_point, expected_value, units) VALUES (200117, 'VBUS', 'VBUS_5V', '5.0', 'V');
INSERT INTO board_nets (board_revision_id, net_name, test_point, expected_value, units) VALUES (200117, '1V8', 'PP1V8', '1.8', 'V');
INSERT INTO board_nets (board_revision_id, net_name, test_point, expected_value, units) VALUES (200117, '3V0', 'PP3V0', '3.0', 'V');
INSERT INTO measurements (board_revision_id, kind, test_point, reference_designator, rail_name, power_state, expected_value, measured_value, units, notes, is_known_good) VALUES (200117, 'voltage', 'VBAT', NULL, 'VBAT / PP_BATT_VCC', 'off', '3.8', '3.8', 'V', 'Battery main rail (typically 3.0-4.35V with charge).', 1);
INSERT INTO measurements (board_revision_id, kind, test_point, reference_designator, rail_name, power_state, expected_value, measured_value, units, notes, is_known_good) VALUES (200117, 'voltage', 'VBUS_5V', NULL, 'VBUS', 'on', '5.0', '5.0', 'V', 'USB VBUS when charging.', 1);
INSERT INTO measurements (board_revision_id, kind, test_point, reference_designator, rail_name, power_state, expected_value, measured_value, units, notes, is_known_good) VALUES (200117, 'voltage', 'PP1V8', NULL, '1V8', 'on', '1.8', '1.8', 'V', '1.8V housekeeping rail (typical).', 1);
INSERT INTO measurements (board_revision_id, kind, test_point, reference_designator, rail_name, power_state, expected_value, measured_value, units, notes, is_known_good) VALUES (200117, 'voltage', 'PP3V0', NULL, '3V0', 'on', '3.0', '3.0', 'V', '3.0V rail (typical).', 1);
INSERT INTO board_revisions (id, device_model, revision, layer_count, primary_soc, pmic, notes) VALUES (200118, 'Google Pixel 4 XL', 'Logic Board', NULL, NULL, 'U_PMIC', 'Google Pixel 4 XL main logic board. Component set and rails are family-typical reference values; confirm exact values against the boardview/schematic for this unit.');
INSERT INTO board_components (board_revision_id, reference_designator, component_type, value, part_number, notes) VALUES (200118, 'J_DISP', 'Connector', NULL, NULL, 'Display FPC connector');
INSERT INTO board_components (board_revision_id, reference_designator, component_type, value, part_number, notes) VALUES (200118, 'J_BATT', 'Connector', NULL, NULL, 'Battery FPC connector');
INSERT INTO board_components (board_revision_id, reference_designator, component_type, value, part_number, notes) VALUES (200118, 'J_CHG', 'Connector', NULL, NULL, 'Charge port / dock connector');
INSERT INTO board_components (board_revision_id, reference_designator, component_type, value, part_number, notes) VALUES (200118, 'J_FCAM', 'Connector', NULL, NULL, 'Front camera connector');
INSERT INTO board_components (board_revision_id, reference_designator, component_type, value, part_number, notes) VALUES (200118, 'J_RCAM', 'Connector', NULL, NULL, 'Rear camera connector');
INSERT INTO board_components (board_revision_id, reference_designator, component_type, value, part_number, notes) VALUES (200118, 'U_PMIC', 'PMIC', NULL, NULL, 'Main power management IC');
INSERT INTO board_components (board_revision_id, reference_designator, component_type, value, part_number, notes) VALUES (200118, 'U_CHG', 'Charging IC', NULL, NULL, 'USB charging / interface IC');
INSERT INTO board_components (board_revision_id, reference_designator, component_type, value, part_number, notes) VALUES (200118, 'U_AUDIO', 'Audio IC', NULL, NULL, 'Audio codec IC');
INSERT INTO board_components (board_revision_id, reference_designator, component_type, value, part_number, notes) VALUES (200118, 'U_NAND', 'NAND Flash', NULL, NULL, 'Flash storage');
INSERT INTO board_test_points (board_revision_id, label, location_desc, expected_voltage, expected_resistance) VALUES (200118, 'VBAT', 'see boardview', '3.8V', NULL);
INSERT INTO board_test_points (board_revision_id, label, location_desc, expected_voltage, expected_resistance) VALUES (200118, 'VBUS_5V', 'see boardview', '5.0V', NULL);
INSERT INTO board_test_points (board_revision_id, label, location_desc, expected_voltage, expected_resistance) VALUES (200118, 'PP1V8', 'see boardview', '1.8V', NULL);
INSERT INTO board_test_points (board_revision_id, label, location_desc, expected_voltage, expected_resistance) VALUES (200118, 'PP3V0', 'see boardview', '3.0V', NULL);
INSERT INTO board_nets (board_revision_id, net_name, test_point, expected_value, units) VALUES (200118, 'VBAT / PP_BATT_VCC', 'VBAT', '3.8', 'V');
INSERT INTO board_nets (board_revision_id, net_name, test_point, expected_value, units) VALUES (200118, 'VBUS', 'VBUS_5V', '5.0', 'V');
INSERT INTO board_nets (board_revision_id, net_name, test_point, expected_value, units) VALUES (200118, '1V8', 'PP1V8', '1.8', 'V');
INSERT INTO board_nets (board_revision_id, net_name, test_point, expected_value, units) VALUES (200118, '3V0', 'PP3V0', '3.0', 'V');
INSERT INTO measurements (board_revision_id, kind, test_point, reference_designator, rail_name, power_state, expected_value, measured_value, units, notes, is_known_good) VALUES (200118, 'voltage', 'VBAT', NULL, 'VBAT / PP_BATT_VCC', 'off', '3.8', '3.8', 'V', 'Battery main rail (typically 3.0-4.35V with charge).', 1);
INSERT INTO measurements (board_revision_id, kind, test_point, reference_designator, rail_name, power_state, expected_value, measured_value, units, notes, is_known_good) VALUES (200118, 'voltage', 'VBUS_5V', NULL, 'VBUS', 'on', '5.0', '5.0', 'V', 'USB VBUS when charging.', 1);
INSERT INTO measurements (board_revision_id, kind, test_point, reference_designator, rail_name, power_state, expected_value, measured_value, units, notes, is_known_good) VALUES (200118, 'voltage', 'PP1V8', NULL, '1V8', 'on', '1.8', '1.8', 'V', '1.8V housekeeping rail (typical).', 1);
INSERT INTO measurements (board_revision_id, kind, test_point, reference_designator, rail_name, power_state, expected_value, measured_value, units, notes, is_known_good) VALUES (200118, 'voltage', 'PP3V0', NULL, '3V0', 'on', '3.0', '3.0', 'V', '3.0V rail (typical).', 1);
INSERT INTO board_revisions (id, device_model, revision, layer_count, primary_soc, pmic, notes) VALUES (200119, 'Google Pixel 4a', 'Logic Board', NULL, NULL, 'U_PMIC', 'Google Pixel 4a main logic board. Component set and rails are family-typical reference values; confirm exact values against the boardview/schematic for this unit.');
INSERT INTO board_components (board_revision_id, reference_designator, component_type, value, part_number, notes) VALUES (200119, 'J_DISP', 'Connector', NULL, NULL, 'Display FPC connector');
INSERT INTO board_components (board_revision_id, reference_designator, component_type, value, part_number, notes) VALUES (200119, 'J_BATT', 'Connector', NULL, NULL, 'Battery FPC connector');
INSERT INTO board_components (board_revision_id, reference_designator, component_type, value, part_number, notes) VALUES (200119, 'J_CHG', 'Connector', NULL, NULL, 'Charge port / dock connector');
INSERT INTO board_components (board_revision_id, reference_designator, component_type, value, part_number, notes) VALUES (200119, 'J_FCAM', 'Connector', NULL, NULL, 'Front camera connector');
INSERT INTO board_components (board_revision_id, reference_designator, component_type, value, part_number, notes) VALUES (200119, 'J_RCAM', 'Connector', NULL, NULL, 'Rear camera connector');
INSERT INTO board_components (board_revision_id, reference_designator, component_type, value, part_number, notes) VALUES (200119, 'U_PMIC', 'PMIC', NULL, NULL, 'Main power management IC');
INSERT INTO board_components (board_revision_id, reference_designator, component_type, value, part_number, notes) VALUES (200119, 'U_CHG', 'Charging IC', NULL, NULL, 'USB charging / interface IC');
INSERT INTO board_components (board_revision_id, reference_designator, component_type, value, part_number, notes) VALUES (200119, 'U_AUDIO', 'Audio IC', NULL, NULL, 'Audio codec IC');
INSERT INTO board_components (board_revision_id, reference_designator, component_type, value, part_number, notes) VALUES (200119, 'U_NAND', 'NAND Flash', NULL, NULL, 'Flash storage');
INSERT INTO board_test_points (board_revision_id, label, location_desc, expected_voltage, expected_resistance) VALUES (200119, 'VBAT', 'see boardview', '3.8V', NULL);
INSERT INTO board_test_points (board_revision_id, label, location_desc, expected_voltage, expected_resistance) VALUES (200119, 'VBUS_5V', 'see boardview', '5.0V', NULL);
INSERT INTO board_test_points (board_revision_id, label, location_desc, expected_voltage, expected_resistance) VALUES (200119, 'PP1V8', 'see boardview', '1.8V', NULL);
INSERT INTO board_test_points (board_revision_id, label, location_desc, expected_voltage, expected_resistance) VALUES (200119, 'PP3V0', 'see boardview', '3.0V', NULL);
INSERT INTO board_nets (board_revision_id, net_name, test_point, expected_value, units) VALUES (200119, 'VBAT / PP_BATT_VCC', 'VBAT', '3.8', 'V');
INSERT INTO board_nets (board_revision_id, net_name, test_point, expected_value, units) VALUES (200119, 'VBUS', 'VBUS_5V', '5.0', 'V');
INSERT INTO board_nets (board_revision_id, net_name, test_point, expected_value, units) VALUES (200119, '1V8', 'PP1V8', '1.8', 'V');
INSERT INTO board_nets (board_revision_id, net_name, test_point, expected_value, units) VALUES (200119, '3V0', 'PP3V0', '3.0', 'V');
INSERT INTO measurements (board_revision_id, kind, test_point, reference_designator, rail_name, power_state, expected_value, measured_value, units, notes, is_known_good) VALUES (200119, 'voltage', 'VBAT', NULL, 'VBAT / PP_BATT_VCC', 'off', '3.8', '3.8', 'V', 'Battery main rail (typically 3.0-4.35V with charge).', 1);
INSERT INTO measurements (board_revision_id, kind, test_point, reference_designator, rail_name, power_state, expected_value, measured_value, units, notes, is_known_good) VALUES (200119, 'voltage', 'VBUS_5V', NULL, 'VBUS', 'on', '5.0', '5.0', 'V', 'USB VBUS when charging.', 1);
INSERT INTO measurements (board_revision_id, kind, test_point, reference_designator, rail_name, power_state, expected_value, measured_value, units, notes, is_known_good) VALUES (200119, 'voltage', 'PP1V8', NULL, '1V8', 'on', '1.8', '1.8', 'V', '1.8V housekeeping rail (typical).', 1);
INSERT INTO measurements (board_revision_id, kind, test_point, reference_designator, rail_name, power_state, expected_value, measured_value, units, notes, is_known_good) VALUES (200119, 'voltage', 'PP3V0', NULL, '3V0', 'on', '3.0', '3.0', 'V', '3.0V rail (typical).', 1);
INSERT INTO board_revisions (id, device_model, revision, layer_count, primary_soc, pmic, notes) VALUES (200120, 'Google Pixel 5', 'Logic Board', NULL, NULL, 'U_PMIC', 'Google Pixel 5 main logic board. Component set and rails are family-typical reference values; confirm exact values against the boardview/schematic for this unit.');
INSERT INTO board_components (board_revision_id, reference_designator, component_type, value, part_number, notes) VALUES (200120, 'J_DISP', 'Connector', NULL, NULL, 'Display FPC connector');
INSERT INTO board_components (board_revision_id, reference_designator, component_type, value, part_number, notes) VALUES (200120, 'J_BATT', 'Connector', NULL, NULL, 'Battery FPC connector');
INSERT INTO board_components (board_revision_id, reference_designator, component_type, value, part_number, notes) VALUES (200120, 'J_CHG', 'Connector', NULL, NULL, 'Charge port / dock connector');
INSERT INTO board_components (board_revision_id, reference_designator, component_type, value, part_number, notes) VALUES (200120, 'J_FCAM', 'Connector', NULL, NULL, 'Front camera connector');
INSERT INTO board_components (board_revision_id, reference_designator, component_type, value, part_number, notes) VALUES (200120, 'J_RCAM', 'Connector', NULL, NULL, 'Rear camera connector');
INSERT INTO board_components (board_revision_id, reference_designator, component_type, value, part_number, notes) VALUES (200120, 'U_PMIC', 'PMIC', NULL, NULL, 'Main power management IC');
INSERT INTO board_components (board_revision_id, reference_designator, component_type, value, part_number, notes) VALUES (200120, 'U_CHG', 'Charging IC', NULL, NULL, 'USB charging / interface IC');
INSERT INTO board_components (board_revision_id, reference_designator, component_type, value, part_number, notes) VALUES (200120, 'U_AUDIO', 'Audio IC', NULL, NULL, 'Audio codec IC');
INSERT INTO board_components (board_revision_id, reference_designator, component_type, value, part_number, notes) VALUES (200120, 'U_NAND', 'NAND Flash', NULL, NULL, 'Flash storage');
INSERT INTO board_test_points (board_revision_id, label, location_desc, expected_voltage, expected_resistance) VALUES (200120, 'VBAT', 'see boardview', '3.8V', NULL);
INSERT INTO board_test_points (board_revision_id, label, location_desc, expected_voltage, expected_resistance) VALUES (200120, 'VBUS_5V', 'see boardview', '5.0V', NULL);
INSERT INTO board_test_points (board_revision_id, label, location_desc, expected_voltage, expected_resistance) VALUES (200120, 'PP1V8', 'see boardview', '1.8V', NULL);
INSERT INTO board_test_points (board_revision_id, label, location_desc, expected_voltage, expected_resistance) VALUES (200120, 'PP3V0', 'see boardview', '3.0V', NULL);
INSERT INTO board_nets (board_revision_id, net_name, test_point, expected_value, units) VALUES (200120, 'VBAT / PP_BATT_VCC', 'VBAT', '3.8', 'V');
INSERT INTO board_nets (board_revision_id, net_name, test_point, expected_value, units) VALUES (200120, 'VBUS', 'VBUS_5V', '5.0', 'V');
INSERT INTO board_nets (board_revision_id, net_name, test_point, expected_value, units) VALUES (200120, '1V8', 'PP1V8', '1.8', 'V');
INSERT INTO board_nets (board_revision_id, net_name, test_point, expected_value, units) VALUES (200120, '3V0', 'PP3V0', '3.0', 'V');
INSERT INTO measurements (board_revision_id, kind, test_point, reference_designator, rail_name, power_state, expected_value, measured_value, units, notes, is_known_good) VALUES (200120, 'voltage', 'VBAT', NULL, 'VBAT / PP_BATT_VCC', 'off', '3.8', '3.8', 'V', 'Battery main rail (typically 3.0-4.35V with charge).', 1);
INSERT INTO measurements (board_revision_id, kind, test_point, reference_designator, rail_name, power_state, expected_value, measured_value, units, notes, is_known_good) VALUES (200120, 'voltage', 'VBUS_5V', NULL, 'VBUS', 'on', '5.0', '5.0', 'V', 'USB VBUS when charging.', 1);
INSERT INTO measurements (board_revision_id, kind, test_point, reference_designator, rail_name, power_state, expected_value, measured_value, units, notes, is_known_good) VALUES (200120, 'voltage', 'PP1V8', NULL, '1V8', 'on', '1.8', '1.8', 'V', '1.8V housekeeping rail (typical).', 1);
INSERT INTO measurements (board_revision_id, kind, test_point, reference_designator, rail_name, power_state, expected_value, measured_value, units, notes, is_known_good) VALUES (200120, 'voltage', 'PP3V0', NULL, '3V0', 'on', '3.0', '3.0', 'V', '3.0V rail (typical).', 1);
INSERT INTO board_revisions (id, device_model, revision, layer_count, primary_soc, pmic, notes) VALUES (200121, 'Google Pixel 5a', 'Logic Board', NULL, NULL, 'U_PMIC', 'Google Pixel 5a main logic board. Component set and rails are family-typical reference values; confirm exact values against the boardview/schematic for this unit.');
INSERT INTO board_components (board_revision_id, reference_designator, component_type, value, part_number, notes) VALUES (200121, 'J_DISP', 'Connector', NULL, NULL, 'Display FPC connector');
INSERT INTO board_components (board_revision_id, reference_designator, component_type, value, part_number, notes) VALUES (200121, 'J_BATT', 'Connector', NULL, NULL, 'Battery FPC connector');
INSERT INTO board_components (board_revision_id, reference_designator, component_type, value, part_number, notes) VALUES (200121, 'J_CHG', 'Connector', NULL, NULL, 'Charge port / dock connector');
INSERT INTO board_components (board_revision_id, reference_designator, component_type, value, part_number, notes) VALUES (200121, 'J_FCAM', 'Connector', NULL, NULL, 'Front camera connector');
INSERT INTO board_components (board_revision_id, reference_designator, component_type, value, part_number, notes) VALUES (200121, 'J_RCAM', 'Connector', NULL, NULL, 'Rear camera connector');
INSERT INTO board_components (board_revision_id, reference_designator, component_type, value, part_number, notes) VALUES (200121, 'U_PMIC', 'PMIC', NULL, NULL, 'Main power management IC');
INSERT INTO board_components (board_revision_id, reference_designator, component_type, value, part_number, notes) VALUES (200121, 'U_CHG', 'Charging IC', NULL, NULL, 'USB charging / interface IC');
INSERT INTO board_components (board_revision_id, reference_designator, component_type, value, part_number, notes) VALUES (200121, 'U_AUDIO', 'Audio IC', NULL, NULL, 'Audio codec IC');
INSERT INTO board_components (board_revision_id, reference_designator, component_type, value, part_number, notes) VALUES (200121, 'U_NAND', 'NAND Flash', NULL, NULL, 'Flash storage');
INSERT INTO board_test_points (board_revision_id, label, location_desc, expected_voltage, expected_resistance) VALUES (200121, 'VBAT', 'see boardview', '3.8V', NULL);
INSERT INTO board_test_points (board_revision_id, label, location_desc, expected_voltage, expected_resistance) VALUES (200121, 'VBUS_5V', 'see boardview', '5.0V', NULL);
INSERT INTO board_test_points (board_revision_id, label, location_desc, expected_voltage, expected_resistance) VALUES (200121, 'PP1V8', 'see boardview', '1.8V', NULL);
INSERT INTO board_test_points (board_revision_id, label, location_desc, expected_voltage, expected_resistance) VALUES (200121, 'PP3V0', 'see boardview', '3.0V', NULL);
INSERT INTO board_nets (board_revision_id, net_name, test_point, expected_value, units) VALUES (200121, 'VBAT / PP_BATT_VCC', 'VBAT', '3.8', 'V');
INSERT INTO board_nets (board_revision_id, net_name, test_point, expected_value, units) VALUES (200121, 'VBUS', 'VBUS_5V', '5.0', 'V');
INSERT INTO board_nets (board_revision_id, net_name, test_point, expected_value, units) VALUES (200121, '1V8', 'PP1V8', '1.8', 'V');
INSERT INTO board_nets (board_revision_id, net_name, test_point, expected_value, units) VALUES (200121, '3V0', 'PP3V0', '3.0', 'V');
INSERT INTO measurements (board_revision_id, kind, test_point, reference_designator, rail_name, power_state, expected_value, measured_value, units, notes, is_known_good) VALUES (200121, 'voltage', 'VBAT', NULL, 'VBAT / PP_BATT_VCC', 'off', '3.8', '3.8', 'V', 'Battery main rail (typically 3.0-4.35V with charge).', 1);
INSERT INTO measurements (board_revision_id, kind, test_point, reference_designator, rail_name, power_state, expected_value, measured_value, units, notes, is_known_good) VALUES (200121, 'voltage', 'VBUS_5V', NULL, 'VBUS', 'on', '5.0', '5.0', 'V', 'USB VBUS when charging.', 1);
INSERT INTO measurements (board_revision_id, kind, test_point, reference_designator, rail_name, power_state, expected_value, measured_value, units, notes, is_known_good) VALUES (200121, 'voltage', 'PP1V8', NULL, '1V8', 'on', '1.8', '1.8', 'V', '1.8V housekeeping rail (typical).', 1);
INSERT INTO measurements (board_revision_id, kind, test_point, reference_designator, rail_name, power_state, expected_value, measured_value, units, notes, is_known_good) VALUES (200121, 'voltage', 'PP3V0', NULL, '3V0', 'on', '3.0', '3.0', 'V', '3.0V rail (typical).', 1);
INSERT INTO board_revisions (id, device_model, revision, layer_count, primary_soc, pmic, notes) VALUES (200122, 'Google Pixel 6', 'Logic Board', NULL, NULL, 'U_PMIC', 'Google Pixel 6 main logic board. Component set and rails are family-typical reference values; confirm exact values against the boardview/schematic for this unit.');
INSERT INTO board_components (board_revision_id, reference_designator, component_type, value, part_number, notes) VALUES (200122, 'J_DISP', 'Connector', NULL, NULL, 'Display FPC connector');
INSERT INTO board_components (board_revision_id, reference_designator, component_type, value, part_number, notes) VALUES (200122, 'J_BATT', 'Connector', NULL, NULL, 'Battery FPC connector');
INSERT INTO board_components (board_revision_id, reference_designator, component_type, value, part_number, notes) VALUES (200122, 'J_CHG', 'Connector', NULL, NULL, 'Charge port / dock connector');
INSERT INTO board_components (board_revision_id, reference_designator, component_type, value, part_number, notes) VALUES (200122, 'J_FCAM', 'Connector', NULL, NULL, 'Front camera connector');
INSERT INTO board_components (board_revision_id, reference_designator, component_type, value, part_number, notes) VALUES (200122, 'J_RCAM', 'Connector', NULL, NULL, 'Rear camera connector');
INSERT INTO board_components (board_revision_id, reference_designator, component_type, value, part_number, notes) VALUES (200122, 'U_PMIC', 'PMIC', NULL, NULL, 'Main power management IC');
INSERT INTO board_components (board_revision_id, reference_designator, component_type, value, part_number, notes) VALUES (200122, 'U_CHG', 'Charging IC', NULL, NULL, 'USB charging / interface IC');
INSERT INTO board_components (board_revision_id, reference_designator, component_type, value, part_number, notes) VALUES (200122, 'U_AUDIO', 'Audio IC', NULL, NULL, 'Audio codec IC');
INSERT INTO board_components (board_revision_id, reference_designator, component_type, value, part_number, notes) VALUES (200122, 'U_NAND', 'NAND Flash', NULL, NULL, 'Flash storage');
INSERT INTO board_test_points (board_revision_id, label, location_desc, expected_voltage, expected_resistance) VALUES (200122, 'VBAT', 'see boardview', '3.8V', NULL);
INSERT INTO board_test_points (board_revision_id, label, location_desc, expected_voltage, expected_resistance) VALUES (200122, 'VBUS_5V', 'see boardview', '5.0V', NULL);
INSERT INTO board_test_points (board_revision_id, label, location_desc, expected_voltage, expected_resistance) VALUES (200122, 'PP1V8', 'see boardview', '1.8V', NULL);
INSERT INTO board_test_points (board_revision_id, label, location_desc, expected_voltage, expected_resistance) VALUES (200122, 'PP3V0', 'see boardview', '3.0V', NULL);
INSERT INTO board_nets (board_revision_id, net_name, test_point, expected_value, units) VALUES (200122, 'VBAT / PP_BATT_VCC', 'VBAT', '3.8', 'V');
INSERT INTO board_nets (board_revision_id, net_name, test_point, expected_value, units) VALUES (200122, 'VBUS', 'VBUS_5V', '5.0', 'V');
INSERT INTO board_nets (board_revision_id, net_name, test_point, expected_value, units) VALUES (200122, '1V8', 'PP1V8', '1.8', 'V');
INSERT INTO board_nets (board_revision_id, net_name, test_point, expected_value, units) VALUES (200122, '3V0', 'PP3V0', '3.0', 'V');
INSERT INTO measurements (board_revision_id, kind, test_point, reference_designator, rail_name, power_state, expected_value, measured_value, units, notes, is_known_good) VALUES (200122, 'voltage', 'VBAT', NULL, 'VBAT / PP_BATT_VCC', 'off', '3.8', '3.8', 'V', 'Battery main rail (typically 3.0-4.35V with charge).', 1);
INSERT INTO measurements (board_revision_id, kind, test_point, reference_designator, rail_name, power_state, expected_value, measured_value, units, notes, is_known_good) VALUES (200122, 'voltage', 'VBUS_5V', NULL, 'VBUS', 'on', '5.0', '5.0', 'V', 'USB VBUS when charging.', 1);
INSERT INTO measurements (board_revision_id, kind, test_point, reference_designator, rail_name, power_state, expected_value, measured_value, units, notes, is_known_good) VALUES (200122, 'voltage', 'PP1V8', NULL, '1V8', 'on', '1.8', '1.8', 'V', '1.8V housekeeping rail (typical).', 1);
INSERT INTO measurements (board_revision_id, kind, test_point, reference_designator, rail_name, power_state, expected_value, measured_value, units, notes, is_known_good) VALUES (200122, 'voltage', 'PP3V0', NULL, '3V0', 'on', '3.0', '3.0', 'V', '3.0V rail (typical).', 1);
INSERT INTO board_revisions (id, device_model, revision, layer_count, primary_soc, pmic, notes) VALUES (200123, 'Google Pixel 6 Pro', 'Logic Board', NULL, NULL, 'U_PMIC', 'Google Pixel 6 Pro main logic board. Component set and rails are family-typical reference values; confirm exact values against the boardview/schematic for this unit.');
INSERT INTO board_components (board_revision_id, reference_designator, component_type, value, part_number, notes) VALUES (200123, 'J_DISP', 'Connector', NULL, NULL, 'Display FPC connector');
INSERT INTO board_components (board_revision_id, reference_designator, component_type, value, part_number, notes) VALUES (200123, 'J_BATT', 'Connector', NULL, NULL, 'Battery FPC connector');
INSERT INTO board_components (board_revision_id, reference_designator, component_type, value, part_number, notes) VALUES (200123, 'J_CHG', 'Connector', NULL, NULL, 'Charge port / dock connector');
INSERT INTO board_components (board_revision_id, reference_designator, component_type, value, part_number, notes) VALUES (200123, 'J_FCAM', 'Connector', NULL, NULL, 'Front camera connector');
INSERT INTO board_components (board_revision_id, reference_designator, component_type, value, part_number, notes) VALUES (200123, 'J_RCAM', 'Connector', NULL, NULL, 'Rear camera connector');
INSERT INTO board_components (board_revision_id, reference_designator, component_type, value, part_number, notes) VALUES (200123, 'U_PMIC', 'PMIC', NULL, NULL, 'Main power management IC');
INSERT INTO board_components (board_revision_id, reference_designator, component_type, value, part_number, notes) VALUES (200123, 'U_CHG', 'Charging IC', NULL, NULL, 'USB charging / interface IC');
INSERT INTO board_components (board_revision_id, reference_designator, component_type, value, part_number, notes) VALUES (200123, 'U_AUDIO', 'Audio IC', NULL, NULL, 'Audio codec IC');
INSERT INTO board_components (board_revision_id, reference_designator, component_type, value, part_number, notes) VALUES (200123, 'U_NAND', 'NAND Flash', NULL, NULL, 'Flash storage');
INSERT INTO board_test_points (board_revision_id, label, location_desc, expected_voltage, expected_resistance) VALUES (200123, 'VBAT', 'see boardview', '3.8V', NULL);
INSERT INTO board_test_points (board_revision_id, label, location_desc, expected_voltage, expected_resistance) VALUES (200123, 'VBUS_5V', 'see boardview', '5.0V', NULL);
INSERT INTO board_test_points (board_revision_id, label, location_desc, expected_voltage, expected_resistance) VALUES (200123, 'PP1V8', 'see boardview', '1.8V', NULL);
INSERT INTO board_test_points (board_revision_id, label, location_desc, expected_voltage, expected_resistance) VALUES (200123, 'PP3V0', 'see boardview', '3.0V', NULL);
INSERT INTO board_nets (board_revision_id, net_name, test_point, expected_value, units) VALUES (200123, 'VBAT / PP_BATT_VCC', 'VBAT', '3.8', 'V');
INSERT INTO board_nets (board_revision_id, net_name, test_point, expected_value, units) VALUES (200123, 'VBUS', 'VBUS_5V', '5.0', 'V');
INSERT INTO board_nets (board_revision_id, net_name, test_point, expected_value, units) VALUES (200123, '1V8', 'PP1V8', '1.8', 'V');
INSERT INTO board_nets (board_revision_id, net_name, test_point, expected_value, units) VALUES (200123, '3V0', 'PP3V0', '3.0', 'V');
INSERT INTO measurements (board_revision_id, kind, test_point, reference_designator, rail_name, power_state, expected_value, measured_value, units, notes, is_known_good) VALUES (200123, 'voltage', 'VBAT', NULL, 'VBAT / PP_BATT_VCC', 'off', '3.8', '3.8', 'V', 'Battery main rail (typically 3.0-4.35V with charge).', 1);
INSERT INTO measurements (board_revision_id, kind, test_point, reference_designator, rail_name, power_state, expected_value, measured_value, units, notes, is_known_good) VALUES (200123, 'voltage', 'VBUS_5V', NULL, 'VBUS', 'on', '5.0', '5.0', 'V', 'USB VBUS when charging.', 1);
INSERT INTO measurements (board_revision_id, kind, test_point, reference_designator, rail_name, power_state, expected_value, measured_value, units, notes, is_known_good) VALUES (200123, 'voltage', 'PP1V8', NULL, '1V8', 'on', '1.8', '1.8', 'V', '1.8V housekeeping rail (typical).', 1);
INSERT INTO measurements (board_revision_id, kind, test_point, reference_designator, rail_name, power_state, expected_value, measured_value, units, notes, is_known_good) VALUES (200123, 'voltage', 'PP3V0', NULL, '3V0', 'on', '3.0', '3.0', 'V', '3.0V rail (typical).', 1);
INSERT INTO board_revisions (id, device_model, revision, layer_count, primary_soc, pmic, notes) VALUES (200124, 'Google Pixel 6a', 'Logic Board', NULL, NULL, 'U_PMIC', 'Google Pixel 6a main logic board. Component set and rails are family-typical reference values; confirm exact values against the boardview/schematic for this unit.');
INSERT INTO board_components (board_revision_id, reference_designator, component_type, value, part_number, notes) VALUES (200124, 'J_DISP', 'Connector', NULL, NULL, 'Display FPC connector');
INSERT INTO board_components (board_revision_id, reference_designator, component_type, value, part_number, notes) VALUES (200124, 'J_BATT', 'Connector', NULL, NULL, 'Battery FPC connector');
INSERT INTO board_components (board_revision_id, reference_designator, component_type, value, part_number, notes) VALUES (200124, 'J_CHG', 'Connector', NULL, NULL, 'Charge port / dock connector');
INSERT INTO board_components (board_revision_id, reference_designator, component_type, value, part_number, notes) VALUES (200124, 'J_FCAM', 'Connector', NULL, NULL, 'Front camera connector');
INSERT INTO board_components (board_revision_id, reference_designator, component_type, value, part_number, notes) VALUES (200124, 'J_RCAM', 'Connector', NULL, NULL, 'Rear camera connector');
INSERT INTO board_components (board_revision_id, reference_designator, component_type, value, part_number, notes) VALUES (200124, 'U_PMIC', 'PMIC', NULL, NULL, 'Main power management IC');
INSERT INTO board_components (board_revision_id, reference_designator, component_type, value, part_number, notes) VALUES (200124, 'U_CHG', 'Charging IC', NULL, NULL, 'USB charging / interface IC');
INSERT INTO board_components (board_revision_id, reference_designator, component_type, value, part_number, notes) VALUES (200124, 'U_AUDIO', 'Audio IC', NULL, NULL, 'Audio codec IC');
INSERT INTO board_components (board_revision_id, reference_designator, component_type, value, part_number, notes) VALUES (200124, 'U_NAND', 'NAND Flash', NULL, NULL, 'Flash storage');
INSERT INTO board_test_points (board_revision_id, label, location_desc, expected_voltage, expected_resistance) VALUES (200124, 'VBAT', 'see boardview', '3.8V', NULL);
INSERT INTO board_test_points (board_revision_id, label, location_desc, expected_voltage, expected_resistance) VALUES (200124, 'VBUS_5V', 'see boardview', '5.0V', NULL);
INSERT INTO board_test_points (board_revision_id, label, location_desc, expected_voltage, expected_resistance) VALUES (200124, 'PP1V8', 'see boardview', '1.8V', NULL);
INSERT INTO board_test_points (board_revision_id, label, location_desc, expected_voltage, expected_resistance) VALUES (200124, 'PP3V0', 'see boardview', '3.0V', NULL);
INSERT INTO board_nets (board_revision_id, net_name, test_point, expected_value, units) VALUES (200124, 'VBAT / PP_BATT_VCC', 'VBAT', '3.8', 'V');
INSERT INTO board_nets (board_revision_id, net_name, test_point, expected_value, units) VALUES (200124, 'VBUS', 'VBUS_5V', '5.0', 'V');
INSERT INTO board_nets (board_revision_id, net_name, test_point, expected_value, units) VALUES (200124, '1V8', 'PP1V8', '1.8', 'V');
INSERT INTO board_nets (board_revision_id, net_name, test_point, expected_value, units) VALUES (200124, '3V0', 'PP3V0', '3.0', 'V');
INSERT INTO measurements (board_revision_id, kind, test_point, reference_designator, rail_name, power_state, expected_value, measured_value, units, notes, is_known_good) VALUES (200124, 'voltage', 'VBAT', NULL, 'VBAT / PP_BATT_VCC', 'off', '3.8', '3.8', 'V', 'Battery main rail (typically 3.0-4.35V with charge).', 1);
INSERT INTO measurements (board_revision_id, kind, test_point, reference_designator, rail_name, power_state, expected_value, measured_value, units, notes, is_known_good) VALUES (200124, 'voltage', 'VBUS_5V', NULL, 'VBUS', 'on', '5.0', '5.0', 'V', 'USB VBUS when charging.', 1);
INSERT INTO measurements (board_revision_id, kind, test_point, reference_designator, rail_name, power_state, expected_value, measured_value, units, notes, is_known_good) VALUES (200124, 'voltage', 'PP1V8', NULL, '1V8', 'on', '1.8', '1.8', 'V', '1.8V housekeeping rail (typical).', 1);
INSERT INTO measurements (board_revision_id, kind, test_point, reference_designator, rail_name, power_state, expected_value, measured_value, units, notes, is_known_good) VALUES (200124, 'voltage', 'PP3V0', NULL, '3V0', 'on', '3.0', '3.0', 'V', '3.0V rail (typical).', 1);
INSERT INTO board_revisions (id, device_model, revision, layer_count, primary_soc, pmic, notes) VALUES (200125, 'Google Pixel 7', 'Logic Board', NULL, NULL, 'U_PMIC', 'Google Pixel 7 main logic board. Component set and rails are family-typical reference values; confirm exact values against the boardview/schematic for this unit.');
INSERT INTO board_components (board_revision_id, reference_designator, component_type, value, part_number, notes) VALUES (200125, 'J_DISP', 'Connector', NULL, NULL, 'Display FPC connector');
INSERT INTO board_components (board_revision_id, reference_designator, component_type, value, part_number, notes) VALUES (200125, 'J_BATT', 'Connector', NULL, NULL, 'Battery FPC connector');
INSERT INTO board_components (board_revision_id, reference_designator, component_type, value, part_number, notes) VALUES (200125, 'J_CHG', 'Connector', NULL, NULL, 'Charge port / dock connector');
INSERT INTO board_components (board_revision_id, reference_designator, component_type, value, part_number, notes) VALUES (200125, 'J_FCAM', 'Connector', NULL, NULL, 'Front camera connector');
INSERT INTO board_components (board_revision_id, reference_designator, component_type, value, part_number, notes) VALUES (200125, 'J_RCAM', 'Connector', NULL, NULL, 'Rear camera connector');
INSERT INTO board_components (board_revision_id, reference_designator, component_type, value, part_number, notes) VALUES (200125, 'U_PMIC', 'PMIC', NULL, NULL, 'Main power management IC');
INSERT INTO board_components (board_revision_id, reference_designator, component_type, value, part_number, notes) VALUES (200125, 'U_CHG', 'Charging IC', NULL, NULL, 'USB charging / interface IC');
INSERT INTO board_components (board_revision_id, reference_designator, component_type, value, part_number, notes) VALUES (200125, 'U_AUDIO', 'Audio IC', NULL, NULL, 'Audio codec IC');
INSERT INTO board_components (board_revision_id, reference_designator, component_type, value, part_number, notes) VALUES (200125, 'U_NAND', 'NAND Flash', NULL, NULL, 'Flash storage');
INSERT INTO board_test_points (board_revision_id, label, location_desc, expected_voltage, expected_resistance) VALUES (200125, 'VBAT', 'see boardview', '3.8V', NULL);
INSERT INTO board_test_points (board_revision_id, label, location_desc, expected_voltage, expected_resistance) VALUES (200125, 'VBUS_5V', 'see boardview', '5.0V', NULL);
INSERT INTO board_test_points (board_revision_id, label, location_desc, expected_voltage, expected_resistance) VALUES (200125, 'PP1V8', 'see boardview', '1.8V', NULL);
INSERT INTO board_test_points (board_revision_id, label, location_desc, expected_voltage, expected_resistance) VALUES (200125, 'PP3V0', 'see boardview', '3.0V', NULL);
INSERT INTO board_nets (board_revision_id, net_name, test_point, expected_value, units) VALUES (200125, 'VBAT / PP_BATT_VCC', 'VBAT', '3.8', 'V');
INSERT INTO board_nets (board_revision_id, net_name, test_point, expected_value, units) VALUES (200125, 'VBUS', 'VBUS_5V', '5.0', 'V');
INSERT INTO board_nets (board_revision_id, net_name, test_point, expected_value, units) VALUES (200125, '1V8', 'PP1V8', '1.8', 'V');
INSERT INTO board_nets (board_revision_id, net_name, test_point, expected_value, units) VALUES (200125, '3V0', 'PP3V0', '3.0', 'V');
INSERT INTO measurements (board_revision_id, kind, test_point, reference_designator, rail_name, power_state, expected_value, measured_value, units, notes, is_known_good) VALUES (200125, 'voltage', 'VBAT', NULL, 'VBAT / PP_BATT_VCC', 'off', '3.8', '3.8', 'V', 'Battery main rail (typically 3.0-4.35V with charge).', 1);
INSERT INTO measurements (board_revision_id, kind, test_point, reference_designator, rail_name, power_state, expected_value, measured_value, units, notes, is_known_good) VALUES (200125, 'voltage', 'VBUS_5V', NULL, 'VBUS', 'on', '5.0', '5.0', 'V', 'USB VBUS when charging.', 1);
INSERT INTO measurements (board_revision_id, kind, test_point, reference_designator, rail_name, power_state, expected_value, measured_value, units, notes, is_known_good) VALUES (200125, 'voltage', 'PP1V8', NULL, '1V8', 'on', '1.8', '1.8', 'V', '1.8V housekeeping rail (typical).', 1);
INSERT INTO measurements (board_revision_id, kind, test_point, reference_designator, rail_name, power_state, expected_value, measured_value, units, notes, is_known_good) VALUES (200125, 'voltage', 'PP3V0', NULL, '3V0', 'on', '3.0', '3.0', 'V', '3.0V rail (typical).', 1);
INSERT INTO board_revisions (id, device_model, revision, layer_count, primary_soc, pmic, notes) VALUES (200126, 'Google Pixel 7 Pro', 'Logic Board', NULL, NULL, 'U_PMIC', 'Google Pixel 7 Pro main logic board. Component set and rails are family-typical reference values; confirm exact values against the boardview/schematic for this unit.');
INSERT INTO board_components (board_revision_id, reference_designator, component_type, value, part_number, notes) VALUES (200126, 'J_DISP', 'Connector', NULL, NULL, 'Display FPC connector');
INSERT INTO board_components (board_revision_id, reference_designator, component_type, value, part_number, notes) VALUES (200126, 'J_BATT', 'Connector', NULL, NULL, 'Battery FPC connector');
INSERT INTO board_components (board_revision_id, reference_designator, component_type, value, part_number, notes) VALUES (200126, 'J_CHG', 'Connector', NULL, NULL, 'Charge port / dock connector');
INSERT INTO board_components (board_revision_id, reference_designator, component_type, value, part_number, notes) VALUES (200126, 'J_FCAM', 'Connector', NULL, NULL, 'Front camera connector');
INSERT INTO board_components (board_revision_id, reference_designator, component_type, value, part_number, notes) VALUES (200126, 'J_RCAM', 'Connector', NULL, NULL, 'Rear camera connector');
INSERT INTO board_components (board_revision_id, reference_designator, component_type, value, part_number, notes) VALUES (200126, 'U_PMIC', 'PMIC', NULL, NULL, 'Main power management IC');
INSERT INTO board_components (board_revision_id, reference_designator, component_type, value, part_number, notes) VALUES (200126, 'U_CHG', 'Charging IC', NULL, NULL, 'USB charging / interface IC');
INSERT INTO board_components (board_revision_id, reference_designator, component_type, value, part_number, notes) VALUES (200126, 'U_AUDIO', 'Audio IC', NULL, NULL, 'Audio codec IC');
INSERT INTO board_components (board_revision_id, reference_designator, component_type, value, part_number, notes) VALUES (200126, 'U_NAND', 'NAND Flash', NULL, NULL, 'Flash storage');
INSERT INTO board_test_points (board_revision_id, label, location_desc, expected_voltage, expected_resistance) VALUES (200126, 'VBAT', 'see boardview', '3.8V', NULL);
INSERT INTO board_test_points (board_revision_id, label, location_desc, expected_voltage, expected_resistance) VALUES (200126, 'VBUS_5V', 'see boardview', '5.0V', NULL);
INSERT INTO board_test_points (board_revision_id, label, location_desc, expected_voltage, expected_resistance) VALUES (200126, 'PP1V8', 'see boardview', '1.8V', NULL);
INSERT INTO board_test_points (board_revision_id, label, location_desc, expected_voltage, expected_resistance) VALUES (200126, 'PP3V0', 'see boardview', '3.0V', NULL);
INSERT INTO board_nets (board_revision_id, net_name, test_point, expected_value, units) VALUES (200126, 'VBAT / PP_BATT_VCC', 'VBAT', '3.8', 'V');
INSERT INTO board_nets (board_revision_id, net_name, test_point, expected_value, units) VALUES (200126, 'VBUS', 'VBUS_5V', '5.0', 'V');
INSERT INTO board_nets (board_revision_id, net_name, test_point, expected_value, units) VALUES (200126, '1V8', 'PP1V8', '1.8', 'V');
INSERT INTO board_nets (board_revision_id, net_name, test_point, expected_value, units) VALUES (200126, '3V0', 'PP3V0', '3.0', 'V');
INSERT INTO measurements (board_revision_id, kind, test_point, reference_designator, rail_name, power_state, expected_value, measured_value, units, notes, is_known_good) VALUES (200126, 'voltage', 'VBAT', NULL, 'VBAT / PP_BATT_VCC', 'off', '3.8', '3.8', 'V', 'Battery main rail (typically 3.0-4.35V with charge).', 1);
INSERT INTO measurements (board_revision_id, kind, test_point, reference_designator, rail_name, power_state, expected_value, measured_value, units, notes, is_known_good) VALUES (200126, 'voltage', 'VBUS_5V', NULL, 'VBUS', 'on', '5.0', '5.0', 'V', 'USB VBUS when charging.', 1);
INSERT INTO measurements (board_revision_id, kind, test_point, reference_designator, rail_name, power_state, expected_value, measured_value, units, notes, is_known_good) VALUES (200126, 'voltage', 'PP1V8', NULL, '1V8', 'on', '1.8', '1.8', 'V', '1.8V housekeeping rail (typical).', 1);
INSERT INTO measurements (board_revision_id, kind, test_point, reference_designator, rail_name, power_state, expected_value, measured_value, units, notes, is_known_good) VALUES (200126, 'voltage', 'PP3V0', NULL, '3V0', 'on', '3.0', '3.0', 'V', '3.0V rail (typical).', 1);
INSERT INTO board_revisions (id, device_model, revision, layer_count, primary_soc, pmic, notes) VALUES (200127, 'Google Pixel 7a', 'Logic Board', NULL, NULL, 'U_PMIC', 'Google Pixel 7a main logic board. Component set and rails are family-typical reference values; confirm exact values against the boardview/schematic for this unit.');
INSERT INTO board_components (board_revision_id, reference_designator, component_type, value, part_number, notes) VALUES (200127, 'J_DISP', 'Connector', NULL, NULL, 'Display FPC connector');
INSERT INTO board_components (board_revision_id, reference_designator, component_type, value, part_number, notes) VALUES (200127, 'J_BATT', 'Connector', NULL, NULL, 'Battery FPC connector');
INSERT INTO board_components (board_revision_id, reference_designator, component_type, value, part_number, notes) VALUES (200127, 'J_CHG', 'Connector', NULL, NULL, 'Charge port / dock connector');
INSERT INTO board_components (board_revision_id, reference_designator, component_type, value, part_number, notes) VALUES (200127, 'J_FCAM', 'Connector', NULL, NULL, 'Front camera connector');
INSERT INTO board_components (board_revision_id, reference_designator, component_type, value, part_number, notes) VALUES (200127, 'J_RCAM', 'Connector', NULL, NULL, 'Rear camera connector');
INSERT INTO board_components (board_revision_id, reference_designator, component_type, value, part_number, notes) VALUES (200127, 'U_PMIC', 'PMIC', NULL, NULL, 'Main power management IC');
INSERT INTO board_components (board_revision_id, reference_designator, component_type, value, part_number, notes) VALUES (200127, 'U_CHG', 'Charging IC', NULL, NULL, 'USB charging / interface IC');
INSERT INTO board_components (board_revision_id, reference_designator, component_type, value, part_number, notes) VALUES (200127, 'U_AUDIO', 'Audio IC', NULL, NULL, 'Audio codec IC');
INSERT INTO board_components (board_revision_id, reference_designator, component_type, value, part_number, notes) VALUES (200127, 'U_NAND', 'NAND Flash', NULL, NULL, 'Flash storage');
INSERT INTO board_test_points (board_revision_id, label, location_desc, expected_voltage, expected_resistance) VALUES (200127, 'VBAT', 'see boardview', '3.8V', NULL);
INSERT INTO board_test_points (board_revision_id, label, location_desc, expected_voltage, expected_resistance) VALUES (200127, 'VBUS_5V', 'see boardview', '5.0V', NULL);
INSERT INTO board_test_points (board_revision_id, label, location_desc, expected_voltage, expected_resistance) VALUES (200127, 'PP1V8', 'see boardview', '1.8V', NULL);
INSERT INTO board_test_points (board_revision_id, label, location_desc, expected_voltage, expected_resistance) VALUES (200127, 'PP3V0', 'see boardview', '3.0V', NULL);
INSERT INTO board_nets (board_revision_id, net_name, test_point, expected_value, units) VALUES (200127, 'VBAT / PP_BATT_VCC', 'VBAT', '3.8', 'V');
INSERT INTO board_nets (board_revision_id, net_name, test_point, expected_value, units) VALUES (200127, 'VBUS', 'VBUS_5V', '5.0', 'V');
INSERT INTO board_nets (board_revision_id, net_name, test_point, expected_value, units) VALUES (200127, '1V8', 'PP1V8', '1.8', 'V');
INSERT INTO board_nets (board_revision_id, net_name, test_point, expected_value, units) VALUES (200127, '3V0', 'PP3V0', '3.0', 'V');
INSERT INTO measurements (board_revision_id, kind, test_point, reference_designator, rail_name, power_state, expected_value, measured_value, units, notes, is_known_good) VALUES (200127, 'voltage', 'VBAT', NULL, 'VBAT / PP_BATT_VCC', 'off', '3.8', '3.8', 'V', 'Battery main rail (typically 3.0-4.35V with charge).', 1);
INSERT INTO measurements (board_revision_id, kind, test_point, reference_designator, rail_name, power_state, expected_value, measured_value, units, notes, is_known_good) VALUES (200127, 'voltage', 'VBUS_5V', NULL, 'VBUS', 'on', '5.0', '5.0', 'V', 'USB VBUS when charging.', 1);
INSERT INTO measurements (board_revision_id, kind, test_point, reference_designator, rail_name, power_state, expected_value, measured_value, units, notes, is_known_good) VALUES (200127, 'voltage', 'PP1V8', NULL, '1V8', 'on', '1.8', '1.8', 'V', '1.8V housekeeping rail (typical).', 1);
INSERT INTO measurements (board_revision_id, kind, test_point, reference_designator, rail_name, power_state, expected_value, measured_value, units, notes, is_known_good) VALUES (200127, 'voltage', 'PP3V0', NULL, '3V0', 'on', '3.0', '3.0', 'V', '3.0V rail (typical).', 1);
INSERT INTO board_revisions (id, device_model, revision, layer_count, primary_soc, pmic, notes) VALUES (200128, 'Google Pixel 8', 'Logic Board', NULL, NULL, 'U_PMIC', 'Google Pixel 8 main logic board. Component set and rails are family-typical reference values; confirm exact values against the boardview/schematic for this unit.');
INSERT INTO board_components (board_revision_id, reference_designator, component_type, value, part_number, notes) VALUES (200128, 'J_DISP', 'Connector', NULL, NULL, 'Display FPC connector');
INSERT INTO board_components (board_revision_id, reference_designator, component_type, value, part_number, notes) VALUES (200128, 'J_BATT', 'Connector', NULL, NULL, 'Battery FPC connector');
INSERT INTO board_components (board_revision_id, reference_designator, component_type, value, part_number, notes) VALUES (200128, 'J_CHG', 'Connector', NULL, NULL, 'Charge port / dock connector');
INSERT INTO board_components (board_revision_id, reference_designator, component_type, value, part_number, notes) VALUES (200128, 'J_FCAM', 'Connector', NULL, NULL, 'Front camera connector');
INSERT INTO board_components (board_revision_id, reference_designator, component_type, value, part_number, notes) VALUES (200128, 'J_RCAM', 'Connector', NULL, NULL, 'Rear camera connector');
INSERT INTO board_components (board_revision_id, reference_designator, component_type, value, part_number, notes) VALUES (200128, 'U_PMIC', 'PMIC', NULL, NULL, 'Main power management IC');
INSERT INTO board_components (board_revision_id, reference_designator, component_type, value, part_number, notes) VALUES (200128, 'U_CHG', 'Charging IC', NULL, NULL, 'USB charging / interface IC');
INSERT INTO board_components (board_revision_id, reference_designator, component_type, value, part_number, notes) VALUES (200128, 'U_AUDIO', 'Audio IC', NULL, NULL, 'Audio codec IC');
INSERT INTO board_components (board_revision_id, reference_designator, component_type, value, part_number, notes) VALUES (200128, 'U_NAND', 'NAND Flash', NULL, NULL, 'Flash storage');
INSERT INTO board_test_points (board_revision_id, label, location_desc, expected_voltage, expected_resistance) VALUES (200128, 'VBAT', 'see boardview', '3.8V', NULL);
INSERT INTO board_test_points (board_revision_id, label, location_desc, expected_voltage, expected_resistance) VALUES (200128, 'VBUS_5V', 'see boardview', '5.0V', NULL);
INSERT INTO board_test_points (board_revision_id, label, location_desc, expected_voltage, expected_resistance) VALUES (200128, 'PP1V8', 'see boardview', '1.8V', NULL);
INSERT INTO board_test_points (board_revision_id, label, location_desc, expected_voltage, expected_resistance) VALUES (200128, 'PP3V0', 'see boardview', '3.0V', NULL);
INSERT INTO board_nets (board_revision_id, net_name, test_point, expected_value, units) VALUES (200128, 'VBAT / PP_BATT_VCC', 'VBAT', '3.8', 'V');
INSERT INTO board_nets (board_revision_id, net_name, test_point, expected_value, units) VALUES (200128, 'VBUS', 'VBUS_5V', '5.0', 'V');
INSERT INTO board_nets (board_revision_id, net_name, test_point, expected_value, units) VALUES (200128, '1V8', 'PP1V8', '1.8', 'V');
INSERT INTO board_nets (board_revision_id, net_name, test_point, expected_value, units) VALUES (200128, '3V0', 'PP3V0', '3.0', 'V');
INSERT INTO measurements (board_revision_id, kind, test_point, reference_designator, rail_name, power_state, expected_value, measured_value, units, notes, is_known_good) VALUES (200128, 'voltage', 'VBAT', NULL, 'VBAT / PP_BATT_VCC', 'off', '3.8', '3.8', 'V', 'Battery main rail (typically 3.0-4.35V with charge).', 1);
INSERT INTO measurements (board_revision_id, kind, test_point, reference_designator, rail_name, power_state, expected_value, measured_value, units, notes, is_known_good) VALUES (200128, 'voltage', 'VBUS_5V', NULL, 'VBUS', 'on', '5.0', '5.0', 'V', 'USB VBUS when charging.', 1);
INSERT INTO measurements (board_revision_id, kind, test_point, reference_designator, rail_name, power_state, expected_value, measured_value, units, notes, is_known_good) VALUES (200128, 'voltage', 'PP1V8', NULL, '1V8', 'on', '1.8', '1.8', 'V', '1.8V housekeeping rail (typical).', 1);
INSERT INTO measurements (board_revision_id, kind, test_point, reference_designator, rail_name, power_state, expected_value, measured_value, units, notes, is_known_good) VALUES (200128, 'voltage', 'PP3V0', NULL, '3V0', 'on', '3.0', '3.0', 'V', '3.0V rail (typical).', 1);
INSERT INTO board_revisions (id, device_model, revision, layer_count, primary_soc, pmic, notes) VALUES (200129, 'Google Pixel 8 Pro', 'Logic Board', NULL, NULL, 'U_PMIC', 'Google Pixel 8 Pro main logic board. Component set and rails are family-typical reference values; confirm exact values against the boardview/schematic for this unit.');
INSERT INTO board_components (board_revision_id, reference_designator, component_type, value, part_number, notes) VALUES (200129, 'J_DISP', 'Connector', NULL, NULL, 'Display FPC connector');
INSERT INTO board_components (board_revision_id, reference_designator, component_type, value, part_number, notes) VALUES (200129, 'J_BATT', 'Connector', NULL, NULL, 'Battery FPC connector');
INSERT INTO board_components (board_revision_id, reference_designator, component_type, value, part_number, notes) VALUES (200129, 'J_CHG', 'Connector', NULL, NULL, 'Charge port / dock connector');
INSERT INTO board_components (board_revision_id, reference_designator, component_type, value, part_number, notes) VALUES (200129, 'J_FCAM', 'Connector', NULL, NULL, 'Front camera connector');
INSERT INTO board_components (board_revision_id, reference_designator, component_type, value, part_number, notes) VALUES (200129, 'J_RCAM', 'Connector', NULL, NULL, 'Rear camera connector');
INSERT INTO board_components (board_revision_id, reference_designator, component_type, value, part_number, notes) VALUES (200129, 'U_PMIC', 'PMIC', NULL, NULL, 'Main power management IC');
INSERT INTO board_components (board_revision_id, reference_designator, component_type, value, part_number, notes) VALUES (200129, 'U_CHG', 'Charging IC', NULL, NULL, 'USB charging / interface IC');
INSERT INTO board_components (board_revision_id, reference_designator, component_type, value, part_number, notes) VALUES (200129, 'U_AUDIO', 'Audio IC', NULL, NULL, 'Audio codec IC');
INSERT INTO board_components (board_revision_id, reference_designator, component_type, value, part_number, notes) VALUES (200129, 'U_NAND', 'NAND Flash', NULL, NULL, 'Flash storage');
INSERT INTO board_test_points (board_revision_id, label, location_desc, expected_voltage, expected_resistance) VALUES (200129, 'VBAT', 'see boardview', '3.8V', NULL);
INSERT INTO board_test_points (board_revision_id, label, location_desc, expected_voltage, expected_resistance) VALUES (200129, 'VBUS_5V', 'see boardview', '5.0V', NULL);
INSERT INTO board_test_points (board_revision_id, label, location_desc, expected_voltage, expected_resistance) VALUES (200129, 'PP1V8', 'see boardview', '1.8V', NULL);
INSERT INTO board_test_points (board_revision_id, label, location_desc, expected_voltage, expected_resistance) VALUES (200129, 'PP3V0', 'see boardview', '3.0V', NULL);
INSERT INTO board_nets (board_revision_id, net_name, test_point, expected_value, units) VALUES (200129, 'VBAT / PP_BATT_VCC', 'VBAT', '3.8', 'V');
INSERT INTO board_nets (board_revision_id, net_name, test_point, expected_value, units) VALUES (200129, 'VBUS', 'VBUS_5V', '5.0', 'V');
INSERT INTO board_nets (board_revision_id, net_name, test_point, expected_value, units) VALUES (200129, '1V8', 'PP1V8', '1.8', 'V');
INSERT INTO board_nets (board_revision_id, net_name, test_point, expected_value, units) VALUES (200129, '3V0', 'PP3V0', '3.0', 'V');
INSERT INTO measurements (board_revision_id, kind, test_point, reference_designator, rail_name, power_state, expected_value, measured_value, units, notes, is_known_good) VALUES (200129, 'voltage', 'VBAT', NULL, 'VBAT / PP_BATT_VCC', 'off', '3.8', '3.8', 'V', 'Battery main rail (typically 3.0-4.35V with charge).', 1);
INSERT INTO measurements (board_revision_id, kind, test_point, reference_designator, rail_name, power_state, expected_value, measured_value, units, notes, is_known_good) VALUES (200129, 'voltage', 'VBUS_5V', NULL, 'VBUS', 'on', '5.0', '5.0', 'V', 'USB VBUS when charging.', 1);
INSERT INTO measurements (board_revision_id, kind, test_point, reference_designator, rail_name, power_state, expected_value, measured_value, units, notes, is_known_good) VALUES (200129, 'voltage', 'PP1V8', NULL, '1V8', 'on', '1.8', '1.8', 'V', '1.8V housekeeping rail (typical).', 1);
INSERT INTO measurements (board_revision_id, kind, test_point, reference_designator, rail_name, power_state, expected_value, measured_value, units, notes, is_known_good) VALUES (200129, 'voltage', 'PP3V0', NULL, '3V0', 'on', '3.0', '3.0', 'V', '3.0V rail (typical).', 1);
INSERT INTO board_revisions (id, device_model, revision, layer_count, primary_soc, pmic, notes) VALUES (200130, 'Google Pixel 8a', 'Logic Board', NULL, NULL, 'U_PMIC', 'Google Pixel 8a main logic board. Component set and rails are family-typical reference values; confirm exact values against the boardview/schematic for this unit.');
INSERT INTO board_components (board_revision_id, reference_designator, component_type, value, part_number, notes) VALUES (200130, 'J_DISP', 'Connector', NULL, NULL, 'Display FPC connector');
INSERT INTO board_components (board_revision_id, reference_designator, component_type, value, part_number, notes) VALUES (200130, 'J_BATT', 'Connector', NULL, NULL, 'Battery FPC connector');
INSERT INTO board_components (board_revision_id, reference_designator, component_type, value, part_number, notes) VALUES (200130, 'J_CHG', 'Connector', NULL, NULL, 'Charge port / dock connector');
INSERT INTO board_components (board_revision_id, reference_designator, component_type, value, part_number, notes) VALUES (200130, 'J_FCAM', 'Connector', NULL, NULL, 'Front camera connector');
INSERT INTO board_components (board_revision_id, reference_designator, component_type, value, part_number, notes) VALUES (200130, 'J_RCAM', 'Connector', NULL, NULL, 'Rear camera connector');
INSERT INTO board_components (board_revision_id, reference_designator, component_type, value, part_number, notes) VALUES (200130, 'U_PMIC', 'PMIC', NULL, NULL, 'Main power management IC');
INSERT INTO board_components (board_revision_id, reference_designator, component_type, value, part_number, notes) VALUES (200130, 'U_CHG', 'Charging IC', NULL, NULL, 'USB charging / interface IC');
INSERT INTO board_components (board_revision_id, reference_designator, component_type, value, part_number, notes) VALUES (200130, 'U_AUDIO', 'Audio IC', NULL, NULL, 'Audio codec IC');
INSERT INTO board_components (board_revision_id, reference_designator, component_type, value, part_number, notes) VALUES (200130, 'U_NAND', 'NAND Flash', NULL, NULL, 'Flash storage');
INSERT INTO board_test_points (board_revision_id, label, location_desc, expected_voltage, expected_resistance) VALUES (200130, 'VBAT', 'see boardview', '3.8V', NULL);
INSERT INTO board_test_points (board_revision_id, label, location_desc, expected_voltage, expected_resistance) VALUES (200130, 'VBUS_5V', 'see boardview', '5.0V', NULL);
INSERT INTO board_test_points (board_revision_id, label, location_desc, expected_voltage, expected_resistance) VALUES (200130, 'PP1V8', 'see boardview', '1.8V', NULL);
INSERT INTO board_test_points (board_revision_id, label, location_desc, expected_voltage, expected_resistance) VALUES (200130, 'PP3V0', 'see boardview', '3.0V', NULL);
INSERT INTO board_nets (board_revision_id, net_name, test_point, expected_value, units) VALUES (200130, 'VBAT / PP_BATT_VCC', 'VBAT', '3.8', 'V');
INSERT INTO board_nets (board_revision_id, net_name, test_point, expected_value, units) VALUES (200130, 'VBUS', 'VBUS_5V', '5.0', 'V');
INSERT INTO board_nets (board_revision_id, net_name, test_point, expected_value, units) VALUES (200130, '1V8', 'PP1V8', '1.8', 'V');
INSERT INTO board_nets (board_revision_id, net_name, test_point, expected_value, units) VALUES (200130, '3V0', 'PP3V0', '3.0', 'V');
INSERT INTO measurements (board_revision_id, kind, test_point, reference_designator, rail_name, power_state, expected_value, measured_value, units, notes, is_known_good) VALUES (200130, 'voltage', 'VBAT', NULL, 'VBAT / PP_BATT_VCC', 'off', '3.8', '3.8', 'V', 'Battery main rail (typically 3.0-4.35V with charge).', 1);
INSERT INTO measurements (board_revision_id, kind, test_point, reference_designator, rail_name, power_state, expected_value, measured_value, units, notes, is_known_good) VALUES (200130, 'voltage', 'VBUS_5V', NULL, 'VBUS', 'on', '5.0', '5.0', 'V', 'USB VBUS when charging.', 1);
INSERT INTO measurements (board_revision_id, kind, test_point, reference_designator, rail_name, power_state, expected_value, measured_value, units, notes, is_known_good) VALUES (200130, 'voltage', 'PP1V8', NULL, '1V8', 'on', '1.8', '1.8', 'V', '1.8V housekeeping rail (typical).', 1);
INSERT INTO measurements (board_revision_id, kind, test_point, reference_designator, rail_name, power_state, expected_value, measured_value, units, notes, is_known_good) VALUES (200130, 'voltage', 'PP3V0', NULL, '3V0', 'on', '3.0', '3.0', 'V', '3.0V rail (typical).', 1);
INSERT INTO board_revisions (id, device_model, revision, layer_count, primary_soc, pmic, notes) VALUES (200131, 'Google Pixel 9', 'Logic Board', NULL, NULL, 'U_PMIC', 'Google Pixel 9 main logic board. Component set and rails are family-typical reference values; confirm exact values against the boardview/schematic for this unit.');
INSERT INTO board_components (board_revision_id, reference_designator, component_type, value, part_number, notes) VALUES (200131, 'J_DISP', 'Connector', NULL, NULL, 'Display FPC connector');
INSERT INTO board_components (board_revision_id, reference_designator, component_type, value, part_number, notes) VALUES (200131, 'J_BATT', 'Connector', NULL, NULL, 'Battery FPC connector');
INSERT INTO board_components (board_revision_id, reference_designator, component_type, value, part_number, notes) VALUES (200131, 'J_CHG', 'Connector', NULL, NULL, 'Charge port / dock connector');
INSERT INTO board_components (board_revision_id, reference_designator, component_type, value, part_number, notes) VALUES (200131, 'J_FCAM', 'Connector', NULL, NULL, 'Front camera connector');
INSERT INTO board_components (board_revision_id, reference_designator, component_type, value, part_number, notes) VALUES (200131, 'J_RCAM', 'Connector', NULL, NULL, 'Rear camera connector');
INSERT INTO board_components (board_revision_id, reference_designator, component_type, value, part_number, notes) VALUES (200131, 'U_PMIC', 'PMIC', NULL, NULL, 'Main power management IC');
INSERT INTO board_components (board_revision_id, reference_designator, component_type, value, part_number, notes) VALUES (200131, 'U_CHG', 'Charging IC', NULL, NULL, 'USB charging / interface IC');
INSERT INTO board_components (board_revision_id, reference_designator, component_type, value, part_number, notes) VALUES (200131, 'U_AUDIO', 'Audio IC', NULL, NULL, 'Audio codec IC');
INSERT INTO board_components (board_revision_id, reference_designator, component_type, value, part_number, notes) VALUES (200131, 'U_NAND', 'NAND Flash', NULL, NULL, 'Flash storage');
INSERT INTO board_test_points (board_revision_id, label, location_desc, expected_voltage, expected_resistance) VALUES (200131, 'VBAT', 'see boardview', '3.8V', NULL);
INSERT INTO board_test_points (board_revision_id, label, location_desc, expected_voltage, expected_resistance) VALUES (200131, 'VBUS_5V', 'see boardview', '5.0V', NULL);
INSERT INTO board_test_points (board_revision_id, label, location_desc, expected_voltage, expected_resistance) VALUES (200131, 'PP1V8', 'see boardview', '1.8V', NULL);
INSERT INTO board_test_points (board_revision_id, label, location_desc, expected_voltage, expected_resistance) VALUES (200131, 'PP3V0', 'see boardview', '3.0V', NULL);
INSERT INTO board_nets (board_revision_id, net_name, test_point, expected_value, units) VALUES (200131, 'VBAT / PP_BATT_VCC', 'VBAT', '3.8', 'V');
INSERT INTO board_nets (board_revision_id, net_name, test_point, expected_value, units) VALUES (200131, 'VBUS', 'VBUS_5V', '5.0', 'V');
INSERT INTO board_nets (board_revision_id, net_name, test_point, expected_value, units) VALUES (200131, '1V8', 'PP1V8', '1.8', 'V');
INSERT INTO board_nets (board_revision_id, net_name, test_point, expected_value, units) VALUES (200131, '3V0', 'PP3V0', '3.0', 'V');
INSERT INTO measurements (board_revision_id, kind, test_point, reference_designator, rail_name, power_state, expected_value, measured_value, units, notes, is_known_good) VALUES (200131, 'voltage', 'VBAT', NULL, 'VBAT / PP_BATT_VCC', 'off', '3.8', '3.8', 'V', 'Battery main rail (typically 3.0-4.35V with charge).', 1);
INSERT INTO measurements (board_revision_id, kind, test_point, reference_designator, rail_name, power_state, expected_value, measured_value, units, notes, is_known_good) VALUES (200131, 'voltage', 'VBUS_5V', NULL, 'VBUS', 'on', '5.0', '5.0', 'V', 'USB VBUS when charging.', 1);
INSERT INTO measurements (board_revision_id, kind, test_point, reference_designator, rail_name, power_state, expected_value, measured_value, units, notes, is_known_good) VALUES (200131, 'voltage', 'PP1V8', NULL, '1V8', 'on', '1.8', '1.8', 'V', '1.8V housekeeping rail (typical).', 1);
INSERT INTO measurements (board_revision_id, kind, test_point, reference_designator, rail_name, power_state, expected_value, measured_value, units, notes, is_known_good) VALUES (200131, 'voltage', 'PP3V0', NULL, '3V0', 'on', '3.0', '3.0', 'V', '3.0V rail (typical).', 1);
INSERT INTO board_revisions (id, device_model, revision, layer_count, primary_soc, pmic, notes) VALUES (200132, 'Google Pixel 9 Pro', 'Logic Board', NULL, NULL, 'U_PMIC', 'Google Pixel 9 Pro main logic board. Component set and rails are family-typical reference values; confirm exact values against the boardview/schematic for this unit.');
INSERT INTO board_components (board_revision_id, reference_designator, component_type, value, part_number, notes) VALUES (200132, 'J_DISP', 'Connector', NULL, NULL, 'Display FPC connector');
INSERT INTO board_components (board_revision_id, reference_designator, component_type, value, part_number, notes) VALUES (200132, 'J_BATT', 'Connector', NULL, NULL, 'Battery FPC connector');
INSERT INTO board_components (board_revision_id, reference_designator, component_type, value, part_number, notes) VALUES (200132, 'J_CHG', 'Connector', NULL, NULL, 'Charge port / dock connector');
INSERT INTO board_components (board_revision_id, reference_designator, component_type, value, part_number, notes) VALUES (200132, 'J_FCAM', 'Connector', NULL, NULL, 'Front camera connector');
INSERT INTO board_components (board_revision_id, reference_designator, component_type, value, part_number, notes) VALUES (200132, 'J_RCAM', 'Connector', NULL, NULL, 'Rear camera connector');
INSERT INTO board_components (board_revision_id, reference_designator, component_type, value, part_number, notes) VALUES (200132, 'U_PMIC', 'PMIC', NULL, NULL, 'Main power management IC');
INSERT INTO board_components (board_revision_id, reference_designator, component_type, value, part_number, notes) VALUES (200132, 'U_CHG', 'Charging IC', NULL, NULL, 'USB charging / interface IC');
INSERT INTO board_components (board_revision_id, reference_designator, component_type, value, part_number, notes) VALUES (200132, 'U_AUDIO', 'Audio IC', NULL, NULL, 'Audio codec IC');
INSERT INTO board_components (board_revision_id, reference_designator, component_type, value, part_number, notes) VALUES (200132, 'U_NAND', 'NAND Flash', NULL, NULL, 'Flash storage');
INSERT INTO board_test_points (board_revision_id, label, location_desc, expected_voltage, expected_resistance) VALUES (200132, 'VBAT', 'see boardview', '3.8V', NULL);
INSERT INTO board_test_points (board_revision_id, label, location_desc, expected_voltage, expected_resistance) VALUES (200132, 'VBUS_5V', 'see boardview', '5.0V', NULL);
INSERT INTO board_test_points (board_revision_id, label, location_desc, expected_voltage, expected_resistance) VALUES (200132, 'PP1V8', 'see boardview', '1.8V', NULL);
INSERT INTO board_test_points (board_revision_id, label, location_desc, expected_voltage, expected_resistance) VALUES (200132, 'PP3V0', 'see boardview', '3.0V', NULL);
INSERT INTO board_nets (board_revision_id, net_name, test_point, expected_value, units) VALUES (200132, 'VBAT / PP_BATT_VCC', 'VBAT', '3.8', 'V');
INSERT INTO board_nets (board_revision_id, net_name, test_point, expected_value, units) VALUES (200132, 'VBUS', 'VBUS_5V', '5.0', 'V');
INSERT INTO board_nets (board_revision_id, net_name, test_point, expected_value, units) VALUES (200132, '1V8', 'PP1V8', '1.8', 'V');
INSERT INTO board_nets (board_revision_id, net_name, test_point, expected_value, units) VALUES (200132, '3V0', 'PP3V0', '3.0', 'V');
INSERT INTO measurements (board_revision_id, kind, test_point, reference_designator, rail_name, power_state, expected_value, measured_value, units, notes, is_known_good) VALUES (200132, 'voltage', 'VBAT', NULL, 'VBAT / PP_BATT_VCC', 'off', '3.8', '3.8', 'V', 'Battery main rail (typically 3.0-4.35V with charge).', 1);
INSERT INTO measurements (board_revision_id, kind, test_point, reference_designator, rail_name, power_state, expected_value, measured_value, units, notes, is_known_good) VALUES (200132, 'voltage', 'VBUS_5V', NULL, 'VBUS', 'on', '5.0', '5.0', 'V', 'USB VBUS when charging.', 1);
INSERT INTO measurements (board_revision_id, kind, test_point, reference_designator, rail_name, power_state, expected_value, measured_value, units, notes, is_known_good) VALUES (200132, 'voltage', 'PP1V8', NULL, '1V8', 'on', '1.8', '1.8', 'V', '1.8V housekeeping rail (typical).', 1);
INSERT INTO measurements (board_revision_id, kind, test_point, reference_designator, rail_name, power_state, expected_value, measured_value, units, notes, is_known_good) VALUES (200132, 'voltage', 'PP3V0', NULL, '3V0', 'on', '3.0', '3.0', 'V', '3.0V rail (typical).', 1);
INSERT INTO board_revisions (id, device_model, revision, layer_count, primary_soc, pmic, notes) VALUES (200133, 'OnePlus OnePlus One', 'Logic Board', NULL, NULL, 'U_PMIC', 'OnePlus OnePlus One main logic board. Component set and rails are family-typical reference values; confirm exact values against the boardview/schematic for this unit.');
INSERT INTO board_components (board_revision_id, reference_designator, component_type, value, part_number, notes) VALUES (200133, 'J_DISP', 'Connector', NULL, NULL, 'Display FPC connector');
INSERT INTO board_components (board_revision_id, reference_designator, component_type, value, part_number, notes) VALUES (200133, 'J_BATT', 'Connector', NULL, NULL, 'Battery FPC connector');
INSERT INTO board_components (board_revision_id, reference_designator, component_type, value, part_number, notes) VALUES (200133, 'J_CHG', 'Connector', NULL, NULL, 'Charge port / dock connector');
INSERT INTO board_components (board_revision_id, reference_designator, component_type, value, part_number, notes) VALUES (200133, 'J_FCAM', 'Connector', NULL, NULL, 'Front camera connector');
INSERT INTO board_components (board_revision_id, reference_designator, component_type, value, part_number, notes) VALUES (200133, 'J_RCAM', 'Connector', NULL, NULL, 'Rear camera connector');
INSERT INTO board_components (board_revision_id, reference_designator, component_type, value, part_number, notes) VALUES (200133, 'U_PMIC', 'PMIC', NULL, NULL, 'Main power management IC');
INSERT INTO board_components (board_revision_id, reference_designator, component_type, value, part_number, notes) VALUES (200133, 'U_CHG', 'Charging IC', NULL, NULL, 'USB charging / interface IC');
INSERT INTO board_components (board_revision_id, reference_designator, component_type, value, part_number, notes) VALUES (200133, 'U_AUDIO', 'Audio IC', NULL, NULL, 'Audio codec IC');
INSERT INTO board_components (board_revision_id, reference_designator, component_type, value, part_number, notes) VALUES (200133, 'U_NAND', 'NAND Flash', NULL, NULL, 'Flash storage');
INSERT INTO board_test_points (board_revision_id, label, location_desc, expected_voltage, expected_resistance) VALUES (200133, 'VBAT', 'see boardview', '3.8V', NULL);
INSERT INTO board_test_points (board_revision_id, label, location_desc, expected_voltage, expected_resistance) VALUES (200133, 'VBUS_5V', 'see boardview', '5.0V', NULL);
INSERT INTO board_test_points (board_revision_id, label, location_desc, expected_voltage, expected_resistance) VALUES (200133, 'PP1V8', 'see boardview', '1.8V', NULL);
INSERT INTO board_test_points (board_revision_id, label, location_desc, expected_voltage, expected_resistance) VALUES (200133, 'PP3V0', 'see boardview', '3.0V', NULL);
INSERT INTO board_nets (board_revision_id, net_name, test_point, expected_value, units) VALUES (200133, 'VBAT / PP_BATT_VCC', 'VBAT', '3.8', 'V');
INSERT INTO board_nets (board_revision_id, net_name, test_point, expected_value, units) VALUES (200133, 'VBUS', 'VBUS_5V', '5.0', 'V');
INSERT INTO board_nets (board_revision_id, net_name, test_point, expected_value, units) VALUES (200133, '1V8', 'PP1V8', '1.8', 'V');
INSERT INTO board_nets (board_revision_id, net_name, test_point, expected_value, units) VALUES (200133, '3V0', 'PP3V0', '3.0', 'V');
INSERT INTO measurements (board_revision_id, kind, test_point, reference_designator, rail_name, power_state, expected_value, measured_value, units, notes, is_known_good) VALUES (200133, 'voltage', 'VBAT', NULL, 'VBAT / PP_BATT_VCC', 'off', '3.8', '3.8', 'V', 'Battery main rail (typically 3.0-4.35V with charge).', 1);
INSERT INTO measurements (board_revision_id, kind, test_point, reference_designator, rail_name, power_state, expected_value, measured_value, units, notes, is_known_good) VALUES (200133, 'voltage', 'VBUS_5V', NULL, 'VBUS', 'on', '5.0', '5.0', 'V', 'USB VBUS when charging.', 1);
INSERT INTO measurements (board_revision_id, kind, test_point, reference_designator, rail_name, power_state, expected_value, measured_value, units, notes, is_known_good) VALUES (200133, 'voltage', 'PP1V8', NULL, '1V8', 'on', '1.8', '1.8', 'V', '1.8V housekeeping rail (typical).', 1);
INSERT INTO measurements (board_revision_id, kind, test_point, reference_designator, rail_name, power_state, expected_value, measured_value, units, notes, is_known_good) VALUES (200133, 'voltage', 'PP3V0', NULL, '3V0', 'on', '3.0', '3.0', 'V', '3.0V rail (typical).', 1);
INSERT INTO board_revisions (id, device_model, revision, layer_count, primary_soc, pmic, notes) VALUES (200134, 'OnePlus OnePlus 2', 'Logic Board', NULL, NULL, 'U_PMIC', 'OnePlus OnePlus 2 main logic board. Component set and rails are family-typical reference values; confirm exact values against the boardview/schematic for this unit.');
INSERT INTO board_components (board_revision_id, reference_designator, component_type, value, part_number, notes) VALUES (200134, 'J_DISP', 'Connector', NULL, NULL, 'Display FPC connector');
INSERT INTO board_components (board_revision_id, reference_designator, component_type, value, part_number, notes) VALUES (200134, 'J_BATT', 'Connector', NULL, NULL, 'Battery FPC connector');
INSERT INTO board_components (board_revision_id, reference_designator, component_type, value, part_number, notes) VALUES (200134, 'J_CHG', 'Connector', NULL, NULL, 'Charge port / dock connector');
INSERT INTO board_components (board_revision_id, reference_designator, component_type, value, part_number, notes) VALUES (200134, 'J_FCAM', 'Connector', NULL, NULL, 'Front camera connector');
INSERT INTO board_components (board_revision_id, reference_designator, component_type, value, part_number, notes) VALUES (200134, 'J_RCAM', 'Connector', NULL, NULL, 'Rear camera connector');
INSERT INTO board_components (board_revision_id, reference_designator, component_type, value, part_number, notes) VALUES (200134, 'U_PMIC', 'PMIC', NULL, NULL, 'Main power management IC');
INSERT INTO board_components (board_revision_id, reference_designator, component_type, value, part_number, notes) VALUES (200134, 'U_CHG', 'Charging IC', NULL, NULL, 'USB charging / interface IC');
INSERT INTO board_components (board_revision_id, reference_designator, component_type, value, part_number, notes) VALUES (200134, 'U_AUDIO', 'Audio IC', NULL, NULL, 'Audio codec IC');
INSERT INTO board_components (board_revision_id, reference_designator, component_type, value, part_number, notes) VALUES (200134, 'U_NAND', 'NAND Flash', NULL, NULL, 'Flash storage');
INSERT INTO board_test_points (board_revision_id, label, location_desc, expected_voltage, expected_resistance) VALUES (200134, 'VBAT', 'see boardview', '3.8V', NULL);
INSERT INTO board_test_points (board_revision_id, label, location_desc, expected_voltage, expected_resistance) VALUES (200134, 'VBUS_5V', 'see boardview', '5.0V', NULL);
INSERT INTO board_test_points (board_revision_id, label, location_desc, expected_voltage, expected_resistance) VALUES (200134, 'PP1V8', 'see boardview', '1.8V', NULL);
INSERT INTO board_test_points (board_revision_id, label, location_desc, expected_voltage, expected_resistance) VALUES (200134, 'PP3V0', 'see boardview', '3.0V', NULL);
INSERT INTO board_nets (board_revision_id, net_name, test_point, expected_value, units) VALUES (200134, 'VBAT / PP_BATT_VCC', 'VBAT', '3.8', 'V');
INSERT INTO board_nets (board_revision_id, net_name, test_point, expected_value, units) VALUES (200134, 'VBUS', 'VBUS_5V', '5.0', 'V');
INSERT INTO board_nets (board_revision_id, net_name, test_point, expected_value, units) VALUES (200134, '1V8', 'PP1V8', '1.8', 'V');
INSERT INTO board_nets (board_revision_id, net_name, test_point, expected_value, units) VALUES (200134, '3V0', 'PP3V0', '3.0', 'V');
INSERT INTO measurements (board_revision_id, kind, test_point, reference_designator, rail_name, power_state, expected_value, measured_value, units, notes, is_known_good) VALUES (200134, 'voltage', 'VBAT', NULL, 'VBAT / PP_BATT_VCC', 'off', '3.8', '3.8', 'V', 'Battery main rail (typically 3.0-4.35V with charge).', 1);
INSERT INTO measurements (board_revision_id, kind, test_point, reference_designator, rail_name, power_state, expected_value, measured_value, units, notes, is_known_good) VALUES (200134, 'voltage', 'VBUS_5V', NULL, 'VBUS', 'on', '5.0', '5.0', 'V', 'USB VBUS when charging.', 1);
INSERT INTO measurements (board_revision_id, kind, test_point, reference_designator, rail_name, power_state, expected_value, measured_value, units, notes, is_known_good) VALUES (200134, 'voltage', 'PP1V8', NULL, '1V8', 'on', '1.8', '1.8', 'V', '1.8V housekeeping rail (typical).', 1);
INSERT INTO measurements (board_revision_id, kind, test_point, reference_designator, rail_name, power_state, expected_value, measured_value, units, notes, is_known_good) VALUES (200134, 'voltage', 'PP3V0', NULL, '3V0', 'on', '3.0', '3.0', 'V', '3.0V rail (typical).', 1);
INSERT INTO board_revisions (id, device_model, revision, layer_count, primary_soc, pmic, notes) VALUES (200135, 'OnePlus OnePlus 3', 'Logic Board', NULL, NULL, 'U_PMIC', 'OnePlus OnePlus 3 main logic board. Component set and rails are family-typical reference values; confirm exact values against the boardview/schematic for this unit.');
INSERT INTO board_components (board_revision_id, reference_designator, component_type, value, part_number, notes) VALUES (200135, 'J_DISP', 'Connector', NULL, NULL, 'Display FPC connector');
INSERT INTO board_components (board_revision_id, reference_designator, component_type, value, part_number, notes) VALUES (200135, 'J_BATT', 'Connector', NULL, NULL, 'Battery FPC connector');
INSERT INTO board_components (board_revision_id, reference_designator, component_type, value, part_number, notes) VALUES (200135, 'J_CHG', 'Connector', NULL, NULL, 'Charge port / dock connector');
INSERT INTO board_components (board_revision_id, reference_designator, component_type, value, part_number, notes) VALUES (200135, 'J_FCAM', 'Connector', NULL, NULL, 'Front camera connector');
INSERT INTO board_components (board_revision_id, reference_designator, component_type, value, part_number, notes) VALUES (200135, 'J_RCAM', 'Connector', NULL, NULL, 'Rear camera connector');
INSERT INTO board_components (board_revision_id, reference_designator, component_type, value, part_number, notes) VALUES (200135, 'U_PMIC', 'PMIC', NULL, NULL, 'Main power management IC');
INSERT INTO board_components (board_revision_id, reference_designator, component_type, value, part_number, notes) VALUES (200135, 'U_CHG', 'Charging IC', NULL, NULL, 'USB charging / interface IC');
INSERT INTO board_components (board_revision_id, reference_designator, component_type, value, part_number, notes) VALUES (200135, 'U_AUDIO', 'Audio IC', NULL, NULL, 'Audio codec IC');
INSERT INTO board_components (board_revision_id, reference_designator, component_type, value, part_number, notes) VALUES (200135, 'U_NAND', 'NAND Flash', NULL, NULL, 'Flash storage');
INSERT INTO board_test_points (board_revision_id, label, location_desc, expected_voltage, expected_resistance) VALUES (200135, 'VBAT', 'see boardview', '3.8V', NULL);
INSERT INTO board_test_points (board_revision_id, label, location_desc, expected_voltage, expected_resistance) VALUES (200135, 'VBUS_5V', 'see boardview', '5.0V', NULL);
INSERT INTO board_test_points (board_revision_id, label, location_desc, expected_voltage, expected_resistance) VALUES (200135, 'PP1V8', 'see boardview', '1.8V', NULL);
INSERT INTO board_test_points (board_revision_id, label, location_desc, expected_voltage, expected_resistance) VALUES (200135, 'PP3V0', 'see boardview', '3.0V', NULL);
INSERT INTO board_nets (board_revision_id, net_name, test_point, expected_value, units) VALUES (200135, 'VBAT / PP_BATT_VCC', 'VBAT', '3.8', 'V');
INSERT INTO board_nets (board_revision_id, net_name, test_point, expected_value, units) VALUES (200135, 'VBUS', 'VBUS_5V', '5.0', 'V');
INSERT INTO board_nets (board_revision_id, net_name, test_point, expected_value, units) VALUES (200135, '1V8', 'PP1V8', '1.8', 'V');
INSERT INTO board_nets (board_revision_id, net_name, test_point, expected_value, units) VALUES (200135, '3V0', 'PP3V0', '3.0', 'V');
INSERT INTO measurements (board_revision_id, kind, test_point, reference_designator, rail_name, power_state, expected_value, measured_value, units, notes, is_known_good) VALUES (200135, 'voltage', 'VBAT', NULL, 'VBAT / PP_BATT_VCC', 'off', '3.8', '3.8', 'V', 'Battery main rail (typically 3.0-4.35V with charge).', 1);
INSERT INTO measurements (board_revision_id, kind, test_point, reference_designator, rail_name, power_state, expected_value, measured_value, units, notes, is_known_good) VALUES (200135, 'voltage', 'VBUS_5V', NULL, 'VBUS', 'on', '5.0', '5.0', 'V', 'USB VBUS when charging.', 1);
INSERT INTO measurements (board_revision_id, kind, test_point, reference_designator, rail_name, power_state, expected_value, measured_value, units, notes, is_known_good) VALUES (200135, 'voltage', 'PP1V8', NULL, '1V8', 'on', '1.8', '1.8', 'V', '1.8V housekeeping rail (typical).', 1);
INSERT INTO measurements (board_revision_id, kind, test_point, reference_designator, rail_name, power_state, expected_value, measured_value, units, notes, is_known_good) VALUES (200135, 'voltage', 'PP3V0', NULL, '3V0', 'on', '3.0', '3.0', 'V', '3.0V rail (typical).', 1);
INSERT INTO board_revisions (id, device_model, revision, layer_count, primary_soc, pmic, notes) VALUES (200136, 'OnePlus OnePlus 3T', 'Logic Board', NULL, NULL, 'U_PMIC', 'OnePlus OnePlus 3T main logic board. Component set and rails are family-typical reference values; confirm exact values against the boardview/schematic for this unit.');
INSERT INTO board_components (board_revision_id, reference_designator, component_type, value, part_number, notes) VALUES (200136, 'J_DISP', 'Connector', NULL, NULL, 'Display FPC connector');
INSERT INTO board_components (board_revision_id, reference_designator, component_type, value, part_number, notes) VALUES (200136, 'J_BATT', 'Connector', NULL, NULL, 'Battery FPC connector');
INSERT INTO board_components (board_revision_id, reference_designator, component_type, value, part_number, notes) VALUES (200136, 'J_CHG', 'Connector', NULL, NULL, 'Charge port / dock connector');
INSERT INTO board_components (board_revision_id, reference_designator, component_type, value, part_number, notes) VALUES (200136, 'J_FCAM', 'Connector', NULL, NULL, 'Front camera connector');
INSERT INTO board_components (board_revision_id, reference_designator, component_type, value, part_number, notes) VALUES (200136, 'J_RCAM', 'Connector', NULL, NULL, 'Rear camera connector');
INSERT INTO board_components (board_revision_id, reference_designator, component_type, value, part_number, notes) VALUES (200136, 'U_PMIC', 'PMIC', NULL, NULL, 'Main power management IC');
INSERT INTO board_components (board_revision_id, reference_designator, component_type, value, part_number, notes) VALUES (200136, 'U_CHG', 'Charging IC', NULL, NULL, 'USB charging / interface IC');
INSERT INTO board_components (board_revision_id, reference_designator, component_type, value, part_number, notes) VALUES (200136, 'U_AUDIO', 'Audio IC', NULL, NULL, 'Audio codec IC');
INSERT INTO board_components (board_revision_id, reference_designator, component_type, value, part_number, notes) VALUES (200136, 'U_NAND', 'NAND Flash', NULL, NULL, 'Flash storage');
INSERT INTO board_test_points (board_revision_id, label, location_desc, expected_voltage, expected_resistance) VALUES (200136, 'VBAT', 'see boardview', '3.8V', NULL);
INSERT INTO board_test_points (board_revision_id, label, location_desc, expected_voltage, expected_resistance) VALUES (200136, 'VBUS_5V', 'see boardview', '5.0V', NULL);
INSERT INTO board_test_points (board_revision_id, label, location_desc, expected_voltage, expected_resistance) VALUES (200136, 'PP1V8', 'see boardview', '1.8V', NULL);
INSERT INTO board_test_points (board_revision_id, label, location_desc, expected_voltage, expected_resistance) VALUES (200136, 'PP3V0', 'see boardview', '3.0V', NULL);
INSERT INTO board_nets (board_revision_id, net_name, test_point, expected_value, units) VALUES (200136, 'VBAT / PP_BATT_VCC', 'VBAT', '3.8', 'V');
INSERT INTO board_nets (board_revision_id, net_name, test_point, expected_value, units) VALUES (200136, 'VBUS', 'VBUS_5V', '5.0', 'V');
INSERT INTO board_nets (board_revision_id, net_name, test_point, expected_value, units) VALUES (200136, '1V8', 'PP1V8', '1.8', 'V');
INSERT INTO board_nets (board_revision_id, net_name, test_point, expected_value, units) VALUES (200136, '3V0', 'PP3V0', '3.0', 'V');
INSERT INTO measurements (board_revision_id, kind, test_point, reference_designator, rail_name, power_state, expected_value, measured_value, units, notes, is_known_good) VALUES (200136, 'voltage', 'VBAT', NULL, 'VBAT / PP_BATT_VCC', 'off', '3.8', '3.8', 'V', 'Battery main rail (typically 3.0-4.35V with charge).', 1);
INSERT INTO measurements (board_revision_id, kind, test_point, reference_designator, rail_name, power_state, expected_value, measured_value, units, notes, is_known_good) VALUES (200136, 'voltage', 'VBUS_5V', NULL, 'VBUS', 'on', '5.0', '5.0', 'V', 'USB VBUS when charging.', 1);
INSERT INTO measurements (board_revision_id, kind, test_point, reference_designator, rail_name, power_state, expected_value, measured_value, units, notes, is_known_good) VALUES (200136, 'voltage', 'PP1V8', NULL, '1V8', 'on', '1.8', '1.8', 'V', '1.8V housekeeping rail (typical).', 1);
INSERT INTO measurements (board_revision_id, kind, test_point, reference_designator, rail_name, power_state, expected_value, measured_value, units, notes, is_known_good) VALUES (200136, 'voltage', 'PP3V0', NULL, '3V0', 'on', '3.0', '3.0', 'V', '3.0V rail (typical).', 1);
INSERT INTO board_revisions (id, device_model, revision, layer_count, primary_soc, pmic, notes) VALUES (200137, 'OnePlus OnePlus 5', 'Logic Board', NULL, NULL, 'U_PMIC', 'OnePlus OnePlus 5 main logic board. Component set and rails are family-typical reference values; confirm exact values against the boardview/schematic for this unit.');
INSERT INTO board_components (board_revision_id, reference_designator, component_type, value, part_number, notes) VALUES (200137, 'J_DISP', 'Connector', NULL, NULL, 'Display FPC connector');
INSERT INTO board_components (board_revision_id, reference_designator, component_type, value, part_number, notes) VALUES (200137, 'J_BATT', 'Connector', NULL, NULL, 'Battery FPC connector');
INSERT INTO board_components (board_revision_id, reference_designator, component_type, value, part_number, notes) VALUES (200137, 'J_CHG', 'Connector', NULL, NULL, 'Charge port / dock connector');
INSERT INTO board_components (board_revision_id, reference_designator, component_type, value, part_number, notes) VALUES (200137, 'J_FCAM', 'Connector', NULL, NULL, 'Front camera connector');
INSERT INTO board_components (board_revision_id, reference_designator, component_type, value, part_number, notes) VALUES (200137, 'J_RCAM', 'Connector', NULL, NULL, 'Rear camera connector');
INSERT INTO board_components (board_revision_id, reference_designator, component_type, value, part_number, notes) VALUES (200137, 'U_PMIC', 'PMIC', NULL, NULL, 'Main power management IC');
INSERT INTO board_components (board_revision_id, reference_designator, component_type, value, part_number, notes) VALUES (200137, 'U_CHG', 'Charging IC', NULL, NULL, 'USB charging / interface IC');
INSERT INTO board_components (board_revision_id, reference_designator, component_type, value, part_number, notes) VALUES (200137, 'U_AUDIO', 'Audio IC', NULL, NULL, 'Audio codec IC');
INSERT INTO board_components (board_revision_id, reference_designator, component_type, value, part_number, notes) VALUES (200137, 'U_NAND', 'NAND Flash', NULL, NULL, 'Flash storage');
INSERT INTO board_test_points (board_revision_id, label, location_desc, expected_voltage, expected_resistance) VALUES (200137, 'VBAT', 'see boardview', '3.8V', NULL);
INSERT INTO board_test_points (board_revision_id, label, location_desc, expected_voltage, expected_resistance) VALUES (200137, 'VBUS_5V', 'see boardview', '5.0V', NULL);
INSERT INTO board_test_points (board_revision_id, label, location_desc, expected_voltage, expected_resistance) VALUES (200137, 'PP1V8', 'see boardview', '1.8V', NULL);
INSERT INTO board_test_points (board_revision_id, label, location_desc, expected_voltage, expected_resistance) VALUES (200137, 'PP3V0', 'see boardview', '3.0V', NULL);
INSERT INTO board_nets (board_revision_id, net_name, test_point, expected_value, units) VALUES (200137, 'VBAT / PP_BATT_VCC', 'VBAT', '3.8', 'V');
INSERT INTO board_nets (board_revision_id, net_name, test_point, expected_value, units) VALUES (200137, 'VBUS', 'VBUS_5V', '5.0', 'V');
INSERT INTO board_nets (board_revision_id, net_name, test_point, expected_value, units) VALUES (200137, '1V8', 'PP1V8', '1.8', 'V');
INSERT INTO board_nets (board_revision_id, net_name, test_point, expected_value, units) VALUES (200137, '3V0', 'PP3V0', '3.0', 'V');
INSERT INTO measurements (board_revision_id, kind, test_point, reference_designator, rail_name, power_state, expected_value, measured_value, units, notes, is_known_good) VALUES (200137, 'voltage', 'VBAT', NULL, 'VBAT / PP_BATT_VCC', 'off', '3.8', '3.8', 'V', 'Battery main rail (typically 3.0-4.35V with charge).', 1);
INSERT INTO measurements (board_revision_id, kind, test_point, reference_designator, rail_name, power_state, expected_value, measured_value, units, notes, is_known_good) VALUES (200137, 'voltage', 'VBUS_5V', NULL, 'VBUS', 'on', '5.0', '5.0', 'V', 'USB VBUS when charging.', 1);
INSERT INTO measurements (board_revision_id, kind, test_point, reference_designator, rail_name, power_state, expected_value, measured_value, units, notes, is_known_good) VALUES (200137, 'voltage', 'PP1V8', NULL, '1V8', 'on', '1.8', '1.8', 'V', '1.8V housekeeping rail (typical).', 1);
INSERT INTO measurements (board_revision_id, kind, test_point, reference_designator, rail_name, power_state, expected_value, measured_value, units, notes, is_known_good) VALUES (200137, 'voltage', 'PP3V0', NULL, '3V0', 'on', '3.0', '3.0', 'V', '3.0V rail (typical).', 1);
INSERT INTO board_revisions (id, device_model, revision, layer_count, primary_soc, pmic, notes) VALUES (200138, 'OnePlus OnePlus 5T', 'Logic Board', NULL, NULL, 'U_PMIC', 'OnePlus OnePlus 5T main logic board. Component set and rails are family-typical reference values; confirm exact values against the boardview/schematic for this unit.');
INSERT INTO board_components (board_revision_id, reference_designator, component_type, value, part_number, notes) VALUES (200138, 'J_DISP', 'Connector', NULL, NULL, 'Display FPC connector');
INSERT INTO board_components (board_revision_id, reference_designator, component_type, value, part_number, notes) VALUES (200138, 'J_BATT', 'Connector', NULL, NULL, 'Battery FPC connector');
INSERT INTO board_components (board_revision_id, reference_designator, component_type, value, part_number, notes) VALUES (200138, 'J_CHG', 'Connector', NULL, NULL, 'Charge port / dock connector');
INSERT INTO board_components (board_revision_id, reference_designator, component_type, value, part_number, notes) VALUES (200138, 'J_FCAM', 'Connector', NULL, NULL, 'Front camera connector');
INSERT INTO board_components (board_revision_id, reference_designator, component_type, value, part_number, notes) VALUES (200138, 'J_RCAM', 'Connector', NULL, NULL, 'Rear camera connector');
INSERT INTO board_components (board_revision_id, reference_designator, component_type, value, part_number, notes) VALUES (200138, 'U_PMIC', 'PMIC', NULL, NULL, 'Main power management IC');
INSERT INTO board_components (board_revision_id, reference_designator, component_type, value, part_number, notes) VALUES (200138, 'U_CHG', 'Charging IC', NULL, NULL, 'USB charging / interface IC');
INSERT INTO board_components (board_revision_id, reference_designator, component_type, value, part_number, notes) VALUES (200138, 'U_AUDIO', 'Audio IC', NULL, NULL, 'Audio codec IC');
INSERT INTO board_components (board_revision_id, reference_designator, component_type, value, part_number, notes) VALUES (200138, 'U_NAND', 'NAND Flash', NULL, NULL, 'Flash storage');
INSERT INTO board_test_points (board_revision_id, label, location_desc, expected_voltage, expected_resistance) VALUES (200138, 'VBAT', 'see boardview', '3.8V', NULL);
INSERT INTO board_test_points (board_revision_id, label, location_desc, expected_voltage, expected_resistance) VALUES (200138, 'VBUS_5V', 'see boardview', '5.0V', NULL);
INSERT INTO board_test_points (board_revision_id, label, location_desc, expected_voltage, expected_resistance) VALUES (200138, 'PP1V8', 'see boardview', '1.8V', NULL);
INSERT INTO board_test_points (board_revision_id, label, location_desc, expected_voltage, expected_resistance) VALUES (200138, 'PP3V0', 'see boardview', '3.0V', NULL);
INSERT INTO board_nets (board_revision_id, net_name, test_point, expected_value, units) VALUES (200138, 'VBAT / PP_BATT_VCC', 'VBAT', '3.8', 'V');
INSERT INTO board_nets (board_revision_id, net_name, test_point, expected_value, units) VALUES (200138, 'VBUS', 'VBUS_5V', '5.0', 'V');
INSERT INTO board_nets (board_revision_id, net_name, test_point, expected_value, units) VALUES (200138, '1V8', 'PP1V8', '1.8', 'V');
INSERT INTO board_nets (board_revision_id, net_name, test_point, expected_value, units) VALUES (200138, '3V0', 'PP3V0', '3.0', 'V');
INSERT INTO measurements (board_revision_id, kind, test_point, reference_designator, rail_name, power_state, expected_value, measured_value, units, notes, is_known_good) VALUES (200138, 'voltage', 'VBAT', NULL, 'VBAT / PP_BATT_VCC', 'off', '3.8', '3.8', 'V', 'Battery main rail (typically 3.0-4.35V with charge).', 1);
INSERT INTO measurements (board_revision_id, kind, test_point, reference_designator, rail_name, power_state, expected_value, measured_value, units, notes, is_known_good) VALUES (200138, 'voltage', 'VBUS_5V', NULL, 'VBUS', 'on', '5.0', '5.0', 'V', 'USB VBUS when charging.', 1);
INSERT INTO measurements (board_revision_id, kind, test_point, reference_designator, rail_name, power_state, expected_value, measured_value, units, notes, is_known_good) VALUES (200138, 'voltage', 'PP1V8', NULL, '1V8', 'on', '1.8', '1.8', 'V', '1.8V housekeeping rail (typical).', 1);
INSERT INTO measurements (board_revision_id, kind, test_point, reference_designator, rail_name, power_state, expected_value, measured_value, units, notes, is_known_good) VALUES (200138, 'voltage', 'PP3V0', NULL, '3V0', 'on', '3.0', '3.0', 'V', '3.0V rail (typical).', 1);
INSERT INTO board_revisions (id, device_model, revision, layer_count, primary_soc, pmic, notes) VALUES (200139, 'OnePlus OnePlus 6', 'Logic Board', NULL, NULL, 'U_PMIC', 'OnePlus OnePlus 6 main logic board. Component set and rails are family-typical reference values; confirm exact values against the boardview/schematic for this unit.');
INSERT INTO board_components (board_revision_id, reference_designator, component_type, value, part_number, notes) VALUES (200139, 'J_DISP', 'Connector', NULL, NULL, 'Display FPC connector');
INSERT INTO board_components (board_revision_id, reference_designator, component_type, value, part_number, notes) VALUES (200139, 'J_BATT', 'Connector', NULL, NULL, 'Battery FPC connector');
INSERT INTO board_components (board_revision_id, reference_designator, component_type, value, part_number, notes) VALUES (200139, 'J_CHG', 'Connector', NULL, NULL, 'Charge port / dock connector');
INSERT INTO board_components (board_revision_id, reference_designator, component_type, value, part_number, notes) VALUES (200139, 'J_FCAM', 'Connector', NULL, NULL, 'Front camera connector');
INSERT INTO board_components (board_revision_id, reference_designator, component_type, value, part_number, notes) VALUES (200139, 'J_RCAM', 'Connector', NULL, NULL, 'Rear camera connector');
INSERT INTO board_components (board_revision_id, reference_designator, component_type, value, part_number, notes) VALUES (200139, 'U_PMIC', 'PMIC', NULL, NULL, 'Main power management IC');
INSERT INTO board_components (board_revision_id, reference_designator, component_type, value, part_number, notes) VALUES (200139, 'U_CHG', 'Charging IC', NULL, NULL, 'USB charging / interface IC');
INSERT INTO board_components (board_revision_id, reference_designator, component_type, value, part_number, notes) VALUES (200139, 'U_AUDIO', 'Audio IC', NULL, NULL, 'Audio codec IC');
INSERT INTO board_components (board_revision_id, reference_designator, component_type, value, part_number, notes) VALUES (200139, 'U_NAND', 'NAND Flash', NULL, NULL, 'Flash storage');
INSERT INTO board_test_points (board_revision_id, label, location_desc, expected_voltage, expected_resistance) VALUES (200139, 'VBAT', 'see boardview', '3.8V', NULL);
INSERT INTO board_test_points (board_revision_id, label, location_desc, expected_voltage, expected_resistance) VALUES (200139, 'VBUS_5V', 'see boardview', '5.0V', NULL);
INSERT INTO board_test_points (board_revision_id, label, location_desc, expected_voltage, expected_resistance) VALUES (200139, 'PP1V8', 'see boardview', '1.8V', NULL);
INSERT INTO board_test_points (board_revision_id, label, location_desc, expected_voltage, expected_resistance) VALUES (200139, 'PP3V0', 'see boardview', '3.0V', NULL);
INSERT INTO board_nets (board_revision_id, net_name, test_point, expected_value, units) VALUES (200139, 'VBAT / PP_BATT_VCC', 'VBAT', '3.8', 'V');
INSERT INTO board_nets (board_revision_id, net_name, test_point, expected_value, units) VALUES (200139, 'VBUS', 'VBUS_5V', '5.0', 'V');
INSERT INTO board_nets (board_revision_id, net_name, test_point, expected_value, units) VALUES (200139, '1V8', 'PP1V8', '1.8', 'V');
INSERT INTO board_nets (board_revision_id, net_name, test_point, expected_value, units) VALUES (200139, '3V0', 'PP3V0', '3.0', 'V');
INSERT INTO measurements (board_revision_id, kind, test_point, reference_designator, rail_name, power_state, expected_value, measured_value, units, notes, is_known_good) VALUES (200139, 'voltage', 'VBAT', NULL, 'VBAT / PP_BATT_VCC', 'off', '3.8', '3.8', 'V', 'Battery main rail (typically 3.0-4.35V with charge).', 1);
INSERT INTO measurements (board_revision_id, kind, test_point, reference_designator, rail_name, power_state, expected_value, measured_value, units, notes, is_known_good) VALUES (200139, 'voltage', 'VBUS_5V', NULL, 'VBUS', 'on', '5.0', '5.0', 'V', 'USB VBUS when charging.', 1);
INSERT INTO measurements (board_revision_id, kind, test_point, reference_designator, rail_name, power_state, expected_value, measured_value, units, notes, is_known_good) VALUES (200139, 'voltage', 'PP1V8', NULL, '1V8', 'on', '1.8', '1.8', 'V', '1.8V housekeeping rail (typical).', 1);
INSERT INTO measurements (board_revision_id, kind, test_point, reference_designator, rail_name, power_state, expected_value, measured_value, units, notes, is_known_good) VALUES (200139, 'voltage', 'PP3V0', NULL, '3V0', 'on', '3.0', '3.0', 'V', '3.0V rail (typical).', 1);
INSERT INTO board_revisions (id, device_model, revision, layer_count, primary_soc, pmic, notes) VALUES (200140, 'OnePlus OnePlus 6T', 'Logic Board', NULL, NULL, 'U_PMIC', 'OnePlus OnePlus 6T main logic board. Component set and rails are family-typical reference values; confirm exact values against the boardview/schematic for this unit.');
INSERT INTO board_components (board_revision_id, reference_designator, component_type, value, part_number, notes) VALUES (200140, 'J_DISP', 'Connector', NULL, NULL, 'Display FPC connector');
INSERT INTO board_components (board_revision_id, reference_designator, component_type, value, part_number, notes) VALUES (200140, 'J_BATT', 'Connector', NULL, NULL, 'Battery FPC connector');
INSERT INTO board_components (board_revision_id, reference_designator, component_type, value, part_number, notes) VALUES (200140, 'J_CHG', 'Connector', NULL, NULL, 'Charge port / dock connector');
INSERT INTO board_components (board_revision_id, reference_designator, component_type, value, part_number, notes) VALUES (200140, 'J_FCAM', 'Connector', NULL, NULL, 'Front camera connector');
INSERT INTO board_components (board_revision_id, reference_designator, component_type, value, part_number, notes) VALUES (200140, 'J_RCAM', 'Connector', NULL, NULL, 'Rear camera connector');
INSERT INTO board_components (board_revision_id, reference_designator, component_type, value, part_number, notes) VALUES (200140, 'U_PMIC', 'PMIC', NULL, NULL, 'Main power management IC');
INSERT INTO board_components (board_revision_id, reference_designator, component_type, value, part_number, notes) VALUES (200140, 'U_CHG', 'Charging IC', NULL, NULL, 'USB charging / interface IC');
INSERT INTO board_components (board_revision_id, reference_designator, component_type, value, part_number, notes) VALUES (200140, 'U_AUDIO', 'Audio IC', NULL, NULL, 'Audio codec IC');
INSERT INTO board_components (board_revision_id, reference_designator, component_type, value, part_number, notes) VALUES (200140, 'U_NAND', 'NAND Flash', NULL, NULL, 'Flash storage');
INSERT INTO board_test_points (board_revision_id, label, location_desc, expected_voltage, expected_resistance) VALUES (200140, 'VBAT', 'see boardview', '3.8V', NULL);
INSERT INTO board_test_points (board_revision_id, label, location_desc, expected_voltage, expected_resistance) VALUES (200140, 'VBUS_5V', 'see boardview', '5.0V', NULL);
INSERT INTO board_test_points (board_revision_id, label, location_desc, expected_voltage, expected_resistance) VALUES (200140, 'PP1V8', 'see boardview', '1.8V', NULL);
INSERT INTO board_test_points (board_revision_id, label, location_desc, expected_voltage, expected_resistance) VALUES (200140, 'PP3V0', 'see boardview', '3.0V', NULL);
INSERT INTO board_nets (board_revision_id, net_name, test_point, expected_value, units) VALUES (200140, 'VBAT / PP_BATT_VCC', 'VBAT', '3.8', 'V');
INSERT INTO board_nets (board_revision_id, net_name, test_point, expected_value, units) VALUES (200140, 'VBUS', 'VBUS_5V', '5.0', 'V');
INSERT INTO board_nets (board_revision_id, net_name, test_point, expected_value, units) VALUES (200140, '1V8', 'PP1V8', '1.8', 'V');
INSERT INTO board_nets (board_revision_id, net_name, test_point, expected_value, units) VALUES (200140, '3V0', 'PP3V0', '3.0', 'V');
INSERT INTO measurements (board_revision_id, kind, test_point, reference_designator, rail_name, power_state, expected_value, measured_value, units, notes, is_known_good) VALUES (200140, 'voltage', 'VBAT', NULL, 'VBAT / PP_BATT_VCC', 'off', '3.8', '3.8', 'V', 'Battery main rail (typically 3.0-4.35V with charge).', 1);
INSERT INTO measurements (board_revision_id, kind, test_point, reference_designator, rail_name, power_state, expected_value, measured_value, units, notes, is_known_good) VALUES (200140, 'voltage', 'VBUS_5V', NULL, 'VBUS', 'on', '5.0', '5.0', 'V', 'USB VBUS when charging.', 1);
INSERT INTO measurements (board_revision_id, kind, test_point, reference_designator, rail_name, power_state, expected_value, measured_value, units, notes, is_known_good) VALUES (200140, 'voltage', 'PP1V8', NULL, '1V8', 'on', '1.8', '1.8', 'V', '1.8V housekeeping rail (typical).', 1);
INSERT INTO measurements (board_revision_id, kind, test_point, reference_designator, rail_name, power_state, expected_value, measured_value, units, notes, is_known_good) VALUES (200140, 'voltage', 'PP3V0', NULL, '3V0', 'on', '3.0', '3.0', 'V', '3.0V rail (typical).', 1);
INSERT INTO board_revisions (id, device_model, revision, layer_count, primary_soc, pmic, notes) VALUES (200141, 'OnePlus OnePlus 7', 'Logic Board', NULL, NULL, 'U_PMIC', 'OnePlus OnePlus 7 main logic board. Component set and rails are family-typical reference values; confirm exact values against the boardview/schematic for this unit.');
INSERT INTO board_components (board_revision_id, reference_designator, component_type, value, part_number, notes) VALUES (200141, 'J_DISP', 'Connector', NULL, NULL, 'Display FPC connector');
INSERT INTO board_components (board_revision_id, reference_designator, component_type, value, part_number, notes) VALUES (200141, 'J_BATT', 'Connector', NULL, NULL, 'Battery FPC connector');
INSERT INTO board_components (board_revision_id, reference_designator, component_type, value, part_number, notes) VALUES (200141, 'J_CHG', 'Connector', NULL, NULL, 'Charge port / dock connector');
INSERT INTO board_components (board_revision_id, reference_designator, component_type, value, part_number, notes) VALUES (200141, 'J_FCAM', 'Connector', NULL, NULL, 'Front camera connector');
INSERT INTO board_components (board_revision_id, reference_designator, component_type, value, part_number, notes) VALUES (200141, 'J_RCAM', 'Connector', NULL, NULL, 'Rear camera connector');
INSERT INTO board_components (board_revision_id, reference_designator, component_type, value, part_number, notes) VALUES (200141, 'U_PMIC', 'PMIC', NULL, NULL, 'Main power management IC');
INSERT INTO board_components (board_revision_id, reference_designator, component_type, value, part_number, notes) VALUES (200141, 'U_CHG', 'Charging IC', NULL, NULL, 'USB charging / interface IC');
INSERT INTO board_components (board_revision_id, reference_designator, component_type, value, part_number, notes) VALUES (200141, 'U_AUDIO', 'Audio IC', NULL, NULL, 'Audio codec IC');
INSERT INTO board_components (board_revision_id, reference_designator, component_type, value, part_number, notes) VALUES (200141, 'U_NAND', 'NAND Flash', NULL, NULL, 'Flash storage');
INSERT INTO board_test_points (board_revision_id, label, location_desc, expected_voltage, expected_resistance) VALUES (200141, 'VBAT', 'see boardview', '3.8V', NULL);
INSERT INTO board_test_points (board_revision_id, label, location_desc, expected_voltage, expected_resistance) VALUES (200141, 'VBUS_5V', 'see boardview', '5.0V', NULL);
INSERT INTO board_test_points (board_revision_id, label, location_desc, expected_voltage, expected_resistance) VALUES (200141, 'PP1V8', 'see boardview', '1.8V', NULL);
INSERT INTO board_test_points (board_revision_id, label, location_desc, expected_voltage, expected_resistance) VALUES (200141, 'PP3V0', 'see boardview', '3.0V', NULL);
INSERT INTO board_nets (board_revision_id, net_name, test_point, expected_value, units) VALUES (200141, 'VBAT / PP_BATT_VCC', 'VBAT', '3.8', 'V');
INSERT INTO board_nets (board_revision_id, net_name, test_point, expected_value, units) VALUES (200141, 'VBUS', 'VBUS_5V', '5.0', 'V');
INSERT INTO board_nets (board_revision_id, net_name, test_point, expected_value, units) VALUES (200141, '1V8', 'PP1V8', '1.8', 'V');
INSERT INTO board_nets (board_revision_id, net_name, test_point, expected_value, units) VALUES (200141, '3V0', 'PP3V0', '3.0', 'V');
INSERT INTO measurements (board_revision_id, kind, test_point, reference_designator, rail_name, power_state, expected_value, measured_value, units, notes, is_known_good) VALUES (200141, 'voltage', 'VBAT', NULL, 'VBAT / PP_BATT_VCC', 'off', '3.8', '3.8', 'V', 'Battery main rail (typically 3.0-4.35V with charge).', 1);
INSERT INTO measurements (board_revision_id, kind, test_point, reference_designator, rail_name, power_state, expected_value, measured_value, units, notes, is_known_good) VALUES (200141, 'voltage', 'VBUS_5V', NULL, 'VBUS', 'on', '5.0', '5.0', 'V', 'USB VBUS when charging.', 1);
INSERT INTO measurements (board_revision_id, kind, test_point, reference_designator, rail_name, power_state, expected_value, measured_value, units, notes, is_known_good) VALUES (200141, 'voltage', 'PP1V8', NULL, '1V8', 'on', '1.8', '1.8', 'V', '1.8V housekeeping rail (typical).', 1);
INSERT INTO measurements (board_revision_id, kind, test_point, reference_designator, rail_name, power_state, expected_value, measured_value, units, notes, is_known_good) VALUES (200141, 'voltage', 'PP3V0', NULL, '3V0', 'on', '3.0', '3.0', 'V', '3.0V rail (typical).', 1);
INSERT INTO board_revisions (id, device_model, revision, layer_count, primary_soc, pmic, notes) VALUES (200142, 'OnePlus OnePlus 7 Pro', 'Logic Board', NULL, NULL, 'U_PMIC', 'OnePlus OnePlus 7 Pro main logic board. Component set and rails are family-typical reference values; confirm exact values against the boardview/schematic for this unit.');
INSERT INTO board_components (board_revision_id, reference_designator, component_type, value, part_number, notes) VALUES (200142, 'J_DISP', 'Connector', NULL, NULL, 'Display FPC connector');
INSERT INTO board_components (board_revision_id, reference_designator, component_type, value, part_number, notes) VALUES (200142, 'J_BATT', 'Connector', NULL, NULL, 'Battery FPC connector');
INSERT INTO board_components (board_revision_id, reference_designator, component_type, value, part_number, notes) VALUES (200142, 'J_CHG', 'Connector', NULL, NULL, 'Charge port / dock connector');
INSERT INTO board_components (board_revision_id, reference_designator, component_type, value, part_number, notes) VALUES (200142, 'J_FCAM', 'Connector', NULL, NULL, 'Front camera connector');
INSERT INTO board_components (board_revision_id, reference_designator, component_type, value, part_number, notes) VALUES (200142, 'J_RCAM', 'Connector', NULL, NULL, 'Rear camera connector');
INSERT INTO board_components (board_revision_id, reference_designator, component_type, value, part_number, notes) VALUES (200142, 'U_PMIC', 'PMIC', NULL, NULL, 'Main power management IC');
INSERT INTO board_components (board_revision_id, reference_designator, component_type, value, part_number, notes) VALUES (200142, 'U_CHG', 'Charging IC', NULL, NULL, 'USB charging / interface IC');
INSERT INTO board_components (board_revision_id, reference_designator, component_type, value, part_number, notes) VALUES (200142, 'U_AUDIO', 'Audio IC', NULL, NULL, 'Audio codec IC');
INSERT INTO board_components (board_revision_id, reference_designator, component_type, value, part_number, notes) VALUES (200142, 'U_NAND', 'NAND Flash', NULL, NULL, 'Flash storage');
INSERT INTO board_test_points (board_revision_id, label, location_desc, expected_voltage, expected_resistance) VALUES (200142, 'VBAT', 'see boardview', '3.8V', NULL);
INSERT INTO board_test_points (board_revision_id, label, location_desc, expected_voltage, expected_resistance) VALUES (200142, 'VBUS_5V', 'see boardview', '5.0V', NULL);
INSERT INTO board_test_points (board_revision_id, label, location_desc, expected_voltage, expected_resistance) VALUES (200142, 'PP1V8', 'see boardview', '1.8V', NULL);
INSERT INTO board_test_points (board_revision_id, label, location_desc, expected_voltage, expected_resistance) VALUES (200142, 'PP3V0', 'see boardview', '3.0V', NULL);
INSERT INTO board_nets (board_revision_id, net_name, test_point, expected_value, units) VALUES (200142, 'VBAT / PP_BATT_VCC', 'VBAT', '3.8', 'V');
INSERT INTO board_nets (board_revision_id, net_name, test_point, expected_value, units) VALUES (200142, 'VBUS', 'VBUS_5V', '5.0', 'V');
INSERT INTO board_nets (board_revision_id, net_name, test_point, expected_value, units) VALUES (200142, '1V8', 'PP1V8', '1.8', 'V');
INSERT INTO board_nets (board_revision_id, net_name, test_point, expected_value, units) VALUES (200142, '3V0', 'PP3V0', '3.0', 'V');
INSERT INTO measurements (board_revision_id, kind, test_point, reference_designator, rail_name, power_state, expected_value, measured_value, units, notes, is_known_good) VALUES (200142, 'voltage', 'VBAT', NULL, 'VBAT / PP_BATT_VCC', 'off', '3.8', '3.8', 'V', 'Battery main rail (typically 3.0-4.35V with charge).', 1);
INSERT INTO measurements (board_revision_id, kind, test_point, reference_designator, rail_name, power_state, expected_value, measured_value, units, notes, is_known_good) VALUES (200142, 'voltage', 'VBUS_5V', NULL, 'VBUS', 'on', '5.0', '5.0', 'V', 'USB VBUS when charging.', 1);
INSERT INTO measurements (board_revision_id, kind, test_point, reference_designator, rail_name, power_state, expected_value, measured_value, units, notes, is_known_good) VALUES (200142, 'voltage', 'PP1V8', NULL, '1V8', 'on', '1.8', '1.8', 'V', '1.8V housekeeping rail (typical).', 1);
INSERT INTO measurements (board_revision_id, kind, test_point, reference_designator, rail_name, power_state, expected_value, measured_value, units, notes, is_known_good) VALUES (200142, 'voltage', 'PP3V0', NULL, '3V0', 'on', '3.0', '3.0', 'V', '3.0V rail (typical).', 1);
INSERT INTO board_revisions (id, device_model, revision, layer_count, primary_soc, pmic, notes) VALUES (200143, 'OnePlus OnePlus 7T', 'Logic Board', NULL, NULL, 'U_PMIC', 'OnePlus OnePlus 7T main logic board. Component set and rails are family-typical reference values; confirm exact values against the boardview/schematic for this unit.');
INSERT INTO board_components (board_revision_id, reference_designator, component_type, value, part_number, notes) VALUES (200143, 'J_DISP', 'Connector', NULL, NULL, 'Display FPC connector');
INSERT INTO board_components (board_revision_id, reference_designator, component_type, value, part_number, notes) VALUES (200143, 'J_BATT', 'Connector', NULL, NULL, 'Battery FPC connector');
INSERT INTO board_components (board_revision_id, reference_designator, component_type, value, part_number, notes) VALUES (200143, 'J_CHG', 'Connector', NULL, NULL, 'Charge port / dock connector');
INSERT INTO board_components (board_revision_id, reference_designator, component_type, value, part_number, notes) VALUES (200143, 'J_FCAM', 'Connector', NULL, NULL, 'Front camera connector');
INSERT INTO board_components (board_revision_id, reference_designator, component_type, value, part_number, notes) VALUES (200143, 'J_RCAM', 'Connector', NULL, NULL, 'Rear camera connector');
INSERT INTO board_components (board_revision_id, reference_designator, component_type, value, part_number, notes) VALUES (200143, 'U_PMIC', 'PMIC', NULL, NULL, 'Main power management IC');
INSERT INTO board_components (board_revision_id, reference_designator, component_type, value, part_number, notes) VALUES (200143, 'U_CHG', 'Charging IC', NULL, NULL, 'USB charging / interface IC');
INSERT INTO board_components (board_revision_id, reference_designator, component_type, value, part_number, notes) VALUES (200143, 'U_AUDIO', 'Audio IC', NULL, NULL, 'Audio codec IC');
INSERT INTO board_components (board_revision_id, reference_designator, component_type, value, part_number, notes) VALUES (200143, 'U_NAND', 'NAND Flash', NULL, NULL, 'Flash storage');
INSERT INTO board_test_points (board_revision_id, label, location_desc, expected_voltage, expected_resistance) VALUES (200143, 'VBAT', 'see boardview', '3.8V', NULL);
INSERT INTO board_test_points (board_revision_id, label, location_desc, expected_voltage, expected_resistance) VALUES (200143, 'VBUS_5V', 'see boardview', '5.0V', NULL);
INSERT INTO board_test_points (board_revision_id, label, location_desc, expected_voltage, expected_resistance) VALUES (200143, 'PP1V8', 'see boardview', '1.8V', NULL);
INSERT INTO board_test_points (board_revision_id, label, location_desc, expected_voltage, expected_resistance) VALUES (200143, 'PP3V0', 'see boardview', '3.0V', NULL);
INSERT INTO board_nets (board_revision_id, net_name, test_point, expected_value, units) VALUES (200143, 'VBAT / PP_BATT_VCC', 'VBAT', '3.8', 'V');
INSERT INTO board_nets (board_revision_id, net_name, test_point, expected_value, units) VALUES (200143, 'VBUS', 'VBUS_5V', '5.0', 'V');
INSERT INTO board_nets (board_revision_id, net_name, test_point, expected_value, units) VALUES (200143, '1V8', 'PP1V8', '1.8', 'V');
INSERT INTO board_nets (board_revision_id, net_name, test_point, expected_value, units) VALUES (200143, '3V0', 'PP3V0', '3.0', 'V');
INSERT INTO measurements (board_revision_id, kind, test_point, reference_designator, rail_name, power_state, expected_value, measured_value, units, notes, is_known_good) VALUES (200143, 'voltage', 'VBAT', NULL, 'VBAT / PP_BATT_VCC', 'off', '3.8', '3.8', 'V', 'Battery main rail (typically 3.0-4.35V with charge).', 1);
INSERT INTO measurements (board_revision_id, kind, test_point, reference_designator, rail_name, power_state, expected_value, measured_value, units, notes, is_known_good) VALUES (200143, 'voltage', 'VBUS_5V', NULL, 'VBUS', 'on', '5.0', '5.0', 'V', 'USB VBUS when charging.', 1);
INSERT INTO measurements (board_revision_id, kind, test_point, reference_designator, rail_name, power_state, expected_value, measured_value, units, notes, is_known_good) VALUES (200143, 'voltage', 'PP1V8', NULL, '1V8', 'on', '1.8', '1.8', 'V', '1.8V housekeeping rail (typical).', 1);
INSERT INTO measurements (board_revision_id, kind, test_point, reference_designator, rail_name, power_state, expected_value, measured_value, units, notes, is_known_good) VALUES (200143, 'voltage', 'PP3V0', NULL, '3V0', 'on', '3.0', '3.0', 'V', '3.0V rail (typical).', 1);
INSERT INTO board_revisions (id, device_model, revision, layer_count, primary_soc, pmic, notes) VALUES (200144, 'OnePlus OnePlus 8', 'Logic Board', NULL, NULL, 'U_PMIC', 'OnePlus OnePlus 8 main logic board. Component set and rails are family-typical reference values; confirm exact values against the boardview/schematic for this unit.');
INSERT INTO board_components (board_revision_id, reference_designator, component_type, value, part_number, notes) VALUES (200144, 'J_DISP', 'Connector', NULL, NULL, 'Display FPC connector');
INSERT INTO board_components (board_revision_id, reference_designator, component_type, value, part_number, notes) VALUES (200144, 'J_BATT', 'Connector', NULL, NULL, 'Battery FPC connector');
INSERT INTO board_components (board_revision_id, reference_designator, component_type, value, part_number, notes) VALUES (200144, 'J_CHG', 'Connector', NULL, NULL, 'Charge port / dock connector');
INSERT INTO board_components (board_revision_id, reference_designator, component_type, value, part_number, notes) VALUES (200144, 'J_FCAM', 'Connector', NULL, NULL, 'Front camera connector');
INSERT INTO board_components (board_revision_id, reference_designator, component_type, value, part_number, notes) VALUES (200144, 'J_RCAM', 'Connector', NULL, NULL, 'Rear camera connector');
INSERT INTO board_components (board_revision_id, reference_designator, component_type, value, part_number, notes) VALUES (200144, 'U_PMIC', 'PMIC', NULL, NULL, 'Main power management IC');
INSERT INTO board_components (board_revision_id, reference_designator, component_type, value, part_number, notes) VALUES (200144, 'U_CHG', 'Charging IC', NULL, NULL, 'USB charging / interface IC');
INSERT INTO board_components (board_revision_id, reference_designator, component_type, value, part_number, notes) VALUES (200144, 'U_AUDIO', 'Audio IC', NULL, NULL, 'Audio codec IC');
INSERT INTO board_components (board_revision_id, reference_designator, component_type, value, part_number, notes) VALUES (200144, 'U_NAND', 'NAND Flash', NULL, NULL, 'Flash storage');
INSERT INTO board_test_points (board_revision_id, label, location_desc, expected_voltage, expected_resistance) VALUES (200144, 'VBAT', 'see boardview', '3.8V', NULL);
INSERT INTO board_test_points (board_revision_id, label, location_desc, expected_voltage, expected_resistance) VALUES (200144, 'VBUS_5V', 'see boardview', '5.0V', NULL);
INSERT INTO board_test_points (board_revision_id, label, location_desc, expected_voltage, expected_resistance) VALUES (200144, 'PP1V8', 'see boardview', '1.8V', NULL);
INSERT INTO board_test_points (board_revision_id, label, location_desc, expected_voltage, expected_resistance) VALUES (200144, 'PP3V0', 'see boardview', '3.0V', NULL);
INSERT INTO board_nets (board_revision_id, net_name, test_point, expected_value, units) VALUES (200144, 'VBAT / PP_BATT_VCC', 'VBAT', '3.8', 'V');
INSERT INTO board_nets (board_revision_id, net_name, test_point, expected_value, units) VALUES (200144, 'VBUS', 'VBUS_5V', '5.0', 'V');
INSERT INTO board_nets (board_revision_id, net_name, test_point, expected_value, units) VALUES (200144, '1V8', 'PP1V8', '1.8', 'V');
INSERT INTO board_nets (board_revision_id, net_name, test_point, expected_value, units) VALUES (200144, '3V0', 'PP3V0', '3.0', 'V');
INSERT INTO measurements (board_revision_id, kind, test_point, reference_designator, rail_name, power_state, expected_value, measured_value, units, notes, is_known_good) VALUES (200144, 'voltage', 'VBAT', NULL, 'VBAT / PP_BATT_VCC', 'off', '3.8', '3.8', 'V', 'Battery main rail (typically 3.0-4.35V with charge).', 1);
INSERT INTO measurements (board_revision_id, kind, test_point, reference_designator, rail_name, power_state, expected_value, measured_value, units, notes, is_known_good) VALUES (200144, 'voltage', 'VBUS_5V', NULL, 'VBUS', 'on', '5.0', '5.0', 'V', 'USB VBUS when charging.', 1);
INSERT INTO measurements (board_revision_id, kind, test_point, reference_designator, rail_name, power_state, expected_value, measured_value, units, notes, is_known_good) VALUES (200144, 'voltage', 'PP1V8', NULL, '1V8', 'on', '1.8', '1.8', 'V', '1.8V housekeeping rail (typical).', 1);
INSERT INTO measurements (board_revision_id, kind, test_point, reference_designator, rail_name, power_state, expected_value, measured_value, units, notes, is_known_good) VALUES (200144, 'voltage', 'PP3V0', NULL, '3V0', 'on', '3.0', '3.0', 'V', '3.0V rail (typical).', 1);
INSERT INTO board_revisions (id, device_model, revision, layer_count, primary_soc, pmic, notes) VALUES (200145, 'OnePlus OnePlus 8 Pro', 'Logic Board', NULL, NULL, 'U_PMIC', 'OnePlus OnePlus 8 Pro main logic board. Component set and rails are family-typical reference values; confirm exact values against the boardview/schematic for this unit.');
INSERT INTO board_components (board_revision_id, reference_designator, component_type, value, part_number, notes) VALUES (200145, 'J_DISP', 'Connector', NULL, NULL, 'Display FPC connector');
INSERT INTO board_components (board_revision_id, reference_designator, component_type, value, part_number, notes) VALUES (200145, 'J_BATT', 'Connector', NULL, NULL, 'Battery FPC connector');
INSERT INTO board_components (board_revision_id, reference_designator, component_type, value, part_number, notes) VALUES (200145, 'J_CHG', 'Connector', NULL, NULL, 'Charge port / dock connector');
INSERT INTO board_components (board_revision_id, reference_designator, component_type, value, part_number, notes) VALUES (200145, 'J_FCAM', 'Connector', NULL, NULL, 'Front camera connector');
INSERT INTO board_components (board_revision_id, reference_designator, component_type, value, part_number, notes) VALUES (200145, 'J_RCAM', 'Connector', NULL, NULL, 'Rear camera connector');
INSERT INTO board_components (board_revision_id, reference_designator, component_type, value, part_number, notes) VALUES (200145, 'U_PMIC', 'PMIC', NULL, NULL, 'Main power management IC');
INSERT INTO board_components (board_revision_id, reference_designator, component_type, value, part_number, notes) VALUES (200145, 'U_CHG', 'Charging IC', NULL, NULL, 'USB charging / interface IC');
INSERT INTO board_components (board_revision_id, reference_designator, component_type, value, part_number, notes) VALUES (200145, 'U_AUDIO', 'Audio IC', NULL, NULL, 'Audio codec IC');
INSERT INTO board_components (board_revision_id, reference_designator, component_type, value, part_number, notes) VALUES (200145, 'U_NAND', 'NAND Flash', NULL, NULL, 'Flash storage');
INSERT INTO board_test_points (board_revision_id, label, location_desc, expected_voltage, expected_resistance) VALUES (200145, 'VBAT', 'see boardview', '3.8V', NULL);
INSERT INTO board_test_points (board_revision_id, label, location_desc, expected_voltage, expected_resistance) VALUES (200145, 'VBUS_5V', 'see boardview', '5.0V', NULL);
INSERT INTO board_test_points (board_revision_id, label, location_desc, expected_voltage, expected_resistance) VALUES (200145, 'PP1V8', 'see boardview', '1.8V', NULL);
INSERT INTO board_test_points (board_revision_id, label, location_desc, expected_voltage, expected_resistance) VALUES (200145, 'PP3V0', 'see boardview', '3.0V', NULL);
INSERT INTO board_nets (board_revision_id, net_name, test_point, expected_value, units) VALUES (200145, 'VBAT / PP_BATT_VCC', 'VBAT', '3.8', 'V');
INSERT INTO board_nets (board_revision_id, net_name, test_point, expected_value, units) VALUES (200145, 'VBUS', 'VBUS_5V', '5.0', 'V');
INSERT INTO board_nets (board_revision_id, net_name, test_point, expected_value, units) VALUES (200145, '1V8', 'PP1V8', '1.8', 'V');
INSERT INTO board_nets (board_revision_id, net_name, test_point, expected_value, units) VALUES (200145, '3V0', 'PP3V0', '3.0', 'V');
INSERT INTO measurements (board_revision_id, kind, test_point, reference_designator, rail_name, power_state, expected_value, measured_value, units, notes, is_known_good) VALUES (200145, 'voltage', 'VBAT', NULL, 'VBAT / PP_BATT_VCC', 'off', '3.8', '3.8', 'V', 'Battery main rail (typically 3.0-4.35V with charge).', 1);
INSERT INTO measurements (board_revision_id, kind, test_point, reference_designator, rail_name, power_state, expected_value, measured_value, units, notes, is_known_good) VALUES (200145, 'voltage', 'VBUS_5V', NULL, 'VBUS', 'on', '5.0', '5.0', 'V', 'USB VBUS when charging.', 1);
INSERT INTO measurements (board_revision_id, kind, test_point, reference_designator, rail_name, power_state, expected_value, measured_value, units, notes, is_known_good) VALUES (200145, 'voltage', 'PP1V8', NULL, '1V8', 'on', '1.8', '1.8', 'V', '1.8V housekeeping rail (typical).', 1);
INSERT INTO measurements (board_revision_id, kind, test_point, reference_designator, rail_name, power_state, expected_value, measured_value, units, notes, is_known_good) VALUES (200145, 'voltage', 'PP3V0', NULL, '3V0', 'on', '3.0', '3.0', 'V', '3.0V rail (typical).', 1);
INSERT INTO board_revisions (id, device_model, revision, layer_count, primary_soc, pmic, notes) VALUES (200146, 'OnePlus OnePlus 8T', 'Logic Board', NULL, NULL, 'U_PMIC', 'OnePlus OnePlus 8T main logic board. Component set and rails are family-typical reference values; confirm exact values against the boardview/schematic for this unit.');
INSERT INTO board_components (board_revision_id, reference_designator, component_type, value, part_number, notes) VALUES (200146, 'J_DISP', 'Connector', NULL, NULL, 'Display FPC connector');
INSERT INTO board_components (board_revision_id, reference_designator, component_type, value, part_number, notes) VALUES (200146, 'J_BATT', 'Connector', NULL, NULL, 'Battery FPC connector');
INSERT INTO board_components (board_revision_id, reference_designator, component_type, value, part_number, notes) VALUES (200146, 'J_CHG', 'Connector', NULL, NULL, 'Charge port / dock connector');
INSERT INTO board_components (board_revision_id, reference_designator, component_type, value, part_number, notes) VALUES (200146, 'J_FCAM', 'Connector', NULL, NULL, 'Front camera connector');
INSERT INTO board_components (board_revision_id, reference_designator, component_type, value, part_number, notes) VALUES (200146, 'J_RCAM', 'Connector', NULL, NULL, 'Rear camera connector');
INSERT INTO board_components (board_revision_id, reference_designator, component_type, value, part_number, notes) VALUES (200146, 'U_PMIC', 'PMIC', NULL, NULL, 'Main power management IC');
INSERT INTO board_components (board_revision_id, reference_designator, component_type, value, part_number, notes) VALUES (200146, 'U_CHG', 'Charging IC', NULL, NULL, 'USB charging / interface IC');
INSERT INTO board_components (board_revision_id, reference_designator, component_type, value, part_number, notes) VALUES (200146, 'U_AUDIO', 'Audio IC', NULL, NULL, 'Audio codec IC');
INSERT INTO board_components (board_revision_id, reference_designator, component_type, value, part_number, notes) VALUES (200146, 'U_NAND', 'NAND Flash', NULL, NULL, 'Flash storage');
INSERT INTO board_test_points (board_revision_id, label, location_desc, expected_voltage, expected_resistance) VALUES (200146, 'VBAT', 'see boardview', '3.8V', NULL);
INSERT INTO board_test_points (board_revision_id, label, location_desc, expected_voltage, expected_resistance) VALUES (200146, 'VBUS_5V', 'see boardview', '5.0V', NULL);
INSERT INTO board_test_points (board_revision_id, label, location_desc, expected_voltage, expected_resistance) VALUES (200146, 'PP1V8', 'see boardview', '1.8V', NULL);
INSERT INTO board_test_points (board_revision_id, label, location_desc, expected_voltage, expected_resistance) VALUES (200146, 'PP3V0', 'see boardview', '3.0V', NULL);
INSERT INTO board_nets (board_revision_id, net_name, test_point, expected_value, units) VALUES (200146, 'VBAT / PP_BATT_VCC', 'VBAT', '3.8', 'V');
INSERT INTO board_nets (board_revision_id, net_name, test_point, expected_value, units) VALUES (200146, 'VBUS', 'VBUS_5V', '5.0', 'V');
INSERT INTO board_nets (board_revision_id, net_name, test_point, expected_value, units) VALUES (200146, '1V8', 'PP1V8', '1.8', 'V');
INSERT INTO board_nets (board_revision_id, net_name, test_point, expected_value, units) VALUES (200146, '3V0', 'PP3V0', '3.0', 'V');
INSERT INTO measurements (board_revision_id, kind, test_point, reference_designator, rail_name, power_state, expected_value, measured_value, units, notes, is_known_good) VALUES (200146, 'voltage', 'VBAT', NULL, 'VBAT / PP_BATT_VCC', 'off', '3.8', '3.8', 'V', 'Battery main rail (typically 3.0-4.35V with charge).', 1);
INSERT INTO measurements (board_revision_id, kind, test_point, reference_designator, rail_name, power_state, expected_value, measured_value, units, notes, is_known_good) VALUES (200146, 'voltage', 'VBUS_5V', NULL, 'VBUS', 'on', '5.0', '5.0', 'V', 'USB VBUS when charging.', 1);
INSERT INTO measurements (board_revision_id, kind, test_point, reference_designator, rail_name, power_state, expected_value, measured_value, units, notes, is_known_good) VALUES (200146, 'voltage', 'PP1V8', NULL, '1V8', 'on', '1.8', '1.8', 'V', '1.8V housekeeping rail (typical).', 1);
INSERT INTO measurements (board_revision_id, kind, test_point, reference_designator, rail_name, power_state, expected_value, measured_value, units, notes, is_known_good) VALUES (200146, 'voltage', 'PP3V0', NULL, '3V0', 'on', '3.0', '3.0', 'V', '3.0V rail (typical).', 1);
INSERT INTO board_revisions (id, device_model, revision, layer_count, primary_soc, pmic, notes) VALUES (200147, 'OnePlus OnePlus 9', 'Logic Board', NULL, NULL, 'U_PMIC', 'OnePlus OnePlus 9 main logic board. Component set and rails are family-typical reference values; confirm exact values against the boardview/schematic for this unit.');
INSERT INTO board_components (board_revision_id, reference_designator, component_type, value, part_number, notes) VALUES (200147, 'J_DISP', 'Connector', NULL, NULL, 'Display FPC connector');
INSERT INTO board_components (board_revision_id, reference_designator, component_type, value, part_number, notes) VALUES (200147, 'J_BATT', 'Connector', NULL, NULL, 'Battery FPC connector');
INSERT INTO board_components (board_revision_id, reference_designator, component_type, value, part_number, notes) VALUES (200147, 'J_CHG', 'Connector', NULL, NULL, 'Charge port / dock connector');
INSERT INTO board_components (board_revision_id, reference_designator, component_type, value, part_number, notes) VALUES (200147, 'J_FCAM', 'Connector', NULL, NULL, 'Front camera connector');
INSERT INTO board_components (board_revision_id, reference_designator, component_type, value, part_number, notes) VALUES (200147, 'J_RCAM', 'Connector', NULL, NULL, 'Rear camera connector');
INSERT INTO board_components (board_revision_id, reference_designator, component_type, value, part_number, notes) VALUES (200147, 'U_PMIC', 'PMIC', NULL, NULL, 'Main power management IC');
INSERT INTO board_components (board_revision_id, reference_designator, component_type, value, part_number, notes) VALUES (200147, 'U_CHG', 'Charging IC', NULL, NULL, 'USB charging / interface IC');
INSERT INTO board_components (board_revision_id, reference_designator, component_type, value, part_number, notes) VALUES (200147, 'U_AUDIO', 'Audio IC', NULL, NULL, 'Audio codec IC');
INSERT INTO board_components (board_revision_id, reference_designator, component_type, value, part_number, notes) VALUES (200147, 'U_NAND', 'NAND Flash', NULL, NULL, 'Flash storage');
INSERT INTO board_test_points (board_revision_id, label, location_desc, expected_voltage, expected_resistance) VALUES (200147, 'VBAT', 'see boardview', '3.8V', NULL);
INSERT INTO board_test_points (board_revision_id, label, location_desc, expected_voltage, expected_resistance) VALUES (200147, 'VBUS_5V', 'see boardview', '5.0V', NULL);
INSERT INTO board_test_points (board_revision_id, label, location_desc, expected_voltage, expected_resistance) VALUES (200147, 'PP1V8', 'see boardview', '1.8V', NULL);
INSERT INTO board_test_points (board_revision_id, label, location_desc, expected_voltage, expected_resistance) VALUES (200147, 'PP3V0', 'see boardview', '3.0V', NULL);
INSERT INTO board_nets (board_revision_id, net_name, test_point, expected_value, units) VALUES (200147, 'VBAT / PP_BATT_VCC', 'VBAT', '3.8', 'V');
INSERT INTO board_nets (board_revision_id, net_name, test_point, expected_value, units) VALUES (200147, 'VBUS', 'VBUS_5V', '5.0', 'V');
INSERT INTO board_nets (board_revision_id, net_name, test_point, expected_value, units) VALUES (200147, '1V8', 'PP1V8', '1.8', 'V');
INSERT INTO board_nets (board_revision_id, net_name, test_point, expected_value, units) VALUES (200147, '3V0', 'PP3V0', '3.0', 'V');
INSERT INTO measurements (board_revision_id, kind, test_point, reference_designator, rail_name, power_state, expected_value, measured_value, units, notes, is_known_good) VALUES (200147, 'voltage', 'VBAT', NULL, 'VBAT / PP_BATT_VCC', 'off', '3.8', '3.8', 'V', 'Battery main rail (typically 3.0-4.35V with charge).', 1);
INSERT INTO measurements (board_revision_id, kind, test_point, reference_designator, rail_name, power_state, expected_value, measured_value, units, notes, is_known_good) VALUES (200147, 'voltage', 'VBUS_5V', NULL, 'VBUS', 'on', '5.0', '5.0', 'V', 'USB VBUS when charging.', 1);
INSERT INTO measurements (board_revision_id, kind, test_point, reference_designator, rail_name, power_state, expected_value, measured_value, units, notes, is_known_good) VALUES (200147, 'voltage', 'PP1V8', NULL, '1V8', 'on', '1.8', '1.8', 'V', '1.8V housekeeping rail (typical).', 1);
INSERT INTO measurements (board_revision_id, kind, test_point, reference_designator, rail_name, power_state, expected_value, measured_value, units, notes, is_known_good) VALUES (200147, 'voltage', 'PP3V0', NULL, '3V0', 'on', '3.0', '3.0', 'V', '3.0V rail (typical).', 1);
INSERT INTO board_revisions (id, device_model, revision, layer_count, primary_soc, pmic, notes) VALUES (200148, 'OnePlus OnePlus 9 Pro', 'Logic Board', NULL, NULL, 'U_PMIC', 'OnePlus OnePlus 9 Pro main logic board. Component set and rails are family-typical reference values; confirm exact values against the boardview/schematic for this unit.');
INSERT INTO board_components (board_revision_id, reference_designator, component_type, value, part_number, notes) VALUES (200148, 'J_DISP', 'Connector', NULL, NULL, 'Display FPC connector');
INSERT INTO board_components (board_revision_id, reference_designator, component_type, value, part_number, notes) VALUES (200148, 'J_BATT', 'Connector', NULL, NULL, 'Battery FPC connector');
INSERT INTO board_components (board_revision_id, reference_designator, component_type, value, part_number, notes) VALUES (200148, 'J_CHG', 'Connector', NULL, NULL, 'Charge port / dock connector');
INSERT INTO board_components (board_revision_id, reference_designator, component_type, value, part_number, notes) VALUES (200148, 'J_FCAM', 'Connector', NULL, NULL, 'Front camera connector');
INSERT INTO board_components (board_revision_id, reference_designator, component_type, value, part_number, notes) VALUES (200148, 'J_RCAM', 'Connector', NULL, NULL, 'Rear camera connector');
INSERT INTO board_components (board_revision_id, reference_designator, component_type, value, part_number, notes) VALUES (200148, 'U_PMIC', 'PMIC', NULL, NULL, 'Main power management IC');
INSERT INTO board_components (board_revision_id, reference_designator, component_type, value, part_number, notes) VALUES (200148, 'U_CHG', 'Charging IC', NULL, NULL, 'USB charging / interface IC');
INSERT INTO board_components (board_revision_id, reference_designator, component_type, value, part_number, notes) VALUES (200148, 'U_AUDIO', 'Audio IC', NULL, NULL, 'Audio codec IC');
INSERT INTO board_components (board_revision_id, reference_designator, component_type, value, part_number, notes) VALUES (200148, 'U_NAND', 'NAND Flash', NULL, NULL, 'Flash storage');
INSERT INTO board_test_points (board_revision_id, label, location_desc, expected_voltage, expected_resistance) VALUES (200148, 'VBAT', 'see boardview', '3.8V', NULL);
INSERT INTO board_test_points (board_revision_id, label, location_desc, expected_voltage, expected_resistance) VALUES (200148, 'VBUS_5V', 'see boardview', '5.0V', NULL);
INSERT INTO board_test_points (board_revision_id, label, location_desc, expected_voltage, expected_resistance) VALUES (200148, 'PP1V8', 'see boardview', '1.8V', NULL);
INSERT INTO board_test_points (board_revision_id, label, location_desc, expected_voltage, expected_resistance) VALUES (200148, 'PP3V0', 'see boardview', '3.0V', NULL);
INSERT INTO board_nets (board_revision_id, net_name, test_point, expected_value, units) VALUES (200148, 'VBAT / PP_BATT_VCC', 'VBAT', '3.8', 'V');
INSERT INTO board_nets (board_revision_id, net_name, test_point, expected_value, units) VALUES (200148, 'VBUS', 'VBUS_5V', '5.0', 'V');
INSERT INTO board_nets (board_revision_id, net_name, test_point, expected_value, units) VALUES (200148, '1V8', 'PP1V8', '1.8', 'V');
INSERT INTO board_nets (board_revision_id, net_name, test_point, expected_value, units) VALUES (200148, '3V0', 'PP3V0', '3.0', 'V');
INSERT INTO measurements (board_revision_id, kind, test_point, reference_designator, rail_name, power_state, expected_value, measured_value, units, notes, is_known_good) VALUES (200148, 'voltage', 'VBAT', NULL, 'VBAT / PP_BATT_VCC', 'off', '3.8', '3.8', 'V', 'Battery main rail (typically 3.0-4.35V with charge).', 1);
INSERT INTO measurements (board_revision_id, kind, test_point, reference_designator, rail_name, power_state, expected_value, measured_value, units, notes, is_known_good) VALUES (200148, 'voltage', 'VBUS_5V', NULL, 'VBUS', 'on', '5.0', '5.0', 'V', 'USB VBUS when charging.', 1);
INSERT INTO measurements (board_revision_id, kind, test_point, reference_designator, rail_name, power_state, expected_value, measured_value, units, notes, is_known_good) VALUES (200148, 'voltage', 'PP1V8', NULL, '1V8', 'on', '1.8', '1.8', 'V', '1.8V housekeeping rail (typical).', 1);
INSERT INTO measurements (board_revision_id, kind, test_point, reference_designator, rail_name, power_state, expected_value, measured_value, units, notes, is_known_good) VALUES (200148, 'voltage', 'PP3V0', NULL, '3V0', 'on', '3.0', '3.0', 'V', '3.0V rail (typical).', 1);
INSERT INTO board_revisions (id, device_model, revision, layer_count, primary_soc, pmic, notes) VALUES (200149, 'OnePlus OnePlus 10 Pro', 'Logic Board', NULL, NULL, 'U_PMIC', 'OnePlus OnePlus 10 Pro main logic board. Component set and rails are family-typical reference values; confirm exact values against the boardview/schematic for this unit.');
INSERT INTO board_components (board_revision_id, reference_designator, component_type, value, part_number, notes) VALUES (200149, 'J_DISP', 'Connector', NULL, NULL, 'Display FPC connector');
INSERT INTO board_components (board_revision_id, reference_designator, component_type, value, part_number, notes) VALUES (200149, 'J_BATT', 'Connector', NULL, NULL, 'Battery FPC connector');
INSERT INTO board_components (board_revision_id, reference_designator, component_type, value, part_number, notes) VALUES (200149, 'J_CHG', 'Connector', NULL, NULL, 'Charge port / dock connector');
INSERT INTO board_components (board_revision_id, reference_designator, component_type, value, part_number, notes) VALUES (200149, 'J_FCAM', 'Connector', NULL, NULL, 'Front camera connector');
INSERT INTO board_components (board_revision_id, reference_designator, component_type, value, part_number, notes) VALUES (200149, 'J_RCAM', 'Connector', NULL, NULL, 'Rear camera connector');
INSERT INTO board_components (board_revision_id, reference_designator, component_type, value, part_number, notes) VALUES (200149, 'U_PMIC', 'PMIC', NULL, NULL, 'Main power management IC');
INSERT INTO board_components (board_revision_id, reference_designator, component_type, value, part_number, notes) VALUES (200149, 'U_CHG', 'Charging IC', NULL, NULL, 'USB charging / interface IC');
INSERT INTO board_components (board_revision_id, reference_designator, component_type, value, part_number, notes) VALUES (200149, 'U_AUDIO', 'Audio IC', NULL, NULL, 'Audio codec IC');
INSERT INTO board_components (board_revision_id, reference_designator, component_type, value, part_number, notes) VALUES (200149, 'U_NAND', 'NAND Flash', NULL, NULL, 'Flash storage');
INSERT INTO board_test_points (board_revision_id, label, location_desc, expected_voltage, expected_resistance) VALUES (200149, 'VBAT', 'see boardview', '3.8V', NULL);
INSERT INTO board_test_points (board_revision_id, label, location_desc, expected_voltage, expected_resistance) VALUES (200149, 'VBUS_5V', 'see boardview', '5.0V', NULL);
INSERT INTO board_test_points (board_revision_id, label, location_desc, expected_voltage, expected_resistance) VALUES (200149, 'PP1V8', 'see boardview', '1.8V', NULL);
INSERT INTO board_test_points (board_revision_id, label, location_desc, expected_voltage, expected_resistance) VALUES (200149, 'PP3V0', 'see boardview', '3.0V', NULL);
INSERT INTO board_nets (board_revision_id, net_name, test_point, expected_value, units) VALUES (200149, 'VBAT / PP_BATT_VCC', 'VBAT', '3.8', 'V');
INSERT INTO board_nets (board_revision_id, net_name, test_point, expected_value, units) VALUES (200149, 'VBUS', 'VBUS_5V', '5.0', 'V');
INSERT INTO board_nets (board_revision_id, net_name, test_point, expected_value, units) VALUES (200149, '1V8', 'PP1V8', '1.8', 'V');
INSERT INTO board_nets (board_revision_id, net_name, test_point, expected_value, units) VALUES (200149, '3V0', 'PP3V0', '3.0', 'V');
INSERT INTO measurements (board_revision_id, kind, test_point, reference_designator, rail_name, power_state, expected_value, measured_value, units, notes, is_known_good) VALUES (200149, 'voltage', 'VBAT', NULL, 'VBAT / PP_BATT_VCC', 'off', '3.8', '3.8', 'V', 'Battery main rail (typically 3.0-4.35V with charge).', 1);
INSERT INTO measurements (board_revision_id, kind, test_point, reference_designator, rail_name, power_state, expected_value, measured_value, units, notes, is_known_good) VALUES (200149, 'voltage', 'VBUS_5V', NULL, 'VBUS', 'on', '5.0', '5.0', 'V', 'USB VBUS when charging.', 1);
INSERT INTO measurements (board_revision_id, kind, test_point, reference_designator, rail_name, power_state, expected_value, measured_value, units, notes, is_known_good) VALUES (200149, 'voltage', 'PP1V8', NULL, '1V8', 'on', '1.8', '1.8', 'V', '1.8V housekeeping rail (typical).', 1);
INSERT INTO measurements (board_revision_id, kind, test_point, reference_designator, rail_name, power_state, expected_value, measured_value, units, notes, is_known_good) VALUES (200149, 'voltage', 'PP3V0', NULL, '3V0', 'on', '3.0', '3.0', 'V', '3.0V rail (typical).', 1);
INSERT INTO board_revisions (id, device_model, revision, layer_count, primary_soc, pmic, notes) VALUES (200150, 'OnePlus OnePlus 10T', 'Logic Board', NULL, NULL, 'U_PMIC', 'OnePlus OnePlus 10T main logic board. Component set and rails are family-typical reference values; confirm exact values against the boardview/schematic for this unit.');
INSERT INTO board_components (board_revision_id, reference_designator, component_type, value, part_number, notes) VALUES (200150, 'J_DISP', 'Connector', NULL, NULL, 'Display FPC connector');
INSERT INTO board_components (board_revision_id, reference_designator, component_type, value, part_number, notes) VALUES (200150, 'J_BATT', 'Connector', NULL, NULL, 'Battery FPC connector');
INSERT INTO board_components (board_revision_id, reference_designator, component_type, value, part_number, notes) VALUES (200150, 'J_CHG', 'Connector', NULL, NULL, 'Charge port / dock connector');
INSERT INTO board_components (board_revision_id, reference_designator, component_type, value, part_number, notes) VALUES (200150, 'J_FCAM', 'Connector', NULL, NULL, 'Front camera connector');
INSERT INTO board_components (board_revision_id, reference_designator, component_type, value, part_number, notes) VALUES (200150, 'J_RCAM', 'Connector', NULL, NULL, 'Rear camera connector');
INSERT INTO board_components (board_revision_id, reference_designator, component_type, value, part_number, notes) VALUES (200150, 'U_PMIC', 'PMIC', NULL, NULL, 'Main power management IC');
INSERT INTO board_components (board_revision_id, reference_designator, component_type, value, part_number, notes) VALUES (200150, 'U_CHG', 'Charging IC', NULL, NULL, 'USB charging / interface IC');
INSERT INTO board_components (board_revision_id, reference_designator, component_type, value, part_number, notes) VALUES (200150, 'U_AUDIO', 'Audio IC', NULL, NULL, 'Audio codec IC');
INSERT INTO board_components (board_revision_id, reference_designator, component_type, value, part_number, notes) VALUES (200150, 'U_NAND', 'NAND Flash', NULL, NULL, 'Flash storage');
INSERT INTO board_test_points (board_revision_id, label, location_desc, expected_voltage, expected_resistance) VALUES (200150, 'VBAT', 'see boardview', '3.8V', NULL);
INSERT INTO board_test_points (board_revision_id, label, location_desc, expected_voltage, expected_resistance) VALUES (200150, 'VBUS_5V', 'see boardview', '5.0V', NULL);
INSERT INTO board_test_points (board_revision_id, label, location_desc, expected_voltage, expected_resistance) VALUES (200150, 'PP1V8', 'see boardview', '1.8V', NULL);
INSERT INTO board_test_points (board_revision_id, label, location_desc, expected_voltage, expected_resistance) VALUES (200150, 'PP3V0', 'see boardview', '3.0V', NULL);
INSERT INTO board_nets (board_revision_id, net_name, test_point, expected_value, units) VALUES (200150, 'VBAT / PP_BATT_VCC', 'VBAT', '3.8', 'V');
INSERT INTO board_nets (board_revision_id, net_name, test_point, expected_value, units) VALUES (200150, 'VBUS', 'VBUS_5V', '5.0', 'V');
INSERT INTO board_nets (board_revision_id, net_name, test_point, expected_value, units) VALUES (200150, '1V8', 'PP1V8', '1.8', 'V');
INSERT INTO board_nets (board_revision_id, net_name, test_point, expected_value, units) VALUES (200150, '3V0', 'PP3V0', '3.0', 'V');
INSERT INTO measurements (board_revision_id, kind, test_point, reference_designator, rail_name, power_state, expected_value, measured_value, units, notes, is_known_good) VALUES (200150, 'voltage', 'VBAT', NULL, 'VBAT / PP_BATT_VCC', 'off', '3.8', '3.8', 'V', 'Battery main rail (typically 3.0-4.35V with charge).', 1);
INSERT INTO measurements (board_revision_id, kind, test_point, reference_designator, rail_name, power_state, expected_value, measured_value, units, notes, is_known_good) VALUES (200150, 'voltage', 'VBUS_5V', NULL, 'VBUS', 'on', '5.0', '5.0', 'V', 'USB VBUS when charging.', 1);
INSERT INTO measurements (board_revision_id, kind, test_point, reference_designator, rail_name, power_state, expected_value, measured_value, units, notes, is_known_good) VALUES (200150, 'voltage', 'PP1V8', NULL, '1V8', 'on', '1.8', '1.8', 'V', '1.8V housekeeping rail (typical).', 1);
INSERT INTO measurements (board_revision_id, kind, test_point, reference_designator, rail_name, power_state, expected_value, measured_value, units, notes, is_known_good) VALUES (200150, 'voltage', 'PP3V0', NULL, '3V0', 'on', '3.0', '3.0', 'V', '3.0V rail (typical).', 1);
INSERT INTO board_revisions (id, device_model, revision, layer_count, primary_soc, pmic, notes) VALUES (200151, 'OnePlus OnePlus 11', 'Logic Board', NULL, NULL, 'U_PMIC', 'OnePlus OnePlus 11 main logic board. Component set and rails are family-typical reference values; confirm exact values against the boardview/schematic for this unit.');
INSERT INTO board_components (board_revision_id, reference_designator, component_type, value, part_number, notes) VALUES (200151, 'J_DISP', 'Connector', NULL, NULL, 'Display FPC connector');
INSERT INTO board_components (board_revision_id, reference_designator, component_type, value, part_number, notes) VALUES (200151, 'J_BATT', 'Connector', NULL, NULL, 'Battery FPC connector');
INSERT INTO board_components (board_revision_id, reference_designator, component_type, value, part_number, notes) VALUES (200151, 'J_CHG', 'Connector', NULL, NULL, 'Charge port / dock connector');
INSERT INTO board_components (board_revision_id, reference_designator, component_type, value, part_number, notes) VALUES (200151, 'J_FCAM', 'Connector', NULL, NULL, 'Front camera connector');
INSERT INTO board_components (board_revision_id, reference_designator, component_type, value, part_number, notes) VALUES (200151, 'J_RCAM', 'Connector', NULL, NULL, 'Rear camera connector');
INSERT INTO board_components (board_revision_id, reference_designator, component_type, value, part_number, notes) VALUES (200151, 'U_PMIC', 'PMIC', NULL, NULL, 'Main power management IC');
INSERT INTO board_components (board_revision_id, reference_designator, component_type, value, part_number, notes) VALUES (200151, 'U_CHG', 'Charging IC', NULL, NULL, 'USB charging / interface IC');
INSERT INTO board_components (board_revision_id, reference_designator, component_type, value, part_number, notes) VALUES (200151, 'U_AUDIO', 'Audio IC', NULL, NULL, 'Audio codec IC');
INSERT INTO board_components (board_revision_id, reference_designator, component_type, value, part_number, notes) VALUES (200151, 'U_NAND', 'NAND Flash', NULL, NULL, 'Flash storage');
INSERT INTO board_test_points (board_revision_id, label, location_desc, expected_voltage, expected_resistance) VALUES (200151, 'VBAT', 'see boardview', '3.8V', NULL);
INSERT INTO board_test_points (board_revision_id, label, location_desc, expected_voltage, expected_resistance) VALUES (200151, 'VBUS_5V', 'see boardview', '5.0V', NULL);
INSERT INTO board_test_points (board_revision_id, label, location_desc, expected_voltage, expected_resistance) VALUES (200151, 'PP1V8', 'see boardview', '1.8V', NULL);
INSERT INTO board_test_points (board_revision_id, label, location_desc, expected_voltage, expected_resistance) VALUES (200151, 'PP3V0', 'see boardview', '3.0V', NULL);
INSERT INTO board_nets (board_revision_id, net_name, test_point, expected_value, units) VALUES (200151, 'VBAT / PP_BATT_VCC', 'VBAT', '3.8', 'V');
INSERT INTO board_nets (board_revision_id, net_name, test_point, expected_value, units) VALUES (200151, 'VBUS', 'VBUS_5V', '5.0', 'V');
INSERT INTO board_nets (board_revision_id, net_name, test_point, expected_value, units) VALUES (200151, '1V8', 'PP1V8', '1.8', 'V');
INSERT INTO board_nets (board_revision_id, net_name, test_point, expected_value, units) VALUES (200151, '3V0', 'PP3V0', '3.0', 'V');
INSERT INTO measurements (board_revision_id, kind, test_point, reference_designator, rail_name, power_state, expected_value, measured_value, units, notes, is_known_good) VALUES (200151, 'voltage', 'VBAT', NULL, 'VBAT / PP_BATT_VCC', 'off', '3.8', '3.8', 'V', 'Battery main rail (typically 3.0-4.35V with charge).', 1);
INSERT INTO measurements (board_revision_id, kind, test_point, reference_designator, rail_name, power_state, expected_value, measured_value, units, notes, is_known_good) VALUES (200151, 'voltage', 'VBUS_5V', NULL, 'VBUS', 'on', '5.0', '5.0', 'V', 'USB VBUS when charging.', 1);
INSERT INTO measurements (board_revision_id, kind, test_point, reference_designator, rail_name, power_state, expected_value, measured_value, units, notes, is_known_good) VALUES (200151, 'voltage', 'PP1V8', NULL, '1V8', 'on', '1.8', '1.8', 'V', '1.8V housekeeping rail (typical).', 1);
INSERT INTO measurements (board_revision_id, kind, test_point, reference_designator, rail_name, power_state, expected_value, measured_value, units, notes, is_known_good) VALUES (200151, 'voltage', 'PP3V0', NULL, '3V0', 'on', '3.0', '3.0', 'V', '3.0V rail (typical).', 1);
INSERT INTO board_revisions (id, device_model, revision, layer_count, primary_soc, pmic, notes) VALUES (200152, 'OnePlus OnePlus Nord', 'Logic Board', NULL, NULL, 'U_PMIC', 'OnePlus OnePlus Nord main logic board. Component set and rails are family-typical reference values; confirm exact values against the boardview/schematic for this unit.');
INSERT INTO board_components (board_revision_id, reference_designator, component_type, value, part_number, notes) VALUES (200152, 'J_DISP', 'Connector', NULL, NULL, 'Display FPC connector');
INSERT INTO board_components (board_revision_id, reference_designator, component_type, value, part_number, notes) VALUES (200152, 'J_BATT', 'Connector', NULL, NULL, 'Battery FPC connector');
INSERT INTO board_components (board_revision_id, reference_designator, component_type, value, part_number, notes) VALUES (200152, 'J_CHG', 'Connector', NULL, NULL, 'Charge port / dock connector');
INSERT INTO board_components (board_revision_id, reference_designator, component_type, value, part_number, notes) VALUES (200152, 'J_FCAM', 'Connector', NULL, NULL, 'Front camera connector');
INSERT INTO board_components (board_revision_id, reference_designator, component_type, value, part_number, notes) VALUES (200152, 'J_RCAM', 'Connector', NULL, NULL, 'Rear camera connector');
INSERT INTO board_components (board_revision_id, reference_designator, component_type, value, part_number, notes) VALUES (200152, 'U_PMIC', 'PMIC', NULL, NULL, 'Main power management IC');
INSERT INTO board_components (board_revision_id, reference_designator, component_type, value, part_number, notes) VALUES (200152, 'U_CHG', 'Charging IC', NULL, NULL, 'USB charging / interface IC');
INSERT INTO board_components (board_revision_id, reference_designator, component_type, value, part_number, notes) VALUES (200152, 'U_AUDIO', 'Audio IC', NULL, NULL, 'Audio codec IC');
INSERT INTO board_components (board_revision_id, reference_designator, component_type, value, part_number, notes) VALUES (200152, 'U_NAND', 'NAND Flash', NULL, NULL, 'Flash storage');
INSERT INTO board_test_points (board_revision_id, label, location_desc, expected_voltage, expected_resistance) VALUES (200152, 'VBAT', 'see boardview', '3.8V', NULL);
INSERT INTO board_test_points (board_revision_id, label, location_desc, expected_voltage, expected_resistance) VALUES (200152, 'VBUS_5V', 'see boardview', '5.0V', NULL);
INSERT INTO board_test_points (board_revision_id, label, location_desc, expected_voltage, expected_resistance) VALUES (200152, 'PP1V8', 'see boardview', '1.8V', NULL);
INSERT INTO board_test_points (board_revision_id, label, location_desc, expected_voltage, expected_resistance) VALUES (200152, 'PP3V0', 'see boardview', '3.0V', NULL);
INSERT INTO board_nets (board_revision_id, net_name, test_point, expected_value, units) VALUES (200152, 'VBAT / PP_BATT_VCC', 'VBAT', '3.8', 'V');
INSERT INTO board_nets (board_revision_id, net_name, test_point, expected_value, units) VALUES (200152, 'VBUS', 'VBUS_5V', '5.0', 'V');
INSERT INTO board_nets (board_revision_id, net_name, test_point, expected_value, units) VALUES (200152, '1V8', 'PP1V8', '1.8', 'V');
INSERT INTO board_nets (board_revision_id, net_name, test_point, expected_value, units) VALUES (200152, '3V0', 'PP3V0', '3.0', 'V');
INSERT INTO measurements (board_revision_id, kind, test_point, reference_designator, rail_name, power_state, expected_value, measured_value, units, notes, is_known_good) VALUES (200152, 'voltage', 'VBAT', NULL, 'VBAT / PP_BATT_VCC', 'off', '3.8', '3.8', 'V', 'Battery main rail (typically 3.0-4.35V with charge).', 1);
INSERT INTO measurements (board_revision_id, kind, test_point, reference_designator, rail_name, power_state, expected_value, measured_value, units, notes, is_known_good) VALUES (200152, 'voltage', 'VBUS_5V', NULL, 'VBUS', 'on', '5.0', '5.0', 'V', 'USB VBUS when charging.', 1);
INSERT INTO measurements (board_revision_id, kind, test_point, reference_designator, rail_name, power_state, expected_value, measured_value, units, notes, is_known_good) VALUES (200152, 'voltage', 'PP1V8', NULL, '1V8', 'on', '1.8', '1.8', 'V', '1.8V housekeeping rail (typical).', 1);
INSERT INTO measurements (board_revision_id, kind, test_point, reference_designator, rail_name, power_state, expected_value, measured_value, units, notes, is_known_good) VALUES (200152, 'voltage', 'PP3V0', NULL, '3V0', 'on', '3.0', '3.0', 'V', '3.0V rail (typical).', 1);
INSERT INTO board_revisions (id, device_model, revision, layer_count, primary_soc, pmic, notes) VALUES (200153, 'OnePlus OnePlus Nord 2', 'Logic Board', NULL, NULL, 'U_PMIC', 'OnePlus OnePlus Nord 2 main logic board. Component set and rails are family-typical reference values; confirm exact values against the boardview/schematic for this unit.');
INSERT INTO board_components (board_revision_id, reference_designator, component_type, value, part_number, notes) VALUES (200153, 'J_DISP', 'Connector', NULL, NULL, 'Display FPC connector');
INSERT INTO board_components (board_revision_id, reference_designator, component_type, value, part_number, notes) VALUES (200153, 'J_BATT', 'Connector', NULL, NULL, 'Battery FPC connector');
INSERT INTO board_components (board_revision_id, reference_designator, component_type, value, part_number, notes) VALUES (200153, 'J_CHG', 'Connector', NULL, NULL, 'Charge port / dock connector');
INSERT INTO board_components (board_revision_id, reference_designator, component_type, value, part_number, notes) VALUES (200153, 'J_FCAM', 'Connector', NULL, NULL, 'Front camera connector');
INSERT INTO board_components (board_revision_id, reference_designator, component_type, value, part_number, notes) VALUES (200153, 'J_RCAM', 'Connector', NULL, NULL, 'Rear camera connector');
INSERT INTO board_components (board_revision_id, reference_designator, component_type, value, part_number, notes) VALUES (200153, 'U_PMIC', 'PMIC', NULL, NULL, 'Main power management IC');
INSERT INTO board_components (board_revision_id, reference_designator, component_type, value, part_number, notes) VALUES (200153, 'U_CHG', 'Charging IC', NULL, NULL, 'USB charging / interface IC');
INSERT INTO board_components (board_revision_id, reference_designator, component_type, value, part_number, notes) VALUES (200153, 'U_AUDIO', 'Audio IC', NULL, NULL, 'Audio codec IC');
INSERT INTO board_components (board_revision_id, reference_designator, component_type, value, part_number, notes) VALUES (200153, 'U_NAND', 'NAND Flash', NULL, NULL, 'Flash storage');
INSERT INTO board_test_points (board_revision_id, label, location_desc, expected_voltage, expected_resistance) VALUES (200153, 'VBAT', 'see boardview', '3.8V', NULL);
INSERT INTO board_test_points (board_revision_id, label, location_desc, expected_voltage, expected_resistance) VALUES (200153, 'VBUS_5V', 'see boardview', '5.0V', NULL);
INSERT INTO board_test_points (board_revision_id, label, location_desc, expected_voltage, expected_resistance) VALUES (200153, 'PP1V8', 'see boardview', '1.8V', NULL);
INSERT INTO board_test_points (board_revision_id, label, location_desc, expected_voltage, expected_resistance) VALUES (200153, 'PP3V0', 'see boardview', '3.0V', NULL);
INSERT INTO board_nets (board_revision_id, net_name, test_point, expected_value, units) VALUES (200153, 'VBAT / PP_BATT_VCC', 'VBAT', '3.8', 'V');
INSERT INTO board_nets (board_revision_id, net_name, test_point, expected_value, units) VALUES (200153, 'VBUS', 'VBUS_5V', '5.0', 'V');
INSERT INTO board_nets (board_revision_id, net_name, test_point, expected_value, units) VALUES (200153, '1V8', 'PP1V8', '1.8', 'V');
INSERT INTO board_nets (board_revision_id, net_name, test_point, expected_value, units) VALUES (200153, '3V0', 'PP3V0', '3.0', 'V');
INSERT INTO measurements (board_revision_id, kind, test_point, reference_designator, rail_name, power_state, expected_value, measured_value, units, notes, is_known_good) VALUES (200153, 'voltage', 'VBAT', NULL, 'VBAT / PP_BATT_VCC', 'off', '3.8', '3.8', 'V', 'Battery main rail (typically 3.0-4.35V with charge).', 1);
INSERT INTO measurements (board_revision_id, kind, test_point, reference_designator, rail_name, power_state, expected_value, measured_value, units, notes, is_known_good) VALUES (200153, 'voltage', 'VBUS_5V', NULL, 'VBUS', 'on', '5.0', '5.0', 'V', 'USB VBUS when charging.', 1);
INSERT INTO measurements (board_revision_id, kind, test_point, reference_designator, rail_name, power_state, expected_value, measured_value, units, notes, is_known_good) VALUES (200153, 'voltage', 'PP1V8', NULL, '1V8', 'on', '1.8', '1.8', 'V', '1.8V housekeeping rail (typical).', 1);
INSERT INTO measurements (board_revision_id, kind, test_point, reference_designator, rail_name, power_state, expected_value, measured_value, units, notes, is_known_good) VALUES (200153, 'voltage', 'PP3V0', NULL, '3V0', 'on', '3.0', '3.0', 'V', '3.0V rail (typical).', 1);
INSERT INTO board_revisions (id, device_model, revision, layer_count, primary_soc, pmic, notes) VALUES (200154, 'OnePlus OnePlus Nord N10', 'Logic Board', NULL, NULL, 'U_PMIC', 'OnePlus OnePlus Nord N10 main logic board. Component set and rails are family-typical reference values; confirm exact values against the boardview/schematic for this unit.');
INSERT INTO board_components (board_revision_id, reference_designator, component_type, value, part_number, notes) VALUES (200154, 'J_DISP', 'Connector', NULL, NULL, 'Display FPC connector');
INSERT INTO board_components (board_revision_id, reference_designator, component_type, value, part_number, notes) VALUES (200154, 'J_BATT', 'Connector', NULL, NULL, 'Battery FPC connector');
INSERT INTO board_components (board_revision_id, reference_designator, component_type, value, part_number, notes) VALUES (200154, 'J_CHG', 'Connector', NULL, NULL, 'Charge port / dock connector');
INSERT INTO board_components (board_revision_id, reference_designator, component_type, value, part_number, notes) VALUES (200154, 'J_FCAM', 'Connector', NULL, NULL, 'Front camera connector');
INSERT INTO board_components (board_revision_id, reference_designator, component_type, value, part_number, notes) VALUES (200154, 'J_RCAM', 'Connector', NULL, NULL, 'Rear camera connector');
INSERT INTO board_components (board_revision_id, reference_designator, component_type, value, part_number, notes) VALUES (200154, 'U_PMIC', 'PMIC', NULL, NULL, 'Main power management IC');
INSERT INTO board_components (board_revision_id, reference_designator, component_type, value, part_number, notes) VALUES (200154, 'U_CHG', 'Charging IC', NULL, NULL, 'USB charging / interface IC');
INSERT INTO board_components (board_revision_id, reference_designator, component_type, value, part_number, notes) VALUES (200154, 'U_AUDIO', 'Audio IC', NULL, NULL, 'Audio codec IC');
INSERT INTO board_components (board_revision_id, reference_designator, component_type, value, part_number, notes) VALUES (200154, 'U_NAND', 'NAND Flash', NULL, NULL, 'Flash storage');
INSERT INTO board_test_points (board_revision_id, label, location_desc, expected_voltage, expected_resistance) VALUES (200154, 'VBAT', 'see boardview', '3.8V', NULL);
INSERT INTO board_test_points (board_revision_id, label, location_desc, expected_voltage, expected_resistance) VALUES (200154, 'VBUS_5V', 'see boardview', '5.0V', NULL);
INSERT INTO board_test_points (board_revision_id, label, location_desc, expected_voltage, expected_resistance) VALUES (200154, 'PP1V8', 'see boardview', '1.8V', NULL);
INSERT INTO board_test_points (board_revision_id, label, location_desc, expected_voltage, expected_resistance) VALUES (200154, 'PP3V0', 'see boardview', '3.0V', NULL);
INSERT INTO board_nets (board_revision_id, net_name, test_point, expected_value, units) VALUES (200154, 'VBAT / PP_BATT_VCC', 'VBAT', '3.8', 'V');
INSERT INTO board_nets (board_revision_id, net_name, test_point, expected_value, units) VALUES (200154, 'VBUS', 'VBUS_5V', '5.0', 'V');
INSERT INTO board_nets (board_revision_id, net_name, test_point, expected_value, units) VALUES (200154, '1V8', 'PP1V8', '1.8', 'V');
INSERT INTO board_nets (board_revision_id, net_name, test_point, expected_value, units) VALUES (200154, '3V0', 'PP3V0', '3.0', 'V');
INSERT INTO measurements (board_revision_id, kind, test_point, reference_designator, rail_name, power_state, expected_value, measured_value, units, notes, is_known_good) VALUES (200154, 'voltage', 'VBAT', NULL, 'VBAT / PP_BATT_VCC', 'off', '3.8', '3.8', 'V', 'Battery main rail (typically 3.0-4.35V with charge).', 1);
INSERT INTO measurements (board_revision_id, kind, test_point, reference_designator, rail_name, power_state, expected_value, measured_value, units, notes, is_known_good) VALUES (200154, 'voltage', 'VBUS_5V', NULL, 'VBUS', 'on', '5.0', '5.0', 'V', 'USB VBUS when charging.', 1);
INSERT INTO measurements (board_revision_id, kind, test_point, reference_designator, rail_name, power_state, expected_value, measured_value, units, notes, is_known_good) VALUES (200154, 'voltage', 'PP1V8', NULL, '1V8', 'on', '1.8', '1.8', 'V', '1.8V housekeeping rail (typical).', 1);
INSERT INTO measurements (board_revision_id, kind, test_point, reference_designator, rail_name, power_state, expected_value, measured_value, units, notes, is_known_good) VALUES (200154, 'voltage', 'PP3V0', NULL, '3V0', 'on', '3.0', '3.0', 'V', '3.0V rail (typical).', 1);
INSERT INTO board_revisions (id, device_model, revision, layer_count, primary_soc, pmic, notes) VALUES (200155, 'OnePlus OnePlus Nord N100', 'Logic Board', NULL, NULL, 'U_PMIC', 'OnePlus OnePlus Nord N100 main logic board. Component set and rails are family-typical reference values; confirm exact values against the boardview/schematic for this unit.');
INSERT INTO board_components (board_revision_id, reference_designator, component_type, value, part_number, notes) VALUES (200155, 'J_DISP', 'Connector', NULL, NULL, 'Display FPC connector');
INSERT INTO board_components (board_revision_id, reference_designator, component_type, value, part_number, notes) VALUES (200155, 'J_BATT', 'Connector', NULL, NULL, 'Battery FPC connector');
INSERT INTO board_components (board_revision_id, reference_designator, component_type, value, part_number, notes) VALUES (200155, 'J_CHG', 'Connector', NULL, NULL, 'Charge port / dock connector');
INSERT INTO board_components (board_revision_id, reference_designator, component_type, value, part_number, notes) VALUES (200155, 'J_FCAM', 'Connector', NULL, NULL, 'Front camera connector');
INSERT INTO board_components (board_revision_id, reference_designator, component_type, value, part_number, notes) VALUES (200155, 'J_RCAM', 'Connector', NULL, NULL, 'Rear camera connector');
INSERT INTO board_components (board_revision_id, reference_designator, component_type, value, part_number, notes) VALUES (200155, 'U_PMIC', 'PMIC', NULL, NULL, 'Main power management IC');
INSERT INTO board_components (board_revision_id, reference_designator, component_type, value, part_number, notes) VALUES (200155, 'U_CHG', 'Charging IC', NULL, NULL, 'USB charging / interface IC');
INSERT INTO board_components (board_revision_id, reference_designator, component_type, value, part_number, notes) VALUES (200155, 'U_AUDIO', 'Audio IC', NULL, NULL, 'Audio codec IC');
INSERT INTO board_components (board_revision_id, reference_designator, component_type, value, part_number, notes) VALUES (200155, 'U_NAND', 'NAND Flash', NULL, NULL, 'Flash storage');
INSERT INTO board_test_points (board_revision_id, label, location_desc, expected_voltage, expected_resistance) VALUES (200155, 'VBAT', 'see boardview', '3.8V', NULL);
INSERT INTO board_test_points (board_revision_id, label, location_desc, expected_voltage, expected_resistance) VALUES (200155, 'VBUS_5V', 'see boardview', '5.0V', NULL);
INSERT INTO board_test_points (board_revision_id, label, location_desc, expected_voltage, expected_resistance) VALUES (200155, 'PP1V8', 'see boardview', '1.8V', NULL);
INSERT INTO board_test_points (board_revision_id, label, location_desc, expected_voltage, expected_resistance) VALUES (200155, 'PP3V0', 'see boardview', '3.0V', NULL);
INSERT INTO board_nets (board_revision_id, net_name, test_point, expected_value, units) VALUES (200155, 'VBAT / PP_BATT_VCC', 'VBAT', '3.8', 'V');
INSERT INTO board_nets (board_revision_id, net_name, test_point, expected_value, units) VALUES (200155, 'VBUS', 'VBUS_5V', '5.0', 'V');
INSERT INTO board_nets (board_revision_id, net_name, test_point, expected_value, units) VALUES (200155, '1V8', 'PP1V8', '1.8', 'V');
INSERT INTO board_nets (board_revision_id, net_name, test_point, expected_value, units) VALUES (200155, '3V0', 'PP3V0', '3.0', 'V');
INSERT INTO measurements (board_revision_id, kind, test_point, reference_designator, rail_name, power_state, expected_value, measured_value, units, notes, is_known_good) VALUES (200155, 'voltage', 'VBAT', NULL, 'VBAT / PP_BATT_VCC', 'off', '3.8', '3.8', 'V', 'Battery main rail (typically 3.0-4.35V with charge).', 1);
INSERT INTO measurements (board_revision_id, kind, test_point, reference_designator, rail_name, power_state, expected_value, measured_value, units, notes, is_known_good) VALUES (200155, 'voltage', 'VBUS_5V', NULL, 'VBUS', 'on', '5.0', '5.0', 'V', 'USB VBUS when charging.', 1);
INSERT INTO measurements (board_revision_id, kind, test_point, reference_designator, rail_name, power_state, expected_value, measured_value, units, notes, is_known_good) VALUES (200155, 'voltage', 'PP1V8', NULL, '1V8', 'on', '1.8', '1.8', 'V', '1.8V housekeeping rail (typical).', 1);
INSERT INTO measurements (board_revision_id, kind, test_point, reference_designator, rail_name, power_state, expected_value, measured_value, units, notes, is_known_good) VALUES (200155, 'voltage', 'PP3V0', NULL, '3V0', 'on', '3.0', '3.0', 'V', '3.0V rail (typical).', 1);
INSERT INTO board_revisions (id, device_model, revision, layer_count, primary_soc, pmic, notes) VALUES (200156, 'Xiaomi Mi 8', 'Logic Board', NULL, NULL, 'U_PMIC', 'Xiaomi Mi 8 main logic board. Component set and rails are family-typical reference values; confirm exact values against the boardview/schematic for this unit.');
INSERT INTO board_components (board_revision_id, reference_designator, component_type, value, part_number, notes) VALUES (200156, 'J_DISP', 'Connector', NULL, NULL, 'Display FPC connector');
INSERT INTO board_components (board_revision_id, reference_designator, component_type, value, part_number, notes) VALUES (200156, 'J_BATT', 'Connector', NULL, NULL, 'Battery FPC connector');
INSERT INTO board_components (board_revision_id, reference_designator, component_type, value, part_number, notes) VALUES (200156, 'J_CHG', 'Connector', NULL, NULL, 'Charge port / dock connector');
INSERT INTO board_components (board_revision_id, reference_designator, component_type, value, part_number, notes) VALUES (200156, 'J_FCAM', 'Connector', NULL, NULL, 'Front camera connector');
INSERT INTO board_components (board_revision_id, reference_designator, component_type, value, part_number, notes) VALUES (200156, 'J_RCAM', 'Connector', NULL, NULL, 'Rear camera connector');
INSERT INTO board_components (board_revision_id, reference_designator, component_type, value, part_number, notes) VALUES (200156, 'U_PMIC', 'PMIC', NULL, NULL, 'Main power management IC');
INSERT INTO board_components (board_revision_id, reference_designator, component_type, value, part_number, notes) VALUES (200156, 'U_CHG', 'Charging IC', NULL, NULL, 'USB charging / interface IC');
INSERT INTO board_components (board_revision_id, reference_designator, component_type, value, part_number, notes) VALUES (200156, 'U_AUDIO', 'Audio IC', NULL, NULL, 'Audio codec IC');
INSERT INTO board_components (board_revision_id, reference_designator, component_type, value, part_number, notes) VALUES (200156, 'U_NAND', 'NAND Flash', NULL, NULL, 'Flash storage');
INSERT INTO board_test_points (board_revision_id, label, location_desc, expected_voltage, expected_resistance) VALUES (200156, 'VBAT', 'see boardview', '3.8V', NULL);
INSERT INTO board_test_points (board_revision_id, label, location_desc, expected_voltage, expected_resistance) VALUES (200156, 'VBUS_5V', 'see boardview', '5.0V', NULL);
INSERT INTO board_test_points (board_revision_id, label, location_desc, expected_voltage, expected_resistance) VALUES (200156, 'PP1V8', 'see boardview', '1.8V', NULL);
INSERT INTO board_test_points (board_revision_id, label, location_desc, expected_voltage, expected_resistance) VALUES (200156, 'PP3V0', 'see boardview', '3.0V', NULL);
INSERT INTO board_nets (board_revision_id, net_name, test_point, expected_value, units) VALUES (200156, 'VBAT / PP_BATT_VCC', 'VBAT', '3.8', 'V');
INSERT INTO board_nets (board_revision_id, net_name, test_point, expected_value, units) VALUES (200156, 'VBUS', 'VBUS_5V', '5.0', 'V');
INSERT INTO board_nets (board_revision_id, net_name, test_point, expected_value, units) VALUES (200156, '1V8', 'PP1V8', '1.8', 'V');
INSERT INTO board_nets (board_revision_id, net_name, test_point, expected_value, units) VALUES (200156, '3V0', 'PP3V0', '3.0', 'V');
INSERT INTO measurements (board_revision_id, kind, test_point, reference_designator, rail_name, power_state, expected_value, measured_value, units, notes, is_known_good) VALUES (200156, 'voltage', 'VBAT', NULL, 'VBAT / PP_BATT_VCC', 'off', '3.8', '3.8', 'V', 'Battery main rail (typically 3.0-4.35V with charge).', 1);
INSERT INTO measurements (board_revision_id, kind, test_point, reference_designator, rail_name, power_state, expected_value, measured_value, units, notes, is_known_good) VALUES (200156, 'voltage', 'VBUS_5V', NULL, 'VBUS', 'on', '5.0', '5.0', 'V', 'USB VBUS when charging.', 1);
INSERT INTO measurements (board_revision_id, kind, test_point, reference_designator, rail_name, power_state, expected_value, measured_value, units, notes, is_known_good) VALUES (200156, 'voltage', 'PP1V8', NULL, '1V8', 'on', '1.8', '1.8', 'V', '1.8V housekeeping rail (typical).', 1);
INSERT INTO measurements (board_revision_id, kind, test_point, reference_designator, rail_name, power_state, expected_value, measured_value, units, notes, is_known_good) VALUES (200156, 'voltage', 'PP3V0', NULL, '3V0', 'on', '3.0', '3.0', 'V', '3.0V rail (typical).', 1);
INSERT INTO board_revisions (id, device_model, revision, layer_count, primary_soc, pmic, notes) VALUES (200157, 'Xiaomi Mi 9', 'Logic Board', NULL, NULL, 'U_PMIC', 'Xiaomi Mi 9 main logic board. Component set and rails are family-typical reference values; confirm exact values against the boardview/schematic for this unit.');
INSERT INTO board_components (board_revision_id, reference_designator, component_type, value, part_number, notes) VALUES (200157, 'J_DISP', 'Connector', NULL, NULL, 'Display FPC connector');
INSERT INTO board_components (board_revision_id, reference_designator, component_type, value, part_number, notes) VALUES (200157, 'J_BATT', 'Connector', NULL, NULL, 'Battery FPC connector');
INSERT INTO board_components (board_revision_id, reference_designator, component_type, value, part_number, notes) VALUES (200157, 'J_CHG', 'Connector', NULL, NULL, 'Charge port / dock connector');
INSERT INTO board_components (board_revision_id, reference_designator, component_type, value, part_number, notes) VALUES (200157, 'J_FCAM', 'Connector', NULL, NULL, 'Front camera connector');
INSERT INTO board_components (board_revision_id, reference_designator, component_type, value, part_number, notes) VALUES (200157, 'J_RCAM', 'Connector', NULL, NULL, 'Rear camera connector');
INSERT INTO board_components (board_revision_id, reference_designator, component_type, value, part_number, notes) VALUES (200157, 'U_PMIC', 'PMIC', NULL, NULL, 'Main power management IC');
INSERT INTO board_components (board_revision_id, reference_designator, component_type, value, part_number, notes) VALUES (200157, 'U_CHG', 'Charging IC', NULL, NULL, 'USB charging / interface IC');
INSERT INTO board_components (board_revision_id, reference_designator, component_type, value, part_number, notes) VALUES (200157, 'U_AUDIO', 'Audio IC', NULL, NULL, 'Audio codec IC');
INSERT INTO board_components (board_revision_id, reference_designator, component_type, value, part_number, notes) VALUES (200157, 'U_NAND', 'NAND Flash', NULL, NULL, 'Flash storage');
INSERT INTO board_test_points (board_revision_id, label, location_desc, expected_voltage, expected_resistance) VALUES (200157, 'VBAT', 'see boardview', '3.8V', NULL);
INSERT INTO board_test_points (board_revision_id, label, location_desc, expected_voltage, expected_resistance) VALUES (200157, 'VBUS_5V', 'see boardview', '5.0V', NULL);
INSERT INTO board_test_points (board_revision_id, label, location_desc, expected_voltage, expected_resistance) VALUES (200157, 'PP1V8', 'see boardview', '1.8V', NULL);
INSERT INTO board_test_points (board_revision_id, label, location_desc, expected_voltage, expected_resistance) VALUES (200157, 'PP3V0', 'see boardview', '3.0V', NULL);
INSERT INTO board_nets (board_revision_id, net_name, test_point, expected_value, units) VALUES (200157, 'VBAT / PP_BATT_VCC', 'VBAT', '3.8', 'V');
INSERT INTO board_nets (board_revision_id, net_name, test_point, expected_value, units) VALUES (200157, 'VBUS', 'VBUS_5V', '5.0', 'V');
INSERT INTO board_nets (board_revision_id, net_name, test_point, expected_value, units) VALUES (200157, '1V8', 'PP1V8', '1.8', 'V');
INSERT INTO board_nets (board_revision_id, net_name, test_point, expected_value, units) VALUES (200157, '3V0', 'PP3V0', '3.0', 'V');
INSERT INTO measurements (board_revision_id, kind, test_point, reference_designator, rail_name, power_state, expected_value, measured_value, units, notes, is_known_good) VALUES (200157, 'voltage', 'VBAT', NULL, 'VBAT / PP_BATT_VCC', 'off', '3.8', '3.8', 'V', 'Battery main rail (typically 3.0-4.35V with charge).', 1);
INSERT INTO measurements (board_revision_id, kind, test_point, reference_designator, rail_name, power_state, expected_value, measured_value, units, notes, is_known_good) VALUES (200157, 'voltage', 'VBUS_5V', NULL, 'VBUS', 'on', '5.0', '5.0', 'V', 'USB VBUS when charging.', 1);
INSERT INTO measurements (board_revision_id, kind, test_point, reference_designator, rail_name, power_state, expected_value, measured_value, units, notes, is_known_good) VALUES (200157, 'voltage', 'PP1V8', NULL, '1V8', 'on', '1.8', '1.8', 'V', '1.8V housekeeping rail (typical).', 1);
INSERT INTO measurements (board_revision_id, kind, test_point, reference_designator, rail_name, power_state, expected_value, measured_value, units, notes, is_known_good) VALUES (200157, 'voltage', 'PP3V0', NULL, '3V0', 'on', '3.0', '3.0', 'V', '3.0V rail (typical).', 1);
INSERT INTO board_revisions (id, device_model, revision, layer_count, primary_soc, pmic, notes) VALUES (200158, 'Xiaomi Mi 10', 'Logic Board', NULL, NULL, 'U_PMIC', 'Xiaomi Mi 10 main logic board. Component set and rails are family-typical reference values; confirm exact values against the boardview/schematic for this unit.');
INSERT INTO board_components (board_revision_id, reference_designator, component_type, value, part_number, notes) VALUES (200158, 'J_DISP', 'Connector', NULL, NULL, 'Display FPC connector');
INSERT INTO board_components (board_revision_id, reference_designator, component_type, value, part_number, notes) VALUES (200158, 'J_BATT', 'Connector', NULL, NULL, 'Battery FPC connector');
INSERT INTO board_components (board_revision_id, reference_designator, component_type, value, part_number, notes) VALUES (200158, 'J_CHG', 'Connector', NULL, NULL, 'Charge port / dock connector');
INSERT INTO board_components (board_revision_id, reference_designator, component_type, value, part_number, notes) VALUES (200158, 'J_FCAM', 'Connector', NULL, NULL, 'Front camera connector');
INSERT INTO board_components (board_revision_id, reference_designator, component_type, value, part_number, notes) VALUES (200158, 'J_RCAM', 'Connector', NULL, NULL, 'Rear camera connector');
INSERT INTO board_components (board_revision_id, reference_designator, component_type, value, part_number, notes) VALUES (200158, 'U_PMIC', 'PMIC', NULL, NULL, 'Main power management IC');
INSERT INTO board_components (board_revision_id, reference_designator, component_type, value, part_number, notes) VALUES (200158, 'U_CHG', 'Charging IC', NULL, NULL, 'USB charging / interface IC');
INSERT INTO board_components (board_revision_id, reference_designator, component_type, value, part_number, notes) VALUES (200158, 'U_AUDIO', 'Audio IC', NULL, NULL, 'Audio codec IC');
INSERT INTO board_components (board_revision_id, reference_designator, component_type, value, part_number, notes) VALUES (200158, 'U_NAND', 'NAND Flash', NULL, NULL, 'Flash storage');
INSERT INTO board_test_points (board_revision_id, label, location_desc, expected_voltage, expected_resistance) VALUES (200158, 'VBAT', 'see boardview', '3.8V', NULL);
INSERT INTO board_test_points (board_revision_id, label, location_desc, expected_voltage, expected_resistance) VALUES (200158, 'VBUS_5V', 'see boardview', '5.0V', NULL);
INSERT INTO board_test_points (board_revision_id, label, location_desc, expected_voltage, expected_resistance) VALUES (200158, 'PP1V8', 'see boardview', '1.8V', NULL);
INSERT INTO board_test_points (board_revision_id, label, location_desc, expected_voltage, expected_resistance) VALUES (200158, 'PP3V0', 'see boardview', '3.0V', NULL);
INSERT INTO board_nets (board_revision_id, net_name, test_point, expected_value, units) VALUES (200158, 'VBAT / PP_BATT_VCC', 'VBAT', '3.8', 'V');
INSERT INTO board_nets (board_revision_id, net_name, test_point, expected_value, units) VALUES (200158, 'VBUS', 'VBUS_5V', '5.0', 'V');
INSERT INTO board_nets (board_revision_id, net_name, test_point, expected_value, units) VALUES (200158, '1V8', 'PP1V8', '1.8', 'V');
INSERT INTO board_nets (board_revision_id, net_name, test_point, expected_value, units) VALUES (200158, '3V0', 'PP3V0', '3.0', 'V');
INSERT INTO measurements (board_revision_id, kind, test_point, reference_designator, rail_name, power_state, expected_value, measured_value, units, notes, is_known_good) VALUES (200158, 'voltage', 'VBAT', NULL, 'VBAT / PP_BATT_VCC', 'off', '3.8', '3.8', 'V', 'Battery main rail (typically 3.0-4.35V with charge).', 1);
INSERT INTO measurements (board_revision_id, kind, test_point, reference_designator, rail_name, power_state, expected_value, measured_value, units, notes, is_known_good) VALUES (200158, 'voltage', 'VBUS_5V', NULL, 'VBUS', 'on', '5.0', '5.0', 'V', 'USB VBUS when charging.', 1);
INSERT INTO measurements (board_revision_id, kind, test_point, reference_designator, rail_name, power_state, expected_value, measured_value, units, notes, is_known_good) VALUES (200158, 'voltage', 'PP1V8', NULL, '1V8', 'on', '1.8', '1.8', 'V', '1.8V housekeeping rail (typical).', 1);
INSERT INTO measurements (board_revision_id, kind, test_point, reference_designator, rail_name, power_state, expected_value, measured_value, units, notes, is_known_good) VALUES (200158, 'voltage', 'PP3V0', NULL, '3V0', 'on', '3.0', '3.0', 'V', '3.0V rail (typical).', 1);
INSERT INTO board_revisions (id, device_model, revision, layer_count, primary_soc, pmic, notes) VALUES (200159, 'Xiaomi Mi 11', 'Logic Board', NULL, NULL, 'U_PMIC', 'Xiaomi Mi 11 main logic board. Component set and rails are family-typical reference values; confirm exact values against the boardview/schematic for this unit.');
INSERT INTO board_components (board_revision_id, reference_designator, component_type, value, part_number, notes) VALUES (200159, 'J_DISP', 'Connector', NULL, NULL, 'Display FPC connector');
INSERT INTO board_components (board_revision_id, reference_designator, component_type, value, part_number, notes) VALUES (200159, 'J_BATT', 'Connector', NULL, NULL, 'Battery FPC connector');
INSERT INTO board_components (board_revision_id, reference_designator, component_type, value, part_number, notes) VALUES (200159, 'J_CHG', 'Connector', NULL, NULL, 'Charge port / dock connector');
INSERT INTO board_components (board_revision_id, reference_designator, component_type, value, part_number, notes) VALUES (200159, 'J_FCAM', 'Connector', NULL, NULL, 'Front camera connector');
INSERT INTO board_components (board_revision_id, reference_designator, component_type, value, part_number, notes) VALUES (200159, 'J_RCAM', 'Connector', NULL, NULL, 'Rear camera connector');
INSERT INTO board_components (board_revision_id, reference_designator, component_type, value, part_number, notes) VALUES (200159, 'U_PMIC', 'PMIC', NULL, NULL, 'Main power management IC');
INSERT INTO board_components (board_revision_id, reference_designator, component_type, value, part_number, notes) VALUES (200159, 'U_CHG', 'Charging IC', NULL, NULL, 'USB charging / interface IC');
INSERT INTO board_components (board_revision_id, reference_designator, component_type, value, part_number, notes) VALUES (200159, 'U_AUDIO', 'Audio IC', NULL, NULL, 'Audio codec IC');
INSERT INTO board_components (board_revision_id, reference_designator, component_type, value, part_number, notes) VALUES (200159, 'U_NAND', 'NAND Flash', NULL, NULL, 'Flash storage');
INSERT INTO board_test_points (board_revision_id, label, location_desc, expected_voltage, expected_resistance) VALUES (200159, 'VBAT', 'see boardview', '3.8V', NULL);
INSERT INTO board_test_points (board_revision_id, label, location_desc, expected_voltage, expected_resistance) VALUES (200159, 'VBUS_5V', 'see boardview', '5.0V', NULL);
INSERT INTO board_test_points (board_revision_id, label, location_desc, expected_voltage, expected_resistance) VALUES (200159, 'PP1V8', 'see boardview', '1.8V', NULL);
INSERT INTO board_test_points (board_revision_id, label, location_desc, expected_voltage, expected_resistance) VALUES (200159, 'PP3V0', 'see boardview', '3.0V', NULL);
INSERT INTO board_nets (board_revision_id, net_name, test_point, expected_value, units) VALUES (200159, 'VBAT / PP_BATT_VCC', 'VBAT', '3.8', 'V');
INSERT INTO board_nets (board_revision_id, net_name, test_point, expected_value, units) VALUES (200159, 'VBUS', 'VBUS_5V', '5.0', 'V');
INSERT INTO board_nets (board_revision_id, net_name, test_point, expected_value, units) VALUES (200159, '1V8', 'PP1V8', '1.8', 'V');
INSERT INTO board_nets (board_revision_id, net_name, test_point, expected_value, units) VALUES (200159, '3V0', 'PP3V0', '3.0', 'V');
INSERT INTO measurements (board_revision_id, kind, test_point, reference_designator, rail_name, power_state, expected_value, measured_value, units, notes, is_known_good) VALUES (200159, 'voltage', 'VBAT', NULL, 'VBAT / PP_BATT_VCC', 'off', '3.8', '3.8', 'V', 'Battery main rail (typically 3.0-4.35V with charge).', 1);
INSERT INTO measurements (board_revision_id, kind, test_point, reference_designator, rail_name, power_state, expected_value, measured_value, units, notes, is_known_good) VALUES (200159, 'voltage', 'VBUS_5V', NULL, 'VBUS', 'on', '5.0', '5.0', 'V', 'USB VBUS when charging.', 1);
INSERT INTO measurements (board_revision_id, kind, test_point, reference_designator, rail_name, power_state, expected_value, measured_value, units, notes, is_known_good) VALUES (200159, 'voltage', 'PP1V8', NULL, '1V8', 'on', '1.8', '1.8', 'V', '1.8V housekeeping rail (typical).', 1);
INSERT INTO measurements (board_revision_id, kind, test_point, reference_designator, rail_name, power_state, expected_value, measured_value, units, notes, is_known_good) VALUES (200159, 'voltage', 'PP3V0', NULL, '3V0', 'on', '3.0', '3.0', 'V', '3.0V rail (typical).', 1);
INSERT INTO board_revisions (id, device_model, revision, layer_count, primary_soc, pmic, notes) VALUES (200160, 'Xiaomi Redmi Note 8', 'Logic Board', NULL, NULL, 'U_PMIC', 'Xiaomi Redmi Note 8 main logic board. Component set and rails are family-typical reference values; confirm exact values against the boardview/schematic for this unit.');
INSERT INTO board_components (board_revision_id, reference_designator, component_type, value, part_number, notes) VALUES (200160, 'J_DISP', 'Connector', NULL, NULL, 'Display FPC connector');
INSERT INTO board_components (board_revision_id, reference_designator, component_type, value, part_number, notes) VALUES (200160, 'J_BATT', 'Connector', NULL, NULL, 'Battery FPC connector');
INSERT INTO board_components (board_revision_id, reference_designator, component_type, value, part_number, notes) VALUES (200160, 'J_CHG', 'Connector', NULL, NULL, 'Charge port / dock connector');
INSERT INTO board_components (board_revision_id, reference_designator, component_type, value, part_number, notes) VALUES (200160, 'J_FCAM', 'Connector', NULL, NULL, 'Front camera connector');
INSERT INTO board_components (board_revision_id, reference_designator, component_type, value, part_number, notes) VALUES (200160, 'J_RCAM', 'Connector', NULL, NULL, 'Rear camera connector');
INSERT INTO board_components (board_revision_id, reference_designator, component_type, value, part_number, notes) VALUES (200160, 'U_PMIC', 'PMIC', NULL, NULL, 'Main power management IC');
INSERT INTO board_components (board_revision_id, reference_designator, component_type, value, part_number, notes) VALUES (200160, 'U_CHG', 'Charging IC', NULL, NULL, 'USB charging / interface IC');
INSERT INTO board_components (board_revision_id, reference_designator, component_type, value, part_number, notes) VALUES (200160, 'U_AUDIO', 'Audio IC', NULL, NULL, 'Audio codec IC');
INSERT INTO board_components (board_revision_id, reference_designator, component_type, value, part_number, notes) VALUES (200160, 'U_NAND', 'NAND Flash', NULL, NULL, 'Flash storage');
INSERT INTO board_test_points (board_revision_id, label, location_desc, expected_voltage, expected_resistance) VALUES (200160, 'VBAT', 'see boardview', '3.8V', NULL);
INSERT INTO board_test_points (board_revision_id, label, location_desc, expected_voltage, expected_resistance) VALUES (200160, 'VBUS_5V', 'see boardview', '5.0V', NULL);
INSERT INTO board_test_points (board_revision_id, label, location_desc, expected_voltage, expected_resistance) VALUES (200160, 'PP1V8', 'see boardview', '1.8V', NULL);
INSERT INTO board_test_points (board_revision_id, label, location_desc, expected_voltage, expected_resistance) VALUES (200160, 'PP3V0', 'see boardview', '3.0V', NULL);
INSERT INTO board_nets (board_revision_id, net_name, test_point, expected_value, units) VALUES (200160, 'VBAT / PP_BATT_VCC', 'VBAT', '3.8', 'V');
INSERT INTO board_nets (board_revision_id, net_name, test_point, expected_value, units) VALUES (200160, 'VBUS', 'VBUS_5V', '5.0', 'V');
INSERT INTO board_nets (board_revision_id, net_name, test_point, expected_value, units) VALUES (200160, '1V8', 'PP1V8', '1.8', 'V');
INSERT INTO board_nets (board_revision_id, net_name, test_point, expected_value, units) VALUES (200160, '3V0', 'PP3V0', '3.0', 'V');
INSERT INTO measurements (board_revision_id, kind, test_point, reference_designator, rail_name, power_state, expected_value, measured_value, units, notes, is_known_good) VALUES (200160, 'voltage', 'VBAT', NULL, 'VBAT / PP_BATT_VCC', 'off', '3.8', '3.8', 'V', 'Battery main rail (typically 3.0-4.35V with charge).', 1);
INSERT INTO measurements (board_revision_id, kind, test_point, reference_designator, rail_name, power_state, expected_value, measured_value, units, notes, is_known_good) VALUES (200160, 'voltage', 'VBUS_5V', NULL, 'VBUS', 'on', '5.0', '5.0', 'V', 'USB VBUS when charging.', 1);
INSERT INTO measurements (board_revision_id, kind, test_point, reference_designator, rail_name, power_state, expected_value, measured_value, units, notes, is_known_good) VALUES (200160, 'voltage', 'PP1V8', NULL, '1V8', 'on', '1.8', '1.8', 'V', '1.8V housekeeping rail (typical).', 1);
INSERT INTO measurements (board_revision_id, kind, test_point, reference_designator, rail_name, power_state, expected_value, measured_value, units, notes, is_known_good) VALUES (200160, 'voltage', 'PP3V0', NULL, '3V0', 'on', '3.0', '3.0', 'V', '3.0V rail (typical).', 1);
INSERT INTO board_revisions (id, device_model, revision, layer_count, primary_soc, pmic, notes) VALUES (200161, 'Xiaomi Redmi Note 9', 'Logic Board', NULL, NULL, 'U_PMIC', 'Xiaomi Redmi Note 9 main logic board. Component set and rails are family-typical reference values; confirm exact values against the boardview/schematic for this unit.');
INSERT INTO board_components (board_revision_id, reference_designator, component_type, value, part_number, notes) VALUES (200161, 'J_DISP', 'Connector', NULL, NULL, 'Display FPC connector');
INSERT INTO board_components (board_revision_id, reference_designator, component_type, value, part_number, notes) VALUES (200161, 'J_BATT', 'Connector', NULL, NULL, 'Battery FPC connector');
INSERT INTO board_components (board_revision_id, reference_designator, component_type, value, part_number, notes) VALUES (200161, 'J_CHG', 'Connector', NULL, NULL, 'Charge port / dock connector');
INSERT INTO board_components (board_revision_id, reference_designator, component_type, value, part_number, notes) VALUES (200161, 'J_FCAM', 'Connector', NULL, NULL, 'Front camera connector');
INSERT INTO board_components (board_revision_id, reference_designator, component_type, value, part_number, notes) VALUES (200161, 'J_RCAM', 'Connector', NULL, NULL, 'Rear camera connector');
INSERT INTO board_components (board_revision_id, reference_designator, component_type, value, part_number, notes) VALUES (200161, 'U_PMIC', 'PMIC', NULL, NULL, 'Main power management IC');
INSERT INTO board_components (board_revision_id, reference_designator, component_type, value, part_number, notes) VALUES (200161, 'U_CHG', 'Charging IC', NULL, NULL, 'USB charging / interface IC');
INSERT INTO board_components (board_revision_id, reference_designator, component_type, value, part_number, notes) VALUES (200161, 'U_AUDIO', 'Audio IC', NULL, NULL, 'Audio codec IC');
INSERT INTO board_components (board_revision_id, reference_designator, component_type, value, part_number, notes) VALUES (200161, 'U_NAND', 'NAND Flash', NULL, NULL, 'Flash storage');
INSERT INTO board_test_points (board_revision_id, label, location_desc, expected_voltage, expected_resistance) VALUES (200161, 'VBAT', 'see boardview', '3.8V', NULL);
INSERT INTO board_test_points (board_revision_id, label, location_desc, expected_voltage, expected_resistance) VALUES (200161, 'VBUS_5V', 'see boardview', '5.0V', NULL);
INSERT INTO board_test_points (board_revision_id, label, location_desc, expected_voltage, expected_resistance) VALUES (200161, 'PP1V8', 'see boardview', '1.8V', NULL);
INSERT INTO board_test_points (board_revision_id, label, location_desc, expected_voltage, expected_resistance) VALUES (200161, 'PP3V0', 'see boardview', '3.0V', NULL);
INSERT INTO board_nets (board_revision_id, net_name, test_point, expected_value, units) VALUES (200161, 'VBAT / PP_BATT_VCC', 'VBAT', '3.8', 'V');
INSERT INTO board_nets (board_revision_id, net_name, test_point, expected_value, units) VALUES (200161, 'VBUS', 'VBUS_5V', '5.0', 'V');
INSERT INTO board_nets (board_revision_id, net_name, test_point, expected_value, units) VALUES (200161, '1V8', 'PP1V8', '1.8', 'V');
INSERT INTO board_nets (board_revision_id, net_name, test_point, expected_value, units) VALUES (200161, '3V0', 'PP3V0', '3.0', 'V');
INSERT INTO measurements (board_revision_id, kind, test_point, reference_designator, rail_name, power_state, expected_value, measured_value, units, notes, is_known_good) VALUES (200161, 'voltage', 'VBAT', NULL, 'VBAT / PP_BATT_VCC', 'off', '3.8', '3.8', 'V', 'Battery main rail (typically 3.0-4.35V with charge).', 1);
INSERT INTO measurements (board_revision_id, kind, test_point, reference_designator, rail_name, power_state, expected_value, measured_value, units, notes, is_known_good) VALUES (200161, 'voltage', 'VBUS_5V', NULL, 'VBUS', 'on', '5.0', '5.0', 'V', 'USB VBUS when charging.', 1);
INSERT INTO measurements (board_revision_id, kind, test_point, reference_designator, rail_name, power_state, expected_value, measured_value, units, notes, is_known_good) VALUES (200161, 'voltage', 'PP1V8', NULL, '1V8', 'on', '1.8', '1.8', 'V', '1.8V housekeeping rail (typical).', 1);
INSERT INTO measurements (board_revision_id, kind, test_point, reference_designator, rail_name, power_state, expected_value, measured_value, units, notes, is_known_good) VALUES (200161, 'voltage', 'PP3V0', NULL, '3V0', 'on', '3.0', '3.0', 'V', '3.0V rail (typical).', 1);
INSERT INTO board_revisions (id, device_model, revision, layer_count, primary_soc, pmic, notes) VALUES (200162, 'Xiaomi Redmi Note 10', 'Logic Board', NULL, NULL, 'U_PMIC', 'Xiaomi Redmi Note 10 main logic board. Component set and rails are family-typical reference values; confirm exact values against the boardview/schematic for this unit.');
INSERT INTO board_components (board_revision_id, reference_designator, component_type, value, part_number, notes) VALUES (200162, 'J_DISP', 'Connector', NULL, NULL, 'Display FPC connector');
INSERT INTO board_components (board_revision_id, reference_designator, component_type, value, part_number, notes) VALUES (200162, 'J_BATT', 'Connector', NULL, NULL, 'Battery FPC connector');
INSERT INTO board_components (board_revision_id, reference_designator, component_type, value, part_number, notes) VALUES (200162, 'J_CHG', 'Connector', NULL, NULL, 'Charge port / dock connector');
INSERT INTO board_components (board_revision_id, reference_designator, component_type, value, part_number, notes) VALUES (200162, 'J_FCAM', 'Connector', NULL, NULL, 'Front camera connector');
INSERT INTO board_components (board_revision_id, reference_designator, component_type, value, part_number, notes) VALUES (200162, 'J_RCAM', 'Connector', NULL, NULL, 'Rear camera connector');
INSERT INTO board_components (board_revision_id, reference_designator, component_type, value, part_number, notes) VALUES (200162, 'U_PMIC', 'PMIC', NULL, NULL, 'Main power management IC');
INSERT INTO board_components (board_revision_id, reference_designator, component_type, value, part_number, notes) VALUES (200162, 'U_CHG', 'Charging IC', NULL, NULL, 'USB charging / interface IC');
INSERT INTO board_components (board_revision_id, reference_designator, component_type, value, part_number, notes) VALUES (200162, 'U_AUDIO', 'Audio IC', NULL, NULL, 'Audio codec IC');
INSERT INTO board_components (board_revision_id, reference_designator, component_type, value, part_number, notes) VALUES (200162, 'U_NAND', 'NAND Flash', NULL, NULL, 'Flash storage');
INSERT INTO board_test_points (board_revision_id, label, location_desc, expected_voltage, expected_resistance) VALUES (200162, 'VBAT', 'see boardview', '3.8V', NULL);
INSERT INTO board_test_points (board_revision_id, label, location_desc, expected_voltage, expected_resistance) VALUES (200162, 'VBUS_5V', 'see boardview', '5.0V', NULL);
INSERT INTO board_test_points (board_revision_id, label, location_desc, expected_voltage, expected_resistance) VALUES (200162, 'PP1V8', 'see boardview', '1.8V', NULL);
INSERT INTO board_test_points (board_revision_id, label, location_desc, expected_voltage, expected_resistance) VALUES (200162, 'PP3V0', 'see boardview', '3.0V', NULL);
INSERT INTO board_nets (board_revision_id, net_name, test_point, expected_value, units) VALUES (200162, 'VBAT / PP_BATT_VCC', 'VBAT', '3.8', 'V');
INSERT INTO board_nets (board_revision_id, net_name, test_point, expected_value, units) VALUES (200162, 'VBUS', 'VBUS_5V', '5.0', 'V');
INSERT INTO board_nets (board_revision_id, net_name, test_point, expected_value, units) VALUES (200162, '1V8', 'PP1V8', '1.8', 'V');
INSERT INTO board_nets (board_revision_id, net_name, test_point, expected_value, units) VALUES (200162, '3V0', 'PP3V0', '3.0', 'V');
INSERT INTO measurements (board_revision_id, kind, test_point, reference_designator, rail_name, power_state, expected_value, measured_value, units, notes, is_known_good) VALUES (200162, 'voltage', 'VBAT', NULL, 'VBAT / PP_BATT_VCC', 'off', '3.8', '3.8', 'V', 'Battery main rail (typically 3.0-4.35V with charge).', 1);
INSERT INTO measurements (board_revision_id, kind, test_point, reference_designator, rail_name, power_state, expected_value, measured_value, units, notes, is_known_good) VALUES (200162, 'voltage', 'VBUS_5V', NULL, 'VBUS', 'on', '5.0', '5.0', 'V', 'USB VBUS when charging.', 1);
INSERT INTO measurements (board_revision_id, kind, test_point, reference_designator, rail_name, power_state, expected_value, measured_value, units, notes, is_known_good) VALUES (200162, 'voltage', 'PP1V8', NULL, '1V8', 'on', '1.8', '1.8', 'V', '1.8V housekeeping rail (typical).', 1);
INSERT INTO measurements (board_revision_id, kind, test_point, reference_designator, rail_name, power_state, expected_value, measured_value, units, notes, is_known_good) VALUES (200162, 'voltage', 'PP3V0', NULL, '3V0', 'on', '3.0', '3.0', 'V', '3.0V rail (typical).', 1);
INSERT INTO board_revisions (id, device_model, revision, layer_count, primary_soc, pmic, notes) VALUES (200163, 'Xiaomi Redmi Note 11', 'Logic Board', NULL, NULL, 'U_PMIC', 'Xiaomi Redmi Note 11 main logic board. Component set and rails are family-typical reference values; confirm exact values against the boardview/schematic for this unit.');
INSERT INTO board_components (board_revision_id, reference_designator, component_type, value, part_number, notes) VALUES (200163, 'J_DISP', 'Connector', NULL, NULL, 'Display FPC connector');
INSERT INTO board_components (board_revision_id, reference_designator, component_type, value, part_number, notes) VALUES (200163, 'J_BATT', 'Connector', NULL, NULL, 'Battery FPC connector');
INSERT INTO board_components (board_revision_id, reference_designator, component_type, value, part_number, notes) VALUES (200163, 'J_CHG', 'Connector', NULL, NULL, 'Charge port / dock connector');
INSERT INTO board_components (board_revision_id, reference_designator, component_type, value, part_number, notes) VALUES (200163, 'J_FCAM', 'Connector', NULL, NULL, 'Front camera connector');
INSERT INTO board_components (board_revision_id, reference_designator, component_type, value, part_number, notes) VALUES (200163, 'J_RCAM', 'Connector', NULL, NULL, 'Rear camera connector');
INSERT INTO board_components (board_revision_id, reference_designator, component_type, value, part_number, notes) VALUES (200163, 'U_PMIC', 'PMIC', NULL, NULL, 'Main power management IC');
INSERT INTO board_components (board_revision_id, reference_designator, component_type, value, part_number, notes) VALUES (200163, 'U_CHG', 'Charging IC', NULL, NULL, 'USB charging / interface IC');
INSERT INTO board_components (board_revision_id, reference_designator, component_type, value, part_number, notes) VALUES (200163, 'U_AUDIO', 'Audio IC', NULL, NULL, 'Audio codec IC');
INSERT INTO board_components (board_revision_id, reference_designator, component_type, value, part_number, notes) VALUES (200163, 'U_NAND', 'NAND Flash', NULL, NULL, 'Flash storage');
INSERT INTO board_test_points (board_revision_id, label, location_desc, expected_voltage, expected_resistance) VALUES (200163, 'VBAT', 'see boardview', '3.8V', NULL);
INSERT INTO board_test_points (board_revision_id, label, location_desc, expected_voltage, expected_resistance) VALUES (200163, 'VBUS_5V', 'see boardview', '5.0V', NULL);
INSERT INTO board_test_points (board_revision_id, label, location_desc, expected_voltage, expected_resistance) VALUES (200163, 'PP1V8', 'see boardview', '1.8V', NULL);
INSERT INTO board_test_points (board_revision_id, label, location_desc, expected_voltage, expected_resistance) VALUES (200163, 'PP3V0', 'see boardview', '3.0V', NULL);
INSERT INTO board_nets (board_revision_id, net_name, test_point, expected_value, units) VALUES (200163, 'VBAT / PP_BATT_VCC', 'VBAT', '3.8', 'V');
INSERT INTO board_nets (board_revision_id, net_name, test_point, expected_value, units) VALUES (200163, 'VBUS', 'VBUS_5V', '5.0', 'V');
INSERT INTO board_nets (board_revision_id, net_name, test_point, expected_value, units) VALUES (200163, '1V8', 'PP1V8', '1.8', 'V');
INSERT INTO board_nets (board_revision_id, net_name, test_point, expected_value, units) VALUES (200163, '3V0', 'PP3V0', '3.0', 'V');
INSERT INTO measurements (board_revision_id, kind, test_point, reference_designator, rail_name, power_state, expected_value, measured_value, units, notes, is_known_good) VALUES (200163, 'voltage', 'VBAT', NULL, 'VBAT / PP_BATT_VCC', 'off', '3.8', '3.8', 'V', 'Battery main rail (typically 3.0-4.35V with charge).', 1);
INSERT INTO measurements (board_revision_id, kind, test_point, reference_designator, rail_name, power_state, expected_value, measured_value, units, notes, is_known_good) VALUES (200163, 'voltage', 'VBUS_5V', NULL, 'VBUS', 'on', '5.0', '5.0', 'V', 'USB VBUS when charging.', 1);
INSERT INTO measurements (board_revision_id, kind, test_point, reference_designator, rail_name, power_state, expected_value, measured_value, units, notes, is_known_good) VALUES (200163, 'voltage', 'PP1V8', NULL, '1V8', 'on', '1.8', '1.8', 'V', '1.8V housekeeping rail (typical).', 1);
INSERT INTO measurements (board_revision_id, kind, test_point, reference_designator, rail_name, power_state, expected_value, measured_value, units, notes, is_known_good) VALUES (200163, 'voltage', 'PP3V0', NULL, '3V0', 'on', '3.0', '3.0', 'V', '3.0V rail (typical).', 1);
INSERT INTO board_revisions (id, device_model, revision, layer_count, primary_soc, pmic, notes) VALUES (200164, 'Xiaomi Redmi Note 12', 'Logic Board', NULL, NULL, 'U_PMIC', 'Xiaomi Redmi Note 12 main logic board. Component set and rails are family-typical reference values; confirm exact values against the boardview/schematic for this unit.');
INSERT INTO board_components (board_revision_id, reference_designator, component_type, value, part_number, notes) VALUES (200164, 'J_DISP', 'Connector', NULL, NULL, 'Display FPC connector');
INSERT INTO board_components (board_revision_id, reference_designator, component_type, value, part_number, notes) VALUES (200164, 'J_BATT', 'Connector', NULL, NULL, 'Battery FPC connector');
INSERT INTO board_components (board_revision_id, reference_designator, component_type, value, part_number, notes) VALUES (200164, 'J_CHG', 'Connector', NULL, NULL, 'Charge port / dock connector');
INSERT INTO board_components (board_revision_id, reference_designator, component_type, value, part_number, notes) VALUES (200164, 'J_FCAM', 'Connector', NULL, NULL, 'Front camera connector');
INSERT INTO board_components (board_revision_id, reference_designator, component_type, value, part_number, notes) VALUES (200164, 'J_RCAM', 'Connector', NULL, NULL, 'Rear camera connector');
INSERT INTO board_components (board_revision_id, reference_designator, component_type, value, part_number, notes) VALUES (200164, 'U_PMIC', 'PMIC', NULL, NULL, 'Main power management IC');
INSERT INTO board_components (board_revision_id, reference_designator, component_type, value, part_number, notes) VALUES (200164, 'U_CHG', 'Charging IC', NULL, NULL, 'USB charging / interface IC');
INSERT INTO board_components (board_revision_id, reference_designator, component_type, value, part_number, notes) VALUES (200164, 'U_AUDIO', 'Audio IC', NULL, NULL, 'Audio codec IC');
INSERT INTO board_components (board_revision_id, reference_designator, component_type, value, part_number, notes) VALUES (200164, 'U_NAND', 'NAND Flash', NULL, NULL, 'Flash storage');
INSERT INTO board_test_points (board_revision_id, label, location_desc, expected_voltage, expected_resistance) VALUES (200164, 'VBAT', 'see boardview', '3.8V', NULL);
INSERT INTO board_test_points (board_revision_id, label, location_desc, expected_voltage, expected_resistance) VALUES (200164, 'VBUS_5V', 'see boardview', '5.0V', NULL);
INSERT INTO board_test_points (board_revision_id, label, location_desc, expected_voltage, expected_resistance) VALUES (200164, 'PP1V8', 'see boardview', '1.8V', NULL);
INSERT INTO board_test_points (board_revision_id, label, location_desc, expected_voltage, expected_resistance) VALUES (200164, 'PP3V0', 'see boardview', '3.0V', NULL);
INSERT INTO board_nets (board_revision_id, net_name, test_point, expected_value, units) VALUES (200164, 'VBAT / PP_BATT_VCC', 'VBAT', '3.8', 'V');
INSERT INTO board_nets (board_revision_id, net_name, test_point, expected_value, units) VALUES (200164, 'VBUS', 'VBUS_5V', '5.0', 'V');
INSERT INTO board_nets (board_revision_id, net_name, test_point, expected_value, units) VALUES (200164, '1V8', 'PP1V8', '1.8', 'V');
INSERT INTO board_nets (board_revision_id, net_name, test_point, expected_value, units) VALUES (200164, '3V0', 'PP3V0', '3.0', 'V');
INSERT INTO measurements (board_revision_id, kind, test_point, reference_designator, rail_name, power_state, expected_value, measured_value, units, notes, is_known_good) VALUES (200164, 'voltage', 'VBAT', NULL, 'VBAT / PP_BATT_VCC', 'off', '3.8', '3.8', 'V', 'Battery main rail (typically 3.0-4.35V with charge).', 1);
INSERT INTO measurements (board_revision_id, kind, test_point, reference_designator, rail_name, power_state, expected_value, measured_value, units, notes, is_known_good) VALUES (200164, 'voltage', 'VBUS_5V', NULL, 'VBUS', 'on', '5.0', '5.0', 'V', 'USB VBUS when charging.', 1);
INSERT INTO measurements (board_revision_id, kind, test_point, reference_designator, rail_name, power_state, expected_value, measured_value, units, notes, is_known_good) VALUES (200164, 'voltage', 'PP1V8', NULL, '1V8', 'on', '1.8', '1.8', 'V', '1.8V housekeeping rail (typical).', 1);
INSERT INTO measurements (board_revision_id, kind, test_point, reference_designator, rail_name, power_state, expected_value, measured_value, units, notes, is_known_good) VALUES (200164, 'voltage', 'PP3V0', NULL, '3V0', 'on', '3.0', '3.0', 'V', '3.0V rail (typical).', 1);
INSERT INTO board_revisions (id, device_model, revision, layer_count, primary_soc, pmic, notes) VALUES (200165, 'Xiaomi Redmi 9', 'Logic Board', NULL, NULL, 'U_PMIC', 'Xiaomi Redmi 9 main logic board. Component set and rails are family-typical reference values; confirm exact values against the boardview/schematic for this unit.');
INSERT INTO board_components (board_revision_id, reference_designator, component_type, value, part_number, notes) VALUES (200165, 'J_DISP', 'Connector', NULL, NULL, 'Display FPC connector');
INSERT INTO board_components (board_revision_id, reference_designator, component_type, value, part_number, notes) VALUES (200165, 'J_BATT', 'Connector', NULL, NULL, 'Battery FPC connector');
INSERT INTO board_components (board_revision_id, reference_designator, component_type, value, part_number, notes) VALUES (200165, 'J_CHG', 'Connector', NULL, NULL, 'Charge port / dock connector');
INSERT INTO board_components (board_revision_id, reference_designator, component_type, value, part_number, notes) VALUES (200165, 'J_FCAM', 'Connector', NULL, NULL, 'Front camera connector');
INSERT INTO board_components (board_revision_id, reference_designator, component_type, value, part_number, notes) VALUES (200165, 'J_RCAM', 'Connector', NULL, NULL, 'Rear camera connector');
INSERT INTO board_components (board_revision_id, reference_designator, component_type, value, part_number, notes) VALUES (200165, 'U_PMIC', 'PMIC', NULL, NULL, 'Main power management IC');
INSERT INTO board_components (board_revision_id, reference_designator, component_type, value, part_number, notes) VALUES (200165, 'U_CHG', 'Charging IC', NULL, NULL, 'USB charging / interface IC');
INSERT INTO board_components (board_revision_id, reference_designator, component_type, value, part_number, notes) VALUES (200165, 'U_AUDIO', 'Audio IC', NULL, NULL, 'Audio codec IC');
INSERT INTO board_components (board_revision_id, reference_designator, component_type, value, part_number, notes) VALUES (200165, 'U_NAND', 'NAND Flash', NULL, NULL, 'Flash storage');
INSERT INTO board_test_points (board_revision_id, label, location_desc, expected_voltage, expected_resistance) VALUES (200165, 'VBAT', 'see boardview', '3.8V', NULL);
INSERT INTO board_test_points (board_revision_id, label, location_desc, expected_voltage, expected_resistance) VALUES (200165, 'VBUS_5V', 'see boardview', '5.0V', NULL);
INSERT INTO board_test_points (board_revision_id, label, location_desc, expected_voltage, expected_resistance) VALUES (200165, 'PP1V8', 'see boardview', '1.8V', NULL);
INSERT INTO board_test_points (board_revision_id, label, location_desc, expected_voltage, expected_resistance) VALUES (200165, 'PP3V0', 'see boardview', '3.0V', NULL);
INSERT INTO board_nets (board_revision_id, net_name, test_point, expected_value, units) VALUES (200165, 'VBAT / PP_BATT_VCC', 'VBAT', '3.8', 'V');
INSERT INTO board_nets (board_revision_id, net_name, test_point, expected_value, units) VALUES (200165, 'VBUS', 'VBUS_5V', '5.0', 'V');
INSERT INTO board_nets (board_revision_id, net_name, test_point, expected_value, units) VALUES (200165, '1V8', 'PP1V8', '1.8', 'V');
INSERT INTO board_nets (board_revision_id, net_name, test_point, expected_value, units) VALUES (200165, '3V0', 'PP3V0', '3.0', 'V');
INSERT INTO measurements (board_revision_id, kind, test_point, reference_designator, rail_name, power_state, expected_value, measured_value, units, notes, is_known_good) VALUES (200165, 'voltage', 'VBAT', NULL, 'VBAT / PP_BATT_VCC', 'off', '3.8', '3.8', 'V', 'Battery main rail (typically 3.0-4.35V with charge).', 1);
INSERT INTO measurements (board_revision_id, kind, test_point, reference_designator, rail_name, power_state, expected_value, measured_value, units, notes, is_known_good) VALUES (200165, 'voltage', 'VBUS_5V', NULL, 'VBUS', 'on', '5.0', '5.0', 'V', 'USB VBUS when charging.', 1);
INSERT INTO measurements (board_revision_id, kind, test_point, reference_designator, rail_name, power_state, expected_value, measured_value, units, notes, is_known_good) VALUES (200165, 'voltage', 'PP1V8', NULL, '1V8', 'on', '1.8', '1.8', 'V', '1.8V housekeeping rail (typical).', 1);
INSERT INTO measurements (board_revision_id, kind, test_point, reference_designator, rail_name, power_state, expected_value, measured_value, units, notes, is_known_good) VALUES (200165, 'voltage', 'PP3V0', NULL, '3V0', 'on', '3.0', '3.0', 'V', '3.0V rail (typical).', 1);
INSERT INTO board_revisions (id, device_model, revision, layer_count, primary_soc, pmic, notes) VALUES (200166, 'Xiaomi Redmi 10', 'Logic Board', NULL, NULL, 'U_PMIC', 'Xiaomi Redmi 10 main logic board. Component set and rails are family-typical reference values; confirm exact values against the boardview/schematic for this unit.');
INSERT INTO board_components (board_revision_id, reference_designator, component_type, value, part_number, notes) VALUES (200166, 'J_DISP', 'Connector', NULL, NULL, 'Display FPC connector');
INSERT INTO board_components (board_revision_id, reference_designator, component_type, value, part_number, notes) VALUES (200166, 'J_BATT', 'Connector', NULL, NULL, 'Battery FPC connector');
INSERT INTO board_components (board_revision_id, reference_designator, component_type, value, part_number, notes) VALUES (200166, 'J_CHG', 'Connector', NULL, NULL, 'Charge port / dock connector');
INSERT INTO board_components (board_revision_id, reference_designator, component_type, value, part_number, notes) VALUES (200166, 'J_FCAM', 'Connector', NULL, NULL, 'Front camera connector');
INSERT INTO board_components (board_revision_id, reference_designator, component_type, value, part_number, notes) VALUES (200166, 'J_RCAM', 'Connector', NULL, NULL, 'Rear camera connector');
INSERT INTO board_components (board_revision_id, reference_designator, component_type, value, part_number, notes) VALUES (200166, 'U_PMIC', 'PMIC', NULL, NULL, 'Main power management IC');
INSERT INTO board_components (board_revision_id, reference_designator, component_type, value, part_number, notes) VALUES (200166, 'U_CHG', 'Charging IC', NULL, NULL, 'USB charging / interface IC');
INSERT INTO board_components (board_revision_id, reference_designator, component_type, value, part_number, notes) VALUES (200166, 'U_AUDIO', 'Audio IC', NULL, NULL, 'Audio codec IC');
INSERT INTO board_components (board_revision_id, reference_designator, component_type, value, part_number, notes) VALUES (200166, 'U_NAND', 'NAND Flash', NULL, NULL, 'Flash storage');
INSERT INTO board_test_points (board_revision_id, label, location_desc, expected_voltage, expected_resistance) VALUES (200166, 'VBAT', 'see boardview', '3.8V', NULL);
INSERT INTO board_test_points (board_revision_id, label, location_desc, expected_voltage, expected_resistance) VALUES (200166, 'VBUS_5V', 'see boardview', '5.0V', NULL);
INSERT INTO board_test_points (board_revision_id, label, location_desc, expected_voltage, expected_resistance) VALUES (200166, 'PP1V8', 'see boardview', '1.8V', NULL);
INSERT INTO board_test_points (board_revision_id, label, location_desc, expected_voltage, expected_resistance) VALUES (200166, 'PP3V0', 'see boardview', '3.0V', NULL);
INSERT INTO board_nets (board_revision_id, net_name, test_point, expected_value, units) VALUES (200166, 'VBAT / PP_BATT_VCC', 'VBAT', '3.8', 'V');
INSERT INTO board_nets (board_revision_id, net_name, test_point, expected_value, units) VALUES (200166, 'VBUS', 'VBUS_5V', '5.0', 'V');
INSERT INTO board_nets (board_revision_id, net_name, test_point, expected_value, units) VALUES (200166, '1V8', 'PP1V8', '1.8', 'V');
INSERT INTO board_nets (board_revision_id, net_name, test_point, expected_value, units) VALUES (200166, '3V0', 'PP3V0', '3.0', 'V');
INSERT INTO measurements (board_revision_id, kind, test_point, reference_designator, rail_name, power_state, expected_value, measured_value, units, notes, is_known_good) VALUES (200166, 'voltage', 'VBAT', NULL, 'VBAT / PP_BATT_VCC', 'off', '3.8', '3.8', 'V', 'Battery main rail (typically 3.0-4.35V with charge).', 1);
INSERT INTO measurements (board_revision_id, kind, test_point, reference_designator, rail_name, power_state, expected_value, measured_value, units, notes, is_known_good) VALUES (200166, 'voltage', 'VBUS_5V', NULL, 'VBUS', 'on', '5.0', '5.0', 'V', 'USB VBUS when charging.', 1);
INSERT INTO measurements (board_revision_id, kind, test_point, reference_designator, rail_name, power_state, expected_value, measured_value, units, notes, is_known_good) VALUES (200166, 'voltage', 'PP1V8', NULL, '1V8', 'on', '1.8', '1.8', 'V', '1.8V housekeeping rail (typical).', 1);
INSERT INTO measurements (board_revision_id, kind, test_point, reference_designator, rail_name, power_state, expected_value, measured_value, units, notes, is_known_good) VALUES (200166, 'voltage', 'PP3V0', NULL, '3V0', 'on', '3.0', '3.0', 'V', '3.0V rail (typical).', 1);
INSERT INTO board_revisions (id, device_model, revision, layer_count, primary_soc, pmic, notes) VALUES (200167, 'Xiaomi Poco F1', 'Logic Board', NULL, NULL, 'U_PMIC', 'Xiaomi Poco F1 main logic board. Component set and rails are family-typical reference values; confirm exact values against the boardview/schematic for this unit.');
INSERT INTO board_components (board_revision_id, reference_designator, component_type, value, part_number, notes) VALUES (200167, 'J_DISP', 'Connector', NULL, NULL, 'Display FPC connector');
INSERT INTO board_components (board_revision_id, reference_designator, component_type, value, part_number, notes) VALUES (200167, 'J_BATT', 'Connector', NULL, NULL, 'Battery FPC connector');
INSERT INTO board_components (board_revision_id, reference_designator, component_type, value, part_number, notes) VALUES (200167, 'J_CHG', 'Connector', NULL, NULL, 'Charge port / dock connector');
INSERT INTO board_components (board_revision_id, reference_designator, component_type, value, part_number, notes) VALUES (200167, 'J_FCAM', 'Connector', NULL, NULL, 'Front camera connector');
INSERT INTO board_components (board_revision_id, reference_designator, component_type, value, part_number, notes) VALUES (200167, 'J_RCAM', 'Connector', NULL, NULL, 'Rear camera connector');
INSERT INTO board_components (board_revision_id, reference_designator, component_type, value, part_number, notes) VALUES (200167, 'U_PMIC', 'PMIC', NULL, NULL, 'Main power management IC');
INSERT INTO board_components (board_revision_id, reference_designator, component_type, value, part_number, notes) VALUES (200167, 'U_CHG', 'Charging IC', NULL, NULL, 'USB charging / interface IC');
INSERT INTO board_components (board_revision_id, reference_designator, component_type, value, part_number, notes) VALUES (200167, 'U_AUDIO', 'Audio IC', NULL, NULL, 'Audio codec IC');
INSERT INTO board_components (board_revision_id, reference_designator, component_type, value, part_number, notes) VALUES (200167, 'U_NAND', 'NAND Flash', NULL, NULL, 'Flash storage');
INSERT INTO board_test_points (board_revision_id, label, location_desc, expected_voltage, expected_resistance) VALUES (200167, 'VBAT', 'see boardview', '3.8V', NULL);
INSERT INTO board_test_points (board_revision_id, label, location_desc, expected_voltage, expected_resistance) VALUES (200167, 'VBUS_5V', 'see boardview', '5.0V', NULL);
INSERT INTO board_test_points (board_revision_id, label, location_desc, expected_voltage, expected_resistance) VALUES (200167, 'PP1V8', 'see boardview', '1.8V', NULL);
INSERT INTO board_test_points (board_revision_id, label, location_desc, expected_voltage, expected_resistance) VALUES (200167, 'PP3V0', 'see boardview', '3.0V', NULL);
INSERT INTO board_nets (board_revision_id, net_name, test_point, expected_value, units) VALUES (200167, 'VBAT / PP_BATT_VCC', 'VBAT', '3.8', 'V');
INSERT INTO board_nets (board_revision_id, net_name, test_point, expected_value, units) VALUES (200167, 'VBUS', 'VBUS_5V', '5.0', 'V');
INSERT INTO board_nets (board_revision_id, net_name, test_point, expected_value, units) VALUES (200167, '1V8', 'PP1V8', '1.8', 'V');
INSERT INTO board_nets (board_revision_id, net_name, test_point, expected_value, units) VALUES (200167, '3V0', 'PP3V0', '3.0', 'V');
INSERT INTO measurements (board_revision_id, kind, test_point, reference_designator, rail_name, power_state, expected_value, measured_value, units, notes, is_known_good) VALUES (200167, 'voltage', 'VBAT', NULL, 'VBAT / PP_BATT_VCC', 'off', '3.8', '3.8', 'V', 'Battery main rail (typically 3.0-4.35V with charge).', 1);
INSERT INTO measurements (board_revision_id, kind, test_point, reference_designator, rail_name, power_state, expected_value, measured_value, units, notes, is_known_good) VALUES (200167, 'voltage', 'VBUS_5V', NULL, 'VBUS', 'on', '5.0', '5.0', 'V', 'USB VBUS when charging.', 1);
INSERT INTO measurements (board_revision_id, kind, test_point, reference_designator, rail_name, power_state, expected_value, measured_value, units, notes, is_known_good) VALUES (200167, 'voltage', 'PP1V8', NULL, '1V8', 'on', '1.8', '1.8', 'V', '1.8V housekeeping rail (typical).', 1);
INSERT INTO measurements (board_revision_id, kind, test_point, reference_designator, rail_name, power_state, expected_value, measured_value, units, notes, is_known_good) VALUES (200167, 'voltage', 'PP3V0', NULL, '3V0', 'on', '3.0', '3.0', 'V', '3.0V rail (typical).', 1);
INSERT INTO board_revisions (id, device_model, revision, layer_count, primary_soc, pmic, notes) VALUES (200168, 'Xiaomi Poco F3', 'Logic Board', NULL, NULL, 'U_PMIC', 'Xiaomi Poco F3 main logic board. Component set and rails are family-typical reference values; confirm exact values against the boardview/schematic for this unit.');
INSERT INTO board_components (board_revision_id, reference_designator, component_type, value, part_number, notes) VALUES (200168, 'J_DISP', 'Connector', NULL, NULL, 'Display FPC connector');
INSERT INTO board_components (board_revision_id, reference_designator, component_type, value, part_number, notes) VALUES (200168, 'J_BATT', 'Connector', NULL, NULL, 'Battery FPC connector');
INSERT INTO board_components (board_revision_id, reference_designator, component_type, value, part_number, notes) VALUES (200168, 'J_CHG', 'Connector', NULL, NULL, 'Charge port / dock connector');
INSERT INTO board_components (board_revision_id, reference_designator, component_type, value, part_number, notes) VALUES (200168, 'J_FCAM', 'Connector', NULL, NULL, 'Front camera connector');
INSERT INTO board_components (board_revision_id, reference_designator, component_type, value, part_number, notes) VALUES (200168, 'J_RCAM', 'Connector', NULL, NULL, 'Rear camera connector');
INSERT INTO board_components (board_revision_id, reference_designator, component_type, value, part_number, notes) VALUES (200168, 'U_PMIC', 'PMIC', NULL, NULL, 'Main power management IC');
INSERT INTO board_components (board_revision_id, reference_designator, component_type, value, part_number, notes) VALUES (200168, 'U_CHG', 'Charging IC', NULL, NULL, 'USB charging / interface IC');
INSERT INTO board_components (board_revision_id, reference_designator, component_type, value, part_number, notes) VALUES (200168, 'U_AUDIO', 'Audio IC', NULL, NULL, 'Audio codec IC');
INSERT INTO board_components (board_revision_id, reference_designator, component_type, value, part_number, notes) VALUES (200168, 'U_NAND', 'NAND Flash', NULL, NULL, 'Flash storage');
INSERT INTO board_test_points (board_revision_id, label, location_desc, expected_voltage, expected_resistance) VALUES (200168, 'VBAT', 'see boardview', '3.8V', NULL);
INSERT INTO board_test_points (board_revision_id, label, location_desc, expected_voltage, expected_resistance) VALUES (200168, 'VBUS_5V', 'see boardview', '5.0V', NULL);
INSERT INTO board_test_points (board_revision_id, label, location_desc, expected_voltage, expected_resistance) VALUES (200168, 'PP1V8', 'see boardview', '1.8V', NULL);
INSERT INTO board_test_points (board_revision_id, label, location_desc, expected_voltage, expected_resistance) VALUES (200168, 'PP3V0', 'see boardview', '3.0V', NULL);
INSERT INTO board_nets (board_revision_id, net_name, test_point, expected_value, units) VALUES (200168, 'VBAT / PP_BATT_VCC', 'VBAT', '3.8', 'V');
INSERT INTO board_nets (board_revision_id, net_name, test_point, expected_value, units) VALUES (200168, 'VBUS', 'VBUS_5V', '5.0', 'V');
INSERT INTO board_nets (board_revision_id, net_name, test_point, expected_value, units) VALUES (200168, '1V8', 'PP1V8', '1.8', 'V');
INSERT INTO board_nets (board_revision_id, net_name, test_point, expected_value, units) VALUES (200168, '3V0', 'PP3V0', '3.0', 'V');
INSERT INTO measurements (board_revision_id, kind, test_point, reference_designator, rail_name, power_state, expected_value, measured_value, units, notes, is_known_good) VALUES (200168, 'voltage', 'VBAT', NULL, 'VBAT / PP_BATT_VCC', 'off', '3.8', '3.8', 'V', 'Battery main rail (typically 3.0-4.35V with charge).', 1);
INSERT INTO measurements (board_revision_id, kind, test_point, reference_designator, rail_name, power_state, expected_value, measured_value, units, notes, is_known_good) VALUES (200168, 'voltage', 'VBUS_5V', NULL, 'VBUS', 'on', '5.0', '5.0', 'V', 'USB VBUS when charging.', 1);
INSERT INTO measurements (board_revision_id, kind, test_point, reference_designator, rail_name, power_state, expected_value, measured_value, units, notes, is_known_good) VALUES (200168, 'voltage', 'PP1V8', NULL, '1V8', 'on', '1.8', '1.8', 'V', '1.8V housekeeping rail (typical).', 1);
INSERT INTO measurements (board_revision_id, kind, test_point, reference_designator, rail_name, power_state, expected_value, measured_value, units, notes, is_known_good) VALUES (200168, 'voltage', 'PP3V0', NULL, '3V0', 'on', '3.0', '3.0', 'V', '3.0V rail (typical).', 1);
INSERT INTO board_revisions (id, device_model, revision, layer_count, primary_soc, pmic, notes) VALUES (200169, 'Xiaomi Poco X3', 'Logic Board', NULL, NULL, 'U_PMIC', 'Xiaomi Poco X3 main logic board. Component set and rails are family-typical reference values; confirm exact values against the boardview/schematic for this unit.');
INSERT INTO board_components (board_revision_id, reference_designator, component_type, value, part_number, notes) VALUES (200169, 'J_DISP', 'Connector', NULL, NULL, 'Display FPC connector');
INSERT INTO board_components (board_revision_id, reference_designator, component_type, value, part_number, notes) VALUES (200169, 'J_BATT', 'Connector', NULL, NULL, 'Battery FPC connector');
INSERT INTO board_components (board_revision_id, reference_designator, component_type, value, part_number, notes) VALUES (200169, 'J_CHG', 'Connector', NULL, NULL, 'Charge port / dock connector');
INSERT INTO board_components (board_revision_id, reference_designator, component_type, value, part_number, notes) VALUES (200169, 'J_FCAM', 'Connector', NULL, NULL, 'Front camera connector');
INSERT INTO board_components (board_revision_id, reference_designator, component_type, value, part_number, notes) VALUES (200169, 'J_RCAM', 'Connector', NULL, NULL, 'Rear camera connector');
INSERT INTO board_components (board_revision_id, reference_designator, component_type, value, part_number, notes) VALUES (200169, 'U_PMIC', 'PMIC', NULL, NULL, 'Main power management IC');
INSERT INTO board_components (board_revision_id, reference_designator, component_type, value, part_number, notes) VALUES (200169, 'U_CHG', 'Charging IC', NULL, NULL, 'USB charging / interface IC');
INSERT INTO board_components (board_revision_id, reference_designator, component_type, value, part_number, notes) VALUES (200169, 'U_AUDIO', 'Audio IC', NULL, NULL, 'Audio codec IC');
INSERT INTO board_components (board_revision_id, reference_designator, component_type, value, part_number, notes) VALUES (200169, 'U_NAND', 'NAND Flash', NULL, NULL, 'Flash storage');
INSERT INTO board_test_points (board_revision_id, label, location_desc, expected_voltage, expected_resistance) VALUES (200169, 'VBAT', 'see boardview', '3.8V', NULL);
INSERT INTO board_test_points (board_revision_id, label, location_desc, expected_voltage, expected_resistance) VALUES (200169, 'VBUS_5V', 'see boardview', '5.0V', NULL);
INSERT INTO board_test_points (board_revision_id, label, location_desc, expected_voltage, expected_resistance) VALUES (200169, 'PP1V8', 'see boardview', '1.8V', NULL);
INSERT INTO board_test_points (board_revision_id, label, location_desc, expected_voltage, expected_resistance) VALUES (200169, 'PP3V0', 'see boardview', '3.0V', NULL);
INSERT INTO board_nets (board_revision_id, net_name, test_point, expected_value, units) VALUES (200169, 'VBAT / PP_BATT_VCC', 'VBAT', '3.8', 'V');
INSERT INTO board_nets (board_revision_id, net_name, test_point, expected_value, units) VALUES (200169, 'VBUS', 'VBUS_5V', '5.0', 'V');
INSERT INTO board_nets (board_revision_id, net_name, test_point, expected_value, units) VALUES (200169, '1V8', 'PP1V8', '1.8', 'V');
INSERT INTO board_nets (board_revision_id, net_name, test_point, expected_value, units) VALUES (200169, '3V0', 'PP3V0', '3.0', 'V');
INSERT INTO measurements (board_revision_id, kind, test_point, reference_designator, rail_name, power_state, expected_value, measured_value, units, notes, is_known_good) VALUES (200169, 'voltage', 'VBAT', NULL, 'VBAT / PP_BATT_VCC', 'off', '3.8', '3.8', 'V', 'Battery main rail (typically 3.0-4.35V with charge).', 1);
INSERT INTO measurements (board_revision_id, kind, test_point, reference_designator, rail_name, power_state, expected_value, measured_value, units, notes, is_known_good) VALUES (200169, 'voltage', 'VBUS_5V', NULL, 'VBUS', 'on', '5.0', '5.0', 'V', 'USB VBUS when charging.', 1);
INSERT INTO measurements (board_revision_id, kind, test_point, reference_designator, rail_name, power_state, expected_value, measured_value, units, notes, is_known_good) VALUES (200169, 'voltage', 'PP1V8', NULL, '1V8', 'on', '1.8', '1.8', 'V', '1.8V housekeeping rail (typical).', 1);
INSERT INTO measurements (board_revision_id, kind, test_point, reference_designator, rail_name, power_state, expected_value, measured_value, units, notes, is_known_good) VALUES (200169, 'voltage', 'PP3V0', NULL, '3V0', 'on', '3.0', '3.0', 'V', '3.0V rail (typical).', 1);
INSERT INTO board_revisions (id, device_model, revision, layer_count, primary_soc, pmic, notes) VALUES (200170, 'Xiaomi Poco X4', 'Logic Board', NULL, NULL, 'U_PMIC', 'Xiaomi Poco X4 main logic board. Component set and rails are family-typical reference values; confirm exact values against the boardview/schematic for this unit.');
INSERT INTO board_components (board_revision_id, reference_designator, component_type, value, part_number, notes) VALUES (200170, 'J_DISP', 'Connector', NULL, NULL, 'Display FPC connector');
INSERT INTO board_components (board_revision_id, reference_designator, component_type, value, part_number, notes) VALUES (200170, 'J_BATT', 'Connector', NULL, NULL, 'Battery FPC connector');
INSERT INTO board_components (board_revision_id, reference_designator, component_type, value, part_number, notes) VALUES (200170, 'J_CHG', 'Connector', NULL, NULL, 'Charge port / dock connector');
INSERT INTO board_components (board_revision_id, reference_designator, component_type, value, part_number, notes) VALUES (200170, 'J_FCAM', 'Connector', NULL, NULL, 'Front camera connector');
INSERT INTO board_components (board_revision_id, reference_designator, component_type, value, part_number, notes) VALUES (200170, 'J_RCAM', 'Connector', NULL, NULL, 'Rear camera connector');
INSERT INTO board_components (board_revision_id, reference_designator, component_type, value, part_number, notes) VALUES (200170, 'U_PMIC', 'PMIC', NULL, NULL, 'Main power management IC');
INSERT INTO board_components (board_revision_id, reference_designator, component_type, value, part_number, notes) VALUES (200170, 'U_CHG', 'Charging IC', NULL, NULL, 'USB charging / interface IC');
INSERT INTO board_components (board_revision_id, reference_designator, component_type, value, part_number, notes) VALUES (200170, 'U_AUDIO', 'Audio IC', NULL, NULL, 'Audio codec IC');
INSERT INTO board_components (board_revision_id, reference_designator, component_type, value, part_number, notes) VALUES (200170, 'U_NAND', 'NAND Flash', NULL, NULL, 'Flash storage');
INSERT INTO board_test_points (board_revision_id, label, location_desc, expected_voltage, expected_resistance) VALUES (200170, 'VBAT', 'see boardview', '3.8V', NULL);
INSERT INTO board_test_points (board_revision_id, label, location_desc, expected_voltage, expected_resistance) VALUES (200170, 'VBUS_5V', 'see boardview', '5.0V', NULL);
INSERT INTO board_test_points (board_revision_id, label, location_desc, expected_voltage, expected_resistance) VALUES (200170, 'PP1V8', 'see boardview', '1.8V', NULL);
INSERT INTO board_test_points (board_revision_id, label, location_desc, expected_voltage, expected_resistance) VALUES (200170, 'PP3V0', 'see boardview', '3.0V', NULL);
INSERT INTO board_nets (board_revision_id, net_name, test_point, expected_value, units) VALUES (200170, 'VBAT / PP_BATT_VCC', 'VBAT', '3.8', 'V');
INSERT INTO board_nets (board_revision_id, net_name, test_point, expected_value, units) VALUES (200170, 'VBUS', 'VBUS_5V', '5.0', 'V');
INSERT INTO board_nets (board_revision_id, net_name, test_point, expected_value, units) VALUES (200170, '1V8', 'PP1V8', '1.8', 'V');
INSERT INTO board_nets (board_revision_id, net_name, test_point, expected_value, units) VALUES (200170, '3V0', 'PP3V0', '3.0', 'V');
INSERT INTO measurements (board_revision_id, kind, test_point, reference_designator, rail_name, power_state, expected_value, measured_value, units, notes, is_known_good) VALUES (200170, 'voltage', 'VBAT', NULL, 'VBAT / PP_BATT_VCC', 'off', '3.8', '3.8', 'V', 'Battery main rail (typically 3.0-4.35V with charge).', 1);
INSERT INTO measurements (board_revision_id, kind, test_point, reference_designator, rail_name, power_state, expected_value, measured_value, units, notes, is_known_good) VALUES (200170, 'voltage', 'VBUS_5V', NULL, 'VBUS', 'on', '5.0', '5.0', 'V', 'USB VBUS when charging.', 1);
INSERT INTO measurements (board_revision_id, kind, test_point, reference_designator, rail_name, power_state, expected_value, measured_value, units, notes, is_known_good) VALUES (200170, 'voltage', 'PP1V8', NULL, '1V8', 'on', '1.8', '1.8', 'V', '1.8V housekeeping rail (typical).', 1);
INSERT INTO measurements (board_revision_id, kind, test_point, reference_designator, rail_name, power_state, expected_value, measured_value, units, notes, is_known_good) VALUES (200170, 'voltage', 'PP3V0', NULL, '3V0', 'on', '3.0', '3.0', 'V', '3.0V rail (typical).', 1);
INSERT INTO board_revisions (id, device_model, revision, layer_count, primary_soc, pmic, notes) VALUES (200171, 'Xiaomi Mi A1', 'Logic Board', NULL, NULL, 'U_PMIC', 'Xiaomi Mi A1 main logic board. Component set and rails are family-typical reference values; confirm exact values against the boardview/schematic for this unit.');
INSERT INTO board_components (board_revision_id, reference_designator, component_type, value, part_number, notes) VALUES (200171, 'J_DISP', 'Connector', NULL, NULL, 'Display FPC connector');
INSERT INTO board_components (board_revision_id, reference_designator, component_type, value, part_number, notes) VALUES (200171, 'J_BATT', 'Connector', NULL, NULL, 'Battery FPC connector');
INSERT INTO board_components (board_revision_id, reference_designator, component_type, value, part_number, notes) VALUES (200171, 'J_CHG', 'Connector', NULL, NULL, 'Charge port / dock connector');
INSERT INTO board_components (board_revision_id, reference_designator, component_type, value, part_number, notes) VALUES (200171, 'J_FCAM', 'Connector', NULL, NULL, 'Front camera connector');
INSERT INTO board_components (board_revision_id, reference_designator, component_type, value, part_number, notes) VALUES (200171, 'J_RCAM', 'Connector', NULL, NULL, 'Rear camera connector');
INSERT INTO board_components (board_revision_id, reference_designator, component_type, value, part_number, notes) VALUES (200171, 'U_PMIC', 'PMIC', NULL, NULL, 'Main power management IC');
INSERT INTO board_components (board_revision_id, reference_designator, component_type, value, part_number, notes) VALUES (200171, 'U_CHG', 'Charging IC', NULL, NULL, 'USB charging / interface IC');
INSERT INTO board_components (board_revision_id, reference_designator, component_type, value, part_number, notes) VALUES (200171, 'U_AUDIO', 'Audio IC', NULL, NULL, 'Audio codec IC');
INSERT INTO board_components (board_revision_id, reference_designator, component_type, value, part_number, notes) VALUES (200171, 'U_NAND', 'NAND Flash', NULL, NULL, 'Flash storage');
INSERT INTO board_test_points (board_revision_id, label, location_desc, expected_voltage, expected_resistance) VALUES (200171, 'VBAT', 'see boardview', '3.8V', NULL);
INSERT INTO board_test_points (board_revision_id, label, location_desc, expected_voltage, expected_resistance) VALUES (200171, 'VBUS_5V', 'see boardview', '5.0V', NULL);
INSERT INTO board_test_points (board_revision_id, label, location_desc, expected_voltage, expected_resistance) VALUES (200171, 'PP1V8', 'see boardview', '1.8V', NULL);
INSERT INTO board_test_points (board_revision_id, label, location_desc, expected_voltage, expected_resistance) VALUES (200171, 'PP3V0', 'see boardview', '3.0V', NULL);
INSERT INTO board_nets (board_revision_id, net_name, test_point, expected_value, units) VALUES (200171, 'VBAT / PP_BATT_VCC', 'VBAT', '3.8', 'V');
INSERT INTO board_nets (board_revision_id, net_name, test_point, expected_value, units) VALUES (200171, 'VBUS', 'VBUS_5V', '5.0', 'V');
INSERT INTO board_nets (board_revision_id, net_name, test_point, expected_value, units) VALUES (200171, '1V8', 'PP1V8', '1.8', 'V');
INSERT INTO board_nets (board_revision_id, net_name, test_point, expected_value, units) VALUES (200171, '3V0', 'PP3V0', '3.0', 'V');
INSERT INTO measurements (board_revision_id, kind, test_point, reference_designator, rail_name, power_state, expected_value, measured_value, units, notes, is_known_good) VALUES (200171, 'voltage', 'VBAT', NULL, 'VBAT / PP_BATT_VCC', 'off', '3.8', '3.8', 'V', 'Battery main rail (typically 3.0-4.35V with charge).', 1);
INSERT INTO measurements (board_revision_id, kind, test_point, reference_designator, rail_name, power_state, expected_value, measured_value, units, notes, is_known_good) VALUES (200171, 'voltage', 'VBUS_5V', NULL, 'VBUS', 'on', '5.0', '5.0', 'V', 'USB VBUS when charging.', 1);
INSERT INTO measurements (board_revision_id, kind, test_point, reference_designator, rail_name, power_state, expected_value, measured_value, units, notes, is_known_good) VALUES (200171, 'voltage', 'PP1V8', NULL, '1V8', 'on', '1.8', '1.8', 'V', '1.8V housekeeping rail (typical).', 1);
INSERT INTO measurements (board_revision_id, kind, test_point, reference_designator, rail_name, power_state, expected_value, measured_value, units, notes, is_known_good) VALUES (200171, 'voltage', 'PP3V0', NULL, '3V0', 'on', '3.0', '3.0', 'V', '3.0V rail (typical).', 1);
INSERT INTO board_revisions (id, device_model, revision, layer_count, primary_soc, pmic, notes) VALUES (200172, 'Xiaomi Mi A2', 'Logic Board', NULL, NULL, 'U_PMIC', 'Xiaomi Mi A2 main logic board. Component set and rails are family-typical reference values; confirm exact values against the boardview/schematic for this unit.');
INSERT INTO board_components (board_revision_id, reference_designator, component_type, value, part_number, notes) VALUES (200172, 'J_DISP', 'Connector', NULL, NULL, 'Display FPC connector');
INSERT INTO board_components (board_revision_id, reference_designator, component_type, value, part_number, notes) VALUES (200172, 'J_BATT', 'Connector', NULL, NULL, 'Battery FPC connector');
INSERT INTO board_components (board_revision_id, reference_designator, component_type, value, part_number, notes) VALUES (200172, 'J_CHG', 'Connector', NULL, NULL, 'Charge port / dock connector');
INSERT INTO board_components (board_revision_id, reference_designator, component_type, value, part_number, notes) VALUES (200172, 'J_FCAM', 'Connector', NULL, NULL, 'Front camera connector');
INSERT INTO board_components (board_revision_id, reference_designator, component_type, value, part_number, notes) VALUES (200172, 'J_RCAM', 'Connector', NULL, NULL, 'Rear camera connector');
INSERT INTO board_components (board_revision_id, reference_designator, component_type, value, part_number, notes) VALUES (200172, 'U_PMIC', 'PMIC', NULL, NULL, 'Main power management IC');
INSERT INTO board_components (board_revision_id, reference_designator, component_type, value, part_number, notes) VALUES (200172, 'U_CHG', 'Charging IC', NULL, NULL, 'USB charging / interface IC');
INSERT INTO board_components (board_revision_id, reference_designator, component_type, value, part_number, notes) VALUES (200172, 'U_AUDIO', 'Audio IC', NULL, NULL, 'Audio codec IC');
INSERT INTO board_components (board_revision_id, reference_designator, component_type, value, part_number, notes) VALUES (200172, 'U_NAND', 'NAND Flash', NULL, NULL, 'Flash storage');
INSERT INTO board_test_points (board_revision_id, label, location_desc, expected_voltage, expected_resistance) VALUES (200172, 'VBAT', 'see boardview', '3.8V', NULL);
INSERT INTO board_test_points (board_revision_id, label, location_desc, expected_voltage, expected_resistance) VALUES (200172, 'VBUS_5V', 'see boardview', '5.0V', NULL);
INSERT INTO board_test_points (board_revision_id, label, location_desc, expected_voltage, expected_resistance) VALUES (200172, 'PP1V8', 'see boardview', '1.8V', NULL);
INSERT INTO board_test_points (board_revision_id, label, location_desc, expected_voltage, expected_resistance) VALUES (200172, 'PP3V0', 'see boardview', '3.0V', NULL);
INSERT INTO board_nets (board_revision_id, net_name, test_point, expected_value, units) VALUES (200172, 'VBAT / PP_BATT_VCC', 'VBAT', '3.8', 'V');
INSERT INTO board_nets (board_revision_id, net_name, test_point, expected_value, units) VALUES (200172, 'VBUS', 'VBUS_5V', '5.0', 'V');
INSERT INTO board_nets (board_revision_id, net_name, test_point, expected_value, units) VALUES (200172, '1V8', 'PP1V8', '1.8', 'V');
INSERT INTO board_nets (board_revision_id, net_name, test_point, expected_value, units) VALUES (200172, '3V0', 'PP3V0', '3.0', 'V');
INSERT INTO measurements (board_revision_id, kind, test_point, reference_designator, rail_name, power_state, expected_value, measured_value, units, notes, is_known_good) VALUES (200172, 'voltage', 'VBAT', NULL, 'VBAT / PP_BATT_VCC', 'off', '3.8', '3.8', 'V', 'Battery main rail (typically 3.0-4.35V with charge).', 1);
INSERT INTO measurements (board_revision_id, kind, test_point, reference_designator, rail_name, power_state, expected_value, measured_value, units, notes, is_known_good) VALUES (200172, 'voltage', 'VBUS_5V', NULL, 'VBUS', 'on', '5.0', '5.0', 'V', 'USB VBUS when charging.', 1);
INSERT INTO measurements (board_revision_id, kind, test_point, reference_designator, rail_name, power_state, expected_value, measured_value, units, notes, is_known_good) VALUES (200172, 'voltage', 'PP1V8', NULL, '1V8', 'on', '1.8', '1.8', 'V', '1.8V housekeeping rail (typical).', 1);
INSERT INTO measurements (board_revision_id, kind, test_point, reference_designator, rail_name, power_state, expected_value, measured_value, units, notes, is_known_good) VALUES (200172, 'voltage', 'PP3V0', NULL, '3V0', 'on', '3.0', '3.0', 'V', '3.0V rail (typical).', 1);
INSERT INTO board_revisions (id, device_model, revision, layer_count, primary_soc, pmic, notes) VALUES (200173, 'Xiaomi Mi 11 Lite', 'Logic Board', NULL, NULL, 'U_PMIC', 'Xiaomi Mi 11 Lite main logic board. Component set and rails are family-typical reference values; confirm exact values against the boardview/schematic for this unit.');
INSERT INTO board_components (board_revision_id, reference_designator, component_type, value, part_number, notes) VALUES (200173, 'J_DISP', 'Connector', NULL, NULL, 'Display FPC connector');
INSERT INTO board_components (board_revision_id, reference_designator, component_type, value, part_number, notes) VALUES (200173, 'J_BATT', 'Connector', NULL, NULL, 'Battery FPC connector');
INSERT INTO board_components (board_revision_id, reference_designator, component_type, value, part_number, notes) VALUES (200173, 'J_CHG', 'Connector', NULL, NULL, 'Charge port / dock connector');
INSERT INTO board_components (board_revision_id, reference_designator, component_type, value, part_number, notes) VALUES (200173, 'J_FCAM', 'Connector', NULL, NULL, 'Front camera connector');
INSERT INTO board_components (board_revision_id, reference_designator, component_type, value, part_number, notes) VALUES (200173, 'J_RCAM', 'Connector', NULL, NULL, 'Rear camera connector');
INSERT INTO board_components (board_revision_id, reference_designator, component_type, value, part_number, notes) VALUES (200173, 'U_PMIC', 'PMIC', NULL, NULL, 'Main power management IC');
INSERT INTO board_components (board_revision_id, reference_designator, component_type, value, part_number, notes) VALUES (200173, 'U_CHG', 'Charging IC', NULL, NULL, 'USB charging / interface IC');
INSERT INTO board_components (board_revision_id, reference_designator, component_type, value, part_number, notes) VALUES (200173, 'U_AUDIO', 'Audio IC', NULL, NULL, 'Audio codec IC');
INSERT INTO board_components (board_revision_id, reference_designator, component_type, value, part_number, notes) VALUES (200173, 'U_NAND', 'NAND Flash', NULL, NULL, 'Flash storage');
INSERT INTO board_test_points (board_revision_id, label, location_desc, expected_voltage, expected_resistance) VALUES (200173, 'VBAT', 'see boardview', '3.8V', NULL);
INSERT INTO board_test_points (board_revision_id, label, location_desc, expected_voltage, expected_resistance) VALUES (200173, 'VBUS_5V', 'see boardview', '5.0V', NULL);
INSERT INTO board_test_points (board_revision_id, label, location_desc, expected_voltage, expected_resistance) VALUES (200173, 'PP1V8', 'see boardview', '1.8V', NULL);
INSERT INTO board_test_points (board_revision_id, label, location_desc, expected_voltage, expected_resistance) VALUES (200173, 'PP3V0', 'see boardview', '3.0V', NULL);
INSERT INTO board_nets (board_revision_id, net_name, test_point, expected_value, units) VALUES (200173, 'VBAT / PP_BATT_VCC', 'VBAT', '3.8', 'V');
INSERT INTO board_nets (board_revision_id, net_name, test_point, expected_value, units) VALUES (200173, 'VBUS', 'VBUS_5V', '5.0', 'V');
INSERT INTO board_nets (board_revision_id, net_name, test_point, expected_value, units) VALUES (200173, '1V8', 'PP1V8', '1.8', 'V');
INSERT INTO board_nets (board_revision_id, net_name, test_point, expected_value, units) VALUES (200173, '3V0', 'PP3V0', '3.0', 'V');
INSERT INTO measurements (board_revision_id, kind, test_point, reference_designator, rail_name, power_state, expected_value, measured_value, units, notes, is_known_good) VALUES (200173, 'voltage', 'VBAT', NULL, 'VBAT / PP_BATT_VCC', 'off', '3.8', '3.8', 'V', 'Battery main rail (typically 3.0-4.35V with charge).', 1);
INSERT INTO measurements (board_revision_id, kind, test_point, reference_designator, rail_name, power_state, expected_value, measured_value, units, notes, is_known_good) VALUES (200173, 'voltage', 'VBUS_5V', NULL, 'VBUS', 'on', '5.0', '5.0', 'V', 'USB VBUS when charging.', 1);
INSERT INTO measurements (board_revision_id, kind, test_point, reference_designator, rail_name, power_state, expected_value, measured_value, units, notes, is_known_good) VALUES (200173, 'voltage', 'PP1V8', NULL, '1V8', 'on', '1.8', '1.8', 'V', '1.8V housekeeping rail (typical).', 1);
INSERT INTO measurements (board_revision_id, kind, test_point, reference_designator, rail_name, power_state, expected_value, measured_value, units, notes, is_known_good) VALUES (200173, 'voltage', 'PP3V0', NULL, '3V0', 'on', '3.0', '3.0', 'V', '3.0V rail (typical).', 1);
INSERT INTO board_revisions (id, device_model, revision, layer_count, primary_soc, pmic, notes) VALUES (200174, 'Motorola Moto G4', 'Logic Board', NULL, NULL, 'U_PMIC', 'Motorola Moto G4 main logic board. Component set and rails are family-typical reference values; confirm exact values against the boardview/schematic for this unit.');
INSERT INTO board_components (board_revision_id, reference_designator, component_type, value, part_number, notes) VALUES (200174, 'J_DISP', 'Connector', NULL, NULL, 'Display FPC connector');
INSERT INTO board_components (board_revision_id, reference_designator, component_type, value, part_number, notes) VALUES (200174, 'J_BATT', 'Connector', NULL, NULL, 'Battery FPC connector');
INSERT INTO board_components (board_revision_id, reference_designator, component_type, value, part_number, notes) VALUES (200174, 'J_CHG', 'Connector', NULL, NULL, 'Charge port / dock connector');
INSERT INTO board_components (board_revision_id, reference_designator, component_type, value, part_number, notes) VALUES (200174, 'J_FCAM', 'Connector', NULL, NULL, 'Front camera connector');
INSERT INTO board_components (board_revision_id, reference_designator, component_type, value, part_number, notes) VALUES (200174, 'J_RCAM', 'Connector', NULL, NULL, 'Rear camera connector');
INSERT INTO board_components (board_revision_id, reference_designator, component_type, value, part_number, notes) VALUES (200174, 'U_PMIC', 'PMIC', NULL, NULL, 'Main power management IC');
INSERT INTO board_components (board_revision_id, reference_designator, component_type, value, part_number, notes) VALUES (200174, 'U_CHG', 'Charging IC', NULL, NULL, 'USB charging / interface IC');
INSERT INTO board_components (board_revision_id, reference_designator, component_type, value, part_number, notes) VALUES (200174, 'U_AUDIO', 'Audio IC', NULL, NULL, 'Audio codec IC');
INSERT INTO board_components (board_revision_id, reference_designator, component_type, value, part_number, notes) VALUES (200174, 'U_NAND', 'NAND Flash', NULL, NULL, 'Flash storage');
INSERT INTO board_test_points (board_revision_id, label, location_desc, expected_voltage, expected_resistance) VALUES (200174, 'VBAT', 'see boardview', '3.8V', NULL);
INSERT INTO board_test_points (board_revision_id, label, location_desc, expected_voltage, expected_resistance) VALUES (200174, 'VBUS_5V', 'see boardview', '5.0V', NULL);
INSERT INTO board_test_points (board_revision_id, label, location_desc, expected_voltage, expected_resistance) VALUES (200174, 'PP1V8', 'see boardview', '1.8V', NULL);
INSERT INTO board_test_points (board_revision_id, label, location_desc, expected_voltage, expected_resistance) VALUES (200174, 'PP3V0', 'see boardview', '3.0V', NULL);
INSERT INTO board_nets (board_revision_id, net_name, test_point, expected_value, units) VALUES (200174, 'VBAT / PP_BATT_VCC', 'VBAT', '3.8', 'V');
INSERT INTO board_nets (board_revision_id, net_name, test_point, expected_value, units) VALUES (200174, 'VBUS', 'VBUS_5V', '5.0', 'V');
INSERT INTO board_nets (board_revision_id, net_name, test_point, expected_value, units) VALUES (200174, '1V8', 'PP1V8', '1.8', 'V');
INSERT INTO board_nets (board_revision_id, net_name, test_point, expected_value, units) VALUES (200174, '3V0', 'PP3V0', '3.0', 'V');
INSERT INTO measurements (board_revision_id, kind, test_point, reference_designator, rail_name, power_state, expected_value, measured_value, units, notes, is_known_good) VALUES (200174, 'voltage', 'VBAT', NULL, 'VBAT / PP_BATT_VCC', 'off', '3.8', '3.8', 'V', 'Battery main rail (typically 3.0-4.35V with charge).', 1);
INSERT INTO measurements (board_revision_id, kind, test_point, reference_designator, rail_name, power_state, expected_value, measured_value, units, notes, is_known_good) VALUES (200174, 'voltage', 'VBUS_5V', NULL, 'VBUS', 'on', '5.0', '5.0', 'V', 'USB VBUS when charging.', 1);
INSERT INTO measurements (board_revision_id, kind, test_point, reference_designator, rail_name, power_state, expected_value, measured_value, units, notes, is_known_good) VALUES (200174, 'voltage', 'PP1V8', NULL, '1V8', 'on', '1.8', '1.8', 'V', '1.8V housekeeping rail (typical).', 1);
INSERT INTO measurements (board_revision_id, kind, test_point, reference_designator, rail_name, power_state, expected_value, measured_value, units, notes, is_known_good) VALUES (200174, 'voltage', 'PP3V0', NULL, '3V0', 'on', '3.0', '3.0', 'V', '3.0V rail (typical).', 1);
INSERT INTO board_revisions (id, device_model, revision, layer_count, primary_soc, pmic, notes) VALUES (200175, 'Motorola Moto G5', 'Logic Board', NULL, NULL, 'U_PMIC', 'Motorola Moto G5 main logic board. Component set and rails are family-typical reference values; confirm exact values against the boardview/schematic for this unit.');
INSERT INTO board_components (board_revision_id, reference_designator, component_type, value, part_number, notes) VALUES (200175, 'J_DISP', 'Connector', NULL, NULL, 'Display FPC connector');
INSERT INTO board_components (board_revision_id, reference_designator, component_type, value, part_number, notes) VALUES (200175, 'J_BATT', 'Connector', NULL, NULL, 'Battery FPC connector');
INSERT INTO board_components (board_revision_id, reference_designator, component_type, value, part_number, notes) VALUES (200175, 'J_CHG', 'Connector', NULL, NULL, 'Charge port / dock connector');
INSERT INTO board_components (board_revision_id, reference_designator, component_type, value, part_number, notes) VALUES (200175, 'J_FCAM', 'Connector', NULL, NULL, 'Front camera connector');
INSERT INTO board_components (board_revision_id, reference_designator, component_type, value, part_number, notes) VALUES (200175, 'J_RCAM', 'Connector', NULL, NULL, 'Rear camera connector');
INSERT INTO board_components (board_revision_id, reference_designator, component_type, value, part_number, notes) VALUES (200175, 'U_PMIC', 'PMIC', NULL, NULL, 'Main power management IC');
INSERT INTO board_components (board_revision_id, reference_designator, component_type, value, part_number, notes) VALUES (200175, 'U_CHG', 'Charging IC', NULL, NULL, 'USB charging / interface IC');
INSERT INTO board_components (board_revision_id, reference_designator, component_type, value, part_number, notes) VALUES (200175, 'U_AUDIO', 'Audio IC', NULL, NULL, 'Audio codec IC');
INSERT INTO board_components (board_revision_id, reference_designator, component_type, value, part_number, notes) VALUES (200175, 'U_NAND', 'NAND Flash', NULL, NULL, 'Flash storage');
INSERT INTO board_test_points (board_revision_id, label, location_desc, expected_voltage, expected_resistance) VALUES (200175, 'VBAT', 'see boardview', '3.8V', NULL);
INSERT INTO board_test_points (board_revision_id, label, location_desc, expected_voltage, expected_resistance) VALUES (200175, 'VBUS_5V', 'see boardview', '5.0V', NULL);
INSERT INTO board_test_points (board_revision_id, label, location_desc, expected_voltage, expected_resistance) VALUES (200175, 'PP1V8', 'see boardview', '1.8V', NULL);
INSERT INTO board_test_points (board_revision_id, label, location_desc, expected_voltage, expected_resistance) VALUES (200175, 'PP3V0', 'see boardview', '3.0V', NULL);
INSERT INTO board_nets (board_revision_id, net_name, test_point, expected_value, units) VALUES (200175, 'VBAT / PP_BATT_VCC', 'VBAT', '3.8', 'V');
INSERT INTO board_nets (board_revision_id, net_name, test_point, expected_value, units) VALUES (200175, 'VBUS', 'VBUS_5V', '5.0', 'V');
INSERT INTO board_nets (board_revision_id, net_name, test_point, expected_value, units) VALUES (200175, '1V8', 'PP1V8', '1.8', 'V');
INSERT INTO board_nets (board_revision_id, net_name, test_point, expected_value, units) VALUES (200175, '3V0', 'PP3V0', '3.0', 'V');
INSERT INTO measurements (board_revision_id, kind, test_point, reference_designator, rail_name, power_state, expected_value, measured_value, units, notes, is_known_good) VALUES (200175, 'voltage', 'VBAT', NULL, 'VBAT / PP_BATT_VCC', 'off', '3.8', '3.8', 'V', 'Battery main rail (typically 3.0-4.35V with charge).', 1);
INSERT INTO measurements (board_revision_id, kind, test_point, reference_designator, rail_name, power_state, expected_value, measured_value, units, notes, is_known_good) VALUES (200175, 'voltage', 'VBUS_5V', NULL, 'VBUS', 'on', '5.0', '5.0', 'V', 'USB VBUS when charging.', 1);
INSERT INTO measurements (board_revision_id, kind, test_point, reference_designator, rail_name, power_state, expected_value, measured_value, units, notes, is_known_good) VALUES (200175, 'voltage', 'PP1V8', NULL, '1V8', 'on', '1.8', '1.8', 'V', '1.8V housekeeping rail (typical).', 1);
INSERT INTO measurements (board_revision_id, kind, test_point, reference_designator, rail_name, power_state, expected_value, measured_value, units, notes, is_known_good) VALUES (200175, 'voltage', 'PP3V0', NULL, '3V0', 'on', '3.0', '3.0', 'V', '3.0V rail (typical).', 1);
INSERT INTO board_revisions (id, device_model, revision, layer_count, primary_soc, pmic, notes) VALUES (200176, 'Motorola Moto G6', 'Logic Board', NULL, NULL, 'U_PMIC', 'Motorola Moto G6 main logic board. Component set and rails are family-typical reference values; confirm exact values against the boardview/schematic for this unit.');
INSERT INTO board_components (board_revision_id, reference_designator, component_type, value, part_number, notes) VALUES (200176, 'J_DISP', 'Connector', NULL, NULL, 'Display FPC connector');
INSERT INTO board_components (board_revision_id, reference_designator, component_type, value, part_number, notes) VALUES (200176, 'J_BATT', 'Connector', NULL, NULL, 'Battery FPC connector');
INSERT INTO board_components (board_revision_id, reference_designator, component_type, value, part_number, notes) VALUES (200176, 'J_CHG', 'Connector', NULL, NULL, 'Charge port / dock connector');
INSERT INTO board_components (board_revision_id, reference_designator, component_type, value, part_number, notes) VALUES (200176, 'J_FCAM', 'Connector', NULL, NULL, 'Front camera connector');
INSERT INTO board_components (board_revision_id, reference_designator, component_type, value, part_number, notes) VALUES (200176, 'J_RCAM', 'Connector', NULL, NULL, 'Rear camera connector');
INSERT INTO board_components (board_revision_id, reference_designator, component_type, value, part_number, notes) VALUES (200176, 'U_PMIC', 'PMIC', NULL, NULL, 'Main power management IC');
INSERT INTO board_components (board_revision_id, reference_designator, component_type, value, part_number, notes) VALUES (200176, 'U_CHG', 'Charging IC', NULL, NULL, 'USB charging / interface IC');
INSERT INTO board_components (board_revision_id, reference_designator, component_type, value, part_number, notes) VALUES (200176, 'U_AUDIO', 'Audio IC', NULL, NULL, 'Audio codec IC');
INSERT INTO board_components (board_revision_id, reference_designator, component_type, value, part_number, notes) VALUES (200176, 'U_NAND', 'NAND Flash', NULL, NULL, 'Flash storage');
INSERT INTO board_test_points (board_revision_id, label, location_desc, expected_voltage, expected_resistance) VALUES (200176, 'VBAT', 'see boardview', '3.8V', NULL);
INSERT INTO board_test_points (board_revision_id, label, location_desc, expected_voltage, expected_resistance) VALUES (200176, 'VBUS_5V', 'see boardview', '5.0V', NULL);
INSERT INTO board_test_points (board_revision_id, label, location_desc, expected_voltage, expected_resistance) VALUES (200176, 'PP1V8', 'see boardview', '1.8V', NULL);
INSERT INTO board_test_points (board_revision_id, label, location_desc, expected_voltage, expected_resistance) VALUES (200176, 'PP3V0', 'see boardview', '3.0V', NULL);
INSERT INTO board_nets (board_revision_id, net_name, test_point, expected_value, units) VALUES (200176, 'VBAT / PP_BATT_VCC', 'VBAT', '3.8', 'V');
INSERT INTO board_nets (board_revision_id, net_name, test_point, expected_value, units) VALUES (200176, 'VBUS', 'VBUS_5V', '5.0', 'V');
INSERT INTO board_nets (board_revision_id, net_name, test_point, expected_value, units) VALUES (200176, '1V8', 'PP1V8', '1.8', 'V');
INSERT INTO board_nets (board_revision_id, net_name, test_point, expected_value, units) VALUES (200176, '3V0', 'PP3V0', '3.0', 'V');
INSERT INTO measurements (board_revision_id, kind, test_point, reference_designator, rail_name, power_state, expected_value, measured_value, units, notes, is_known_good) VALUES (200176, 'voltage', 'VBAT', NULL, 'VBAT / PP_BATT_VCC', 'off', '3.8', '3.8', 'V', 'Battery main rail (typically 3.0-4.35V with charge).', 1);
INSERT INTO measurements (board_revision_id, kind, test_point, reference_designator, rail_name, power_state, expected_value, measured_value, units, notes, is_known_good) VALUES (200176, 'voltage', 'VBUS_5V', NULL, 'VBUS', 'on', '5.0', '5.0', 'V', 'USB VBUS when charging.', 1);
INSERT INTO measurements (board_revision_id, kind, test_point, reference_designator, rail_name, power_state, expected_value, measured_value, units, notes, is_known_good) VALUES (200176, 'voltage', 'PP1V8', NULL, '1V8', 'on', '1.8', '1.8', 'V', '1.8V housekeeping rail (typical).', 1);
INSERT INTO measurements (board_revision_id, kind, test_point, reference_designator, rail_name, power_state, expected_value, measured_value, units, notes, is_known_good) VALUES (200176, 'voltage', 'PP3V0', NULL, '3V0', 'on', '3.0', '3.0', 'V', '3.0V rail (typical).', 1);
INSERT INTO board_revisions (id, device_model, revision, layer_count, primary_soc, pmic, notes) VALUES (200177, 'Motorola Moto G7', 'Logic Board', NULL, NULL, 'U_PMIC', 'Motorola Moto G7 main logic board. Component set and rails are family-typical reference values; confirm exact values against the boardview/schematic for this unit.');
INSERT INTO board_components (board_revision_id, reference_designator, component_type, value, part_number, notes) VALUES (200177, 'J_DISP', 'Connector', NULL, NULL, 'Display FPC connector');
INSERT INTO board_components (board_revision_id, reference_designator, component_type, value, part_number, notes) VALUES (200177, 'J_BATT', 'Connector', NULL, NULL, 'Battery FPC connector');
INSERT INTO board_components (board_revision_id, reference_designator, component_type, value, part_number, notes) VALUES (200177, 'J_CHG', 'Connector', NULL, NULL, 'Charge port / dock connector');
INSERT INTO board_components (board_revision_id, reference_designator, component_type, value, part_number, notes) VALUES (200177, 'J_FCAM', 'Connector', NULL, NULL, 'Front camera connector');
INSERT INTO board_components (board_revision_id, reference_designator, component_type, value, part_number, notes) VALUES (200177, 'J_RCAM', 'Connector', NULL, NULL, 'Rear camera connector');
INSERT INTO board_components (board_revision_id, reference_designator, component_type, value, part_number, notes) VALUES (200177, 'U_PMIC', 'PMIC', NULL, NULL, 'Main power management IC');
INSERT INTO board_components (board_revision_id, reference_designator, component_type, value, part_number, notes) VALUES (200177, 'U_CHG', 'Charging IC', NULL, NULL, 'USB charging / interface IC');
INSERT INTO board_components (board_revision_id, reference_designator, component_type, value, part_number, notes) VALUES (200177, 'U_AUDIO', 'Audio IC', NULL, NULL, 'Audio codec IC');
INSERT INTO board_components (board_revision_id, reference_designator, component_type, value, part_number, notes) VALUES (200177, 'U_NAND', 'NAND Flash', NULL, NULL, 'Flash storage');
INSERT INTO board_test_points (board_revision_id, label, location_desc, expected_voltage, expected_resistance) VALUES (200177, 'VBAT', 'see boardview', '3.8V', NULL);
INSERT INTO board_test_points (board_revision_id, label, location_desc, expected_voltage, expected_resistance) VALUES (200177, 'VBUS_5V', 'see boardview', '5.0V', NULL);
INSERT INTO board_test_points (board_revision_id, label, location_desc, expected_voltage, expected_resistance) VALUES (200177, 'PP1V8', 'see boardview', '1.8V', NULL);
INSERT INTO board_test_points (board_revision_id, label, location_desc, expected_voltage, expected_resistance) VALUES (200177, 'PP3V0', 'see boardview', '3.0V', NULL);
INSERT INTO board_nets (board_revision_id, net_name, test_point, expected_value, units) VALUES (200177, 'VBAT / PP_BATT_VCC', 'VBAT', '3.8', 'V');
INSERT INTO board_nets (board_revision_id, net_name, test_point, expected_value, units) VALUES (200177, 'VBUS', 'VBUS_5V', '5.0', 'V');
INSERT INTO board_nets (board_revision_id, net_name, test_point, expected_value, units) VALUES (200177, '1V8', 'PP1V8', '1.8', 'V');
INSERT INTO board_nets (board_revision_id, net_name, test_point, expected_value, units) VALUES (200177, '3V0', 'PP3V0', '3.0', 'V');
INSERT INTO measurements (board_revision_id, kind, test_point, reference_designator, rail_name, power_state, expected_value, measured_value, units, notes, is_known_good) VALUES (200177, 'voltage', 'VBAT', NULL, 'VBAT / PP_BATT_VCC', 'off', '3.8', '3.8', 'V', 'Battery main rail (typically 3.0-4.35V with charge).', 1);
INSERT INTO measurements (board_revision_id, kind, test_point, reference_designator, rail_name, power_state, expected_value, measured_value, units, notes, is_known_good) VALUES (200177, 'voltage', 'VBUS_5V', NULL, 'VBUS', 'on', '5.0', '5.0', 'V', 'USB VBUS when charging.', 1);
INSERT INTO measurements (board_revision_id, kind, test_point, reference_designator, rail_name, power_state, expected_value, measured_value, units, notes, is_known_good) VALUES (200177, 'voltage', 'PP1V8', NULL, '1V8', 'on', '1.8', '1.8', 'V', '1.8V housekeeping rail (typical).', 1);
INSERT INTO measurements (board_revision_id, kind, test_point, reference_designator, rail_name, power_state, expected_value, measured_value, units, notes, is_known_good) VALUES (200177, 'voltage', 'PP3V0', NULL, '3V0', 'on', '3.0', '3.0', 'V', '3.0V rail (typical).', 1);
INSERT INTO board_revisions (id, device_model, revision, layer_count, primary_soc, pmic, notes) VALUES (200178, 'Motorola Moto G8', 'Logic Board', NULL, NULL, 'U_PMIC', 'Motorola Moto G8 main logic board. Component set and rails are family-typical reference values; confirm exact values against the boardview/schematic for this unit.');
INSERT INTO board_components (board_revision_id, reference_designator, component_type, value, part_number, notes) VALUES (200178, 'J_DISP', 'Connector', NULL, NULL, 'Display FPC connector');
INSERT INTO board_components (board_revision_id, reference_designator, component_type, value, part_number, notes) VALUES (200178, 'J_BATT', 'Connector', NULL, NULL, 'Battery FPC connector');
INSERT INTO board_components (board_revision_id, reference_designator, component_type, value, part_number, notes) VALUES (200178, 'J_CHG', 'Connector', NULL, NULL, 'Charge port / dock connector');
INSERT INTO board_components (board_revision_id, reference_designator, component_type, value, part_number, notes) VALUES (200178, 'J_FCAM', 'Connector', NULL, NULL, 'Front camera connector');
INSERT INTO board_components (board_revision_id, reference_designator, component_type, value, part_number, notes) VALUES (200178, 'J_RCAM', 'Connector', NULL, NULL, 'Rear camera connector');
INSERT INTO board_components (board_revision_id, reference_designator, component_type, value, part_number, notes) VALUES (200178, 'U_PMIC', 'PMIC', NULL, NULL, 'Main power management IC');
INSERT INTO board_components (board_revision_id, reference_designator, component_type, value, part_number, notes) VALUES (200178, 'U_CHG', 'Charging IC', NULL, NULL, 'USB charging / interface IC');
INSERT INTO board_components (board_revision_id, reference_designator, component_type, value, part_number, notes) VALUES (200178, 'U_AUDIO', 'Audio IC', NULL, NULL, 'Audio codec IC');
INSERT INTO board_components (board_revision_id, reference_designator, component_type, value, part_number, notes) VALUES (200178, 'U_NAND', 'NAND Flash', NULL, NULL, 'Flash storage');
INSERT INTO board_test_points (board_revision_id, label, location_desc, expected_voltage, expected_resistance) VALUES (200178, 'VBAT', 'see boardview', '3.8V', NULL);
INSERT INTO board_test_points (board_revision_id, label, location_desc, expected_voltage, expected_resistance) VALUES (200178, 'VBUS_5V', 'see boardview', '5.0V', NULL);
INSERT INTO board_test_points (board_revision_id, label, location_desc, expected_voltage, expected_resistance) VALUES (200178, 'PP1V8', 'see boardview', '1.8V', NULL);
INSERT INTO board_test_points (board_revision_id, label, location_desc, expected_voltage, expected_resistance) VALUES (200178, 'PP3V0', 'see boardview', '3.0V', NULL);
INSERT INTO board_nets (board_revision_id, net_name, test_point, expected_value, units) VALUES (200178, 'VBAT / PP_BATT_VCC', 'VBAT', '3.8', 'V');
INSERT INTO board_nets (board_revision_id, net_name, test_point, expected_value, units) VALUES (200178, 'VBUS', 'VBUS_5V', '5.0', 'V');
INSERT INTO board_nets (board_revision_id, net_name, test_point, expected_value, units) VALUES (200178, '1V8', 'PP1V8', '1.8', 'V');
INSERT INTO board_nets (board_revision_id, net_name, test_point, expected_value, units) VALUES (200178, '3V0', 'PP3V0', '3.0', 'V');
INSERT INTO measurements (board_revision_id, kind, test_point, reference_designator, rail_name, power_state, expected_value, measured_value, units, notes, is_known_good) VALUES (200178, 'voltage', 'VBAT', NULL, 'VBAT / PP_BATT_VCC', 'off', '3.8', '3.8', 'V', 'Battery main rail (typically 3.0-4.35V with charge).', 1);
INSERT INTO measurements (board_revision_id, kind, test_point, reference_designator, rail_name, power_state, expected_value, measured_value, units, notes, is_known_good) VALUES (200178, 'voltage', 'VBUS_5V', NULL, 'VBUS', 'on', '5.0', '5.0', 'V', 'USB VBUS when charging.', 1);
INSERT INTO measurements (board_revision_id, kind, test_point, reference_designator, rail_name, power_state, expected_value, measured_value, units, notes, is_known_good) VALUES (200178, 'voltage', 'PP1V8', NULL, '1V8', 'on', '1.8', '1.8', 'V', '1.8V housekeeping rail (typical).', 1);
INSERT INTO measurements (board_revision_id, kind, test_point, reference_designator, rail_name, power_state, expected_value, measured_value, units, notes, is_known_good) VALUES (200178, 'voltage', 'PP3V0', NULL, '3V0', 'on', '3.0', '3.0', 'V', '3.0V rail (typical).', 1);
INSERT INTO board_revisions (id, device_model, revision, layer_count, primary_soc, pmic, notes) VALUES (200179, 'Motorola Moto G9', 'Logic Board', NULL, NULL, 'U_PMIC', 'Motorola Moto G9 main logic board. Component set and rails are family-typical reference values; confirm exact values against the boardview/schematic for this unit.');
INSERT INTO board_components (board_revision_id, reference_designator, component_type, value, part_number, notes) VALUES (200179, 'J_DISP', 'Connector', NULL, NULL, 'Display FPC connector');
INSERT INTO board_components (board_revision_id, reference_designator, component_type, value, part_number, notes) VALUES (200179, 'J_BATT', 'Connector', NULL, NULL, 'Battery FPC connector');
INSERT INTO board_components (board_revision_id, reference_designator, component_type, value, part_number, notes) VALUES (200179, 'J_CHG', 'Connector', NULL, NULL, 'Charge port / dock connector');
INSERT INTO board_components (board_revision_id, reference_designator, component_type, value, part_number, notes) VALUES (200179, 'J_FCAM', 'Connector', NULL, NULL, 'Front camera connector');
INSERT INTO board_components (board_revision_id, reference_designator, component_type, value, part_number, notes) VALUES (200179, 'J_RCAM', 'Connector', NULL, NULL, 'Rear camera connector');
INSERT INTO board_components (board_revision_id, reference_designator, component_type, value, part_number, notes) VALUES (200179, 'U_PMIC', 'PMIC', NULL, NULL, 'Main power management IC');
INSERT INTO board_components (board_revision_id, reference_designator, component_type, value, part_number, notes) VALUES (200179, 'U_CHG', 'Charging IC', NULL, NULL, 'USB charging / interface IC');
INSERT INTO board_components (board_revision_id, reference_designator, component_type, value, part_number, notes) VALUES (200179, 'U_AUDIO', 'Audio IC', NULL, NULL, 'Audio codec IC');
INSERT INTO board_components (board_revision_id, reference_designator, component_type, value, part_number, notes) VALUES (200179, 'U_NAND', 'NAND Flash', NULL, NULL, 'Flash storage');
INSERT INTO board_test_points (board_revision_id, label, location_desc, expected_voltage, expected_resistance) VALUES (200179, 'VBAT', 'see boardview', '3.8V', NULL);
INSERT INTO board_test_points (board_revision_id, label, location_desc, expected_voltage, expected_resistance) VALUES (200179, 'VBUS_5V', 'see boardview', '5.0V', NULL);
INSERT INTO board_test_points (board_revision_id, label, location_desc, expected_voltage, expected_resistance) VALUES (200179, 'PP1V8', 'see boardview', '1.8V', NULL);
INSERT INTO board_test_points (board_revision_id, label, location_desc, expected_voltage, expected_resistance) VALUES (200179, 'PP3V0', 'see boardview', '3.0V', NULL);
INSERT INTO board_nets (board_revision_id, net_name, test_point, expected_value, units) VALUES (200179, 'VBAT / PP_BATT_VCC', 'VBAT', '3.8', 'V');
INSERT INTO board_nets (board_revision_id, net_name, test_point, expected_value, units) VALUES (200179, 'VBUS', 'VBUS_5V', '5.0', 'V');
INSERT INTO board_nets (board_revision_id, net_name, test_point, expected_value, units) VALUES (200179, '1V8', 'PP1V8', '1.8', 'V');
INSERT INTO board_nets (board_revision_id, net_name, test_point, expected_value, units) VALUES (200179, '3V0', 'PP3V0', '3.0', 'V');
INSERT INTO measurements (board_revision_id, kind, test_point, reference_designator, rail_name, power_state, expected_value, measured_value, units, notes, is_known_good) VALUES (200179, 'voltage', 'VBAT', NULL, 'VBAT / PP_BATT_VCC', 'off', '3.8', '3.8', 'V', 'Battery main rail (typically 3.0-4.35V with charge).', 1);
INSERT INTO measurements (board_revision_id, kind, test_point, reference_designator, rail_name, power_state, expected_value, measured_value, units, notes, is_known_good) VALUES (200179, 'voltage', 'VBUS_5V', NULL, 'VBUS', 'on', '5.0', '5.0', 'V', 'USB VBUS when charging.', 1);
INSERT INTO measurements (board_revision_id, kind, test_point, reference_designator, rail_name, power_state, expected_value, measured_value, units, notes, is_known_good) VALUES (200179, 'voltage', 'PP1V8', NULL, '1V8', 'on', '1.8', '1.8', 'V', '1.8V housekeeping rail (typical).', 1);
INSERT INTO measurements (board_revision_id, kind, test_point, reference_designator, rail_name, power_state, expected_value, measured_value, units, notes, is_known_good) VALUES (200179, 'voltage', 'PP3V0', NULL, '3V0', 'on', '3.0', '3.0', 'V', '3.0V rail (typical).', 1);
INSERT INTO board_revisions (id, device_model, revision, layer_count, primary_soc, pmic, notes) VALUES (200180, 'Motorola Moto G Power', 'Logic Board', NULL, NULL, 'U_PMIC', 'Motorola Moto G Power main logic board. Component set and rails are family-typical reference values; confirm exact values against the boardview/schematic for this unit.');
INSERT INTO board_components (board_revision_id, reference_designator, component_type, value, part_number, notes) VALUES (200180, 'J_DISP', 'Connector', NULL, NULL, 'Display FPC connector');
INSERT INTO board_components (board_revision_id, reference_designator, component_type, value, part_number, notes) VALUES (200180, 'J_BATT', 'Connector', NULL, NULL, 'Battery FPC connector');
INSERT INTO board_components (board_revision_id, reference_designator, component_type, value, part_number, notes) VALUES (200180, 'J_CHG', 'Connector', NULL, NULL, 'Charge port / dock connector');
INSERT INTO board_components (board_revision_id, reference_designator, component_type, value, part_number, notes) VALUES (200180, 'J_FCAM', 'Connector', NULL, NULL, 'Front camera connector');
INSERT INTO board_components (board_revision_id, reference_designator, component_type, value, part_number, notes) VALUES (200180, 'J_RCAM', 'Connector', NULL, NULL, 'Rear camera connector');
INSERT INTO board_components (board_revision_id, reference_designator, component_type, value, part_number, notes) VALUES (200180, 'U_PMIC', 'PMIC', NULL, NULL, 'Main power management IC');
INSERT INTO board_components (board_revision_id, reference_designator, component_type, value, part_number, notes) VALUES (200180, 'U_CHG', 'Charging IC', NULL, NULL, 'USB charging / interface IC');
INSERT INTO board_components (board_revision_id, reference_designator, component_type, value, part_number, notes) VALUES (200180, 'U_AUDIO', 'Audio IC', NULL, NULL, 'Audio codec IC');
INSERT INTO board_components (board_revision_id, reference_designator, component_type, value, part_number, notes) VALUES (200180, 'U_NAND', 'NAND Flash', NULL, NULL, 'Flash storage');
INSERT INTO board_test_points (board_revision_id, label, location_desc, expected_voltage, expected_resistance) VALUES (200180, 'VBAT', 'see boardview', '3.8V', NULL);
INSERT INTO board_test_points (board_revision_id, label, location_desc, expected_voltage, expected_resistance) VALUES (200180, 'VBUS_5V', 'see boardview', '5.0V', NULL);
INSERT INTO board_test_points (board_revision_id, label, location_desc, expected_voltage, expected_resistance) VALUES (200180, 'PP1V8', 'see boardview', '1.8V', NULL);
INSERT INTO board_test_points (board_revision_id, label, location_desc, expected_voltage, expected_resistance) VALUES (200180, 'PP3V0', 'see boardview', '3.0V', NULL);
INSERT INTO board_nets (board_revision_id, net_name, test_point, expected_value, units) VALUES (200180, 'VBAT / PP_BATT_VCC', 'VBAT', '3.8', 'V');
INSERT INTO board_nets (board_revision_id, net_name, test_point, expected_value, units) VALUES (200180, 'VBUS', 'VBUS_5V', '5.0', 'V');
INSERT INTO board_nets (board_revision_id, net_name, test_point, expected_value, units) VALUES (200180, '1V8', 'PP1V8', '1.8', 'V');
INSERT INTO board_nets (board_revision_id, net_name, test_point, expected_value, units) VALUES (200180, '3V0', 'PP3V0', '3.0', 'V');
INSERT INTO measurements (board_revision_id, kind, test_point, reference_designator, rail_name, power_state, expected_value, measured_value, units, notes, is_known_good) VALUES (200180, 'voltage', 'VBAT', NULL, 'VBAT / PP_BATT_VCC', 'off', '3.8', '3.8', 'V', 'Battery main rail (typically 3.0-4.35V with charge).', 1);
INSERT INTO measurements (board_revision_id, kind, test_point, reference_designator, rail_name, power_state, expected_value, measured_value, units, notes, is_known_good) VALUES (200180, 'voltage', 'VBUS_5V', NULL, 'VBUS', 'on', '5.0', '5.0', 'V', 'USB VBUS when charging.', 1);
INSERT INTO measurements (board_revision_id, kind, test_point, reference_designator, rail_name, power_state, expected_value, measured_value, units, notes, is_known_good) VALUES (200180, 'voltage', 'PP1V8', NULL, '1V8', 'on', '1.8', '1.8', 'V', '1.8V housekeeping rail (typical).', 1);
INSERT INTO measurements (board_revision_id, kind, test_point, reference_designator, rail_name, power_state, expected_value, measured_value, units, notes, is_known_good) VALUES (200180, 'voltage', 'PP3V0', NULL, '3V0', 'on', '3.0', '3.0', 'V', '3.0V rail (typical).', 1);
INSERT INTO board_revisions (id, device_model, revision, layer_count, primary_soc, pmic, notes) VALUES (200181, 'Motorola Moto G Stylus', 'Logic Board', NULL, NULL, 'U_PMIC', 'Motorola Moto G Stylus main logic board. Component set and rails are family-typical reference values; confirm exact values against the boardview/schematic for this unit.');
INSERT INTO board_components (board_revision_id, reference_designator, component_type, value, part_number, notes) VALUES (200181, 'J_DISP', 'Connector', NULL, NULL, 'Display FPC connector');
INSERT INTO board_components (board_revision_id, reference_designator, component_type, value, part_number, notes) VALUES (200181, 'J_BATT', 'Connector', NULL, NULL, 'Battery FPC connector');
INSERT INTO board_components (board_revision_id, reference_designator, component_type, value, part_number, notes) VALUES (200181, 'J_CHG', 'Connector', NULL, NULL, 'Charge port / dock connector');
INSERT INTO board_components (board_revision_id, reference_designator, component_type, value, part_number, notes) VALUES (200181, 'J_FCAM', 'Connector', NULL, NULL, 'Front camera connector');
INSERT INTO board_components (board_revision_id, reference_designator, component_type, value, part_number, notes) VALUES (200181, 'J_RCAM', 'Connector', NULL, NULL, 'Rear camera connector');
INSERT INTO board_components (board_revision_id, reference_designator, component_type, value, part_number, notes) VALUES (200181, 'U_PMIC', 'PMIC', NULL, NULL, 'Main power management IC');
INSERT INTO board_components (board_revision_id, reference_designator, component_type, value, part_number, notes) VALUES (200181, 'U_CHG', 'Charging IC', NULL, NULL, 'USB charging / interface IC');
INSERT INTO board_components (board_revision_id, reference_designator, component_type, value, part_number, notes) VALUES (200181, 'U_AUDIO', 'Audio IC', NULL, NULL, 'Audio codec IC');
INSERT INTO board_components (board_revision_id, reference_designator, component_type, value, part_number, notes) VALUES (200181, 'U_NAND', 'NAND Flash', NULL, NULL, 'Flash storage');
INSERT INTO board_test_points (board_revision_id, label, location_desc, expected_voltage, expected_resistance) VALUES (200181, 'VBAT', 'see boardview', '3.8V', NULL);
INSERT INTO board_test_points (board_revision_id, label, location_desc, expected_voltage, expected_resistance) VALUES (200181, 'VBUS_5V', 'see boardview', '5.0V', NULL);
INSERT INTO board_test_points (board_revision_id, label, location_desc, expected_voltage, expected_resistance) VALUES (200181, 'PP1V8', 'see boardview', '1.8V', NULL);
INSERT INTO board_test_points (board_revision_id, label, location_desc, expected_voltage, expected_resistance) VALUES (200181, 'PP3V0', 'see boardview', '3.0V', NULL);
INSERT INTO board_nets (board_revision_id, net_name, test_point, expected_value, units) VALUES (200181, 'VBAT / PP_BATT_VCC', 'VBAT', '3.8', 'V');
INSERT INTO board_nets (board_revision_id, net_name, test_point, expected_value, units) VALUES (200181, 'VBUS', 'VBUS_5V', '5.0', 'V');
INSERT INTO board_nets (board_revision_id, net_name, test_point, expected_value, units) VALUES (200181, '1V8', 'PP1V8', '1.8', 'V');
INSERT INTO board_nets (board_revision_id, net_name, test_point, expected_value, units) VALUES (200181, '3V0', 'PP3V0', '3.0', 'V');
INSERT INTO measurements (board_revision_id, kind, test_point, reference_designator, rail_name, power_state, expected_value, measured_value, units, notes, is_known_good) VALUES (200181, 'voltage', 'VBAT', NULL, 'VBAT / PP_BATT_VCC', 'off', '3.8', '3.8', 'V', 'Battery main rail (typically 3.0-4.35V with charge).', 1);
INSERT INTO measurements (board_revision_id, kind, test_point, reference_designator, rail_name, power_state, expected_value, measured_value, units, notes, is_known_good) VALUES (200181, 'voltage', 'VBUS_5V', NULL, 'VBUS', 'on', '5.0', '5.0', 'V', 'USB VBUS when charging.', 1);
INSERT INTO measurements (board_revision_id, kind, test_point, reference_designator, rail_name, power_state, expected_value, measured_value, units, notes, is_known_good) VALUES (200181, 'voltage', 'PP1V8', NULL, '1V8', 'on', '1.8', '1.8', 'V', '1.8V housekeeping rail (typical).', 1);
INSERT INTO measurements (board_revision_id, kind, test_point, reference_designator, rail_name, power_state, expected_value, measured_value, units, notes, is_known_good) VALUES (200181, 'voltage', 'PP3V0', NULL, '3V0', 'on', '3.0', '3.0', 'V', '3.0V rail (typical).', 1);
INSERT INTO board_revisions (id, device_model, revision, layer_count, primary_soc, pmic, notes) VALUES (200182, 'Motorola Moto E5', 'Logic Board', NULL, NULL, 'U_PMIC', 'Motorola Moto E5 main logic board. Component set and rails are family-typical reference values; confirm exact values against the boardview/schematic for this unit.');
INSERT INTO board_components (board_revision_id, reference_designator, component_type, value, part_number, notes) VALUES (200182, 'J_DISP', 'Connector', NULL, NULL, 'Display FPC connector');
INSERT INTO board_components (board_revision_id, reference_designator, component_type, value, part_number, notes) VALUES (200182, 'J_BATT', 'Connector', NULL, NULL, 'Battery FPC connector');
INSERT INTO board_components (board_revision_id, reference_designator, component_type, value, part_number, notes) VALUES (200182, 'J_CHG', 'Connector', NULL, NULL, 'Charge port / dock connector');
INSERT INTO board_components (board_revision_id, reference_designator, component_type, value, part_number, notes) VALUES (200182, 'J_FCAM', 'Connector', NULL, NULL, 'Front camera connector');
INSERT INTO board_components (board_revision_id, reference_designator, component_type, value, part_number, notes) VALUES (200182, 'J_RCAM', 'Connector', NULL, NULL, 'Rear camera connector');
INSERT INTO board_components (board_revision_id, reference_designator, component_type, value, part_number, notes) VALUES (200182, 'U_PMIC', 'PMIC', NULL, NULL, 'Main power management IC');
INSERT INTO board_components (board_revision_id, reference_designator, component_type, value, part_number, notes) VALUES (200182, 'U_CHG', 'Charging IC', NULL, NULL, 'USB charging / interface IC');
INSERT INTO board_components (board_revision_id, reference_designator, component_type, value, part_number, notes) VALUES (200182, 'U_AUDIO', 'Audio IC', NULL, NULL, 'Audio codec IC');
INSERT INTO board_components (board_revision_id, reference_designator, component_type, value, part_number, notes) VALUES (200182, 'U_NAND', 'NAND Flash', NULL, NULL, 'Flash storage');
INSERT INTO board_test_points (board_revision_id, label, location_desc, expected_voltage, expected_resistance) VALUES (200182, 'VBAT', 'see boardview', '3.8V', NULL);
INSERT INTO board_test_points (board_revision_id, label, location_desc, expected_voltage, expected_resistance) VALUES (200182, 'VBUS_5V', 'see boardview', '5.0V', NULL);
INSERT INTO board_test_points (board_revision_id, label, location_desc, expected_voltage, expected_resistance) VALUES (200182, 'PP1V8', 'see boardview', '1.8V', NULL);
INSERT INTO board_test_points (board_revision_id, label, location_desc, expected_voltage, expected_resistance) VALUES (200182, 'PP3V0', 'see boardview', '3.0V', NULL);
INSERT INTO board_nets (board_revision_id, net_name, test_point, expected_value, units) VALUES (200182, 'VBAT / PP_BATT_VCC', 'VBAT', '3.8', 'V');
INSERT INTO board_nets (board_revision_id, net_name, test_point, expected_value, units) VALUES (200182, 'VBUS', 'VBUS_5V', '5.0', 'V');
INSERT INTO board_nets (board_revision_id, net_name, test_point, expected_value, units) VALUES (200182, '1V8', 'PP1V8', '1.8', 'V');
INSERT INTO board_nets (board_revision_id, net_name, test_point, expected_value, units) VALUES (200182, '3V0', 'PP3V0', '3.0', 'V');
INSERT INTO measurements (board_revision_id, kind, test_point, reference_designator, rail_name, power_state, expected_value, measured_value, units, notes, is_known_good) VALUES (200182, 'voltage', 'VBAT', NULL, 'VBAT / PP_BATT_VCC', 'off', '3.8', '3.8', 'V', 'Battery main rail (typically 3.0-4.35V with charge).', 1);
INSERT INTO measurements (board_revision_id, kind, test_point, reference_designator, rail_name, power_state, expected_value, measured_value, units, notes, is_known_good) VALUES (200182, 'voltage', 'VBUS_5V', NULL, 'VBUS', 'on', '5.0', '5.0', 'V', 'USB VBUS when charging.', 1);
INSERT INTO measurements (board_revision_id, kind, test_point, reference_designator, rail_name, power_state, expected_value, measured_value, units, notes, is_known_good) VALUES (200182, 'voltage', 'PP1V8', NULL, '1V8', 'on', '1.8', '1.8', 'V', '1.8V housekeeping rail (typical).', 1);
INSERT INTO measurements (board_revision_id, kind, test_point, reference_designator, rail_name, power_state, expected_value, measured_value, units, notes, is_known_good) VALUES (200182, 'voltage', 'PP3V0', NULL, '3V0', 'on', '3.0', '3.0', 'V', '3.0V rail (typical).', 1);
INSERT INTO board_revisions (id, device_model, revision, layer_count, primary_soc, pmic, notes) VALUES (200183, 'Motorola Moto E6', 'Logic Board', NULL, NULL, 'U_PMIC', 'Motorola Moto E6 main logic board. Component set and rails are family-typical reference values; confirm exact values against the boardview/schematic for this unit.');
INSERT INTO board_components (board_revision_id, reference_designator, component_type, value, part_number, notes) VALUES (200183, 'J_DISP', 'Connector', NULL, NULL, 'Display FPC connector');
INSERT INTO board_components (board_revision_id, reference_designator, component_type, value, part_number, notes) VALUES (200183, 'J_BATT', 'Connector', NULL, NULL, 'Battery FPC connector');
INSERT INTO board_components (board_revision_id, reference_designator, component_type, value, part_number, notes) VALUES (200183, 'J_CHG', 'Connector', NULL, NULL, 'Charge port / dock connector');
INSERT INTO board_components (board_revision_id, reference_designator, component_type, value, part_number, notes) VALUES (200183, 'J_FCAM', 'Connector', NULL, NULL, 'Front camera connector');
INSERT INTO board_components (board_revision_id, reference_designator, component_type, value, part_number, notes) VALUES (200183, 'J_RCAM', 'Connector', NULL, NULL, 'Rear camera connector');
INSERT INTO board_components (board_revision_id, reference_designator, component_type, value, part_number, notes) VALUES (200183, 'U_PMIC', 'PMIC', NULL, NULL, 'Main power management IC');
INSERT INTO board_components (board_revision_id, reference_designator, component_type, value, part_number, notes) VALUES (200183, 'U_CHG', 'Charging IC', NULL, NULL, 'USB charging / interface IC');
INSERT INTO board_components (board_revision_id, reference_designator, component_type, value, part_number, notes) VALUES (200183, 'U_AUDIO', 'Audio IC', NULL, NULL, 'Audio codec IC');
INSERT INTO board_components (board_revision_id, reference_designator, component_type, value, part_number, notes) VALUES (200183, 'U_NAND', 'NAND Flash', NULL, NULL, 'Flash storage');
INSERT INTO board_test_points (board_revision_id, label, location_desc, expected_voltage, expected_resistance) VALUES (200183, 'VBAT', 'see boardview', '3.8V', NULL);
INSERT INTO board_test_points (board_revision_id, label, location_desc, expected_voltage, expected_resistance) VALUES (200183, 'VBUS_5V', 'see boardview', '5.0V', NULL);
INSERT INTO board_test_points (board_revision_id, label, location_desc, expected_voltage, expected_resistance) VALUES (200183, 'PP1V8', 'see boardview', '1.8V', NULL);
INSERT INTO board_test_points (board_revision_id, label, location_desc, expected_voltage, expected_resistance) VALUES (200183, 'PP3V0', 'see boardview', '3.0V', NULL);
INSERT INTO board_nets (board_revision_id, net_name, test_point, expected_value, units) VALUES (200183, 'VBAT / PP_BATT_VCC', 'VBAT', '3.8', 'V');
INSERT INTO board_nets (board_revision_id, net_name, test_point, expected_value, units) VALUES (200183, 'VBUS', 'VBUS_5V', '5.0', 'V');
INSERT INTO board_nets (board_revision_id, net_name, test_point, expected_value, units) VALUES (200183, '1V8', 'PP1V8', '1.8', 'V');
INSERT INTO board_nets (board_revision_id, net_name, test_point, expected_value, units) VALUES (200183, '3V0', 'PP3V0', '3.0', 'V');
INSERT INTO measurements (board_revision_id, kind, test_point, reference_designator, rail_name, power_state, expected_value, measured_value, units, notes, is_known_good) VALUES (200183, 'voltage', 'VBAT', NULL, 'VBAT / PP_BATT_VCC', 'off', '3.8', '3.8', 'V', 'Battery main rail (typically 3.0-4.35V with charge).', 1);
INSERT INTO measurements (board_revision_id, kind, test_point, reference_designator, rail_name, power_state, expected_value, measured_value, units, notes, is_known_good) VALUES (200183, 'voltage', 'VBUS_5V', NULL, 'VBUS', 'on', '5.0', '5.0', 'V', 'USB VBUS when charging.', 1);
INSERT INTO measurements (board_revision_id, kind, test_point, reference_designator, rail_name, power_state, expected_value, measured_value, units, notes, is_known_good) VALUES (200183, 'voltage', 'PP1V8', NULL, '1V8', 'on', '1.8', '1.8', 'V', '1.8V housekeeping rail (typical).', 1);
INSERT INTO measurements (board_revision_id, kind, test_point, reference_designator, rail_name, power_state, expected_value, measured_value, units, notes, is_known_good) VALUES (200183, 'voltage', 'PP3V0', NULL, '3V0', 'on', '3.0', '3.0', 'V', '3.0V rail (typical).', 1);
INSERT INTO board_revisions (id, device_model, revision, layer_count, primary_soc, pmic, notes) VALUES (200184, 'Motorola Moto E7', 'Logic Board', NULL, NULL, 'U_PMIC', 'Motorola Moto E7 main logic board. Component set and rails are family-typical reference values; confirm exact values against the boardview/schematic for this unit.');
INSERT INTO board_components (board_revision_id, reference_designator, component_type, value, part_number, notes) VALUES (200184, 'J_DISP', 'Connector', NULL, NULL, 'Display FPC connector');
INSERT INTO board_components (board_revision_id, reference_designator, component_type, value, part_number, notes) VALUES (200184, 'J_BATT', 'Connector', NULL, NULL, 'Battery FPC connector');
INSERT INTO board_components (board_revision_id, reference_designator, component_type, value, part_number, notes) VALUES (200184, 'J_CHG', 'Connector', NULL, NULL, 'Charge port / dock connector');
INSERT INTO board_components (board_revision_id, reference_designator, component_type, value, part_number, notes) VALUES (200184, 'J_FCAM', 'Connector', NULL, NULL, 'Front camera connector');
INSERT INTO board_components (board_revision_id, reference_designator, component_type, value, part_number, notes) VALUES (200184, 'J_RCAM', 'Connector', NULL, NULL, 'Rear camera connector');
INSERT INTO board_components (board_revision_id, reference_designator, component_type, value, part_number, notes) VALUES (200184, 'U_PMIC', 'PMIC', NULL, NULL, 'Main power management IC');
INSERT INTO board_components (board_revision_id, reference_designator, component_type, value, part_number, notes) VALUES (200184, 'U_CHG', 'Charging IC', NULL, NULL, 'USB charging / interface IC');
INSERT INTO board_components (board_revision_id, reference_designator, component_type, value, part_number, notes) VALUES (200184, 'U_AUDIO', 'Audio IC', NULL, NULL, 'Audio codec IC');
INSERT INTO board_components (board_revision_id, reference_designator, component_type, value, part_number, notes) VALUES (200184, 'U_NAND', 'NAND Flash', NULL, NULL, 'Flash storage');
INSERT INTO board_test_points (board_revision_id, label, location_desc, expected_voltage, expected_resistance) VALUES (200184, 'VBAT', 'see boardview', '3.8V', NULL);
INSERT INTO board_test_points (board_revision_id, label, location_desc, expected_voltage, expected_resistance) VALUES (200184, 'VBUS_5V', 'see boardview', '5.0V', NULL);
INSERT INTO board_test_points (board_revision_id, label, location_desc, expected_voltage, expected_resistance) VALUES (200184, 'PP1V8', 'see boardview', '1.8V', NULL);
INSERT INTO board_test_points (board_revision_id, label, location_desc, expected_voltage, expected_resistance) VALUES (200184, 'PP3V0', 'see boardview', '3.0V', NULL);
INSERT INTO board_nets (board_revision_id, net_name, test_point, expected_value, units) VALUES (200184, 'VBAT / PP_BATT_VCC', 'VBAT', '3.8', 'V');
INSERT INTO board_nets (board_revision_id, net_name, test_point, expected_value, units) VALUES (200184, 'VBUS', 'VBUS_5V', '5.0', 'V');
INSERT INTO board_nets (board_revision_id, net_name, test_point, expected_value, units) VALUES (200184, '1V8', 'PP1V8', '1.8', 'V');
INSERT INTO board_nets (board_revision_id, net_name, test_point, expected_value, units) VALUES (200184, '3V0', 'PP3V0', '3.0', 'V');
INSERT INTO measurements (board_revision_id, kind, test_point, reference_designator, rail_name, power_state, expected_value, measured_value, units, notes, is_known_good) VALUES (200184, 'voltage', 'VBAT', NULL, 'VBAT / PP_BATT_VCC', 'off', '3.8', '3.8', 'V', 'Battery main rail (typically 3.0-4.35V with charge).', 1);
INSERT INTO measurements (board_revision_id, kind, test_point, reference_designator, rail_name, power_state, expected_value, measured_value, units, notes, is_known_good) VALUES (200184, 'voltage', 'VBUS_5V', NULL, 'VBUS', 'on', '5.0', '5.0', 'V', 'USB VBUS when charging.', 1);
INSERT INTO measurements (board_revision_id, kind, test_point, reference_designator, rail_name, power_state, expected_value, measured_value, units, notes, is_known_good) VALUES (200184, 'voltage', 'PP1V8', NULL, '1V8', 'on', '1.8', '1.8', 'V', '1.8V housekeeping rail (typical).', 1);
INSERT INTO measurements (board_revision_id, kind, test_point, reference_designator, rail_name, power_state, expected_value, measured_value, units, notes, is_known_good) VALUES (200184, 'voltage', 'PP3V0', NULL, '3V0', 'on', '3.0', '3.0', 'V', '3.0V rail (typical).', 1);
INSERT INTO board_revisions (id, device_model, revision, layer_count, primary_soc, pmic, notes) VALUES (200185, 'Motorola Moto X4', 'Logic Board', NULL, NULL, 'U_PMIC', 'Motorola Moto X4 main logic board. Component set and rails are family-typical reference values; confirm exact values against the boardview/schematic for this unit.');
INSERT INTO board_components (board_revision_id, reference_designator, component_type, value, part_number, notes) VALUES (200185, 'J_DISP', 'Connector', NULL, NULL, 'Display FPC connector');
INSERT INTO board_components (board_revision_id, reference_designator, component_type, value, part_number, notes) VALUES (200185, 'J_BATT', 'Connector', NULL, NULL, 'Battery FPC connector');
INSERT INTO board_components (board_revision_id, reference_designator, component_type, value, part_number, notes) VALUES (200185, 'J_CHG', 'Connector', NULL, NULL, 'Charge port / dock connector');
INSERT INTO board_components (board_revision_id, reference_designator, component_type, value, part_number, notes) VALUES (200185, 'J_FCAM', 'Connector', NULL, NULL, 'Front camera connector');
INSERT INTO board_components (board_revision_id, reference_designator, component_type, value, part_number, notes) VALUES (200185, 'J_RCAM', 'Connector', NULL, NULL, 'Rear camera connector');
INSERT INTO board_components (board_revision_id, reference_designator, component_type, value, part_number, notes) VALUES (200185, 'U_PMIC', 'PMIC', NULL, NULL, 'Main power management IC');
INSERT INTO board_components (board_revision_id, reference_designator, component_type, value, part_number, notes) VALUES (200185, 'U_CHG', 'Charging IC', NULL, NULL, 'USB charging / interface IC');
INSERT INTO board_components (board_revision_id, reference_designator, component_type, value, part_number, notes) VALUES (200185, 'U_AUDIO', 'Audio IC', NULL, NULL, 'Audio codec IC');
INSERT INTO board_components (board_revision_id, reference_designator, component_type, value, part_number, notes) VALUES (200185, 'U_NAND', 'NAND Flash', NULL, NULL, 'Flash storage');
INSERT INTO board_test_points (board_revision_id, label, location_desc, expected_voltage, expected_resistance) VALUES (200185, 'VBAT', 'see boardview', '3.8V', NULL);
INSERT INTO board_test_points (board_revision_id, label, location_desc, expected_voltage, expected_resistance) VALUES (200185, 'VBUS_5V', 'see boardview', '5.0V', NULL);
INSERT INTO board_test_points (board_revision_id, label, location_desc, expected_voltage, expected_resistance) VALUES (200185, 'PP1V8', 'see boardview', '1.8V', NULL);
INSERT INTO board_test_points (board_revision_id, label, location_desc, expected_voltage, expected_resistance) VALUES (200185, 'PP3V0', 'see boardview', '3.0V', NULL);
INSERT INTO board_nets (board_revision_id, net_name, test_point, expected_value, units) VALUES (200185, 'VBAT / PP_BATT_VCC', 'VBAT', '3.8', 'V');
INSERT INTO board_nets (board_revision_id, net_name, test_point, expected_value, units) VALUES (200185, 'VBUS', 'VBUS_5V', '5.0', 'V');
INSERT INTO board_nets (board_revision_id, net_name, test_point, expected_value, units) VALUES (200185, '1V8', 'PP1V8', '1.8', 'V');
INSERT INTO board_nets (board_revision_id, net_name, test_point, expected_value, units) VALUES (200185, '3V0', 'PP3V0', '3.0', 'V');
INSERT INTO measurements (board_revision_id, kind, test_point, reference_designator, rail_name, power_state, expected_value, measured_value, units, notes, is_known_good) VALUES (200185, 'voltage', 'VBAT', NULL, 'VBAT / PP_BATT_VCC', 'off', '3.8', '3.8', 'V', 'Battery main rail (typically 3.0-4.35V with charge).', 1);
INSERT INTO measurements (board_revision_id, kind, test_point, reference_designator, rail_name, power_state, expected_value, measured_value, units, notes, is_known_good) VALUES (200185, 'voltage', 'VBUS_5V', NULL, 'VBUS', 'on', '5.0', '5.0', 'V', 'USB VBUS when charging.', 1);
INSERT INTO measurements (board_revision_id, kind, test_point, reference_designator, rail_name, power_state, expected_value, measured_value, units, notes, is_known_good) VALUES (200185, 'voltage', 'PP1V8', NULL, '1V8', 'on', '1.8', '1.8', 'V', '1.8V housekeeping rail (typical).', 1);
INSERT INTO measurements (board_revision_id, kind, test_point, reference_designator, rail_name, power_state, expected_value, measured_value, units, notes, is_known_good) VALUES (200185, 'voltage', 'PP3V0', NULL, '3V0', 'on', '3.0', '3.0', 'V', '3.0V rail (typical).', 1);
INSERT INTO board_revisions (id, device_model, revision, layer_count, primary_soc, pmic, notes) VALUES (200186, 'Motorola Moto Edge', 'Logic Board', NULL, NULL, 'U_PMIC', 'Motorola Moto Edge main logic board. Component set and rails are family-typical reference values; confirm exact values against the boardview/schematic for this unit.');
INSERT INTO board_components (board_revision_id, reference_designator, component_type, value, part_number, notes) VALUES (200186, 'J_DISP', 'Connector', NULL, NULL, 'Display FPC connector');
INSERT INTO board_components (board_revision_id, reference_designator, component_type, value, part_number, notes) VALUES (200186, 'J_BATT', 'Connector', NULL, NULL, 'Battery FPC connector');
INSERT INTO board_components (board_revision_id, reference_designator, component_type, value, part_number, notes) VALUES (200186, 'J_CHG', 'Connector', NULL, NULL, 'Charge port / dock connector');
INSERT INTO board_components (board_revision_id, reference_designator, component_type, value, part_number, notes) VALUES (200186, 'J_FCAM', 'Connector', NULL, NULL, 'Front camera connector');
INSERT INTO board_components (board_revision_id, reference_designator, component_type, value, part_number, notes) VALUES (200186, 'J_RCAM', 'Connector', NULL, NULL, 'Rear camera connector');
INSERT INTO board_components (board_revision_id, reference_designator, component_type, value, part_number, notes) VALUES (200186, 'U_PMIC', 'PMIC', NULL, NULL, 'Main power management IC');
INSERT INTO board_components (board_revision_id, reference_designator, component_type, value, part_number, notes) VALUES (200186, 'U_CHG', 'Charging IC', NULL, NULL, 'USB charging / interface IC');
INSERT INTO board_components (board_revision_id, reference_designator, component_type, value, part_number, notes) VALUES (200186, 'U_AUDIO', 'Audio IC', NULL, NULL, 'Audio codec IC');
INSERT INTO board_components (board_revision_id, reference_designator, component_type, value, part_number, notes) VALUES (200186, 'U_NAND', 'NAND Flash', NULL, NULL, 'Flash storage');
INSERT INTO board_test_points (board_revision_id, label, location_desc, expected_voltage, expected_resistance) VALUES (200186, 'VBAT', 'see boardview', '3.8V', NULL);
INSERT INTO board_test_points (board_revision_id, label, location_desc, expected_voltage, expected_resistance) VALUES (200186, 'VBUS_5V', 'see boardview', '5.0V', NULL);
INSERT INTO board_test_points (board_revision_id, label, location_desc, expected_voltage, expected_resistance) VALUES (200186, 'PP1V8', 'see boardview', '1.8V', NULL);
INSERT INTO board_test_points (board_revision_id, label, location_desc, expected_voltage, expected_resistance) VALUES (200186, 'PP3V0', 'see boardview', '3.0V', NULL);
INSERT INTO board_nets (board_revision_id, net_name, test_point, expected_value, units) VALUES (200186, 'VBAT / PP_BATT_VCC', 'VBAT', '3.8', 'V');
INSERT INTO board_nets (board_revision_id, net_name, test_point, expected_value, units) VALUES (200186, 'VBUS', 'VBUS_5V', '5.0', 'V');
INSERT INTO board_nets (board_revision_id, net_name, test_point, expected_value, units) VALUES (200186, '1V8', 'PP1V8', '1.8', 'V');
INSERT INTO board_nets (board_revision_id, net_name, test_point, expected_value, units) VALUES (200186, '3V0', 'PP3V0', '3.0', 'V');
INSERT INTO measurements (board_revision_id, kind, test_point, reference_designator, rail_name, power_state, expected_value, measured_value, units, notes, is_known_good) VALUES (200186, 'voltage', 'VBAT', NULL, 'VBAT / PP_BATT_VCC', 'off', '3.8', '3.8', 'V', 'Battery main rail (typically 3.0-4.35V with charge).', 1);
INSERT INTO measurements (board_revision_id, kind, test_point, reference_designator, rail_name, power_state, expected_value, measured_value, units, notes, is_known_good) VALUES (200186, 'voltage', 'VBUS_5V', NULL, 'VBUS', 'on', '5.0', '5.0', 'V', 'USB VBUS when charging.', 1);
INSERT INTO measurements (board_revision_id, kind, test_point, reference_designator, rail_name, power_state, expected_value, measured_value, units, notes, is_known_good) VALUES (200186, 'voltage', 'PP1V8', NULL, '1V8', 'on', '1.8', '1.8', 'V', '1.8V housekeeping rail (typical).', 1);
INSERT INTO measurements (board_revision_id, kind, test_point, reference_designator, rail_name, power_state, expected_value, measured_value, units, notes, is_known_good) VALUES (200186, 'voltage', 'PP3V0', NULL, '3V0', 'on', '3.0', '3.0', 'V', '3.0V rail (typical).', 1);
INSERT INTO board_revisions (id, device_model, revision, layer_count, primary_soc, pmic, notes) VALUES (200187, 'Motorola Moto Edge 20', 'Logic Board', NULL, NULL, 'U_PMIC', 'Motorola Moto Edge 20 main logic board. Component set and rails are family-typical reference values; confirm exact values against the boardview/schematic for this unit.');
INSERT INTO board_components (board_revision_id, reference_designator, component_type, value, part_number, notes) VALUES (200187, 'J_DISP', 'Connector', NULL, NULL, 'Display FPC connector');
INSERT INTO board_components (board_revision_id, reference_designator, component_type, value, part_number, notes) VALUES (200187, 'J_BATT', 'Connector', NULL, NULL, 'Battery FPC connector');
INSERT INTO board_components (board_revision_id, reference_designator, component_type, value, part_number, notes) VALUES (200187, 'J_CHG', 'Connector', NULL, NULL, 'Charge port / dock connector');
INSERT INTO board_components (board_revision_id, reference_designator, component_type, value, part_number, notes) VALUES (200187, 'J_FCAM', 'Connector', NULL, NULL, 'Front camera connector');
INSERT INTO board_components (board_revision_id, reference_designator, component_type, value, part_number, notes) VALUES (200187, 'J_RCAM', 'Connector', NULL, NULL, 'Rear camera connector');
INSERT INTO board_components (board_revision_id, reference_designator, component_type, value, part_number, notes) VALUES (200187, 'U_PMIC', 'PMIC', NULL, NULL, 'Main power management IC');
INSERT INTO board_components (board_revision_id, reference_designator, component_type, value, part_number, notes) VALUES (200187, 'U_CHG', 'Charging IC', NULL, NULL, 'USB charging / interface IC');
INSERT INTO board_components (board_revision_id, reference_designator, component_type, value, part_number, notes) VALUES (200187, 'U_AUDIO', 'Audio IC', NULL, NULL, 'Audio codec IC');
INSERT INTO board_components (board_revision_id, reference_designator, component_type, value, part_number, notes) VALUES (200187, 'U_NAND', 'NAND Flash', NULL, NULL, 'Flash storage');
INSERT INTO board_test_points (board_revision_id, label, location_desc, expected_voltage, expected_resistance) VALUES (200187, 'VBAT', 'see boardview', '3.8V', NULL);
INSERT INTO board_test_points (board_revision_id, label, location_desc, expected_voltage, expected_resistance) VALUES (200187, 'VBUS_5V', 'see boardview', '5.0V', NULL);
INSERT INTO board_test_points (board_revision_id, label, location_desc, expected_voltage, expected_resistance) VALUES (200187, 'PP1V8', 'see boardview', '1.8V', NULL);
INSERT INTO board_test_points (board_revision_id, label, location_desc, expected_voltage, expected_resistance) VALUES (200187, 'PP3V0', 'see boardview', '3.0V', NULL);
INSERT INTO board_nets (board_revision_id, net_name, test_point, expected_value, units) VALUES (200187, 'VBAT / PP_BATT_VCC', 'VBAT', '3.8', 'V');
INSERT INTO board_nets (board_revision_id, net_name, test_point, expected_value, units) VALUES (200187, 'VBUS', 'VBUS_5V', '5.0', 'V');
INSERT INTO board_nets (board_revision_id, net_name, test_point, expected_value, units) VALUES (200187, '1V8', 'PP1V8', '1.8', 'V');
INSERT INTO board_nets (board_revision_id, net_name, test_point, expected_value, units) VALUES (200187, '3V0', 'PP3V0', '3.0', 'V');
INSERT INTO measurements (board_revision_id, kind, test_point, reference_designator, rail_name, power_state, expected_value, measured_value, units, notes, is_known_good) VALUES (200187, 'voltage', 'VBAT', NULL, 'VBAT / PP_BATT_VCC', 'off', '3.8', '3.8', 'V', 'Battery main rail (typically 3.0-4.35V with charge).', 1);
INSERT INTO measurements (board_revision_id, kind, test_point, reference_designator, rail_name, power_state, expected_value, measured_value, units, notes, is_known_good) VALUES (200187, 'voltage', 'VBUS_5V', NULL, 'VBUS', 'on', '5.0', '5.0', 'V', 'USB VBUS when charging.', 1);
INSERT INTO measurements (board_revision_id, kind, test_point, reference_designator, rail_name, power_state, expected_value, measured_value, units, notes, is_known_good) VALUES (200187, 'voltage', 'PP1V8', NULL, '1V8', 'on', '1.8', '1.8', 'V', '1.8V housekeeping rail (typical).', 1);
INSERT INTO measurements (board_revision_id, kind, test_point, reference_designator, rail_name, power_state, expected_value, measured_value, units, notes, is_known_good) VALUES (200187, 'voltage', 'PP3V0', NULL, '3V0', 'on', '3.0', '3.0', 'V', '3.0V rail (typical).', 1);
INSERT INTO board_revisions (id, device_model, revision, layer_count, primary_soc, pmic, notes) VALUES (200188, 'Motorola Moto Edge 30', 'Logic Board', NULL, NULL, 'U_PMIC', 'Motorola Moto Edge 30 main logic board. Component set and rails are family-typical reference values; confirm exact values against the boardview/schematic for this unit.');
INSERT INTO board_components (board_revision_id, reference_designator, component_type, value, part_number, notes) VALUES (200188, 'J_DISP', 'Connector', NULL, NULL, 'Display FPC connector');
INSERT INTO board_components (board_revision_id, reference_designator, component_type, value, part_number, notes) VALUES (200188, 'J_BATT', 'Connector', NULL, NULL, 'Battery FPC connector');
INSERT INTO board_components (board_revision_id, reference_designator, component_type, value, part_number, notes) VALUES (200188, 'J_CHG', 'Connector', NULL, NULL, 'Charge port / dock connector');
INSERT INTO board_components (board_revision_id, reference_designator, component_type, value, part_number, notes) VALUES (200188, 'J_FCAM', 'Connector', NULL, NULL, 'Front camera connector');
INSERT INTO board_components (board_revision_id, reference_designator, component_type, value, part_number, notes) VALUES (200188, 'J_RCAM', 'Connector', NULL, NULL, 'Rear camera connector');
INSERT INTO board_components (board_revision_id, reference_designator, component_type, value, part_number, notes) VALUES (200188, 'U_PMIC', 'PMIC', NULL, NULL, 'Main power management IC');
INSERT INTO board_components (board_revision_id, reference_designator, component_type, value, part_number, notes) VALUES (200188, 'U_CHG', 'Charging IC', NULL, NULL, 'USB charging / interface IC');
INSERT INTO board_components (board_revision_id, reference_designator, component_type, value, part_number, notes) VALUES (200188, 'U_AUDIO', 'Audio IC', NULL, NULL, 'Audio codec IC');
INSERT INTO board_components (board_revision_id, reference_designator, component_type, value, part_number, notes) VALUES (200188, 'U_NAND', 'NAND Flash', NULL, NULL, 'Flash storage');
INSERT INTO board_test_points (board_revision_id, label, location_desc, expected_voltage, expected_resistance) VALUES (200188, 'VBAT', 'see boardview', '3.8V', NULL);
INSERT INTO board_test_points (board_revision_id, label, location_desc, expected_voltage, expected_resistance) VALUES (200188, 'VBUS_5V', 'see boardview', '5.0V', NULL);
INSERT INTO board_test_points (board_revision_id, label, location_desc, expected_voltage, expected_resistance) VALUES (200188, 'PP1V8', 'see boardview', '1.8V', NULL);
INSERT INTO board_test_points (board_revision_id, label, location_desc, expected_voltage, expected_resistance) VALUES (200188, 'PP3V0', 'see boardview', '3.0V', NULL);
INSERT INTO board_nets (board_revision_id, net_name, test_point, expected_value, units) VALUES (200188, 'VBAT / PP_BATT_VCC', 'VBAT', '3.8', 'V');
INSERT INTO board_nets (board_revision_id, net_name, test_point, expected_value, units) VALUES (200188, 'VBUS', 'VBUS_5V', '5.0', 'V');
INSERT INTO board_nets (board_revision_id, net_name, test_point, expected_value, units) VALUES (200188, '1V8', 'PP1V8', '1.8', 'V');
INSERT INTO board_nets (board_revision_id, net_name, test_point, expected_value, units) VALUES (200188, '3V0', 'PP3V0', '3.0', 'V');
INSERT INTO measurements (board_revision_id, kind, test_point, reference_designator, rail_name, power_state, expected_value, measured_value, units, notes, is_known_good) VALUES (200188, 'voltage', 'VBAT', NULL, 'VBAT / PP_BATT_VCC', 'off', '3.8', '3.8', 'V', 'Battery main rail (typically 3.0-4.35V with charge).', 1);
INSERT INTO measurements (board_revision_id, kind, test_point, reference_designator, rail_name, power_state, expected_value, measured_value, units, notes, is_known_good) VALUES (200188, 'voltage', 'VBUS_5V', NULL, 'VBUS', 'on', '5.0', '5.0', 'V', 'USB VBUS when charging.', 1);
INSERT INTO measurements (board_revision_id, kind, test_point, reference_designator, rail_name, power_state, expected_value, measured_value, units, notes, is_known_good) VALUES (200188, 'voltage', 'PP1V8', NULL, '1V8', 'on', '1.8', '1.8', 'V', '1.8V housekeeping rail (typical).', 1);
INSERT INTO measurements (board_revision_id, kind, test_point, reference_designator, rail_name, power_state, expected_value, measured_value, units, notes, is_known_good) VALUES (200188, 'voltage', 'PP3V0', NULL, '3V0', 'on', '3.0', '3.0', 'V', '3.0V rail (typical).', 1);
INSERT INTO board_revisions (id, device_model, revision, layer_count, primary_soc, pmic, notes) VALUES (200189, 'Motorola Moto One', 'Logic Board', NULL, NULL, 'U_PMIC', 'Motorola Moto One main logic board. Component set and rails are family-typical reference values; confirm exact values against the boardview/schematic for this unit.');
INSERT INTO board_components (board_revision_id, reference_designator, component_type, value, part_number, notes) VALUES (200189, 'J_DISP', 'Connector', NULL, NULL, 'Display FPC connector');
INSERT INTO board_components (board_revision_id, reference_designator, component_type, value, part_number, notes) VALUES (200189, 'J_BATT', 'Connector', NULL, NULL, 'Battery FPC connector');
INSERT INTO board_components (board_revision_id, reference_designator, component_type, value, part_number, notes) VALUES (200189, 'J_CHG', 'Connector', NULL, NULL, 'Charge port / dock connector');
INSERT INTO board_components (board_revision_id, reference_designator, component_type, value, part_number, notes) VALUES (200189, 'J_FCAM', 'Connector', NULL, NULL, 'Front camera connector');
INSERT INTO board_components (board_revision_id, reference_designator, component_type, value, part_number, notes) VALUES (200189, 'J_RCAM', 'Connector', NULL, NULL, 'Rear camera connector');
INSERT INTO board_components (board_revision_id, reference_designator, component_type, value, part_number, notes) VALUES (200189, 'U_PMIC', 'PMIC', NULL, NULL, 'Main power management IC');
INSERT INTO board_components (board_revision_id, reference_designator, component_type, value, part_number, notes) VALUES (200189, 'U_CHG', 'Charging IC', NULL, NULL, 'USB charging / interface IC');
INSERT INTO board_components (board_revision_id, reference_designator, component_type, value, part_number, notes) VALUES (200189, 'U_AUDIO', 'Audio IC', NULL, NULL, 'Audio codec IC');
INSERT INTO board_components (board_revision_id, reference_designator, component_type, value, part_number, notes) VALUES (200189, 'U_NAND', 'NAND Flash', NULL, NULL, 'Flash storage');
INSERT INTO board_test_points (board_revision_id, label, location_desc, expected_voltage, expected_resistance) VALUES (200189, 'VBAT', 'see boardview', '3.8V', NULL);
INSERT INTO board_test_points (board_revision_id, label, location_desc, expected_voltage, expected_resistance) VALUES (200189, 'VBUS_5V', 'see boardview', '5.0V', NULL);
INSERT INTO board_test_points (board_revision_id, label, location_desc, expected_voltage, expected_resistance) VALUES (200189, 'PP1V8', 'see boardview', '1.8V', NULL);
INSERT INTO board_test_points (board_revision_id, label, location_desc, expected_voltage, expected_resistance) VALUES (200189, 'PP3V0', 'see boardview', '3.0V', NULL);
INSERT INTO board_nets (board_revision_id, net_name, test_point, expected_value, units) VALUES (200189, 'VBAT / PP_BATT_VCC', 'VBAT', '3.8', 'V');
INSERT INTO board_nets (board_revision_id, net_name, test_point, expected_value, units) VALUES (200189, 'VBUS', 'VBUS_5V', '5.0', 'V');
INSERT INTO board_nets (board_revision_id, net_name, test_point, expected_value, units) VALUES (200189, '1V8', 'PP1V8', '1.8', 'V');
INSERT INTO board_nets (board_revision_id, net_name, test_point, expected_value, units) VALUES (200189, '3V0', 'PP3V0', '3.0', 'V');
INSERT INTO measurements (board_revision_id, kind, test_point, reference_designator, rail_name, power_state, expected_value, measured_value, units, notes, is_known_good) VALUES (200189, 'voltage', 'VBAT', NULL, 'VBAT / PP_BATT_VCC', 'off', '3.8', '3.8', 'V', 'Battery main rail (typically 3.0-4.35V with charge).', 1);
INSERT INTO measurements (board_revision_id, kind, test_point, reference_designator, rail_name, power_state, expected_value, measured_value, units, notes, is_known_good) VALUES (200189, 'voltage', 'VBUS_5V', NULL, 'VBUS', 'on', '5.0', '5.0', 'V', 'USB VBUS when charging.', 1);
INSERT INTO measurements (board_revision_id, kind, test_point, reference_designator, rail_name, power_state, expected_value, measured_value, units, notes, is_known_good) VALUES (200189, 'voltage', 'PP1V8', NULL, '1V8', 'on', '1.8', '1.8', 'V', '1.8V housekeeping rail (typical).', 1);
INSERT INTO measurements (board_revision_id, kind, test_point, reference_designator, rail_name, power_state, expected_value, measured_value, units, notes, is_known_good) VALUES (200189, 'voltage', 'PP3V0', NULL, '3V0', 'on', '3.0', '3.0', 'V', '3.0V rail (typical).', 1);
INSERT INTO board_revisions (id, device_model, revision, layer_count, primary_soc, pmic, notes) VALUES (200190, 'Motorola Moto One Action', 'Logic Board', NULL, NULL, 'U_PMIC', 'Motorola Moto One Action main logic board. Component set and rails are family-typical reference values; confirm exact values against the boardview/schematic for this unit.');
INSERT INTO board_components (board_revision_id, reference_designator, component_type, value, part_number, notes) VALUES (200190, 'J_DISP', 'Connector', NULL, NULL, 'Display FPC connector');
INSERT INTO board_components (board_revision_id, reference_designator, component_type, value, part_number, notes) VALUES (200190, 'J_BATT', 'Connector', NULL, NULL, 'Battery FPC connector');
INSERT INTO board_components (board_revision_id, reference_designator, component_type, value, part_number, notes) VALUES (200190, 'J_CHG', 'Connector', NULL, NULL, 'Charge port / dock connector');
INSERT INTO board_components (board_revision_id, reference_designator, component_type, value, part_number, notes) VALUES (200190, 'J_FCAM', 'Connector', NULL, NULL, 'Front camera connector');
INSERT INTO board_components (board_revision_id, reference_designator, component_type, value, part_number, notes) VALUES (200190, 'J_RCAM', 'Connector', NULL, NULL, 'Rear camera connector');
INSERT INTO board_components (board_revision_id, reference_designator, component_type, value, part_number, notes) VALUES (200190, 'U_PMIC', 'PMIC', NULL, NULL, 'Main power management IC');
INSERT INTO board_components (board_revision_id, reference_designator, component_type, value, part_number, notes) VALUES (200190, 'U_CHG', 'Charging IC', NULL, NULL, 'USB charging / interface IC');
INSERT INTO board_components (board_revision_id, reference_designator, component_type, value, part_number, notes) VALUES (200190, 'U_AUDIO', 'Audio IC', NULL, NULL, 'Audio codec IC');
INSERT INTO board_components (board_revision_id, reference_designator, component_type, value, part_number, notes) VALUES (200190, 'U_NAND', 'NAND Flash', NULL, NULL, 'Flash storage');
INSERT INTO board_test_points (board_revision_id, label, location_desc, expected_voltage, expected_resistance) VALUES (200190, 'VBAT', 'see boardview', '3.8V', NULL);
INSERT INTO board_test_points (board_revision_id, label, location_desc, expected_voltage, expected_resistance) VALUES (200190, 'VBUS_5V', 'see boardview', '5.0V', NULL);
INSERT INTO board_test_points (board_revision_id, label, location_desc, expected_voltage, expected_resistance) VALUES (200190, 'PP1V8', 'see boardview', '1.8V', NULL);
INSERT INTO board_test_points (board_revision_id, label, location_desc, expected_voltage, expected_resistance) VALUES (200190, 'PP3V0', 'see boardview', '3.0V', NULL);
INSERT INTO board_nets (board_revision_id, net_name, test_point, expected_value, units) VALUES (200190, 'VBAT / PP_BATT_VCC', 'VBAT', '3.8', 'V');
INSERT INTO board_nets (board_revision_id, net_name, test_point, expected_value, units) VALUES (200190, 'VBUS', 'VBUS_5V', '5.0', 'V');
INSERT INTO board_nets (board_revision_id, net_name, test_point, expected_value, units) VALUES (200190, '1V8', 'PP1V8', '1.8', 'V');
INSERT INTO board_nets (board_revision_id, net_name, test_point, expected_value, units) VALUES (200190, '3V0', 'PP3V0', '3.0', 'V');
INSERT INTO measurements (board_revision_id, kind, test_point, reference_designator, rail_name, power_state, expected_value, measured_value, units, notes, is_known_good) VALUES (200190, 'voltage', 'VBAT', NULL, 'VBAT / PP_BATT_VCC', 'off', '3.8', '3.8', 'V', 'Battery main rail (typically 3.0-4.35V with charge).', 1);
INSERT INTO measurements (board_revision_id, kind, test_point, reference_designator, rail_name, power_state, expected_value, measured_value, units, notes, is_known_good) VALUES (200190, 'voltage', 'VBUS_5V', NULL, 'VBUS', 'on', '5.0', '5.0', 'V', 'USB VBUS when charging.', 1);
INSERT INTO measurements (board_revision_id, kind, test_point, reference_designator, rail_name, power_state, expected_value, measured_value, units, notes, is_known_good) VALUES (200190, 'voltage', 'PP1V8', NULL, '1V8', 'on', '1.8', '1.8', 'V', '1.8V housekeeping rail (typical).', 1);
INSERT INTO measurements (board_revision_id, kind, test_point, reference_designator, rail_name, power_state, expected_value, measured_value, units, notes, is_known_good) VALUES (200190, 'voltage', 'PP3V0', NULL, '3V0', 'on', '3.0', '3.0', 'V', '3.0V rail (typical).', 1);
INSERT INTO board_revisions (id, device_model, revision, layer_count, primary_soc, pmic, notes) VALUES (200191, 'LG LG G5', 'Logic Board', NULL, NULL, 'U_PMIC', 'LG LG G5 main logic board. Component set and rails are family-typical reference values; confirm exact values against the boardview/schematic for this unit.');
INSERT INTO board_components (board_revision_id, reference_designator, component_type, value, part_number, notes) VALUES (200191, 'J_DISP', 'Connector', NULL, NULL, 'Display FPC connector');
INSERT INTO board_components (board_revision_id, reference_designator, component_type, value, part_number, notes) VALUES (200191, 'J_BATT', 'Connector', NULL, NULL, 'Battery FPC connector');
INSERT INTO board_components (board_revision_id, reference_designator, component_type, value, part_number, notes) VALUES (200191, 'J_CHG', 'Connector', NULL, NULL, 'Charge port / dock connector');
INSERT INTO board_components (board_revision_id, reference_designator, component_type, value, part_number, notes) VALUES (200191, 'J_FCAM', 'Connector', NULL, NULL, 'Front camera connector');
INSERT INTO board_components (board_revision_id, reference_designator, component_type, value, part_number, notes) VALUES (200191, 'J_RCAM', 'Connector', NULL, NULL, 'Rear camera connector');
INSERT INTO board_components (board_revision_id, reference_designator, component_type, value, part_number, notes) VALUES (200191, 'U_PMIC', 'PMIC', NULL, NULL, 'Main power management IC');
INSERT INTO board_components (board_revision_id, reference_designator, component_type, value, part_number, notes) VALUES (200191, 'U_CHG', 'Charging IC', NULL, NULL, 'USB charging / interface IC');
INSERT INTO board_components (board_revision_id, reference_designator, component_type, value, part_number, notes) VALUES (200191, 'U_AUDIO', 'Audio IC', NULL, NULL, 'Audio codec IC');
INSERT INTO board_components (board_revision_id, reference_designator, component_type, value, part_number, notes) VALUES (200191, 'U_NAND', 'NAND Flash', NULL, NULL, 'Flash storage');
INSERT INTO board_test_points (board_revision_id, label, location_desc, expected_voltage, expected_resistance) VALUES (200191, 'VBAT', 'see boardview', '3.8V', NULL);
INSERT INTO board_test_points (board_revision_id, label, location_desc, expected_voltage, expected_resistance) VALUES (200191, 'VBUS_5V', 'see boardview', '5.0V', NULL);
INSERT INTO board_test_points (board_revision_id, label, location_desc, expected_voltage, expected_resistance) VALUES (200191, 'PP1V8', 'see boardview', '1.8V', NULL);
INSERT INTO board_test_points (board_revision_id, label, location_desc, expected_voltage, expected_resistance) VALUES (200191, 'PP3V0', 'see boardview', '3.0V', NULL);
INSERT INTO board_nets (board_revision_id, net_name, test_point, expected_value, units) VALUES (200191, 'VBAT / PP_BATT_VCC', 'VBAT', '3.8', 'V');
INSERT INTO board_nets (board_revision_id, net_name, test_point, expected_value, units) VALUES (200191, 'VBUS', 'VBUS_5V', '5.0', 'V');
INSERT INTO board_nets (board_revision_id, net_name, test_point, expected_value, units) VALUES (200191, '1V8', 'PP1V8', '1.8', 'V');
INSERT INTO board_nets (board_revision_id, net_name, test_point, expected_value, units) VALUES (200191, '3V0', 'PP3V0', '3.0', 'V');
INSERT INTO measurements (board_revision_id, kind, test_point, reference_designator, rail_name, power_state, expected_value, measured_value, units, notes, is_known_good) VALUES (200191, 'voltage', 'VBAT', NULL, 'VBAT / PP_BATT_VCC', 'off', '3.8', '3.8', 'V', 'Battery main rail (typically 3.0-4.35V with charge).', 1);
INSERT INTO measurements (board_revision_id, kind, test_point, reference_designator, rail_name, power_state, expected_value, measured_value, units, notes, is_known_good) VALUES (200191, 'voltage', 'VBUS_5V', NULL, 'VBUS', 'on', '5.0', '5.0', 'V', 'USB VBUS when charging.', 1);
INSERT INTO measurements (board_revision_id, kind, test_point, reference_designator, rail_name, power_state, expected_value, measured_value, units, notes, is_known_good) VALUES (200191, 'voltage', 'PP1V8', NULL, '1V8', 'on', '1.8', '1.8', 'V', '1.8V housekeeping rail (typical).', 1);
INSERT INTO measurements (board_revision_id, kind, test_point, reference_designator, rail_name, power_state, expected_value, measured_value, units, notes, is_known_good) VALUES (200191, 'voltage', 'PP3V0', NULL, '3V0', 'on', '3.0', '3.0', 'V', '3.0V rail (typical).', 1);
INSERT INTO board_revisions (id, device_model, revision, layer_count, primary_soc, pmic, notes) VALUES (200192, 'LG LG G6', 'Logic Board', NULL, NULL, 'U_PMIC', 'LG LG G6 main logic board. Component set and rails are family-typical reference values; confirm exact values against the boardview/schematic for this unit.');
INSERT INTO board_components (board_revision_id, reference_designator, component_type, value, part_number, notes) VALUES (200192, 'J_DISP', 'Connector', NULL, NULL, 'Display FPC connector');
INSERT INTO board_components (board_revision_id, reference_designator, component_type, value, part_number, notes) VALUES (200192, 'J_BATT', 'Connector', NULL, NULL, 'Battery FPC connector');
INSERT INTO board_components (board_revision_id, reference_designator, component_type, value, part_number, notes) VALUES (200192, 'J_CHG', 'Connector', NULL, NULL, 'Charge port / dock connector');
INSERT INTO board_components (board_revision_id, reference_designator, component_type, value, part_number, notes) VALUES (200192, 'J_FCAM', 'Connector', NULL, NULL, 'Front camera connector');
INSERT INTO board_components (board_revision_id, reference_designator, component_type, value, part_number, notes) VALUES (200192, 'J_RCAM', 'Connector', NULL, NULL, 'Rear camera connector');
INSERT INTO board_components (board_revision_id, reference_designator, component_type, value, part_number, notes) VALUES (200192, 'U_PMIC', 'PMIC', NULL, NULL, 'Main power management IC');
INSERT INTO board_components (board_revision_id, reference_designator, component_type, value, part_number, notes) VALUES (200192, 'U_CHG', 'Charging IC', NULL, NULL, 'USB charging / interface IC');
INSERT INTO board_components (board_revision_id, reference_designator, component_type, value, part_number, notes) VALUES (200192, 'U_AUDIO', 'Audio IC', NULL, NULL, 'Audio codec IC');
INSERT INTO board_components (board_revision_id, reference_designator, component_type, value, part_number, notes) VALUES (200192, 'U_NAND', 'NAND Flash', NULL, NULL, 'Flash storage');
INSERT INTO board_test_points (board_revision_id, label, location_desc, expected_voltage, expected_resistance) VALUES (200192, 'VBAT', 'see boardview', '3.8V', NULL);
INSERT INTO board_test_points (board_revision_id, label, location_desc, expected_voltage, expected_resistance) VALUES (200192, 'VBUS_5V', 'see boardview', '5.0V', NULL);
INSERT INTO board_test_points (board_revision_id, label, location_desc, expected_voltage, expected_resistance) VALUES (200192, 'PP1V8', 'see boardview', '1.8V', NULL);
INSERT INTO board_test_points (board_revision_id, label, location_desc, expected_voltage, expected_resistance) VALUES (200192, 'PP3V0', 'see boardview', '3.0V', NULL);
INSERT INTO board_nets (board_revision_id, net_name, test_point, expected_value, units) VALUES (200192, 'VBAT / PP_BATT_VCC', 'VBAT', '3.8', 'V');
INSERT INTO board_nets (board_revision_id, net_name, test_point, expected_value, units) VALUES (200192, 'VBUS', 'VBUS_5V', '5.0', 'V');
INSERT INTO board_nets (board_revision_id, net_name, test_point, expected_value, units) VALUES (200192, '1V8', 'PP1V8', '1.8', 'V');
INSERT INTO board_nets (board_revision_id, net_name, test_point, expected_value, units) VALUES (200192, '3V0', 'PP3V0', '3.0', 'V');
INSERT INTO measurements (board_revision_id, kind, test_point, reference_designator, rail_name, power_state, expected_value, measured_value, units, notes, is_known_good) VALUES (200192, 'voltage', 'VBAT', NULL, 'VBAT / PP_BATT_VCC', 'off', '3.8', '3.8', 'V', 'Battery main rail (typically 3.0-4.35V with charge).', 1);
INSERT INTO measurements (board_revision_id, kind, test_point, reference_designator, rail_name, power_state, expected_value, measured_value, units, notes, is_known_good) VALUES (200192, 'voltage', 'VBUS_5V', NULL, 'VBUS', 'on', '5.0', '5.0', 'V', 'USB VBUS when charging.', 1);
INSERT INTO measurements (board_revision_id, kind, test_point, reference_designator, rail_name, power_state, expected_value, measured_value, units, notes, is_known_good) VALUES (200192, 'voltage', 'PP1V8', NULL, '1V8', 'on', '1.8', '1.8', 'V', '1.8V housekeeping rail (typical).', 1);
INSERT INTO measurements (board_revision_id, kind, test_point, reference_designator, rail_name, power_state, expected_value, measured_value, units, notes, is_known_good) VALUES (200192, 'voltage', 'PP3V0', NULL, '3V0', 'on', '3.0', '3.0', 'V', '3.0V rail (typical).', 1);
INSERT INTO board_revisions (id, device_model, revision, layer_count, primary_soc, pmic, notes) VALUES (200193, 'LG LG G7', 'Logic Board', NULL, NULL, 'U_PMIC', 'LG LG G7 main logic board. Component set and rails are family-typical reference values; confirm exact values against the boardview/schematic for this unit.');
INSERT INTO board_components (board_revision_id, reference_designator, component_type, value, part_number, notes) VALUES (200193, 'J_DISP', 'Connector', NULL, NULL, 'Display FPC connector');
INSERT INTO board_components (board_revision_id, reference_designator, component_type, value, part_number, notes) VALUES (200193, 'J_BATT', 'Connector', NULL, NULL, 'Battery FPC connector');
INSERT INTO board_components (board_revision_id, reference_designator, component_type, value, part_number, notes) VALUES (200193, 'J_CHG', 'Connector', NULL, NULL, 'Charge port / dock connector');
INSERT INTO board_components (board_revision_id, reference_designator, component_type, value, part_number, notes) VALUES (200193, 'J_FCAM', 'Connector', NULL, NULL, 'Front camera connector');
INSERT INTO board_components (board_revision_id, reference_designator, component_type, value, part_number, notes) VALUES (200193, 'J_RCAM', 'Connector', NULL, NULL, 'Rear camera connector');
INSERT INTO board_components (board_revision_id, reference_designator, component_type, value, part_number, notes) VALUES (200193, 'U_PMIC', 'PMIC', NULL, NULL, 'Main power management IC');
INSERT INTO board_components (board_revision_id, reference_designator, component_type, value, part_number, notes) VALUES (200193, 'U_CHG', 'Charging IC', NULL, NULL, 'USB charging / interface IC');
INSERT INTO board_components (board_revision_id, reference_designator, component_type, value, part_number, notes) VALUES (200193, 'U_AUDIO', 'Audio IC', NULL, NULL, 'Audio codec IC');
INSERT INTO board_components (board_revision_id, reference_designator, component_type, value, part_number, notes) VALUES (200193, 'U_NAND', 'NAND Flash', NULL, NULL, 'Flash storage');
INSERT INTO board_test_points (board_revision_id, label, location_desc, expected_voltage, expected_resistance) VALUES (200193, 'VBAT', 'see boardview', '3.8V', NULL);
INSERT INTO board_test_points (board_revision_id, label, location_desc, expected_voltage, expected_resistance) VALUES (200193, 'VBUS_5V', 'see boardview', '5.0V', NULL);
INSERT INTO board_test_points (board_revision_id, label, location_desc, expected_voltage, expected_resistance) VALUES (200193, 'PP1V8', 'see boardview', '1.8V', NULL);
INSERT INTO board_test_points (board_revision_id, label, location_desc, expected_voltage, expected_resistance) VALUES (200193, 'PP3V0', 'see boardview', '3.0V', NULL);
INSERT INTO board_nets (board_revision_id, net_name, test_point, expected_value, units) VALUES (200193, 'VBAT / PP_BATT_VCC', 'VBAT', '3.8', 'V');
INSERT INTO board_nets (board_revision_id, net_name, test_point, expected_value, units) VALUES (200193, 'VBUS', 'VBUS_5V', '5.0', 'V');
INSERT INTO board_nets (board_revision_id, net_name, test_point, expected_value, units) VALUES (200193, '1V8', 'PP1V8', '1.8', 'V');
INSERT INTO board_nets (board_revision_id, net_name, test_point, expected_value, units) VALUES (200193, '3V0', 'PP3V0', '3.0', 'V');
INSERT INTO measurements (board_revision_id, kind, test_point, reference_designator, rail_name, power_state, expected_value, measured_value, units, notes, is_known_good) VALUES (200193, 'voltage', 'VBAT', NULL, 'VBAT / PP_BATT_VCC', 'off', '3.8', '3.8', 'V', 'Battery main rail (typically 3.0-4.35V with charge).', 1);
INSERT INTO measurements (board_revision_id, kind, test_point, reference_designator, rail_name, power_state, expected_value, measured_value, units, notes, is_known_good) VALUES (200193, 'voltage', 'VBUS_5V', NULL, 'VBUS', 'on', '5.0', '5.0', 'V', 'USB VBUS when charging.', 1);
INSERT INTO measurements (board_revision_id, kind, test_point, reference_designator, rail_name, power_state, expected_value, measured_value, units, notes, is_known_good) VALUES (200193, 'voltage', 'PP1V8', NULL, '1V8', 'on', '1.8', '1.8', 'V', '1.8V housekeeping rail (typical).', 1);
INSERT INTO measurements (board_revision_id, kind, test_point, reference_designator, rail_name, power_state, expected_value, measured_value, units, notes, is_known_good) VALUES (200193, 'voltage', 'PP3V0', NULL, '3V0', 'on', '3.0', '3.0', 'V', '3.0V rail (typical).', 1);
INSERT INTO board_revisions (id, device_model, revision, layer_count, primary_soc, pmic, notes) VALUES (200194, 'LG LG G8', 'Logic Board', NULL, NULL, 'U_PMIC', 'LG LG G8 main logic board. Component set and rails are family-typical reference values; confirm exact values against the boardview/schematic for this unit.');
INSERT INTO board_components (board_revision_id, reference_designator, component_type, value, part_number, notes) VALUES (200194, 'J_DISP', 'Connector', NULL, NULL, 'Display FPC connector');
INSERT INTO board_components (board_revision_id, reference_designator, component_type, value, part_number, notes) VALUES (200194, 'J_BATT', 'Connector', NULL, NULL, 'Battery FPC connector');
INSERT INTO board_components (board_revision_id, reference_designator, component_type, value, part_number, notes) VALUES (200194, 'J_CHG', 'Connector', NULL, NULL, 'Charge port / dock connector');
INSERT INTO board_components (board_revision_id, reference_designator, component_type, value, part_number, notes) VALUES (200194, 'J_FCAM', 'Connector', NULL, NULL, 'Front camera connector');
INSERT INTO board_components (board_revision_id, reference_designator, component_type, value, part_number, notes) VALUES (200194, 'J_RCAM', 'Connector', NULL, NULL, 'Rear camera connector');
INSERT INTO board_components (board_revision_id, reference_designator, component_type, value, part_number, notes) VALUES (200194, 'U_PMIC', 'PMIC', NULL, NULL, 'Main power management IC');
INSERT INTO board_components (board_revision_id, reference_designator, component_type, value, part_number, notes) VALUES (200194, 'U_CHG', 'Charging IC', NULL, NULL, 'USB charging / interface IC');
INSERT INTO board_components (board_revision_id, reference_designator, component_type, value, part_number, notes) VALUES (200194, 'U_AUDIO', 'Audio IC', NULL, NULL, 'Audio codec IC');
INSERT INTO board_components (board_revision_id, reference_designator, component_type, value, part_number, notes) VALUES (200194, 'U_NAND', 'NAND Flash', NULL, NULL, 'Flash storage');
INSERT INTO board_test_points (board_revision_id, label, location_desc, expected_voltage, expected_resistance) VALUES (200194, 'VBAT', 'see boardview', '3.8V', NULL);
INSERT INTO board_test_points (board_revision_id, label, location_desc, expected_voltage, expected_resistance) VALUES (200194, 'VBUS_5V', 'see boardview', '5.0V', NULL);
INSERT INTO board_test_points (board_revision_id, label, location_desc, expected_voltage, expected_resistance) VALUES (200194, 'PP1V8', 'see boardview', '1.8V', NULL);
INSERT INTO board_test_points (board_revision_id, label, location_desc, expected_voltage, expected_resistance) VALUES (200194, 'PP3V0', 'see boardview', '3.0V', NULL);
INSERT INTO board_nets (board_revision_id, net_name, test_point, expected_value, units) VALUES (200194, 'VBAT / PP_BATT_VCC', 'VBAT', '3.8', 'V');
INSERT INTO board_nets (board_revision_id, net_name, test_point, expected_value, units) VALUES (200194, 'VBUS', 'VBUS_5V', '5.0', 'V');
INSERT INTO board_nets (board_revision_id, net_name, test_point, expected_value, units) VALUES (200194, '1V8', 'PP1V8', '1.8', 'V');
INSERT INTO board_nets (board_revision_id, net_name, test_point, expected_value, units) VALUES (200194, '3V0', 'PP3V0', '3.0', 'V');
INSERT INTO measurements (board_revision_id, kind, test_point, reference_designator, rail_name, power_state, expected_value, measured_value, units, notes, is_known_good) VALUES (200194, 'voltage', 'VBAT', NULL, 'VBAT / PP_BATT_VCC', 'off', '3.8', '3.8', 'V', 'Battery main rail (typically 3.0-4.35V with charge).', 1);
INSERT INTO measurements (board_revision_id, kind, test_point, reference_designator, rail_name, power_state, expected_value, measured_value, units, notes, is_known_good) VALUES (200194, 'voltage', 'VBUS_5V', NULL, 'VBUS', 'on', '5.0', '5.0', 'V', 'USB VBUS when charging.', 1);
INSERT INTO measurements (board_revision_id, kind, test_point, reference_designator, rail_name, power_state, expected_value, measured_value, units, notes, is_known_good) VALUES (200194, 'voltage', 'PP1V8', NULL, '1V8', 'on', '1.8', '1.8', 'V', '1.8V housekeeping rail (typical).', 1);
INSERT INTO measurements (board_revision_id, kind, test_point, reference_designator, rail_name, power_state, expected_value, measured_value, units, notes, is_known_good) VALUES (200194, 'voltage', 'PP3V0', NULL, '3V0', 'on', '3.0', '3.0', 'V', '3.0V rail (typical).', 1);
INSERT INTO board_revisions (id, device_model, revision, layer_count, primary_soc, pmic, notes) VALUES (200195, 'LG LG V20', 'Logic Board', NULL, NULL, 'U_PMIC', 'LG LG V20 main logic board. Component set and rails are family-typical reference values; confirm exact values against the boardview/schematic for this unit.');
INSERT INTO board_components (board_revision_id, reference_designator, component_type, value, part_number, notes) VALUES (200195, 'J_DISP', 'Connector', NULL, NULL, 'Display FPC connector');
INSERT INTO board_components (board_revision_id, reference_designator, component_type, value, part_number, notes) VALUES (200195, 'J_BATT', 'Connector', NULL, NULL, 'Battery FPC connector');
INSERT INTO board_components (board_revision_id, reference_designator, component_type, value, part_number, notes) VALUES (200195, 'J_CHG', 'Connector', NULL, NULL, 'Charge port / dock connector');
INSERT INTO board_components (board_revision_id, reference_designator, component_type, value, part_number, notes) VALUES (200195, 'J_FCAM', 'Connector', NULL, NULL, 'Front camera connector');
INSERT INTO board_components (board_revision_id, reference_designator, component_type, value, part_number, notes) VALUES (200195, 'J_RCAM', 'Connector', NULL, NULL, 'Rear camera connector');
INSERT INTO board_components (board_revision_id, reference_designator, component_type, value, part_number, notes) VALUES (200195, 'U_PMIC', 'PMIC', NULL, NULL, 'Main power management IC');
INSERT INTO board_components (board_revision_id, reference_designator, component_type, value, part_number, notes) VALUES (200195, 'U_CHG', 'Charging IC', NULL, NULL, 'USB charging / interface IC');
INSERT INTO board_components (board_revision_id, reference_designator, component_type, value, part_number, notes) VALUES (200195, 'U_AUDIO', 'Audio IC', NULL, NULL, 'Audio codec IC');
INSERT INTO board_components (board_revision_id, reference_designator, component_type, value, part_number, notes) VALUES (200195, 'U_NAND', 'NAND Flash', NULL, NULL, 'Flash storage');
INSERT INTO board_test_points (board_revision_id, label, location_desc, expected_voltage, expected_resistance) VALUES (200195, 'VBAT', 'see boardview', '3.8V', NULL);
INSERT INTO board_test_points (board_revision_id, label, location_desc, expected_voltage, expected_resistance) VALUES (200195, 'VBUS_5V', 'see boardview', '5.0V', NULL);
INSERT INTO board_test_points (board_revision_id, label, location_desc, expected_voltage, expected_resistance) VALUES (200195, 'PP1V8', 'see boardview', '1.8V', NULL);
INSERT INTO board_test_points (board_revision_id, label, location_desc, expected_voltage, expected_resistance) VALUES (200195, 'PP3V0', 'see boardview', '3.0V', NULL);
INSERT INTO board_nets (board_revision_id, net_name, test_point, expected_value, units) VALUES (200195, 'VBAT / PP_BATT_VCC', 'VBAT', '3.8', 'V');
INSERT INTO board_nets (board_revision_id, net_name, test_point, expected_value, units) VALUES (200195, 'VBUS', 'VBUS_5V', '5.0', 'V');
INSERT INTO board_nets (board_revision_id, net_name, test_point, expected_value, units) VALUES (200195, '1V8', 'PP1V8', '1.8', 'V');
INSERT INTO board_nets (board_revision_id, net_name, test_point, expected_value, units) VALUES (200195, '3V0', 'PP3V0', '3.0', 'V');
INSERT INTO measurements (board_revision_id, kind, test_point, reference_designator, rail_name, power_state, expected_value, measured_value, units, notes, is_known_good) VALUES (200195, 'voltage', 'VBAT', NULL, 'VBAT / PP_BATT_VCC', 'off', '3.8', '3.8', 'V', 'Battery main rail (typically 3.0-4.35V with charge).', 1);
INSERT INTO measurements (board_revision_id, kind, test_point, reference_designator, rail_name, power_state, expected_value, measured_value, units, notes, is_known_good) VALUES (200195, 'voltage', 'VBUS_5V', NULL, 'VBUS', 'on', '5.0', '5.0', 'V', 'USB VBUS when charging.', 1);
INSERT INTO measurements (board_revision_id, kind, test_point, reference_designator, rail_name, power_state, expected_value, measured_value, units, notes, is_known_good) VALUES (200195, 'voltage', 'PP1V8', NULL, '1V8', 'on', '1.8', '1.8', 'V', '1.8V housekeeping rail (typical).', 1);
INSERT INTO measurements (board_revision_id, kind, test_point, reference_designator, rail_name, power_state, expected_value, measured_value, units, notes, is_known_good) VALUES (200195, 'voltage', 'PP3V0', NULL, '3V0', 'on', '3.0', '3.0', 'V', '3.0V rail (typical).', 1);
INSERT INTO board_revisions (id, device_model, revision, layer_count, primary_soc, pmic, notes) VALUES (200196, 'LG LG V30', 'Logic Board', NULL, NULL, 'U_PMIC', 'LG LG V30 main logic board. Component set and rails are family-typical reference values; confirm exact values against the boardview/schematic for this unit.');
INSERT INTO board_components (board_revision_id, reference_designator, component_type, value, part_number, notes) VALUES (200196, 'J_DISP', 'Connector', NULL, NULL, 'Display FPC connector');
INSERT INTO board_components (board_revision_id, reference_designator, component_type, value, part_number, notes) VALUES (200196, 'J_BATT', 'Connector', NULL, NULL, 'Battery FPC connector');
INSERT INTO board_components (board_revision_id, reference_designator, component_type, value, part_number, notes) VALUES (200196, 'J_CHG', 'Connector', NULL, NULL, 'Charge port / dock connector');
INSERT INTO board_components (board_revision_id, reference_designator, component_type, value, part_number, notes) VALUES (200196, 'J_FCAM', 'Connector', NULL, NULL, 'Front camera connector');
INSERT INTO board_components (board_revision_id, reference_designator, component_type, value, part_number, notes) VALUES (200196, 'J_RCAM', 'Connector', NULL, NULL, 'Rear camera connector');
INSERT INTO board_components (board_revision_id, reference_designator, component_type, value, part_number, notes) VALUES (200196, 'U_PMIC', 'PMIC', NULL, NULL, 'Main power management IC');
INSERT INTO board_components (board_revision_id, reference_designator, component_type, value, part_number, notes) VALUES (200196, 'U_CHG', 'Charging IC', NULL, NULL, 'USB charging / interface IC');
INSERT INTO board_components (board_revision_id, reference_designator, component_type, value, part_number, notes) VALUES (200196, 'U_AUDIO', 'Audio IC', NULL, NULL, 'Audio codec IC');
INSERT INTO board_components (board_revision_id, reference_designator, component_type, value, part_number, notes) VALUES (200196, 'U_NAND', 'NAND Flash', NULL, NULL, 'Flash storage');
INSERT INTO board_test_points (board_revision_id, label, location_desc, expected_voltage, expected_resistance) VALUES (200196, 'VBAT', 'see boardview', '3.8V', NULL);
INSERT INTO board_test_points (board_revision_id, label, location_desc, expected_voltage, expected_resistance) VALUES (200196, 'VBUS_5V', 'see boardview', '5.0V', NULL);
INSERT INTO board_test_points (board_revision_id, label, location_desc, expected_voltage, expected_resistance) VALUES (200196, 'PP1V8', 'see boardview', '1.8V', NULL);
INSERT INTO board_test_points (board_revision_id, label, location_desc, expected_voltage, expected_resistance) VALUES (200196, 'PP3V0', 'see boardview', '3.0V', NULL);
INSERT INTO board_nets (board_revision_id, net_name, test_point, expected_value, units) VALUES (200196, 'VBAT / PP_BATT_VCC', 'VBAT', '3.8', 'V');
INSERT INTO board_nets (board_revision_id, net_name, test_point, expected_value, units) VALUES (200196, 'VBUS', 'VBUS_5V', '5.0', 'V');
INSERT INTO board_nets (board_revision_id, net_name, test_point, expected_value, units) VALUES (200196, '1V8', 'PP1V8', '1.8', 'V');
INSERT INTO board_nets (board_revision_id, net_name, test_point, expected_value, units) VALUES (200196, '3V0', 'PP3V0', '3.0', 'V');
INSERT INTO measurements (board_revision_id, kind, test_point, reference_designator, rail_name, power_state, expected_value, measured_value, units, notes, is_known_good) VALUES (200196, 'voltage', 'VBAT', NULL, 'VBAT / PP_BATT_VCC', 'off', '3.8', '3.8', 'V', 'Battery main rail (typically 3.0-4.35V with charge).', 1);
INSERT INTO measurements (board_revision_id, kind, test_point, reference_designator, rail_name, power_state, expected_value, measured_value, units, notes, is_known_good) VALUES (200196, 'voltage', 'VBUS_5V', NULL, 'VBUS', 'on', '5.0', '5.0', 'V', 'USB VBUS when charging.', 1);
INSERT INTO measurements (board_revision_id, kind, test_point, reference_designator, rail_name, power_state, expected_value, measured_value, units, notes, is_known_good) VALUES (200196, 'voltage', 'PP1V8', NULL, '1V8', 'on', '1.8', '1.8', 'V', '1.8V housekeeping rail (typical).', 1);
INSERT INTO measurements (board_revision_id, kind, test_point, reference_designator, rail_name, power_state, expected_value, measured_value, units, notes, is_known_good) VALUES (200196, 'voltage', 'PP3V0', NULL, '3V0', 'on', '3.0', '3.0', 'V', '3.0V rail (typical).', 1);
INSERT INTO board_revisions (id, device_model, revision, layer_count, primary_soc, pmic, notes) VALUES (200197, 'LG LG V40', 'Logic Board', NULL, NULL, 'U_PMIC', 'LG LG V40 main logic board. Component set and rails are family-typical reference values; confirm exact values against the boardview/schematic for this unit.');
INSERT INTO board_components (board_revision_id, reference_designator, component_type, value, part_number, notes) VALUES (200197, 'J_DISP', 'Connector', NULL, NULL, 'Display FPC connector');
INSERT INTO board_components (board_revision_id, reference_designator, component_type, value, part_number, notes) VALUES (200197, 'J_BATT', 'Connector', NULL, NULL, 'Battery FPC connector');
INSERT INTO board_components (board_revision_id, reference_designator, component_type, value, part_number, notes) VALUES (200197, 'J_CHG', 'Connector', NULL, NULL, 'Charge port / dock connector');
INSERT INTO board_components (board_revision_id, reference_designator, component_type, value, part_number, notes) VALUES (200197, 'J_FCAM', 'Connector', NULL, NULL, 'Front camera connector');
INSERT INTO board_components (board_revision_id, reference_designator, component_type, value, part_number, notes) VALUES (200197, 'J_RCAM', 'Connector', NULL, NULL, 'Rear camera connector');
INSERT INTO board_components (board_revision_id, reference_designator, component_type, value, part_number, notes) VALUES (200197, 'U_PMIC', 'PMIC', NULL, NULL, 'Main power management IC');
INSERT INTO board_components (board_revision_id, reference_designator, component_type, value, part_number, notes) VALUES (200197, 'U_CHG', 'Charging IC', NULL, NULL, 'USB charging / interface IC');
INSERT INTO board_components (board_revision_id, reference_designator, component_type, value, part_number, notes) VALUES (200197, 'U_AUDIO', 'Audio IC', NULL, NULL, 'Audio codec IC');
INSERT INTO board_components (board_revision_id, reference_designator, component_type, value, part_number, notes) VALUES (200197, 'U_NAND', 'NAND Flash', NULL, NULL, 'Flash storage');
INSERT INTO board_test_points (board_revision_id, label, location_desc, expected_voltage, expected_resistance) VALUES (200197, 'VBAT', 'see boardview', '3.8V', NULL);
INSERT INTO board_test_points (board_revision_id, label, location_desc, expected_voltage, expected_resistance) VALUES (200197, 'VBUS_5V', 'see boardview', '5.0V', NULL);
INSERT INTO board_test_points (board_revision_id, label, location_desc, expected_voltage, expected_resistance) VALUES (200197, 'PP1V8', 'see boardview', '1.8V', NULL);
INSERT INTO board_test_points (board_revision_id, label, location_desc, expected_voltage, expected_resistance) VALUES (200197, 'PP3V0', 'see boardview', '3.0V', NULL);
INSERT INTO board_nets (board_revision_id, net_name, test_point, expected_value, units) VALUES (200197, 'VBAT / PP_BATT_VCC', 'VBAT', '3.8', 'V');
INSERT INTO board_nets (board_revision_id, net_name, test_point, expected_value, units) VALUES (200197, 'VBUS', 'VBUS_5V', '5.0', 'V');
INSERT INTO board_nets (board_revision_id, net_name, test_point, expected_value, units) VALUES (200197, '1V8', 'PP1V8', '1.8', 'V');
INSERT INTO board_nets (board_revision_id, net_name, test_point, expected_value, units) VALUES (200197, '3V0', 'PP3V0', '3.0', 'V');
INSERT INTO measurements (board_revision_id, kind, test_point, reference_designator, rail_name, power_state, expected_value, measured_value, units, notes, is_known_good) VALUES (200197, 'voltage', 'VBAT', NULL, 'VBAT / PP_BATT_VCC', 'off', '3.8', '3.8', 'V', 'Battery main rail (typically 3.0-4.35V with charge).', 1);
INSERT INTO measurements (board_revision_id, kind, test_point, reference_designator, rail_name, power_state, expected_value, measured_value, units, notes, is_known_good) VALUES (200197, 'voltage', 'VBUS_5V', NULL, 'VBUS', 'on', '5.0', '5.0', 'V', 'USB VBUS when charging.', 1);
INSERT INTO measurements (board_revision_id, kind, test_point, reference_designator, rail_name, power_state, expected_value, measured_value, units, notes, is_known_good) VALUES (200197, 'voltage', 'PP1V8', NULL, '1V8', 'on', '1.8', '1.8', 'V', '1.8V housekeeping rail (typical).', 1);
INSERT INTO measurements (board_revision_id, kind, test_point, reference_designator, rail_name, power_state, expected_value, measured_value, units, notes, is_known_good) VALUES (200197, 'voltage', 'PP3V0', NULL, '3V0', 'on', '3.0', '3.0', 'V', '3.0V rail (typical).', 1);
INSERT INTO board_revisions (id, device_model, revision, layer_count, primary_soc, pmic, notes) VALUES (200198, 'LG LG V50', 'Logic Board', NULL, NULL, 'U_PMIC', 'LG LG V50 main logic board. Component set and rails are family-typical reference values; confirm exact values against the boardview/schematic for this unit.');
INSERT INTO board_components (board_revision_id, reference_designator, component_type, value, part_number, notes) VALUES (200198, 'J_DISP', 'Connector', NULL, NULL, 'Display FPC connector');
INSERT INTO board_components (board_revision_id, reference_designator, component_type, value, part_number, notes) VALUES (200198, 'J_BATT', 'Connector', NULL, NULL, 'Battery FPC connector');
INSERT INTO board_components (board_revision_id, reference_designator, component_type, value, part_number, notes) VALUES (200198, 'J_CHG', 'Connector', NULL, NULL, 'Charge port / dock connector');
INSERT INTO board_components (board_revision_id, reference_designator, component_type, value, part_number, notes) VALUES (200198, 'J_FCAM', 'Connector', NULL, NULL, 'Front camera connector');
INSERT INTO board_components (board_revision_id, reference_designator, component_type, value, part_number, notes) VALUES (200198, 'J_RCAM', 'Connector', NULL, NULL, 'Rear camera connector');
INSERT INTO board_components (board_revision_id, reference_designator, component_type, value, part_number, notes) VALUES (200198, 'U_PMIC', 'PMIC', NULL, NULL, 'Main power management IC');
INSERT INTO board_components (board_revision_id, reference_designator, component_type, value, part_number, notes) VALUES (200198, 'U_CHG', 'Charging IC', NULL, NULL, 'USB charging / interface IC');
INSERT INTO board_components (board_revision_id, reference_designator, component_type, value, part_number, notes) VALUES (200198, 'U_AUDIO', 'Audio IC', NULL, NULL, 'Audio codec IC');
INSERT INTO board_components (board_revision_id, reference_designator, component_type, value, part_number, notes) VALUES (200198, 'U_NAND', 'NAND Flash', NULL, NULL, 'Flash storage');
INSERT INTO board_test_points (board_revision_id, label, location_desc, expected_voltage, expected_resistance) VALUES (200198, 'VBAT', 'see boardview', '3.8V', NULL);
INSERT INTO board_test_points (board_revision_id, label, location_desc, expected_voltage, expected_resistance) VALUES (200198, 'VBUS_5V', 'see boardview', '5.0V', NULL);
INSERT INTO board_test_points (board_revision_id, label, location_desc, expected_voltage, expected_resistance) VALUES (200198, 'PP1V8', 'see boardview', '1.8V', NULL);
INSERT INTO board_test_points (board_revision_id, label, location_desc, expected_voltage, expected_resistance) VALUES (200198, 'PP3V0', 'see boardview', '3.0V', NULL);
INSERT INTO board_nets (board_revision_id, net_name, test_point, expected_value, units) VALUES (200198, 'VBAT / PP_BATT_VCC', 'VBAT', '3.8', 'V');
INSERT INTO board_nets (board_revision_id, net_name, test_point, expected_value, units) VALUES (200198, 'VBUS', 'VBUS_5V', '5.0', 'V');
INSERT INTO board_nets (board_revision_id, net_name, test_point, expected_value, units) VALUES (200198, '1V8', 'PP1V8', '1.8', 'V');
INSERT INTO board_nets (board_revision_id, net_name, test_point, expected_value, units) VALUES (200198, '3V0', 'PP3V0', '3.0', 'V');
INSERT INTO measurements (board_revision_id, kind, test_point, reference_designator, rail_name, power_state, expected_value, measured_value, units, notes, is_known_good) VALUES (200198, 'voltage', 'VBAT', NULL, 'VBAT / PP_BATT_VCC', 'off', '3.8', '3.8', 'V', 'Battery main rail (typically 3.0-4.35V with charge).', 1);
INSERT INTO measurements (board_revision_id, kind, test_point, reference_designator, rail_name, power_state, expected_value, measured_value, units, notes, is_known_good) VALUES (200198, 'voltage', 'VBUS_5V', NULL, 'VBUS', 'on', '5.0', '5.0', 'V', 'USB VBUS when charging.', 1);
INSERT INTO measurements (board_revision_id, kind, test_point, reference_designator, rail_name, power_state, expected_value, measured_value, units, notes, is_known_good) VALUES (200198, 'voltage', 'PP1V8', NULL, '1V8', 'on', '1.8', '1.8', 'V', '1.8V housekeeping rail (typical).', 1);
INSERT INTO measurements (board_revision_id, kind, test_point, reference_designator, rail_name, power_state, expected_value, measured_value, units, notes, is_known_good) VALUES (200198, 'voltage', 'PP3V0', NULL, '3V0', 'on', '3.0', '3.0', 'V', '3.0V rail (typical).', 1);
INSERT INTO board_revisions (id, device_model, revision, layer_count, primary_soc, pmic, notes) VALUES (200199, 'LG LG V60', 'Logic Board', NULL, NULL, 'U_PMIC', 'LG LG V60 main logic board. Component set and rails are family-typical reference values; confirm exact values against the boardview/schematic for this unit.');
INSERT INTO board_components (board_revision_id, reference_designator, component_type, value, part_number, notes) VALUES (200199, 'J_DISP', 'Connector', NULL, NULL, 'Display FPC connector');
INSERT INTO board_components (board_revision_id, reference_designator, component_type, value, part_number, notes) VALUES (200199, 'J_BATT', 'Connector', NULL, NULL, 'Battery FPC connector');
INSERT INTO board_components (board_revision_id, reference_designator, component_type, value, part_number, notes) VALUES (200199, 'J_CHG', 'Connector', NULL, NULL, 'Charge port / dock connector');
INSERT INTO board_components (board_revision_id, reference_designator, component_type, value, part_number, notes) VALUES (200199, 'J_FCAM', 'Connector', NULL, NULL, 'Front camera connector');
INSERT INTO board_components (board_revision_id, reference_designator, component_type, value, part_number, notes) VALUES (200199, 'J_RCAM', 'Connector', NULL, NULL, 'Rear camera connector');
INSERT INTO board_components (board_revision_id, reference_designator, component_type, value, part_number, notes) VALUES (200199, 'U_PMIC', 'PMIC', NULL, NULL, 'Main power management IC');
INSERT INTO board_components (board_revision_id, reference_designator, component_type, value, part_number, notes) VALUES (200199, 'U_CHG', 'Charging IC', NULL, NULL, 'USB charging / interface IC');
INSERT INTO board_components (board_revision_id, reference_designator, component_type, value, part_number, notes) VALUES (200199, 'U_AUDIO', 'Audio IC', NULL, NULL, 'Audio codec IC');
INSERT INTO board_components (board_revision_id, reference_designator, component_type, value, part_number, notes) VALUES (200199, 'U_NAND', 'NAND Flash', NULL, NULL, 'Flash storage');
INSERT INTO board_test_points (board_revision_id, label, location_desc, expected_voltage, expected_resistance) VALUES (200199, 'VBAT', 'see boardview', '3.8V', NULL);
INSERT INTO board_test_points (board_revision_id, label, location_desc, expected_voltage, expected_resistance) VALUES (200199, 'VBUS_5V', 'see boardview', '5.0V', NULL);
INSERT INTO board_test_points (board_revision_id, label, location_desc, expected_voltage, expected_resistance) VALUES (200199, 'PP1V8', 'see boardview', '1.8V', NULL);
INSERT INTO board_test_points (board_revision_id, label, location_desc, expected_voltage, expected_resistance) VALUES (200199, 'PP3V0', 'see boardview', '3.0V', NULL);
INSERT INTO board_nets (board_revision_id, net_name, test_point, expected_value, units) VALUES (200199, 'VBAT / PP_BATT_VCC', 'VBAT', '3.8', 'V');
INSERT INTO board_nets (board_revision_id, net_name, test_point, expected_value, units) VALUES (200199, 'VBUS', 'VBUS_5V', '5.0', 'V');
INSERT INTO board_nets (board_revision_id, net_name, test_point, expected_value, units) VALUES (200199, '1V8', 'PP1V8', '1.8', 'V');
INSERT INTO board_nets (board_revision_id, net_name, test_point, expected_value, units) VALUES (200199, '3V0', 'PP3V0', '3.0', 'V');
INSERT INTO measurements (board_revision_id, kind, test_point, reference_designator, rail_name, power_state, expected_value, measured_value, units, notes, is_known_good) VALUES (200199, 'voltage', 'VBAT', NULL, 'VBAT / PP_BATT_VCC', 'off', '3.8', '3.8', 'V', 'Battery main rail (typically 3.0-4.35V with charge).', 1);
INSERT INTO measurements (board_revision_id, kind, test_point, reference_designator, rail_name, power_state, expected_value, measured_value, units, notes, is_known_good) VALUES (200199, 'voltage', 'VBUS_5V', NULL, 'VBUS', 'on', '5.0', '5.0', 'V', 'USB VBUS when charging.', 1);
INSERT INTO measurements (board_revision_id, kind, test_point, reference_designator, rail_name, power_state, expected_value, measured_value, units, notes, is_known_good) VALUES (200199, 'voltage', 'PP1V8', NULL, '1V8', 'on', '1.8', '1.8', 'V', '1.8V housekeeping rail (typical).', 1);
INSERT INTO measurements (board_revision_id, kind, test_point, reference_designator, rail_name, power_state, expected_value, measured_value, units, notes, is_known_good) VALUES (200199, 'voltage', 'PP3V0', NULL, '3V0', 'on', '3.0', '3.0', 'V', '3.0V rail (typical).', 1);
INSERT INTO board_revisions (id, device_model, revision, layer_count, primary_soc, pmic, notes) VALUES (200200, 'LG LG Stylo 4', 'Logic Board', NULL, NULL, 'U_PMIC', 'LG LG Stylo 4 main logic board. Component set and rails are family-typical reference values; confirm exact values against the boardview/schematic for this unit.');
INSERT INTO board_components (board_revision_id, reference_designator, component_type, value, part_number, notes) VALUES (200200, 'J_DISP', 'Connector', NULL, NULL, 'Display FPC connector');
INSERT INTO board_components (board_revision_id, reference_designator, component_type, value, part_number, notes) VALUES (200200, 'J_BATT', 'Connector', NULL, NULL, 'Battery FPC connector');
INSERT INTO board_components (board_revision_id, reference_designator, component_type, value, part_number, notes) VALUES (200200, 'J_CHG', 'Connector', NULL, NULL, 'Charge port / dock connector');
INSERT INTO board_components (board_revision_id, reference_designator, component_type, value, part_number, notes) VALUES (200200, 'J_FCAM', 'Connector', NULL, NULL, 'Front camera connector');
INSERT INTO board_components (board_revision_id, reference_designator, component_type, value, part_number, notes) VALUES (200200, 'J_RCAM', 'Connector', NULL, NULL, 'Rear camera connector');
INSERT INTO board_components (board_revision_id, reference_designator, component_type, value, part_number, notes) VALUES (200200, 'U_PMIC', 'PMIC', NULL, NULL, 'Main power management IC');
INSERT INTO board_components (board_revision_id, reference_designator, component_type, value, part_number, notes) VALUES (200200, 'U_CHG', 'Charging IC', NULL, NULL, 'USB charging / interface IC');
INSERT INTO board_components (board_revision_id, reference_designator, component_type, value, part_number, notes) VALUES (200200, 'U_AUDIO', 'Audio IC', NULL, NULL, 'Audio codec IC');
INSERT INTO board_components (board_revision_id, reference_designator, component_type, value, part_number, notes) VALUES (200200, 'U_NAND', 'NAND Flash', NULL, NULL, 'Flash storage');
INSERT INTO board_test_points (board_revision_id, label, location_desc, expected_voltage, expected_resistance) VALUES (200200, 'VBAT', 'see boardview', '3.8V', NULL);
INSERT INTO board_test_points (board_revision_id, label, location_desc, expected_voltage, expected_resistance) VALUES (200200, 'VBUS_5V', 'see boardview', '5.0V', NULL);
INSERT INTO board_test_points (board_revision_id, label, location_desc, expected_voltage, expected_resistance) VALUES (200200, 'PP1V8', 'see boardview', '1.8V', NULL);
INSERT INTO board_test_points (board_revision_id, label, location_desc, expected_voltage, expected_resistance) VALUES (200200, 'PP3V0', 'see boardview', '3.0V', NULL);
INSERT INTO board_nets (board_revision_id, net_name, test_point, expected_value, units) VALUES (200200, 'VBAT / PP_BATT_VCC', 'VBAT', '3.8', 'V');
INSERT INTO board_nets (board_revision_id, net_name, test_point, expected_value, units) VALUES (200200, 'VBUS', 'VBUS_5V', '5.0', 'V');
INSERT INTO board_nets (board_revision_id, net_name, test_point, expected_value, units) VALUES (200200, '1V8', 'PP1V8', '1.8', 'V');
INSERT INTO board_nets (board_revision_id, net_name, test_point, expected_value, units) VALUES (200200, '3V0', 'PP3V0', '3.0', 'V');
INSERT INTO measurements (board_revision_id, kind, test_point, reference_designator, rail_name, power_state, expected_value, measured_value, units, notes, is_known_good) VALUES (200200, 'voltage', 'VBAT', NULL, 'VBAT / PP_BATT_VCC', 'off', '3.8', '3.8', 'V', 'Battery main rail (typically 3.0-4.35V with charge).', 1);
INSERT INTO measurements (board_revision_id, kind, test_point, reference_designator, rail_name, power_state, expected_value, measured_value, units, notes, is_known_good) VALUES (200200, 'voltage', 'VBUS_5V', NULL, 'VBUS', 'on', '5.0', '5.0', 'V', 'USB VBUS when charging.', 1);
INSERT INTO measurements (board_revision_id, kind, test_point, reference_designator, rail_name, power_state, expected_value, measured_value, units, notes, is_known_good) VALUES (200200, 'voltage', 'PP1V8', NULL, '1V8', 'on', '1.8', '1.8', 'V', '1.8V housekeeping rail (typical).', 1);
INSERT INTO measurements (board_revision_id, kind, test_point, reference_designator, rail_name, power_state, expected_value, measured_value, units, notes, is_known_good) VALUES (200200, 'voltage', 'PP3V0', NULL, '3V0', 'on', '3.0', '3.0', 'V', '3.0V rail (typical).', 1);
INSERT INTO board_revisions (id, device_model, revision, layer_count, primary_soc, pmic, notes) VALUES (200201, 'LG LG Stylo 5', 'Logic Board', NULL, NULL, 'U_PMIC', 'LG LG Stylo 5 main logic board. Component set and rails are family-typical reference values; confirm exact values against the boardview/schematic for this unit.');
INSERT INTO board_components (board_revision_id, reference_designator, component_type, value, part_number, notes) VALUES (200201, 'J_DISP', 'Connector', NULL, NULL, 'Display FPC connector');
INSERT INTO board_components (board_revision_id, reference_designator, component_type, value, part_number, notes) VALUES (200201, 'J_BATT', 'Connector', NULL, NULL, 'Battery FPC connector');
INSERT INTO board_components (board_revision_id, reference_designator, component_type, value, part_number, notes) VALUES (200201, 'J_CHG', 'Connector', NULL, NULL, 'Charge port / dock connector');
INSERT INTO board_components (board_revision_id, reference_designator, component_type, value, part_number, notes) VALUES (200201, 'J_FCAM', 'Connector', NULL, NULL, 'Front camera connector');
INSERT INTO board_components (board_revision_id, reference_designator, component_type, value, part_number, notes) VALUES (200201, 'J_RCAM', 'Connector', NULL, NULL, 'Rear camera connector');
INSERT INTO board_components (board_revision_id, reference_designator, component_type, value, part_number, notes) VALUES (200201, 'U_PMIC', 'PMIC', NULL, NULL, 'Main power management IC');
INSERT INTO board_components (board_revision_id, reference_designator, component_type, value, part_number, notes) VALUES (200201, 'U_CHG', 'Charging IC', NULL, NULL, 'USB charging / interface IC');
INSERT INTO board_components (board_revision_id, reference_designator, component_type, value, part_number, notes) VALUES (200201, 'U_AUDIO', 'Audio IC', NULL, NULL, 'Audio codec IC');
INSERT INTO board_components (board_revision_id, reference_designator, component_type, value, part_number, notes) VALUES (200201, 'U_NAND', 'NAND Flash', NULL, NULL, 'Flash storage');
INSERT INTO board_test_points (board_revision_id, label, location_desc, expected_voltage, expected_resistance) VALUES (200201, 'VBAT', 'see boardview', '3.8V', NULL);
INSERT INTO board_test_points (board_revision_id, label, location_desc, expected_voltage, expected_resistance) VALUES (200201, 'VBUS_5V', 'see boardview', '5.0V', NULL);
INSERT INTO board_test_points (board_revision_id, label, location_desc, expected_voltage, expected_resistance) VALUES (200201, 'PP1V8', 'see boardview', '1.8V', NULL);
INSERT INTO board_test_points (board_revision_id, label, location_desc, expected_voltage, expected_resistance) VALUES (200201, 'PP3V0', 'see boardview', '3.0V', NULL);
INSERT INTO board_nets (board_revision_id, net_name, test_point, expected_value, units) VALUES (200201, 'VBAT / PP_BATT_VCC', 'VBAT', '3.8', 'V');
INSERT INTO board_nets (board_revision_id, net_name, test_point, expected_value, units) VALUES (200201, 'VBUS', 'VBUS_5V', '5.0', 'V');
INSERT INTO board_nets (board_revision_id, net_name, test_point, expected_value, units) VALUES (200201, '1V8', 'PP1V8', '1.8', 'V');
INSERT INTO board_nets (board_revision_id, net_name, test_point, expected_value, units) VALUES (200201, '3V0', 'PP3V0', '3.0', 'V');
INSERT INTO measurements (board_revision_id, kind, test_point, reference_designator, rail_name, power_state, expected_value, measured_value, units, notes, is_known_good) VALUES (200201, 'voltage', 'VBAT', NULL, 'VBAT / PP_BATT_VCC', 'off', '3.8', '3.8', 'V', 'Battery main rail (typically 3.0-4.35V with charge).', 1);
INSERT INTO measurements (board_revision_id, kind, test_point, reference_designator, rail_name, power_state, expected_value, measured_value, units, notes, is_known_good) VALUES (200201, 'voltage', 'VBUS_5V', NULL, 'VBUS', 'on', '5.0', '5.0', 'V', 'USB VBUS when charging.', 1);
INSERT INTO measurements (board_revision_id, kind, test_point, reference_designator, rail_name, power_state, expected_value, measured_value, units, notes, is_known_good) VALUES (200201, 'voltage', 'PP1V8', NULL, '1V8', 'on', '1.8', '1.8', 'V', '1.8V housekeeping rail (typical).', 1);
INSERT INTO measurements (board_revision_id, kind, test_point, reference_designator, rail_name, power_state, expected_value, measured_value, units, notes, is_known_good) VALUES (200201, 'voltage', 'PP3V0', NULL, '3V0', 'on', '3.0', '3.0', 'V', '3.0V rail (typical).', 1);
INSERT INTO board_revisions (id, device_model, revision, layer_count, primary_soc, pmic, notes) VALUES (200202, 'LG LG Stylo 6', 'Logic Board', NULL, NULL, 'U_PMIC', 'LG LG Stylo 6 main logic board. Component set and rails are family-typical reference values; confirm exact values against the boardview/schematic for this unit.');
INSERT INTO board_components (board_revision_id, reference_designator, component_type, value, part_number, notes) VALUES (200202, 'J_DISP', 'Connector', NULL, NULL, 'Display FPC connector');
INSERT INTO board_components (board_revision_id, reference_designator, component_type, value, part_number, notes) VALUES (200202, 'J_BATT', 'Connector', NULL, NULL, 'Battery FPC connector');
INSERT INTO board_components (board_revision_id, reference_designator, component_type, value, part_number, notes) VALUES (200202, 'J_CHG', 'Connector', NULL, NULL, 'Charge port / dock connector');
INSERT INTO board_components (board_revision_id, reference_designator, component_type, value, part_number, notes) VALUES (200202, 'J_FCAM', 'Connector', NULL, NULL, 'Front camera connector');
INSERT INTO board_components (board_revision_id, reference_designator, component_type, value, part_number, notes) VALUES (200202, 'J_RCAM', 'Connector', NULL, NULL, 'Rear camera connector');
INSERT INTO board_components (board_revision_id, reference_designator, component_type, value, part_number, notes) VALUES (200202, 'U_PMIC', 'PMIC', NULL, NULL, 'Main power management IC');
INSERT INTO board_components (board_revision_id, reference_designator, component_type, value, part_number, notes) VALUES (200202, 'U_CHG', 'Charging IC', NULL, NULL, 'USB charging / interface IC');
INSERT INTO board_components (board_revision_id, reference_designator, component_type, value, part_number, notes) VALUES (200202, 'U_AUDIO', 'Audio IC', NULL, NULL, 'Audio codec IC');
INSERT INTO board_components (board_revision_id, reference_designator, component_type, value, part_number, notes) VALUES (200202, 'U_NAND', 'NAND Flash', NULL, NULL, 'Flash storage');
INSERT INTO board_test_points (board_revision_id, label, location_desc, expected_voltage, expected_resistance) VALUES (200202, 'VBAT', 'see boardview', '3.8V', NULL);
INSERT INTO board_test_points (board_revision_id, label, location_desc, expected_voltage, expected_resistance) VALUES (200202, 'VBUS_5V', 'see boardview', '5.0V', NULL);
INSERT INTO board_test_points (board_revision_id, label, location_desc, expected_voltage, expected_resistance) VALUES (200202, 'PP1V8', 'see boardview', '1.8V', NULL);
INSERT INTO board_test_points (board_revision_id, label, location_desc, expected_voltage, expected_resistance) VALUES (200202, 'PP3V0', 'see boardview', '3.0V', NULL);
INSERT INTO board_nets (board_revision_id, net_name, test_point, expected_value, units) VALUES (200202, 'VBAT / PP_BATT_VCC', 'VBAT', '3.8', 'V');
INSERT INTO board_nets (board_revision_id, net_name, test_point, expected_value, units) VALUES (200202, 'VBUS', 'VBUS_5V', '5.0', 'V');
INSERT INTO board_nets (board_revision_id, net_name, test_point, expected_value, units) VALUES (200202, '1V8', 'PP1V8', '1.8', 'V');
INSERT INTO board_nets (board_revision_id, net_name, test_point, expected_value, units) VALUES (200202, '3V0', 'PP3V0', '3.0', 'V');
INSERT INTO measurements (board_revision_id, kind, test_point, reference_designator, rail_name, power_state, expected_value, measured_value, units, notes, is_known_good) VALUES (200202, 'voltage', 'VBAT', NULL, 'VBAT / PP_BATT_VCC', 'off', '3.8', '3.8', 'V', 'Battery main rail (typically 3.0-4.35V with charge).', 1);
INSERT INTO measurements (board_revision_id, kind, test_point, reference_designator, rail_name, power_state, expected_value, measured_value, units, notes, is_known_good) VALUES (200202, 'voltage', 'VBUS_5V', NULL, 'VBUS', 'on', '5.0', '5.0', 'V', 'USB VBUS when charging.', 1);
INSERT INTO measurements (board_revision_id, kind, test_point, reference_designator, rail_name, power_state, expected_value, measured_value, units, notes, is_known_good) VALUES (200202, 'voltage', 'PP1V8', NULL, '1V8', 'on', '1.8', '1.8', 'V', '1.8V housekeeping rail (typical).', 1);
INSERT INTO measurements (board_revision_id, kind, test_point, reference_designator, rail_name, power_state, expected_value, measured_value, units, notes, is_known_good) VALUES (200202, 'voltage', 'PP3V0', NULL, '3V0', 'on', '3.0', '3.0', 'V', '3.0V rail (typical).', 1);
INSERT INTO board_revisions (id, device_model, revision, layer_count, primary_soc, pmic, notes) VALUES (200203, 'LG LG K51', 'Logic Board', NULL, NULL, 'U_PMIC', 'LG LG K51 main logic board. Component set and rails are family-typical reference values; confirm exact values against the boardview/schematic for this unit.');
INSERT INTO board_components (board_revision_id, reference_designator, component_type, value, part_number, notes) VALUES (200203, 'J_DISP', 'Connector', NULL, NULL, 'Display FPC connector');
INSERT INTO board_components (board_revision_id, reference_designator, component_type, value, part_number, notes) VALUES (200203, 'J_BATT', 'Connector', NULL, NULL, 'Battery FPC connector');
INSERT INTO board_components (board_revision_id, reference_designator, component_type, value, part_number, notes) VALUES (200203, 'J_CHG', 'Connector', NULL, NULL, 'Charge port / dock connector');
INSERT INTO board_components (board_revision_id, reference_designator, component_type, value, part_number, notes) VALUES (200203, 'J_FCAM', 'Connector', NULL, NULL, 'Front camera connector');
INSERT INTO board_components (board_revision_id, reference_designator, component_type, value, part_number, notes) VALUES (200203, 'J_RCAM', 'Connector', NULL, NULL, 'Rear camera connector');
INSERT INTO board_components (board_revision_id, reference_designator, component_type, value, part_number, notes) VALUES (200203, 'U_PMIC', 'PMIC', NULL, NULL, 'Main power management IC');
INSERT INTO board_components (board_revision_id, reference_designator, component_type, value, part_number, notes) VALUES (200203, 'U_CHG', 'Charging IC', NULL, NULL, 'USB charging / interface IC');
INSERT INTO board_components (board_revision_id, reference_designator, component_type, value, part_number, notes) VALUES (200203, 'U_AUDIO', 'Audio IC', NULL, NULL, 'Audio codec IC');
INSERT INTO board_components (board_revision_id, reference_designator, component_type, value, part_number, notes) VALUES (200203, 'U_NAND', 'NAND Flash', NULL, NULL, 'Flash storage');
INSERT INTO board_test_points (board_revision_id, label, location_desc, expected_voltage, expected_resistance) VALUES (200203, 'VBAT', 'see boardview', '3.8V', NULL);
INSERT INTO board_test_points (board_revision_id, label, location_desc, expected_voltage, expected_resistance) VALUES (200203, 'VBUS_5V', 'see boardview', '5.0V', NULL);
INSERT INTO board_test_points (board_revision_id, label, location_desc, expected_voltage, expected_resistance) VALUES (200203, 'PP1V8', 'see boardview', '1.8V', NULL);
INSERT INTO board_test_points (board_revision_id, label, location_desc, expected_voltage, expected_resistance) VALUES (200203, 'PP3V0', 'see boardview', '3.0V', NULL);
INSERT INTO board_nets (board_revision_id, net_name, test_point, expected_value, units) VALUES (200203, 'VBAT / PP_BATT_VCC', 'VBAT', '3.8', 'V');
INSERT INTO board_nets (board_revision_id, net_name, test_point, expected_value, units) VALUES (200203, 'VBUS', 'VBUS_5V', '5.0', 'V');
INSERT INTO board_nets (board_revision_id, net_name, test_point, expected_value, units) VALUES (200203, '1V8', 'PP1V8', '1.8', 'V');
INSERT INTO board_nets (board_revision_id, net_name, test_point, expected_value, units) VALUES (200203, '3V0', 'PP3V0', '3.0', 'V');
INSERT INTO measurements (board_revision_id, kind, test_point, reference_designator, rail_name, power_state, expected_value, measured_value, units, notes, is_known_good) VALUES (200203, 'voltage', 'VBAT', NULL, 'VBAT / PP_BATT_VCC', 'off', '3.8', '3.8', 'V', 'Battery main rail (typically 3.0-4.35V with charge).', 1);
INSERT INTO measurements (board_revision_id, kind, test_point, reference_designator, rail_name, power_state, expected_value, measured_value, units, notes, is_known_good) VALUES (200203, 'voltage', 'VBUS_5V', NULL, 'VBUS', 'on', '5.0', '5.0', 'V', 'USB VBUS when charging.', 1);
INSERT INTO measurements (board_revision_id, kind, test_point, reference_designator, rail_name, power_state, expected_value, measured_value, units, notes, is_known_good) VALUES (200203, 'voltage', 'PP1V8', NULL, '1V8', 'on', '1.8', '1.8', 'V', '1.8V housekeeping rail (typical).', 1);
INSERT INTO measurements (board_revision_id, kind, test_point, reference_designator, rail_name, power_state, expected_value, measured_value, units, notes, is_known_good) VALUES (200203, 'voltage', 'PP3V0', NULL, '3V0', 'on', '3.0', '3.0', 'V', '3.0V rail (typical).', 1);
INSERT INTO board_revisions (id, device_model, revision, layer_count, primary_soc, pmic, notes) VALUES (200204, 'LG LG Velvet', 'Logic Board', NULL, NULL, 'U_PMIC', 'LG LG Velvet main logic board. Component set and rails are family-typical reference values; confirm exact values against the boardview/schematic for this unit.');
INSERT INTO board_components (board_revision_id, reference_designator, component_type, value, part_number, notes) VALUES (200204, 'J_DISP', 'Connector', NULL, NULL, 'Display FPC connector');
INSERT INTO board_components (board_revision_id, reference_designator, component_type, value, part_number, notes) VALUES (200204, 'J_BATT', 'Connector', NULL, NULL, 'Battery FPC connector');
INSERT INTO board_components (board_revision_id, reference_designator, component_type, value, part_number, notes) VALUES (200204, 'J_CHG', 'Connector', NULL, NULL, 'Charge port / dock connector');
INSERT INTO board_components (board_revision_id, reference_designator, component_type, value, part_number, notes) VALUES (200204, 'J_FCAM', 'Connector', NULL, NULL, 'Front camera connector');
INSERT INTO board_components (board_revision_id, reference_designator, component_type, value, part_number, notes) VALUES (200204, 'J_RCAM', 'Connector', NULL, NULL, 'Rear camera connector');
INSERT INTO board_components (board_revision_id, reference_designator, component_type, value, part_number, notes) VALUES (200204, 'U_PMIC', 'PMIC', NULL, NULL, 'Main power management IC');
INSERT INTO board_components (board_revision_id, reference_designator, component_type, value, part_number, notes) VALUES (200204, 'U_CHG', 'Charging IC', NULL, NULL, 'USB charging / interface IC');
INSERT INTO board_components (board_revision_id, reference_designator, component_type, value, part_number, notes) VALUES (200204, 'U_AUDIO', 'Audio IC', NULL, NULL, 'Audio codec IC');
INSERT INTO board_components (board_revision_id, reference_designator, component_type, value, part_number, notes) VALUES (200204, 'U_NAND', 'NAND Flash', NULL, NULL, 'Flash storage');
INSERT INTO board_test_points (board_revision_id, label, location_desc, expected_voltage, expected_resistance) VALUES (200204, 'VBAT', 'see boardview', '3.8V', NULL);
INSERT INTO board_test_points (board_revision_id, label, location_desc, expected_voltage, expected_resistance) VALUES (200204, 'VBUS_5V', 'see boardview', '5.0V', NULL);
INSERT INTO board_test_points (board_revision_id, label, location_desc, expected_voltage, expected_resistance) VALUES (200204, 'PP1V8', 'see boardview', '1.8V', NULL);
INSERT INTO board_test_points (board_revision_id, label, location_desc, expected_voltage, expected_resistance) VALUES (200204, 'PP3V0', 'see boardview', '3.0V', NULL);
INSERT INTO board_nets (board_revision_id, net_name, test_point, expected_value, units) VALUES (200204, 'VBAT / PP_BATT_VCC', 'VBAT', '3.8', 'V');
INSERT INTO board_nets (board_revision_id, net_name, test_point, expected_value, units) VALUES (200204, 'VBUS', 'VBUS_5V', '5.0', 'V');
INSERT INTO board_nets (board_revision_id, net_name, test_point, expected_value, units) VALUES (200204, '1V8', 'PP1V8', '1.8', 'V');
INSERT INTO board_nets (board_revision_id, net_name, test_point, expected_value, units) VALUES (200204, '3V0', 'PP3V0', '3.0', 'V');
INSERT INTO measurements (board_revision_id, kind, test_point, reference_designator, rail_name, power_state, expected_value, measured_value, units, notes, is_known_good) VALUES (200204, 'voltage', 'VBAT', NULL, 'VBAT / PP_BATT_VCC', 'off', '3.8', '3.8', 'V', 'Battery main rail (typically 3.0-4.35V with charge).', 1);
INSERT INTO measurements (board_revision_id, kind, test_point, reference_designator, rail_name, power_state, expected_value, measured_value, units, notes, is_known_good) VALUES (200204, 'voltage', 'VBUS_5V', NULL, 'VBUS', 'on', '5.0', '5.0', 'V', 'USB VBUS when charging.', 1);
INSERT INTO measurements (board_revision_id, kind, test_point, reference_designator, rail_name, power_state, expected_value, measured_value, units, notes, is_known_good) VALUES (200204, 'voltage', 'PP1V8', NULL, '1V8', 'on', '1.8', '1.8', 'V', '1.8V housekeeping rail (typical).', 1);
INSERT INTO measurements (board_revision_id, kind, test_point, reference_designator, rail_name, power_state, expected_value, measured_value, units, notes, is_known_good) VALUES (200204, 'voltage', 'PP3V0', NULL, '3V0', 'on', '3.0', '3.0', 'V', '3.0V rail (typical).', 1);
INSERT INTO board_revisions (id, device_model, revision, layer_count, primary_soc, pmic, notes) VALUES (200205, 'Sony Xperia Z3', 'Logic Board', NULL, NULL, 'U_PMIC', 'Sony Xperia Z3 main logic board. Component set and rails are family-typical reference values; confirm exact values against the boardview/schematic for this unit.');
INSERT INTO board_components (board_revision_id, reference_designator, component_type, value, part_number, notes) VALUES (200205, 'J_DISP', 'Connector', NULL, NULL, 'Display FPC connector');
INSERT INTO board_components (board_revision_id, reference_designator, component_type, value, part_number, notes) VALUES (200205, 'J_BATT', 'Connector', NULL, NULL, 'Battery FPC connector');
INSERT INTO board_components (board_revision_id, reference_designator, component_type, value, part_number, notes) VALUES (200205, 'J_CHG', 'Connector', NULL, NULL, 'Charge port / dock connector');
INSERT INTO board_components (board_revision_id, reference_designator, component_type, value, part_number, notes) VALUES (200205, 'J_FCAM', 'Connector', NULL, NULL, 'Front camera connector');
INSERT INTO board_components (board_revision_id, reference_designator, component_type, value, part_number, notes) VALUES (200205, 'J_RCAM', 'Connector', NULL, NULL, 'Rear camera connector');
INSERT INTO board_components (board_revision_id, reference_designator, component_type, value, part_number, notes) VALUES (200205, 'U_PMIC', 'PMIC', NULL, NULL, 'Main power management IC');
INSERT INTO board_components (board_revision_id, reference_designator, component_type, value, part_number, notes) VALUES (200205, 'U_CHG', 'Charging IC', NULL, NULL, 'USB charging / interface IC');
INSERT INTO board_components (board_revision_id, reference_designator, component_type, value, part_number, notes) VALUES (200205, 'U_AUDIO', 'Audio IC', NULL, NULL, 'Audio codec IC');
INSERT INTO board_components (board_revision_id, reference_designator, component_type, value, part_number, notes) VALUES (200205, 'U_NAND', 'NAND Flash', NULL, NULL, 'Flash storage');
INSERT INTO board_test_points (board_revision_id, label, location_desc, expected_voltage, expected_resistance) VALUES (200205, 'VBAT', 'see boardview', '3.8V', NULL);
INSERT INTO board_test_points (board_revision_id, label, location_desc, expected_voltage, expected_resistance) VALUES (200205, 'VBUS_5V', 'see boardview', '5.0V', NULL);
INSERT INTO board_test_points (board_revision_id, label, location_desc, expected_voltage, expected_resistance) VALUES (200205, 'PP1V8', 'see boardview', '1.8V', NULL);
INSERT INTO board_test_points (board_revision_id, label, location_desc, expected_voltage, expected_resistance) VALUES (200205, 'PP3V0', 'see boardview', '3.0V', NULL);
INSERT INTO board_nets (board_revision_id, net_name, test_point, expected_value, units) VALUES (200205, 'VBAT / PP_BATT_VCC', 'VBAT', '3.8', 'V');
INSERT INTO board_nets (board_revision_id, net_name, test_point, expected_value, units) VALUES (200205, 'VBUS', 'VBUS_5V', '5.0', 'V');
INSERT INTO board_nets (board_revision_id, net_name, test_point, expected_value, units) VALUES (200205, '1V8', 'PP1V8', '1.8', 'V');
INSERT INTO board_nets (board_revision_id, net_name, test_point, expected_value, units) VALUES (200205, '3V0', 'PP3V0', '3.0', 'V');
INSERT INTO measurements (board_revision_id, kind, test_point, reference_designator, rail_name, power_state, expected_value, measured_value, units, notes, is_known_good) VALUES (200205, 'voltage', 'VBAT', NULL, 'VBAT / PP_BATT_VCC', 'off', '3.8', '3.8', 'V', 'Battery main rail (typically 3.0-4.35V with charge).', 1);
INSERT INTO measurements (board_revision_id, kind, test_point, reference_designator, rail_name, power_state, expected_value, measured_value, units, notes, is_known_good) VALUES (200205, 'voltage', 'VBUS_5V', NULL, 'VBUS', 'on', '5.0', '5.0', 'V', 'USB VBUS when charging.', 1);
INSERT INTO measurements (board_revision_id, kind, test_point, reference_designator, rail_name, power_state, expected_value, measured_value, units, notes, is_known_good) VALUES (200205, 'voltage', 'PP1V8', NULL, '1V8', 'on', '1.8', '1.8', 'V', '1.8V housekeeping rail (typical).', 1);
INSERT INTO measurements (board_revision_id, kind, test_point, reference_designator, rail_name, power_state, expected_value, measured_value, units, notes, is_known_good) VALUES (200205, 'voltage', 'PP3V0', NULL, '3V0', 'on', '3.0', '3.0', 'V', '3.0V rail (typical).', 1);
INSERT INTO board_revisions (id, device_model, revision, layer_count, primary_soc, pmic, notes) VALUES (200206, 'Sony Xperia Z5', 'Logic Board', NULL, NULL, 'U_PMIC', 'Sony Xperia Z5 main logic board. Component set and rails are family-typical reference values; confirm exact values against the boardview/schematic for this unit.');
INSERT INTO board_components (board_revision_id, reference_designator, component_type, value, part_number, notes) VALUES (200206, 'J_DISP', 'Connector', NULL, NULL, 'Display FPC connector');
INSERT INTO board_components (board_revision_id, reference_designator, component_type, value, part_number, notes) VALUES (200206, 'J_BATT', 'Connector', NULL, NULL, 'Battery FPC connector');
INSERT INTO board_components (board_revision_id, reference_designator, component_type, value, part_number, notes) VALUES (200206, 'J_CHG', 'Connector', NULL, NULL, 'Charge port / dock connector');
INSERT INTO board_components (board_revision_id, reference_designator, component_type, value, part_number, notes) VALUES (200206, 'J_FCAM', 'Connector', NULL, NULL, 'Front camera connector');
INSERT INTO board_components (board_revision_id, reference_designator, component_type, value, part_number, notes) VALUES (200206, 'J_RCAM', 'Connector', NULL, NULL, 'Rear camera connector');
INSERT INTO board_components (board_revision_id, reference_designator, component_type, value, part_number, notes) VALUES (200206, 'U_PMIC', 'PMIC', NULL, NULL, 'Main power management IC');
INSERT INTO board_components (board_revision_id, reference_designator, component_type, value, part_number, notes) VALUES (200206, 'U_CHG', 'Charging IC', NULL, NULL, 'USB charging / interface IC');
INSERT INTO board_components (board_revision_id, reference_designator, component_type, value, part_number, notes) VALUES (200206, 'U_AUDIO', 'Audio IC', NULL, NULL, 'Audio codec IC');
INSERT INTO board_components (board_revision_id, reference_designator, component_type, value, part_number, notes) VALUES (200206, 'U_NAND', 'NAND Flash', NULL, NULL, 'Flash storage');
INSERT INTO board_test_points (board_revision_id, label, location_desc, expected_voltage, expected_resistance) VALUES (200206, 'VBAT', 'see boardview', '3.8V', NULL);
INSERT INTO board_test_points (board_revision_id, label, location_desc, expected_voltage, expected_resistance) VALUES (200206, 'VBUS_5V', 'see boardview', '5.0V', NULL);
INSERT INTO board_test_points (board_revision_id, label, location_desc, expected_voltage, expected_resistance) VALUES (200206, 'PP1V8', 'see boardview', '1.8V', NULL);
INSERT INTO board_test_points (board_revision_id, label, location_desc, expected_voltage, expected_resistance) VALUES (200206, 'PP3V0', 'see boardview', '3.0V', NULL);
INSERT INTO board_nets (board_revision_id, net_name, test_point, expected_value, units) VALUES (200206, 'VBAT / PP_BATT_VCC', 'VBAT', '3.8', 'V');
INSERT INTO board_nets (board_revision_id, net_name, test_point, expected_value, units) VALUES (200206, 'VBUS', 'VBUS_5V', '5.0', 'V');
INSERT INTO board_nets (board_revision_id, net_name, test_point, expected_value, units) VALUES (200206, '1V8', 'PP1V8', '1.8', 'V');
INSERT INTO board_nets (board_revision_id, net_name, test_point, expected_value, units) VALUES (200206, '3V0', 'PP3V0', '3.0', 'V');
INSERT INTO measurements (board_revision_id, kind, test_point, reference_designator, rail_name, power_state, expected_value, measured_value, units, notes, is_known_good) VALUES (200206, 'voltage', 'VBAT', NULL, 'VBAT / PP_BATT_VCC', 'off', '3.8', '3.8', 'V', 'Battery main rail (typically 3.0-4.35V with charge).', 1);
INSERT INTO measurements (board_revision_id, kind, test_point, reference_designator, rail_name, power_state, expected_value, measured_value, units, notes, is_known_good) VALUES (200206, 'voltage', 'VBUS_5V', NULL, 'VBUS', 'on', '5.0', '5.0', 'V', 'USB VBUS when charging.', 1);
INSERT INTO measurements (board_revision_id, kind, test_point, reference_designator, rail_name, power_state, expected_value, measured_value, units, notes, is_known_good) VALUES (200206, 'voltage', 'PP1V8', NULL, '1V8', 'on', '1.8', '1.8', 'V', '1.8V housekeeping rail (typical).', 1);
INSERT INTO measurements (board_revision_id, kind, test_point, reference_designator, rail_name, power_state, expected_value, measured_value, units, notes, is_known_good) VALUES (200206, 'voltage', 'PP3V0', NULL, '3V0', 'on', '3.0', '3.0', 'V', '3.0V rail (typical).', 1);
INSERT INTO board_revisions (id, device_model, revision, layer_count, primary_soc, pmic, notes) VALUES (200207, 'Sony Xperia XZ', 'Logic Board', NULL, NULL, 'U_PMIC', 'Sony Xperia XZ main logic board. Component set and rails are family-typical reference values; confirm exact values against the boardview/schematic for this unit.');
INSERT INTO board_components (board_revision_id, reference_designator, component_type, value, part_number, notes) VALUES (200207, 'J_DISP', 'Connector', NULL, NULL, 'Display FPC connector');
INSERT INTO board_components (board_revision_id, reference_designator, component_type, value, part_number, notes) VALUES (200207, 'J_BATT', 'Connector', NULL, NULL, 'Battery FPC connector');
INSERT INTO board_components (board_revision_id, reference_designator, component_type, value, part_number, notes) VALUES (200207, 'J_CHG', 'Connector', NULL, NULL, 'Charge port / dock connector');
INSERT INTO board_components (board_revision_id, reference_designator, component_type, value, part_number, notes) VALUES (200207, 'J_FCAM', 'Connector', NULL, NULL, 'Front camera connector');
INSERT INTO board_components (board_revision_id, reference_designator, component_type, value, part_number, notes) VALUES (200207, 'J_RCAM', 'Connector', NULL, NULL, 'Rear camera connector');
INSERT INTO board_components (board_revision_id, reference_designator, component_type, value, part_number, notes) VALUES (200207, 'U_PMIC', 'PMIC', NULL, NULL, 'Main power management IC');
INSERT INTO board_components (board_revision_id, reference_designator, component_type, value, part_number, notes) VALUES (200207, 'U_CHG', 'Charging IC', NULL, NULL, 'USB charging / interface IC');
INSERT INTO board_components (board_revision_id, reference_designator, component_type, value, part_number, notes) VALUES (200207, 'U_AUDIO', 'Audio IC', NULL, NULL, 'Audio codec IC');
INSERT INTO board_components (board_revision_id, reference_designator, component_type, value, part_number, notes) VALUES (200207, 'U_NAND', 'NAND Flash', NULL, NULL, 'Flash storage');
INSERT INTO board_test_points (board_revision_id, label, location_desc, expected_voltage, expected_resistance) VALUES (200207, 'VBAT', 'see boardview', '3.8V', NULL);
INSERT INTO board_test_points (board_revision_id, label, location_desc, expected_voltage, expected_resistance) VALUES (200207, 'VBUS_5V', 'see boardview', '5.0V', NULL);
INSERT INTO board_test_points (board_revision_id, label, location_desc, expected_voltage, expected_resistance) VALUES (200207, 'PP1V8', 'see boardview', '1.8V', NULL);
INSERT INTO board_test_points (board_revision_id, label, location_desc, expected_voltage, expected_resistance) VALUES (200207, 'PP3V0', 'see boardview', '3.0V', NULL);
INSERT INTO board_nets (board_revision_id, net_name, test_point, expected_value, units) VALUES (200207, 'VBAT / PP_BATT_VCC', 'VBAT', '3.8', 'V');
INSERT INTO board_nets (board_revision_id, net_name, test_point, expected_value, units) VALUES (200207, 'VBUS', 'VBUS_5V', '5.0', 'V');
INSERT INTO board_nets (board_revision_id, net_name, test_point, expected_value, units) VALUES (200207, '1V8', 'PP1V8', '1.8', 'V');
INSERT INTO board_nets (board_revision_id, net_name, test_point, expected_value, units) VALUES (200207, '3V0', 'PP3V0', '3.0', 'V');
INSERT INTO measurements (board_revision_id, kind, test_point, reference_designator, rail_name, power_state, expected_value, measured_value, units, notes, is_known_good) VALUES (200207, 'voltage', 'VBAT', NULL, 'VBAT / PP_BATT_VCC', 'off', '3.8', '3.8', 'V', 'Battery main rail (typically 3.0-4.35V with charge).', 1);
INSERT INTO measurements (board_revision_id, kind, test_point, reference_designator, rail_name, power_state, expected_value, measured_value, units, notes, is_known_good) VALUES (200207, 'voltage', 'VBUS_5V', NULL, 'VBUS', 'on', '5.0', '5.0', 'V', 'USB VBUS when charging.', 1);
INSERT INTO measurements (board_revision_id, kind, test_point, reference_designator, rail_name, power_state, expected_value, measured_value, units, notes, is_known_good) VALUES (200207, 'voltage', 'PP1V8', NULL, '1V8', 'on', '1.8', '1.8', 'V', '1.8V housekeeping rail (typical).', 1);
INSERT INTO measurements (board_revision_id, kind, test_point, reference_designator, rail_name, power_state, expected_value, measured_value, units, notes, is_known_good) VALUES (200207, 'voltage', 'PP3V0', NULL, '3V0', 'on', '3.0', '3.0', 'V', '3.0V rail (typical).', 1);
INSERT INTO board_revisions (id, device_model, revision, layer_count, primary_soc, pmic, notes) VALUES (200208, 'Sony Xperia XZ1', 'Logic Board', NULL, NULL, 'U_PMIC', 'Sony Xperia XZ1 main logic board. Component set and rails are family-typical reference values; confirm exact values against the boardview/schematic for this unit.');
INSERT INTO board_components (board_revision_id, reference_designator, component_type, value, part_number, notes) VALUES (200208, 'J_DISP', 'Connector', NULL, NULL, 'Display FPC connector');
INSERT INTO board_components (board_revision_id, reference_designator, component_type, value, part_number, notes) VALUES (200208, 'J_BATT', 'Connector', NULL, NULL, 'Battery FPC connector');
INSERT INTO board_components (board_revision_id, reference_designator, component_type, value, part_number, notes) VALUES (200208, 'J_CHG', 'Connector', NULL, NULL, 'Charge port / dock connector');
INSERT INTO board_components (board_revision_id, reference_designator, component_type, value, part_number, notes) VALUES (200208, 'J_FCAM', 'Connector', NULL, NULL, 'Front camera connector');
INSERT INTO board_components (board_revision_id, reference_designator, component_type, value, part_number, notes) VALUES (200208, 'J_RCAM', 'Connector', NULL, NULL, 'Rear camera connector');
INSERT INTO board_components (board_revision_id, reference_designator, component_type, value, part_number, notes) VALUES (200208, 'U_PMIC', 'PMIC', NULL, NULL, 'Main power management IC');
INSERT INTO board_components (board_revision_id, reference_designator, component_type, value, part_number, notes) VALUES (200208, 'U_CHG', 'Charging IC', NULL, NULL, 'USB charging / interface IC');
INSERT INTO board_components (board_revision_id, reference_designator, component_type, value, part_number, notes) VALUES (200208, 'U_AUDIO', 'Audio IC', NULL, NULL, 'Audio codec IC');
INSERT INTO board_components (board_revision_id, reference_designator, component_type, value, part_number, notes) VALUES (200208, 'U_NAND', 'NAND Flash', NULL, NULL, 'Flash storage');
INSERT INTO board_test_points (board_revision_id, label, location_desc, expected_voltage, expected_resistance) VALUES (200208, 'VBAT', 'see boardview', '3.8V', NULL);
INSERT INTO board_test_points (board_revision_id, label, location_desc, expected_voltage, expected_resistance) VALUES (200208, 'VBUS_5V', 'see boardview', '5.0V', NULL);
INSERT INTO board_test_points (board_revision_id, label, location_desc, expected_voltage, expected_resistance) VALUES (200208, 'PP1V8', 'see boardview', '1.8V', NULL);
INSERT INTO board_test_points (board_revision_id, label, location_desc, expected_voltage, expected_resistance) VALUES (200208, 'PP3V0', 'see boardview', '3.0V', NULL);
INSERT INTO board_nets (board_revision_id, net_name, test_point, expected_value, units) VALUES (200208, 'VBAT / PP_BATT_VCC', 'VBAT', '3.8', 'V');
INSERT INTO board_nets (board_revision_id, net_name, test_point, expected_value, units) VALUES (200208, 'VBUS', 'VBUS_5V', '5.0', 'V');
INSERT INTO board_nets (board_revision_id, net_name, test_point, expected_value, units) VALUES (200208, '1V8', 'PP1V8', '1.8', 'V');
INSERT INTO board_nets (board_revision_id, net_name, test_point, expected_value, units) VALUES (200208, '3V0', 'PP3V0', '3.0', 'V');
INSERT INTO measurements (board_revision_id, kind, test_point, reference_designator, rail_name, power_state, expected_value, measured_value, units, notes, is_known_good) VALUES (200208, 'voltage', 'VBAT', NULL, 'VBAT / PP_BATT_VCC', 'off', '3.8', '3.8', 'V', 'Battery main rail (typically 3.0-4.35V with charge).', 1);
INSERT INTO measurements (board_revision_id, kind, test_point, reference_designator, rail_name, power_state, expected_value, measured_value, units, notes, is_known_good) VALUES (200208, 'voltage', 'VBUS_5V', NULL, 'VBUS', 'on', '5.0', '5.0', 'V', 'USB VBUS when charging.', 1);
INSERT INTO measurements (board_revision_id, kind, test_point, reference_designator, rail_name, power_state, expected_value, measured_value, units, notes, is_known_good) VALUES (200208, 'voltage', 'PP1V8', NULL, '1V8', 'on', '1.8', '1.8', 'V', '1.8V housekeeping rail (typical).', 1);
INSERT INTO measurements (board_revision_id, kind, test_point, reference_designator, rail_name, power_state, expected_value, measured_value, units, notes, is_known_good) VALUES (200208, 'voltage', 'PP3V0', NULL, '3V0', 'on', '3.0', '3.0', 'V', '3.0V rail (typical).', 1);
INSERT INTO board_revisions (id, device_model, revision, layer_count, primary_soc, pmic, notes) VALUES (200209, 'Sony Xperia XZ2', 'Logic Board', NULL, NULL, 'U_PMIC', 'Sony Xperia XZ2 main logic board. Component set and rails are family-typical reference values; confirm exact values against the boardview/schematic for this unit.');
INSERT INTO board_components (board_revision_id, reference_designator, component_type, value, part_number, notes) VALUES (200209, 'J_DISP', 'Connector', NULL, NULL, 'Display FPC connector');
INSERT INTO board_components (board_revision_id, reference_designator, component_type, value, part_number, notes) VALUES (200209, 'J_BATT', 'Connector', NULL, NULL, 'Battery FPC connector');
INSERT INTO board_components (board_revision_id, reference_designator, component_type, value, part_number, notes) VALUES (200209, 'J_CHG', 'Connector', NULL, NULL, 'Charge port / dock connector');
INSERT INTO board_components (board_revision_id, reference_designator, component_type, value, part_number, notes) VALUES (200209, 'J_FCAM', 'Connector', NULL, NULL, 'Front camera connector');
INSERT INTO board_components (board_revision_id, reference_designator, component_type, value, part_number, notes) VALUES (200209, 'J_RCAM', 'Connector', NULL, NULL, 'Rear camera connector');
INSERT INTO board_components (board_revision_id, reference_designator, component_type, value, part_number, notes) VALUES (200209, 'U_PMIC', 'PMIC', NULL, NULL, 'Main power management IC');
INSERT INTO board_components (board_revision_id, reference_designator, component_type, value, part_number, notes) VALUES (200209, 'U_CHG', 'Charging IC', NULL, NULL, 'USB charging / interface IC');
INSERT INTO board_components (board_revision_id, reference_designator, component_type, value, part_number, notes) VALUES (200209, 'U_AUDIO', 'Audio IC', NULL, NULL, 'Audio codec IC');
INSERT INTO board_components (board_revision_id, reference_designator, component_type, value, part_number, notes) VALUES (200209, 'U_NAND', 'NAND Flash', NULL, NULL, 'Flash storage');
INSERT INTO board_test_points (board_revision_id, label, location_desc, expected_voltage, expected_resistance) VALUES (200209, 'VBAT', 'see boardview', '3.8V', NULL);
INSERT INTO board_test_points (board_revision_id, label, location_desc, expected_voltage, expected_resistance) VALUES (200209, 'VBUS_5V', 'see boardview', '5.0V', NULL);
INSERT INTO board_test_points (board_revision_id, label, location_desc, expected_voltage, expected_resistance) VALUES (200209, 'PP1V8', 'see boardview', '1.8V', NULL);
INSERT INTO board_test_points (board_revision_id, label, location_desc, expected_voltage, expected_resistance) VALUES (200209, 'PP3V0', 'see boardview', '3.0V', NULL);
INSERT INTO board_nets (board_revision_id, net_name, test_point, expected_value, units) VALUES (200209, 'VBAT / PP_BATT_VCC', 'VBAT', '3.8', 'V');
INSERT INTO board_nets (board_revision_id, net_name, test_point, expected_value, units) VALUES (200209, 'VBUS', 'VBUS_5V', '5.0', 'V');
INSERT INTO board_nets (board_revision_id, net_name, test_point, expected_value, units) VALUES (200209, '1V8', 'PP1V8', '1.8', 'V');
INSERT INTO board_nets (board_revision_id, net_name, test_point, expected_value, units) VALUES (200209, '3V0', 'PP3V0', '3.0', 'V');
INSERT INTO measurements (board_revision_id, kind, test_point, reference_designator, rail_name, power_state, expected_value, measured_value, units, notes, is_known_good) VALUES (200209, 'voltage', 'VBAT', NULL, 'VBAT / PP_BATT_VCC', 'off', '3.8', '3.8', 'V', 'Battery main rail (typically 3.0-4.35V with charge).', 1);
INSERT INTO measurements (board_revision_id, kind, test_point, reference_designator, rail_name, power_state, expected_value, measured_value, units, notes, is_known_good) VALUES (200209, 'voltage', 'VBUS_5V', NULL, 'VBUS', 'on', '5.0', '5.0', 'V', 'USB VBUS when charging.', 1);
INSERT INTO measurements (board_revision_id, kind, test_point, reference_designator, rail_name, power_state, expected_value, measured_value, units, notes, is_known_good) VALUES (200209, 'voltage', 'PP1V8', NULL, '1V8', 'on', '1.8', '1.8', 'V', '1.8V housekeeping rail (typical).', 1);
INSERT INTO measurements (board_revision_id, kind, test_point, reference_designator, rail_name, power_state, expected_value, measured_value, units, notes, is_known_good) VALUES (200209, 'voltage', 'PP3V0', NULL, '3V0', 'on', '3.0', '3.0', 'V', '3.0V rail (typical).', 1);
INSERT INTO board_revisions (id, device_model, revision, layer_count, primary_soc, pmic, notes) VALUES (200210, 'Sony Xperia XZ3', 'Logic Board', NULL, NULL, 'U_PMIC', 'Sony Xperia XZ3 main logic board. Component set and rails are family-typical reference values; confirm exact values against the boardview/schematic for this unit.');
INSERT INTO board_components (board_revision_id, reference_designator, component_type, value, part_number, notes) VALUES (200210, 'J_DISP', 'Connector', NULL, NULL, 'Display FPC connector');
INSERT INTO board_components (board_revision_id, reference_designator, component_type, value, part_number, notes) VALUES (200210, 'J_BATT', 'Connector', NULL, NULL, 'Battery FPC connector');
INSERT INTO board_components (board_revision_id, reference_designator, component_type, value, part_number, notes) VALUES (200210, 'J_CHG', 'Connector', NULL, NULL, 'Charge port / dock connector');
INSERT INTO board_components (board_revision_id, reference_designator, component_type, value, part_number, notes) VALUES (200210, 'J_FCAM', 'Connector', NULL, NULL, 'Front camera connector');
INSERT INTO board_components (board_revision_id, reference_designator, component_type, value, part_number, notes) VALUES (200210, 'J_RCAM', 'Connector', NULL, NULL, 'Rear camera connector');
INSERT INTO board_components (board_revision_id, reference_designator, component_type, value, part_number, notes) VALUES (200210, 'U_PMIC', 'PMIC', NULL, NULL, 'Main power management IC');
INSERT INTO board_components (board_revision_id, reference_designator, component_type, value, part_number, notes) VALUES (200210, 'U_CHG', 'Charging IC', NULL, NULL, 'USB charging / interface IC');
INSERT INTO board_components (board_revision_id, reference_designator, component_type, value, part_number, notes) VALUES (200210, 'U_AUDIO', 'Audio IC', NULL, NULL, 'Audio codec IC');
INSERT INTO board_components (board_revision_id, reference_designator, component_type, value, part_number, notes) VALUES (200210, 'U_NAND', 'NAND Flash', NULL, NULL, 'Flash storage');
INSERT INTO board_test_points (board_revision_id, label, location_desc, expected_voltage, expected_resistance) VALUES (200210, 'VBAT', 'see boardview', '3.8V', NULL);
INSERT INTO board_test_points (board_revision_id, label, location_desc, expected_voltage, expected_resistance) VALUES (200210, 'VBUS_5V', 'see boardview', '5.0V', NULL);
INSERT INTO board_test_points (board_revision_id, label, location_desc, expected_voltage, expected_resistance) VALUES (200210, 'PP1V8', 'see boardview', '1.8V', NULL);
INSERT INTO board_test_points (board_revision_id, label, location_desc, expected_voltage, expected_resistance) VALUES (200210, 'PP3V0', 'see boardview', '3.0V', NULL);
INSERT INTO board_nets (board_revision_id, net_name, test_point, expected_value, units) VALUES (200210, 'VBAT / PP_BATT_VCC', 'VBAT', '3.8', 'V');
INSERT INTO board_nets (board_revision_id, net_name, test_point, expected_value, units) VALUES (200210, 'VBUS', 'VBUS_5V', '5.0', 'V');
INSERT INTO board_nets (board_revision_id, net_name, test_point, expected_value, units) VALUES (200210, '1V8', 'PP1V8', '1.8', 'V');
INSERT INTO board_nets (board_revision_id, net_name, test_point, expected_value, units) VALUES (200210, '3V0', 'PP3V0', '3.0', 'V');
INSERT INTO measurements (board_revision_id, kind, test_point, reference_designator, rail_name, power_state, expected_value, measured_value, units, notes, is_known_good) VALUES (200210, 'voltage', 'VBAT', NULL, 'VBAT / PP_BATT_VCC', 'off', '3.8', '3.8', 'V', 'Battery main rail (typically 3.0-4.35V with charge).', 1);
INSERT INTO measurements (board_revision_id, kind, test_point, reference_designator, rail_name, power_state, expected_value, measured_value, units, notes, is_known_good) VALUES (200210, 'voltage', 'VBUS_5V', NULL, 'VBUS', 'on', '5.0', '5.0', 'V', 'USB VBUS when charging.', 1);
INSERT INTO measurements (board_revision_id, kind, test_point, reference_designator, rail_name, power_state, expected_value, measured_value, units, notes, is_known_good) VALUES (200210, 'voltage', 'PP1V8', NULL, '1V8', 'on', '1.8', '1.8', 'V', '1.8V housekeeping rail (typical).', 1);
INSERT INTO measurements (board_revision_id, kind, test_point, reference_designator, rail_name, power_state, expected_value, measured_value, units, notes, is_known_good) VALUES (200210, 'voltage', 'PP3V0', NULL, '3V0', 'on', '3.0', '3.0', 'V', '3.0V rail (typical).', 1);
INSERT INTO board_revisions (id, device_model, revision, layer_count, primary_soc, pmic, notes) VALUES (200211, 'Sony Xperia 1', 'Logic Board', NULL, NULL, 'U_PMIC', 'Sony Xperia 1 main logic board. Component set and rails are family-typical reference values; confirm exact values against the boardview/schematic for this unit.');
INSERT INTO board_components (board_revision_id, reference_designator, component_type, value, part_number, notes) VALUES (200211, 'J_DISP', 'Connector', NULL, NULL, 'Display FPC connector');
INSERT INTO board_components (board_revision_id, reference_designator, component_type, value, part_number, notes) VALUES (200211, 'J_BATT', 'Connector', NULL, NULL, 'Battery FPC connector');
INSERT INTO board_components (board_revision_id, reference_designator, component_type, value, part_number, notes) VALUES (200211, 'J_CHG', 'Connector', NULL, NULL, 'Charge port / dock connector');
INSERT INTO board_components (board_revision_id, reference_designator, component_type, value, part_number, notes) VALUES (200211, 'J_FCAM', 'Connector', NULL, NULL, 'Front camera connector');
INSERT INTO board_components (board_revision_id, reference_designator, component_type, value, part_number, notes) VALUES (200211, 'J_RCAM', 'Connector', NULL, NULL, 'Rear camera connector');
INSERT INTO board_components (board_revision_id, reference_designator, component_type, value, part_number, notes) VALUES (200211, 'U_PMIC', 'PMIC', NULL, NULL, 'Main power management IC');
INSERT INTO board_components (board_revision_id, reference_designator, component_type, value, part_number, notes) VALUES (200211, 'U_CHG', 'Charging IC', NULL, NULL, 'USB charging / interface IC');
INSERT INTO board_components (board_revision_id, reference_designator, component_type, value, part_number, notes) VALUES (200211, 'U_AUDIO', 'Audio IC', NULL, NULL, 'Audio codec IC');
INSERT INTO board_components (board_revision_id, reference_designator, component_type, value, part_number, notes) VALUES (200211, 'U_NAND', 'NAND Flash', NULL, NULL, 'Flash storage');
INSERT INTO board_test_points (board_revision_id, label, location_desc, expected_voltage, expected_resistance) VALUES (200211, 'VBAT', 'see boardview', '3.8V', NULL);
INSERT INTO board_test_points (board_revision_id, label, location_desc, expected_voltage, expected_resistance) VALUES (200211, 'VBUS_5V', 'see boardview', '5.0V', NULL);
INSERT INTO board_test_points (board_revision_id, label, location_desc, expected_voltage, expected_resistance) VALUES (200211, 'PP1V8', 'see boardview', '1.8V', NULL);
INSERT INTO board_test_points (board_revision_id, label, location_desc, expected_voltage, expected_resistance) VALUES (200211, 'PP3V0', 'see boardview', '3.0V', NULL);
INSERT INTO board_nets (board_revision_id, net_name, test_point, expected_value, units) VALUES (200211, 'VBAT / PP_BATT_VCC', 'VBAT', '3.8', 'V');
INSERT INTO board_nets (board_revision_id, net_name, test_point, expected_value, units) VALUES (200211, 'VBUS', 'VBUS_5V', '5.0', 'V');
INSERT INTO board_nets (board_revision_id, net_name, test_point, expected_value, units) VALUES (200211, '1V8', 'PP1V8', '1.8', 'V');
INSERT INTO board_nets (board_revision_id, net_name, test_point, expected_value, units) VALUES (200211, '3V0', 'PP3V0', '3.0', 'V');
INSERT INTO measurements (board_revision_id, kind, test_point, reference_designator, rail_name, power_state, expected_value, measured_value, units, notes, is_known_good) VALUES (200211, 'voltage', 'VBAT', NULL, 'VBAT / PP_BATT_VCC', 'off', '3.8', '3.8', 'V', 'Battery main rail (typically 3.0-4.35V with charge).', 1);
INSERT INTO measurements (board_revision_id, kind, test_point, reference_designator, rail_name, power_state, expected_value, measured_value, units, notes, is_known_good) VALUES (200211, 'voltage', 'VBUS_5V', NULL, 'VBUS', 'on', '5.0', '5.0', 'V', 'USB VBUS when charging.', 1);
INSERT INTO measurements (board_revision_id, kind, test_point, reference_designator, rail_name, power_state, expected_value, measured_value, units, notes, is_known_good) VALUES (200211, 'voltage', 'PP1V8', NULL, '1V8', 'on', '1.8', '1.8', 'V', '1.8V housekeeping rail (typical).', 1);
INSERT INTO measurements (board_revision_id, kind, test_point, reference_designator, rail_name, power_state, expected_value, measured_value, units, notes, is_known_good) VALUES (200211, 'voltage', 'PP3V0', NULL, '3V0', 'on', '3.0', '3.0', 'V', '3.0V rail (typical).', 1);
INSERT INTO board_revisions (id, device_model, revision, layer_count, primary_soc, pmic, notes) VALUES (200212, 'Sony Xperia 5', 'Logic Board', NULL, NULL, 'U_PMIC', 'Sony Xperia 5 main logic board. Component set and rails are family-typical reference values; confirm exact values against the boardview/schematic for this unit.');
INSERT INTO board_components (board_revision_id, reference_designator, component_type, value, part_number, notes) VALUES (200212, 'J_DISP', 'Connector', NULL, NULL, 'Display FPC connector');
INSERT INTO board_components (board_revision_id, reference_designator, component_type, value, part_number, notes) VALUES (200212, 'J_BATT', 'Connector', NULL, NULL, 'Battery FPC connector');
INSERT INTO board_components (board_revision_id, reference_designator, component_type, value, part_number, notes) VALUES (200212, 'J_CHG', 'Connector', NULL, NULL, 'Charge port / dock connector');
INSERT INTO board_components (board_revision_id, reference_designator, component_type, value, part_number, notes) VALUES (200212, 'J_FCAM', 'Connector', NULL, NULL, 'Front camera connector');
INSERT INTO board_components (board_revision_id, reference_designator, component_type, value, part_number, notes) VALUES (200212, 'J_RCAM', 'Connector', NULL, NULL, 'Rear camera connector');
INSERT INTO board_components (board_revision_id, reference_designator, component_type, value, part_number, notes) VALUES (200212, 'U_PMIC', 'PMIC', NULL, NULL, 'Main power management IC');
INSERT INTO board_components (board_revision_id, reference_designator, component_type, value, part_number, notes) VALUES (200212, 'U_CHG', 'Charging IC', NULL, NULL, 'USB charging / interface IC');
INSERT INTO board_components (board_revision_id, reference_designator, component_type, value, part_number, notes) VALUES (200212, 'U_AUDIO', 'Audio IC', NULL, NULL, 'Audio codec IC');
INSERT INTO board_components (board_revision_id, reference_designator, component_type, value, part_number, notes) VALUES (200212, 'U_NAND', 'NAND Flash', NULL, NULL, 'Flash storage');
INSERT INTO board_test_points (board_revision_id, label, location_desc, expected_voltage, expected_resistance) VALUES (200212, 'VBAT', 'see boardview', '3.8V', NULL);
INSERT INTO board_test_points (board_revision_id, label, location_desc, expected_voltage, expected_resistance) VALUES (200212, 'VBUS_5V', 'see boardview', '5.0V', NULL);
INSERT INTO board_test_points (board_revision_id, label, location_desc, expected_voltage, expected_resistance) VALUES (200212, 'PP1V8', 'see boardview', '1.8V', NULL);
INSERT INTO board_test_points (board_revision_id, label, location_desc, expected_voltage, expected_resistance) VALUES (200212, 'PP3V0', 'see boardview', '3.0V', NULL);
INSERT INTO board_nets (board_revision_id, net_name, test_point, expected_value, units) VALUES (200212, 'VBAT / PP_BATT_VCC', 'VBAT', '3.8', 'V');
INSERT INTO board_nets (board_revision_id, net_name, test_point, expected_value, units) VALUES (200212, 'VBUS', 'VBUS_5V', '5.0', 'V');
INSERT INTO board_nets (board_revision_id, net_name, test_point, expected_value, units) VALUES (200212, '1V8', 'PP1V8', '1.8', 'V');
INSERT INTO board_nets (board_revision_id, net_name, test_point, expected_value, units) VALUES (200212, '3V0', 'PP3V0', '3.0', 'V');
INSERT INTO measurements (board_revision_id, kind, test_point, reference_designator, rail_name, power_state, expected_value, measured_value, units, notes, is_known_good) VALUES (200212, 'voltage', 'VBAT', NULL, 'VBAT / PP_BATT_VCC', 'off', '3.8', '3.8', 'V', 'Battery main rail (typically 3.0-4.35V with charge).', 1);
INSERT INTO measurements (board_revision_id, kind, test_point, reference_designator, rail_name, power_state, expected_value, measured_value, units, notes, is_known_good) VALUES (200212, 'voltage', 'VBUS_5V', NULL, 'VBUS', 'on', '5.0', '5.0', 'V', 'USB VBUS when charging.', 1);
INSERT INTO measurements (board_revision_id, kind, test_point, reference_designator, rail_name, power_state, expected_value, measured_value, units, notes, is_known_good) VALUES (200212, 'voltage', 'PP1V8', NULL, '1V8', 'on', '1.8', '1.8', 'V', '1.8V housekeeping rail (typical).', 1);
INSERT INTO measurements (board_revision_id, kind, test_point, reference_designator, rail_name, power_state, expected_value, measured_value, units, notes, is_known_good) VALUES (200212, 'voltage', 'PP3V0', NULL, '3V0', 'on', '3.0', '3.0', 'V', '3.0V rail (typical).', 1);
INSERT INTO board_revisions (id, device_model, revision, layer_count, primary_soc, pmic, notes) VALUES (200213, 'Sony Xperia 10', 'Logic Board', NULL, NULL, 'U_PMIC', 'Sony Xperia 10 main logic board. Component set and rails are family-typical reference values; confirm exact values against the boardview/schematic for this unit.');
INSERT INTO board_components (board_revision_id, reference_designator, component_type, value, part_number, notes) VALUES (200213, 'J_DISP', 'Connector', NULL, NULL, 'Display FPC connector');
INSERT INTO board_components (board_revision_id, reference_designator, component_type, value, part_number, notes) VALUES (200213, 'J_BATT', 'Connector', NULL, NULL, 'Battery FPC connector');
INSERT INTO board_components (board_revision_id, reference_designator, component_type, value, part_number, notes) VALUES (200213, 'J_CHG', 'Connector', NULL, NULL, 'Charge port / dock connector');
INSERT INTO board_components (board_revision_id, reference_designator, component_type, value, part_number, notes) VALUES (200213, 'J_FCAM', 'Connector', NULL, NULL, 'Front camera connector');
INSERT INTO board_components (board_revision_id, reference_designator, component_type, value, part_number, notes) VALUES (200213, 'J_RCAM', 'Connector', NULL, NULL, 'Rear camera connector');
INSERT INTO board_components (board_revision_id, reference_designator, component_type, value, part_number, notes) VALUES (200213, 'U_PMIC', 'PMIC', NULL, NULL, 'Main power management IC');
INSERT INTO board_components (board_revision_id, reference_designator, component_type, value, part_number, notes) VALUES (200213, 'U_CHG', 'Charging IC', NULL, NULL, 'USB charging / interface IC');
INSERT INTO board_components (board_revision_id, reference_designator, component_type, value, part_number, notes) VALUES (200213, 'U_AUDIO', 'Audio IC', NULL, NULL, 'Audio codec IC');
INSERT INTO board_components (board_revision_id, reference_designator, component_type, value, part_number, notes) VALUES (200213, 'U_NAND', 'NAND Flash', NULL, NULL, 'Flash storage');
INSERT INTO board_test_points (board_revision_id, label, location_desc, expected_voltage, expected_resistance) VALUES (200213, 'VBAT', 'see boardview', '3.8V', NULL);
INSERT INTO board_test_points (board_revision_id, label, location_desc, expected_voltage, expected_resistance) VALUES (200213, 'VBUS_5V', 'see boardview', '5.0V', NULL);
INSERT INTO board_test_points (board_revision_id, label, location_desc, expected_voltage, expected_resistance) VALUES (200213, 'PP1V8', 'see boardview', '1.8V', NULL);
INSERT INTO board_test_points (board_revision_id, label, location_desc, expected_voltage, expected_resistance) VALUES (200213, 'PP3V0', 'see boardview', '3.0V', NULL);
INSERT INTO board_nets (board_revision_id, net_name, test_point, expected_value, units) VALUES (200213, 'VBAT / PP_BATT_VCC', 'VBAT', '3.8', 'V');
INSERT INTO board_nets (board_revision_id, net_name, test_point, expected_value, units) VALUES (200213, 'VBUS', 'VBUS_5V', '5.0', 'V');
INSERT INTO board_nets (board_revision_id, net_name, test_point, expected_value, units) VALUES (200213, '1V8', 'PP1V8', '1.8', 'V');
INSERT INTO board_nets (board_revision_id, net_name, test_point, expected_value, units) VALUES (200213, '3V0', 'PP3V0', '3.0', 'V');
INSERT INTO measurements (board_revision_id, kind, test_point, reference_designator, rail_name, power_state, expected_value, measured_value, units, notes, is_known_good) VALUES (200213, 'voltage', 'VBAT', NULL, 'VBAT / PP_BATT_VCC', 'off', '3.8', '3.8', 'V', 'Battery main rail (typically 3.0-4.35V with charge).', 1);
INSERT INTO measurements (board_revision_id, kind, test_point, reference_designator, rail_name, power_state, expected_value, measured_value, units, notes, is_known_good) VALUES (200213, 'voltage', 'VBUS_5V', NULL, 'VBUS', 'on', '5.0', '5.0', 'V', 'USB VBUS when charging.', 1);
INSERT INTO measurements (board_revision_id, kind, test_point, reference_designator, rail_name, power_state, expected_value, measured_value, units, notes, is_known_good) VALUES (200213, 'voltage', 'PP1V8', NULL, '1V8', 'on', '1.8', '1.8', 'V', '1.8V housekeeping rail (typical).', 1);
INSERT INTO measurements (board_revision_id, kind, test_point, reference_designator, rail_name, power_state, expected_value, measured_value, units, notes, is_known_good) VALUES (200213, 'voltage', 'PP3V0', NULL, '3V0', 'on', '3.0', '3.0', 'V', '3.0V rail (typical).', 1);
INSERT INTO board_revisions (id, device_model, revision, layer_count, primary_soc, pmic, notes) VALUES (200214, 'Sony Xperia 1 II', 'Logic Board', NULL, NULL, 'U_PMIC', 'Sony Xperia 1 II main logic board. Component set and rails are family-typical reference values; confirm exact values against the boardview/schematic for this unit.');
INSERT INTO board_components (board_revision_id, reference_designator, component_type, value, part_number, notes) VALUES (200214, 'J_DISP', 'Connector', NULL, NULL, 'Display FPC connector');
INSERT INTO board_components (board_revision_id, reference_designator, component_type, value, part_number, notes) VALUES (200214, 'J_BATT', 'Connector', NULL, NULL, 'Battery FPC connector');
INSERT INTO board_components (board_revision_id, reference_designator, component_type, value, part_number, notes) VALUES (200214, 'J_CHG', 'Connector', NULL, NULL, 'Charge port / dock connector');
INSERT INTO board_components (board_revision_id, reference_designator, component_type, value, part_number, notes) VALUES (200214, 'J_FCAM', 'Connector', NULL, NULL, 'Front camera connector');
INSERT INTO board_components (board_revision_id, reference_designator, component_type, value, part_number, notes) VALUES (200214, 'J_RCAM', 'Connector', NULL, NULL, 'Rear camera connector');
INSERT INTO board_components (board_revision_id, reference_designator, component_type, value, part_number, notes) VALUES (200214, 'U_PMIC', 'PMIC', NULL, NULL, 'Main power management IC');
INSERT INTO board_components (board_revision_id, reference_designator, component_type, value, part_number, notes) VALUES (200214, 'U_CHG', 'Charging IC', NULL, NULL, 'USB charging / interface IC');
INSERT INTO board_components (board_revision_id, reference_designator, component_type, value, part_number, notes) VALUES (200214, 'U_AUDIO', 'Audio IC', NULL, NULL, 'Audio codec IC');
INSERT INTO board_components (board_revision_id, reference_designator, component_type, value, part_number, notes) VALUES (200214, 'U_NAND', 'NAND Flash', NULL, NULL, 'Flash storage');
INSERT INTO board_test_points (board_revision_id, label, location_desc, expected_voltage, expected_resistance) VALUES (200214, 'VBAT', 'see boardview', '3.8V', NULL);
INSERT INTO board_test_points (board_revision_id, label, location_desc, expected_voltage, expected_resistance) VALUES (200214, 'VBUS_5V', 'see boardview', '5.0V', NULL);
INSERT INTO board_test_points (board_revision_id, label, location_desc, expected_voltage, expected_resistance) VALUES (200214, 'PP1V8', 'see boardview', '1.8V', NULL);
INSERT INTO board_test_points (board_revision_id, label, location_desc, expected_voltage, expected_resistance) VALUES (200214, 'PP3V0', 'see boardview', '3.0V', NULL);
INSERT INTO board_nets (board_revision_id, net_name, test_point, expected_value, units) VALUES (200214, 'VBAT / PP_BATT_VCC', 'VBAT', '3.8', 'V');
INSERT INTO board_nets (board_revision_id, net_name, test_point, expected_value, units) VALUES (200214, 'VBUS', 'VBUS_5V', '5.0', 'V');
INSERT INTO board_nets (board_revision_id, net_name, test_point, expected_value, units) VALUES (200214, '1V8', 'PP1V8', '1.8', 'V');
INSERT INTO board_nets (board_revision_id, net_name, test_point, expected_value, units) VALUES (200214, '3V0', 'PP3V0', '3.0', 'V');
INSERT INTO measurements (board_revision_id, kind, test_point, reference_designator, rail_name, power_state, expected_value, measured_value, units, notes, is_known_good) VALUES (200214, 'voltage', 'VBAT', NULL, 'VBAT / PP_BATT_VCC', 'off', '3.8', '3.8', 'V', 'Battery main rail (typically 3.0-4.35V with charge).', 1);
INSERT INTO measurements (board_revision_id, kind, test_point, reference_designator, rail_name, power_state, expected_value, measured_value, units, notes, is_known_good) VALUES (200214, 'voltage', 'VBUS_5V', NULL, 'VBUS', 'on', '5.0', '5.0', 'V', 'USB VBUS when charging.', 1);
INSERT INTO measurements (board_revision_id, kind, test_point, reference_designator, rail_name, power_state, expected_value, measured_value, units, notes, is_known_good) VALUES (200214, 'voltage', 'PP1V8', NULL, '1V8', 'on', '1.8', '1.8', 'V', '1.8V housekeeping rail (typical).', 1);
INSERT INTO measurements (board_revision_id, kind, test_point, reference_designator, rail_name, power_state, expected_value, measured_value, units, notes, is_known_good) VALUES (200214, 'voltage', 'PP3V0', NULL, '3V0', 'on', '3.0', '3.0', 'V', '3.0V rail (typical).', 1);
INSERT INTO board_revisions (id, device_model, revision, layer_count, primary_soc, pmic, notes) VALUES (200215, 'Sony Xperia 5 II', 'Logic Board', NULL, NULL, 'U_PMIC', 'Sony Xperia 5 II main logic board. Component set and rails are family-typical reference values; confirm exact values against the boardview/schematic for this unit.');
INSERT INTO board_components (board_revision_id, reference_designator, component_type, value, part_number, notes) VALUES (200215, 'J_DISP', 'Connector', NULL, NULL, 'Display FPC connector');
INSERT INTO board_components (board_revision_id, reference_designator, component_type, value, part_number, notes) VALUES (200215, 'J_BATT', 'Connector', NULL, NULL, 'Battery FPC connector');
INSERT INTO board_components (board_revision_id, reference_designator, component_type, value, part_number, notes) VALUES (200215, 'J_CHG', 'Connector', NULL, NULL, 'Charge port / dock connector');
INSERT INTO board_components (board_revision_id, reference_designator, component_type, value, part_number, notes) VALUES (200215, 'J_FCAM', 'Connector', NULL, NULL, 'Front camera connector');
INSERT INTO board_components (board_revision_id, reference_designator, component_type, value, part_number, notes) VALUES (200215, 'J_RCAM', 'Connector', NULL, NULL, 'Rear camera connector');
INSERT INTO board_components (board_revision_id, reference_designator, component_type, value, part_number, notes) VALUES (200215, 'U_PMIC', 'PMIC', NULL, NULL, 'Main power management IC');
INSERT INTO board_components (board_revision_id, reference_designator, component_type, value, part_number, notes) VALUES (200215, 'U_CHG', 'Charging IC', NULL, NULL, 'USB charging / interface IC');
INSERT INTO board_components (board_revision_id, reference_designator, component_type, value, part_number, notes) VALUES (200215, 'U_AUDIO', 'Audio IC', NULL, NULL, 'Audio codec IC');
INSERT INTO board_components (board_revision_id, reference_designator, component_type, value, part_number, notes) VALUES (200215, 'U_NAND', 'NAND Flash', NULL, NULL, 'Flash storage');
INSERT INTO board_test_points (board_revision_id, label, location_desc, expected_voltage, expected_resistance) VALUES (200215, 'VBAT', 'see boardview', '3.8V', NULL);
INSERT INTO board_test_points (board_revision_id, label, location_desc, expected_voltage, expected_resistance) VALUES (200215, 'VBUS_5V', 'see boardview', '5.0V', NULL);
INSERT INTO board_test_points (board_revision_id, label, location_desc, expected_voltage, expected_resistance) VALUES (200215, 'PP1V8', 'see boardview', '1.8V', NULL);
INSERT INTO board_test_points (board_revision_id, label, location_desc, expected_voltage, expected_resistance) VALUES (200215, 'PP3V0', 'see boardview', '3.0V', NULL);
INSERT INTO board_nets (board_revision_id, net_name, test_point, expected_value, units) VALUES (200215, 'VBAT / PP_BATT_VCC', 'VBAT', '3.8', 'V');
INSERT INTO board_nets (board_revision_id, net_name, test_point, expected_value, units) VALUES (200215, 'VBUS', 'VBUS_5V', '5.0', 'V');
INSERT INTO board_nets (board_revision_id, net_name, test_point, expected_value, units) VALUES (200215, '1V8', 'PP1V8', '1.8', 'V');
INSERT INTO board_nets (board_revision_id, net_name, test_point, expected_value, units) VALUES (200215, '3V0', 'PP3V0', '3.0', 'V');
INSERT INTO measurements (board_revision_id, kind, test_point, reference_designator, rail_name, power_state, expected_value, measured_value, units, notes, is_known_good) VALUES (200215, 'voltage', 'VBAT', NULL, 'VBAT / PP_BATT_VCC', 'off', '3.8', '3.8', 'V', 'Battery main rail (typically 3.0-4.35V with charge).', 1);
INSERT INTO measurements (board_revision_id, kind, test_point, reference_designator, rail_name, power_state, expected_value, measured_value, units, notes, is_known_good) VALUES (200215, 'voltage', 'VBUS_5V', NULL, 'VBUS', 'on', '5.0', '5.0', 'V', 'USB VBUS when charging.', 1);
INSERT INTO measurements (board_revision_id, kind, test_point, reference_designator, rail_name, power_state, expected_value, measured_value, units, notes, is_known_good) VALUES (200215, 'voltage', 'PP1V8', NULL, '1V8', 'on', '1.8', '1.8', 'V', '1.8V housekeeping rail (typical).', 1);
INSERT INTO measurements (board_revision_id, kind, test_point, reference_designator, rail_name, power_state, expected_value, measured_value, units, notes, is_known_good) VALUES (200215, 'voltage', 'PP3V0', NULL, '3V0', 'on', '3.0', '3.0', 'V', '3.0V rail (typical).', 1);
INSERT INTO board_revisions (id, device_model, revision, layer_count, primary_soc, pmic, notes) VALUES (200216, 'Huawei Huawei P20', 'Logic Board', NULL, NULL, 'U_PMIC', 'Huawei Huawei P20 main logic board. Component set and rails are family-typical reference values; confirm exact values against the boardview/schematic for this unit.');
INSERT INTO board_components (board_revision_id, reference_designator, component_type, value, part_number, notes) VALUES (200216, 'J_DISP', 'Connector', NULL, NULL, 'Display FPC connector');
INSERT INTO board_components (board_revision_id, reference_designator, component_type, value, part_number, notes) VALUES (200216, 'J_BATT', 'Connector', NULL, NULL, 'Battery FPC connector');
INSERT INTO board_components (board_revision_id, reference_designator, component_type, value, part_number, notes) VALUES (200216, 'J_CHG', 'Connector', NULL, NULL, 'Charge port / dock connector');
INSERT INTO board_components (board_revision_id, reference_designator, component_type, value, part_number, notes) VALUES (200216, 'J_FCAM', 'Connector', NULL, NULL, 'Front camera connector');
INSERT INTO board_components (board_revision_id, reference_designator, component_type, value, part_number, notes) VALUES (200216, 'J_RCAM', 'Connector', NULL, NULL, 'Rear camera connector');
INSERT INTO board_components (board_revision_id, reference_designator, component_type, value, part_number, notes) VALUES (200216, 'U_PMIC', 'PMIC', NULL, NULL, 'Main power management IC');
INSERT INTO board_components (board_revision_id, reference_designator, component_type, value, part_number, notes) VALUES (200216, 'U_CHG', 'Charging IC', NULL, NULL, 'USB charging / interface IC');
INSERT INTO board_components (board_revision_id, reference_designator, component_type, value, part_number, notes) VALUES (200216, 'U_AUDIO', 'Audio IC', NULL, NULL, 'Audio codec IC');
INSERT INTO board_components (board_revision_id, reference_designator, component_type, value, part_number, notes) VALUES (200216, 'U_NAND', 'NAND Flash', NULL, NULL, 'Flash storage');
INSERT INTO board_test_points (board_revision_id, label, location_desc, expected_voltage, expected_resistance) VALUES (200216, 'VBAT', 'see boardview', '3.8V', NULL);
INSERT INTO board_test_points (board_revision_id, label, location_desc, expected_voltage, expected_resistance) VALUES (200216, 'VBUS_5V', 'see boardview', '5.0V', NULL);
INSERT INTO board_test_points (board_revision_id, label, location_desc, expected_voltage, expected_resistance) VALUES (200216, 'PP1V8', 'see boardview', '1.8V', NULL);
INSERT INTO board_test_points (board_revision_id, label, location_desc, expected_voltage, expected_resistance) VALUES (200216, 'PP3V0', 'see boardview', '3.0V', NULL);
INSERT INTO board_nets (board_revision_id, net_name, test_point, expected_value, units) VALUES (200216, 'VBAT / PP_BATT_VCC', 'VBAT', '3.8', 'V');
INSERT INTO board_nets (board_revision_id, net_name, test_point, expected_value, units) VALUES (200216, 'VBUS', 'VBUS_5V', '5.0', 'V');
INSERT INTO board_nets (board_revision_id, net_name, test_point, expected_value, units) VALUES (200216, '1V8', 'PP1V8', '1.8', 'V');
INSERT INTO board_nets (board_revision_id, net_name, test_point, expected_value, units) VALUES (200216, '3V0', 'PP3V0', '3.0', 'V');
INSERT INTO measurements (board_revision_id, kind, test_point, reference_designator, rail_name, power_state, expected_value, measured_value, units, notes, is_known_good) VALUES (200216, 'voltage', 'VBAT', NULL, 'VBAT / PP_BATT_VCC', 'off', '3.8', '3.8', 'V', 'Battery main rail (typically 3.0-4.35V with charge).', 1);
INSERT INTO measurements (board_revision_id, kind, test_point, reference_designator, rail_name, power_state, expected_value, measured_value, units, notes, is_known_good) VALUES (200216, 'voltage', 'VBUS_5V', NULL, 'VBUS', 'on', '5.0', '5.0', 'V', 'USB VBUS when charging.', 1);
INSERT INTO measurements (board_revision_id, kind, test_point, reference_designator, rail_name, power_state, expected_value, measured_value, units, notes, is_known_good) VALUES (200216, 'voltage', 'PP1V8', NULL, '1V8', 'on', '1.8', '1.8', 'V', '1.8V housekeeping rail (typical).', 1);
INSERT INTO measurements (board_revision_id, kind, test_point, reference_designator, rail_name, power_state, expected_value, measured_value, units, notes, is_known_good) VALUES (200216, 'voltage', 'PP3V0', NULL, '3V0', 'on', '3.0', '3.0', 'V', '3.0V rail (typical).', 1);
INSERT INTO board_revisions (id, device_model, revision, layer_count, primary_soc, pmic, notes) VALUES (200217, 'Huawei Huawei P20 Pro', 'Logic Board', NULL, NULL, 'U_PMIC', 'Huawei Huawei P20 Pro main logic board. Component set and rails are family-typical reference values; confirm exact values against the boardview/schematic for this unit.');
INSERT INTO board_components (board_revision_id, reference_designator, component_type, value, part_number, notes) VALUES (200217, 'J_DISP', 'Connector', NULL, NULL, 'Display FPC connector');
INSERT INTO board_components (board_revision_id, reference_designator, component_type, value, part_number, notes) VALUES (200217, 'J_BATT', 'Connector', NULL, NULL, 'Battery FPC connector');
INSERT INTO board_components (board_revision_id, reference_designator, component_type, value, part_number, notes) VALUES (200217, 'J_CHG', 'Connector', NULL, NULL, 'Charge port / dock connector');
INSERT INTO board_components (board_revision_id, reference_designator, component_type, value, part_number, notes) VALUES (200217, 'J_FCAM', 'Connector', NULL, NULL, 'Front camera connector');
INSERT INTO board_components (board_revision_id, reference_designator, component_type, value, part_number, notes) VALUES (200217, 'J_RCAM', 'Connector', NULL, NULL, 'Rear camera connector');
INSERT INTO board_components (board_revision_id, reference_designator, component_type, value, part_number, notes) VALUES (200217, 'U_PMIC', 'PMIC', NULL, NULL, 'Main power management IC');
INSERT INTO board_components (board_revision_id, reference_designator, component_type, value, part_number, notes) VALUES (200217, 'U_CHG', 'Charging IC', NULL, NULL, 'USB charging / interface IC');
INSERT INTO board_components (board_revision_id, reference_designator, component_type, value, part_number, notes) VALUES (200217, 'U_AUDIO', 'Audio IC', NULL, NULL, 'Audio codec IC');
INSERT INTO board_components (board_revision_id, reference_designator, component_type, value, part_number, notes) VALUES (200217, 'U_NAND', 'NAND Flash', NULL, NULL, 'Flash storage');
INSERT INTO board_test_points (board_revision_id, label, location_desc, expected_voltage, expected_resistance) VALUES (200217, 'VBAT', 'see boardview', '3.8V', NULL);
INSERT INTO board_test_points (board_revision_id, label, location_desc, expected_voltage, expected_resistance) VALUES (200217, 'VBUS_5V', 'see boardview', '5.0V', NULL);
INSERT INTO board_test_points (board_revision_id, label, location_desc, expected_voltage, expected_resistance) VALUES (200217, 'PP1V8', 'see boardview', '1.8V', NULL);
INSERT INTO board_test_points (board_revision_id, label, location_desc, expected_voltage, expected_resistance) VALUES (200217, 'PP3V0', 'see boardview', '3.0V', NULL);
INSERT INTO board_nets (board_revision_id, net_name, test_point, expected_value, units) VALUES (200217, 'VBAT / PP_BATT_VCC', 'VBAT', '3.8', 'V');
INSERT INTO board_nets (board_revision_id, net_name, test_point, expected_value, units) VALUES (200217, 'VBUS', 'VBUS_5V', '5.0', 'V');
INSERT INTO board_nets (board_revision_id, net_name, test_point, expected_value, units) VALUES (200217, '1V8', 'PP1V8', '1.8', 'V');
INSERT INTO board_nets (board_revision_id, net_name, test_point, expected_value, units) VALUES (200217, '3V0', 'PP3V0', '3.0', 'V');
INSERT INTO measurements (board_revision_id, kind, test_point, reference_designator, rail_name, power_state, expected_value, measured_value, units, notes, is_known_good) VALUES (200217, 'voltage', 'VBAT', NULL, 'VBAT / PP_BATT_VCC', 'off', '3.8', '3.8', 'V', 'Battery main rail (typically 3.0-4.35V with charge).', 1);
INSERT INTO measurements (board_revision_id, kind, test_point, reference_designator, rail_name, power_state, expected_value, measured_value, units, notes, is_known_good) VALUES (200217, 'voltage', 'VBUS_5V', NULL, 'VBUS', 'on', '5.0', '5.0', 'V', 'USB VBUS when charging.', 1);
INSERT INTO measurements (board_revision_id, kind, test_point, reference_designator, rail_name, power_state, expected_value, measured_value, units, notes, is_known_good) VALUES (200217, 'voltage', 'PP1V8', NULL, '1V8', 'on', '1.8', '1.8', 'V', '1.8V housekeeping rail (typical).', 1);
INSERT INTO measurements (board_revision_id, kind, test_point, reference_designator, rail_name, power_state, expected_value, measured_value, units, notes, is_known_good) VALUES (200217, 'voltage', 'PP3V0', NULL, '3V0', 'on', '3.0', '3.0', 'V', '3.0V rail (typical).', 1);
INSERT INTO board_revisions (id, device_model, revision, layer_count, primary_soc, pmic, notes) VALUES (200218, 'Huawei Huawei P30', 'Logic Board', NULL, NULL, 'U_PMIC', 'Huawei Huawei P30 main logic board. Component set and rails are family-typical reference values; confirm exact values against the boardview/schematic for this unit.');
INSERT INTO board_components (board_revision_id, reference_designator, component_type, value, part_number, notes) VALUES (200218, 'J_DISP', 'Connector', NULL, NULL, 'Display FPC connector');
INSERT INTO board_components (board_revision_id, reference_designator, component_type, value, part_number, notes) VALUES (200218, 'J_BATT', 'Connector', NULL, NULL, 'Battery FPC connector');
INSERT INTO board_components (board_revision_id, reference_designator, component_type, value, part_number, notes) VALUES (200218, 'J_CHG', 'Connector', NULL, NULL, 'Charge port / dock connector');
INSERT INTO board_components (board_revision_id, reference_designator, component_type, value, part_number, notes) VALUES (200218, 'J_FCAM', 'Connector', NULL, NULL, 'Front camera connector');
INSERT INTO board_components (board_revision_id, reference_designator, component_type, value, part_number, notes) VALUES (200218, 'J_RCAM', 'Connector', NULL, NULL, 'Rear camera connector');
INSERT INTO board_components (board_revision_id, reference_designator, component_type, value, part_number, notes) VALUES (200218, 'U_PMIC', 'PMIC', NULL, NULL, 'Main power management IC');
INSERT INTO board_components (board_revision_id, reference_designator, component_type, value, part_number, notes) VALUES (200218, 'U_CHG', 'Charging IC', NULL, NULL, 'USB charging / interface IC');
INSERT INTO board_components (board_revision_id, reference_designator, component_type, value, part_number, notes) VALUES (200218, 'U_AUDIO', 'Audio IC', NULL, NULL, 'Audio codec IC');
INSERT INTO board_components (board_revision_id, reference_designator, component_type, value, part_number, notes) VALUES (200218, 'U_NAND', 'NAND Flash', NULL, NULL, 'Flash storage');
INSERT INTO board_test_points (board_revision_id, label, location_desc, expected_voltage, expected_resistance) VALUES (200218, 'VBAT', 'see boardview', '3.8V', NULL);
INSERT INTO board_test_points (board_revision_id, label, location_desc, expected_voltage, expected_resistance) VALUES (200218, 'VBUS_5V', 'see boardview', '5.0V', NULL);
INSERT INTO board_test_points (board_revision_id, label, location_desc, expected_voltage, expected_resistance) VALUES (200218, 'PP1V8', 'see boardview', '1.8V', NULL);
INSERT INTO board_test_points (board_revision_id, label, location_desc, expected_voltage, expected_resistance) VALUES (200218, 'PP3V0', 'see boardview', '3.0V', NULL);
INSERT INTO board_nets (board_revision_id, net_name, test_point, expected_value, units) VALUES (200218, 'VBAT / PP_BATT_VCC', 'VBAT', '3.8', 'V');
INSERT INTO board_nets (board_revision_id, net_name, test_point, expected_value, units) VALUES (200218, 'VBUS', 'VBUS_5V', '5.0', 'V');
INSERT INTO board_nets (board_revision_id, net_name, test_point, expected_value, units) VALUES (200218, '1V8', 'PP1V8', '1.8', 'V');
INSERT INTO board_nets (board_revision_id, net_name, test_point, expected_value, units) VALUES (200218, '3V0', 'PP3V0', '3.0', 'V');
INSERT INTO measurements (board_revision_id, kind, test_point, reference_designator, rail_name, power_state, expected_value, measured_value, units, notes, is_known_good) VALUES (200218, 'voltage', 'VBAT', NULL, 'VBAT / PP_BATT_VCC', 'off', '3.8', '3.8', 'V', 'Battery main rail (typically 3.0-4.35V with charge).', 1);
INSERT INTO measurements (board_revision_id, kind, test_point, reference_designator, rail_name, power_state, expected_value, measured_value, units, notes, is_known_good) VALUES (200218, 'voltage', 'VBUS_5V', NULL, 'VBUS', 'on', '5.0', '5.0', 'V', 'USB VBUS when charging.', 1);
INSERT INTO measurements (board_revision_id, kind, test_point, reference_designator, rail_name, power_state, expected_value, measured_value, units, notes, is_known_good) VALUES (200218, 'voltage', 'PP1V8', NULL, '1V8', 'on', '1.8', '1.8', 'V', '1.8V housekeeping rail (typical).', 1);
INSERT INTO measurements (board_revision_id, kind, test_point, reference_designator, rail_name, power_state, expected_value, measured_value, units, notes, is_known_good) VALUES (200218, 'voltage', 'PP3V0', NULL, '3V0', 'on', '3.0', '3.0', 'V', '3.0V rail (typical).', 1);
INSERT INTO board_revisions (id, device_model, revision, layer_count, primary_soc, pmic, notes) VALUES (200219, 'Huawei Huawei P30 Pro', 'Logic Board', NULL, NULL, 'U_PMIC', 'Huawei Huawei P30 Pro main logic board. Component set and rails are family-typical reference values; confirm exact values against the boardview/schematic for this unit.');
INSERT INTO board_components (board_revision_id, reference_designator, component_type, value, part_number, notes) VALUES (200219, 'J_DISP', 'Connector', NULL, NULL, 'Display FPC connector');
INSERT INTO board_components (board_revision_id, reference_designator, component_type, value, part_number, notes) VALUES (200219, 'J_BATT', 'Connector', NULL, NULL, 'Battery FPC connector');
INSERT INTO board_components (board_revision_id, reference_designator, component_type, value, part_number, notes) VALUES (200219, 'J_CHG', 'Connector', NULL, NULL, 'Charge port / dock connector');
INSERT INTO board_components (board_revision_id, reference_designator, component_type, value, part_number, notes) VALUES (200219, 'J_FCAM', 'Connector', NULL, NULL, 'Front camera connector');
INSERT INTO board_components (board_revision_id, reference_designator, component_type, value, part_number, notes) VALUES (200219, 'J_RCAM', 'Connector', NULL, NULL, 'Rear camera connector');
INSERT INTO board_components (board_revision_id, reference_designator, component_type, value, part_number, notes) VALUES (200219, 'U_PMIC', 'PMIC', NULL, NULL, 'Main power management IC');
INSERT INTO board_components (board_revision_id, reference_designator, component_type, value, part_number, notes) VALUES (200219, 'U_CHG', 'Charging IC', NULL, NULL, 'USB charging / interface IC');
INSERT INTO board_components (board_revision_id, reference_designator, component_type, value, part_number, notes) VALUES (200219, 'U_AUDIO', 'Audio IC', NULL, NULL, 'Audio codec IC');
INSERT INTO board_components (board_revision_id, reference_designator, component_type, value, part_number, notes) VALUES (200219, 'U_NAND', 'NAND Flash', NULL, NULL, 'Flash storage');
INSERT INTO board_test_points (board_revision_id, label, location_desc, expected_voltage, expected_resistance) VALUES (200219, 'VBAT', 'see boardview', '3.8V', NULL);
INSERT INTO board_test_points (board_revision_id, label, location_desc, expected_voltage, expected_resistance) VALUES (200219, 'VBUS_5V', 'see boardview', '5.0V', NULL);
INSERT INTO board_test_points (board_revision_id, label, location_desc, expected_voltage, expected_resistance) VALUES (200219, 'PP1V8', 'see boardview', '1.8V', NULL);
INSERT INTO board_test_points (board_revision_id, label, location_desc, expected_voltage, expected_resistance) VALUES (200219, 'PP3V0', 'see boardview', '3.0V', NULL);
INSERT INTO board_nets (board_revision_id, net_name, test_point, expected_value, units) VALUES (200219, 'VBAT / PP_BATT_VCC', 'VBAT', '3.8', 'V');
INSERT INTO board_nets (board_revision_id, net_name, test_point, expected_value, units) VALUES (200219, 'VBUS', 'VBUS_5V', '5.0', 'V');
INSERT INTO board_nets (board_revision_id, net_name, test_point, expected_value, units) VALUES (200219, '1V8', 'PP1V8', '1.8', 'V');
INSERT INTO board_nets (board_revision_id, net_name, test_point, expected_value, units) VALUES (200219, '3V0', 'PP3V0', '3.0', 'V');
INSERT INTO measurements (board_revision_id, kind, test_point, reference_designator, rail_name, power_state, expected_value, measured_value, units, notes, is_known_good) VALUES (200219, 'voltage', 'VBAT', NULL, 'VBAT / PP_BATT_VCC', 'off', '3.8', '3.8', 'V', 'Battery main rail (typically 3.0-4.35V with charge).', 1);
INSERT INTO measurements (board_revision_id, kind, test_point, reference_designator, rail_name, power_state, expected_value, measured_value, units, notes, is_known_good) VALUES (200219, 'voltage', 'VBUS_5V', NULL, 'VBUS', 'on', '5.0', '5.0', 'V', 'USB VBUS when charging.', 1);
INSERT INTO measurements (board_revision_id, kind, test_point, reference_designator, rail_name, power_state, expected_value, measured_value, units, notes, is_known_good) VALUES (200219, 'voltage', 'PP1V8', NULL, '1V8', 'on', '1.8', '1.8', 'V', '1.8V housekeeping rail (typical).', 1);
INSERT INTO measurements (board_revision_id, kind, test_point, reference_designator, rail_name, power_state, expected_value, measured_value, units, notes, is_known_good) VALUES (200219, 'voltage', 'PP3V0', NULL, '3V0', 'on', '3.0', '3.0', 'V', '3.0V rail (typical).', 1);
INSERT INTO board_revisions (id, device_model, revision, layer_count, primary_soc, pmic, notes) VALUES (200220, 'Huawei Huawei P40', 'Logic Board', NULL, NULL, 'U_PMIC', 'Huawei Huawei P40 main logic board. Component set and rails are family-typical reference values; confirm exact values against the boardview/schematic for this unit.');
INSERT INTO board_components (board_revision_id, reference_designator, component_type, value, part_number, notes) VALUES (200220, 'J_DISP', 'Connector', NULL, NULL, 'Display FPC connector');
INSERT INTO board_components (board_revision_id, reference_designator, component_type, value, part_number, notes) VALUES (200220, 'J_BATT', 'Connector', NULL, NULL, 'Battery FPC connector');
INSERT INTO board_components (board_revision_id, reference_designator, component_type, value, part_number, notes) VALUES (200220, 'J_CHG', 'Connector', NULL, NULL, 'Charge port / dock connector');
INSERT INTO board_components (board_revision_id, reference_designator, component_type, value, part_number, notes) VALUES (200220, 'J_FCAM', 'Connector', NULL, NULL, 'Front camera connector');
INSERT INTO board_components (board_revision_id, reference_designator, component_type, value, part_number, notes) VALUES (200220, 'J_RCAM', 'Connector', NULL, NULL, 'Rear camera connector');
INSERT INTO board_components (board_revision_id, reference_designator, component_type, value, part_number, notes) VALUES (200220, 'U_PMIC', 'PMIC', NULL, NULL, 'Main power management IC');
INSERT INTO board_components (board_revision_id, reference_designator, component_type, value, part_number, notes) VALUES (200220, 'U_CHG', 'Charging IC', NULL, NULL, 'USB charging / interface IC');
INSERT INTO board_components (board_revision_id, reference_designator, component_type, value, part_number, notes) VALUES (200220, 'U_AUDIO', 'Audio IC', NULL, NULL, 'Audio codec IC');
INSERT INTO board_components (board_revision_id, reference_designator, component_type, value, part_number, notes) VALUES (200220, 'U_NAND', 'NAND Flash', NULL, NULL, 'Flash storage');
INSERT INTO board_test_points (board_revision_id, label, location_desc, expected_voltage, expected_resistance) VALUES (200220, 'VBAT', 'see boardview', '3.8V', NULL);
INSERT INTO board_test_points (board_revision_id, label, location_desc, expected_voltage, expected_resistance) VALUES (200220, 'VBUS_5V', 'see boardview', '5.0V', NULL);
INSERT INTO board_test_points (board_revision_id, label, location_desc, expected_voltage, expected_resistance) VALUES (200220, 'PP1V8', 'see boardview', '1.8V', NULL);
INSERT INTO board_test_points (board_revision_id, label, location_desc, expected_voltage, expected_resistance) VALUES (200220, 'PP3V0', 'see boardview', '3.0V', NULL);
INSERT INTO board_nets (board_revision_id, net_name, test_point, expected_value, units) VALUES (200220, 'VBAT / PP_BATT_VCC', 'VBAT', '3.8', 'V');
INSERT INTO board_nets (board_revision_id, net_name, test_point, expected_value, units) VALUES (200220, 'VBUS', 'VBUS_5V', '5.0', 'V');
INSERT INTO board_nets (board_revision_id, net_name, test_point, expected_value, units) VALUES (200220, '1V8', 'PP1V8', '1.8', 'V');
INSERT INTO board_nets (board_revision_id, net_name, test_point, expected_value, units) VALUES (200220, '3V0', 'PP3V0', '3.0', 'V');
INSERT INTO measurements (board_revision_id, kind, test_point, reference_designator, rail_name, power_state, expected_value, measured_value, units, notes, is_known_good) VALUES (200220, 'voltage', 'VBAT', NULL, 'VBAT / PP_BATT_VCC', 'off', '3.8', '3.8', 'V', 'Battery main rail (typically 3.0-4.35V with charge).', 1);
INSERT INTO measurements (board_revision_id, kind, test_point, reference_designator, rail_name, power_state, expected_value, measured_value, units, notes, is_known_good) VALUES (200220, 'voltage', 'VBUS_5V', NULL, 'VBUS', 'on', '5.0', '5.0', 'V', 'USB VBUS when charging.', 1);
INSERT INTO measurements (board_revision_id, kind, test_point, reference_designator, rail_name, power_state, expected_value, measured_value, units, notes, is_known_good) VALUES (200220, 'voltage', 'PP1V8', NULL, '1V8', 'on', '1.8', '1.8', 'V', '1.8V housekeeping rail (typical).', 1);
INSERT INTO measurements (board_revision_id, kind, test_point, reference_designator, rail_name, power_state, expected_value, measured_value, units, notes, is_known_good) VALUES (200220, 'voltage', 'PP3V0', NULL, '3V0', 'on', '3.0', '3.0', 'V', '3.0V rail (typical).', 1);
INSERT INTO board_revisions (id, device_model, revision, layer_count, primary_soc, pmic, notes) VALUES (200221, 'Huawei Huawei Mate 20', 'Logic Board', NULL, NULL, 'U_PMIC', 'Huawei Huawei Mate 20 main logic board. Component set and rails are family-typical reference values; confirm exact values against the boardview/schematic for this unit.');
INSERT INTO board_components (board_revision_id, reference_designator, component_type, value, part_number, notes) VALUES (200221, 'J_DISP', 'Connector', NULL, NULL, 'Display FPC connector');
INSERT INTO board_components (board_revision_id, reference_designator, component_type, value, part_number, notes) VALUES (200221, 'J_BATT', 'Connector', NULL, NULL, 'Battery FPC connector');
INSERT INTO board_components (board_revision_id, reference_designator, component_type, value, part_number, notes) VALUES (200221, 'J_CHG', 'Connector', NULL, NULL, 'Charge port / dock connector');
INSERT INTO board_components (board_revision_id, reference_designator, component_type, value, part_number, notes) VALUES (200221, 'J_FCAM', 'Connector', NULL, NULL, 'Front camera connector');
INSERT INTO board_components (board_revision_id, reference_designator, component_type, value, part_number, notes) VALUES (200221, 'J_RCAM', 'Connector', NULL, NULL, 'Rear camera connector');
INSERT INTO board_components (board_revision_id, reference_designator, component_type, value, part_number, notes) VALUES (200221, 'U_PMIC', 'PMIC', NULL, NULL, 'Main power management IC');
INSERT INTO board_components (board_revision_id, reference_designator, component_type, value, part_number, notes) VALUES (200221, 'U_CHG', 'Charging IC', NULL, NULL, 'USB charging / interface IC');
INSERT INTO board_components (board_revision_id, reference_designator, component_type, value, part_number, notes) VALUES (200221, 'U_AUDIO', 'Audio IC', NULL, NULL, 'Audio codec IC');
INSERT INTO board_components (board_revision_id, reference_designator, component_type, value, part_number, notes) VALUES (200221, 'U_NAND', 'NAND Flash', NULL, NULL, 'Flash storage');
INSERT INTO board_test_points (board_revision_id, label, location_desc, expected_voltage, expected_resistance) VALUES (200221, 'VBAT', 'see boardview', '3.8V', NULL);
INSERT INTO board_test_points (board_revision_id, label, location_desc, expected_voltage, expected_resistance) VALUES (200221, 'VBUS_5V', 'see boardview', '5.0V', NULL);
INSERT INTO board_test_points (board_revision_id, label, location_desc, expected_voltage, expected_resistance) VALUES (200221, 'PP1V8', 'see boardview', '1.8V', NULL);
INSERT INTO board_test_points (board_revision_id, label, location_desc, expected_voltage, expected_resistance) VALUES (200221, 'PP3V0', 'see boardview', '3.0V', NULL);
INSERT INTO board_nets (board_revision_id, net_name, test_point, expected_value, units) VALUES (200221, 'VBAT / PP_BATT_VCC', 'VBAT', '3.8', 'V');
INSERT INTO board_nets (board_revision_id, net_name, test_point, expected_value, units) VALUES (200221, 'VBUS', 'VBUS_5V', '5.0', 'V');
INSERT INTO board_nets (board_revision_id, net_name, test_point, expected_value, units) VALUES (200221, '1V8', 'PP1V8', '1.8', 'V');
INSERT INTO board_nets (board_revision_id, net_name, test_point, expected_value, units) VALUES (200221, '3V0', 'PP3V0', '3.0', 'V');
INSERT INTO measurements (board_revision_id, kind, test_point, reference_designator, rail_name, power_state, expected_value, measured_value, units, notes, is_known_good) VALUES (200221, 'voltage', 'VBAT', NULL, 'VBAT / PP_BATT_VCC', 'off', '3.8', '3.8', 'V', 'Battery main rail (typically 3.0-4.35V with charge).', 1);
INSERT INTO measurements (board_revision_id, kind, test_point, reference_designator, rail_name, power_state, expected_value, measured_value, units, notes, is_known_good) VALUES (200221, 'voltage', 'VBUS_5V', NULL, 'VBUS', 'on', '5.0', '5.0', 'V', 'USB VBUS when charging.', 1);
INSERT INTO measurements (board_revision_id, kind, test_point, reference_designator, rail_name, power_state, expected_value, measured_value, units, notes, is_known_good) VALUES (200221, 'voltage', 'PP1V8', NULL, '1V8', 'on', '1.8', '1.8', 'V', '1.8V housekeeping rail (typical).', 1);
INSERT INTO measurements (board_revision_id, kind, test_point, reference_designator, rail_name, power_state, expected_value, measured_value, units, notes, is_known_good) VALUES (200221, 'voltage', 'PP3V0', NULL, '3V0', 'on', '3.0', '3.0', 'V', '3.0V rail (typical).', 1);
INSERT INTO board_revisions (id, device_model, revision, layer_count, primary_soc, pmic, notes) VALUES (200222, 'Huawei Huawei Mate 20 Pro', 'Logic Board', NULL, NULL, 'U_PMIC', 'Huawei Huawei Mate 20 Pro main logic board. Component set and rails are family-typical reference values; confirm exact values against the boardview/schematic for this unit.');
INSERT INTO board_components (board_revision_id, reference_designator, component_type, value, part_number, notes) VALUES (200222, 'J_DISP', 'Connector', NULL, NULL, 'Display FPC connector');
INSERT INTO board_components (board_revision_id, reference_designator, component_type, value, part_number, notes) VALUES (200222, 'J_BATT', 'Connector', NULL, NULL, 'Battery FPC connector');
INSERT INTO board_components (board_revision_id, reference_designator, component_type, value, part_number, notes) VALUES (200222, 'J_CHG', 'Connector', NULL, NULL, 'Charge port / dock connector');
INSERT INTO board_components (board_revision_id, reference_designator, component_type, value, part_number, notes) VALUES (200222, 'J_FCAM', 'Connector', NULL, NULL, 'Front camera connector');
INSERT INTO board_components (board_revision_id, reference_designator, component_type, value, part_number, notes) VALUES (200222, 'J_RCAM', 'Connector', NULL, NULL, 'Rear camera connector');
INSERT INTO board_components (board_revision_id, reference_designator, component_type, value, part_number, notes) VALUES (200222, 'U_PMIC', 'PMIC', NULL, NULL, 'Main power management IC');
INSERT INTO board_components (board_revision_id, reference_designator, component_type, value, part_number, notes) VALUES (200222, 'U_CHG', 'Charging IC', NULL, NULL, 'USB charging / interface IC');
INSERT INTO board_components (board_revision_id, reference_designator, component_type, value, part_number, notes) VALUES (200222, 'U_AUDIO', 'Audio IC', NULL, NULL, 'Audio codec IC');
INSERT INTO board_components (board_revision_id, reference_designator, component_type, value, part_number, notes) VALUES (200222, 'U_NAND', 'NAND Flash', NULL, NULL, 'Flash storage');
INSERT INTO board_test_points (board_revision_id, label, location_desc, expected_voltage, expected_resistance) VALUES (200222, 'VBAT', 'see boardview', '3.8V', NULL);
INSERT INTO board_test_points (board_revision_id, label, location_desc, expected_voltage, expected_resistance) VALUES (200222, 'VBUS_5V', 'see boardview', '5.0V', NULL);
INSERT INTO board_test_points (board_revision_id, label, location_desc, expected_voltage, expected_resistance) VALUES (200222, 'PP1V8', 'see boardview', '1.8V', NULL);
INSERT INTO board_test_points (board_revision_id, label, location_desc, expected_voltage, expected_resistance) VALUES (200222, 'PP3V0', 'see boardview', '3.0V', NULL);
INSERT INTO board_nets (board_revision_id, net_name, test_point, expected_value, units) VALUES (200222, 'VBAT / PP_BATT_VCC', 'VBAT', '3.8', 'V');
INSERT INTO board_nets (board_revision_id, net_name, test_point, expected_value, units) VALUES (200222, 'VBUS', 'VBUS_5V', '5.0', 'V');
INSERT INTO board_nets (board_revision_id, net_name, test_point, expected_value, units) VALUES (200222, '1V8', 'PP1V8', '1.8', 'V');
INSERT INTO board_nets (board_revision_id, net_name, test_point, expected_value, units) VALUES (200222, '3V0', 'PP3V0', '3.0', 'V');
INSERT INTO measurements (board_revision_id, kind, test_point, reference_designator, rail_name, power_state, expected_value, measured_value, units, notes, is_known_good) VALUES (200222, 'voltage', 'VBAT', NULL, 'VBAT / PP_BATT_VCC', 'off', '3.8', '3.8', 'V', 'Battery main rail (typically 3.0-4.35V with charge).', 1);
INSERT INTO measurements (board_revision_id, kind, test_point, reference_designator, rail_name, power_state, expected_value, measured_value, units, notes, is_known_good) VALUES (200222, 'voltage', 'VBUS_5V', NULL, 'VBUS', 'on', '5.0', '5.0', 'V', 'USB VBUS when charging.', 1);
INSERT INTO measurements (board_revision_id, kind, test_point, reference_designator, rail_name, power_state, expected_value, measured_value, units, notes, is_known_good) VALUES (200222, 'voltage', 'PP1V8', NULL, '1V8', 'on', '1.8', '1.8', 'V', '1.8V housekeeping rail (typical).', 1);
INSERT INTO measurements (board_revision_id, kind, test_point, reference_designator, rail_name, power_state, expected_value, measured_value, units, notes, is_known_good) VALUES (200222, 'voltage', 'PP3V0', NULL, '3V0', 'on', '3.0', '3.0', 'V', '3.0V rail (typical).', 1);
INSERT INTO board_revisions (id, device_model, revision, layer_count, primary_soc, pmic, notes) VALUES (200223, 'Huawei Huawei Mate 30', 'Logic Board', NULL, NULL, 'U_PMIC', 'Huawei Huawei Mate 30 main logic board. Component set and rails are family-typical reference values; confirm exact values against the boardview/schematic for this unit.');
INSERT INTO board_components (board_revision_id, reference_designator, component_type, value, part_number, notes) VALUES (200223, 'J_DISP', 'Connector', NULL, NULL, 'Display FPC connector');
INSERT INTO board_components (board_revision_id, reference_designator, component_type, value, part_number, notes) VALUES (200223, 'J_BATT', 'Connector', NULL, NULL, 'Battery FPC connector');
INSERT INTO board_components (board_revision_id, reference_designator, component_type, value, part_number, notes) VALUES (200223, 'J_CHG', 'Connector', NULL, NULL, 'Charge port / dock connector');
INSERT INTO board_components (board_revision_id, reference_designator, component_type, value, part_number, notes) VALUES (200223, 'J_FCAM', 'Connector', NULL, NULL, 'Front camera connector');
INSERT INTO board_components (board_revision_id, reference_designator, component_type, value, part_number, notes) VALUES (200223, 'J_RCAM', 'Connector', NULL, NULL, 'Rear camera connector');
INSERT INTO board_components (board_revision_id, reference_designator, component_type, value, part_number, notes) VALUES (200223, 'U_PMIC', 'PMIC', NULL, NULL, 'Main power management IC');
INSERT INTO board_components (board_revision_id, reference_designator, component_type, value, part_number, notes) VALUES (200223, 'U_CHG', 'Charging IC', NULL, NULL, 'USB charging / interface IC');
INSERT INTO board_components (board_revision_id, reference_designator, component_type, value, part_number, notes) VALUES (200223, 'U_AUDIO', 'Audio IC', NULL, NULL, 'Audio codec IC');
INSERT INTO board_components (board_revision_id, reference_designator, component_type, value, part_number, notes) VALUES (200223, 'U_NAND', 'NAND Flash', NULL, NULL, 'Flash storage');
INSERT INTO board_test_points (board_revision_id, label, location_desc, expected_voltage, expected_resistance) VALUES (200223, 'VBAT', 'see boardview', '3.8V', NULL);
INSERT INTO board_test_points (board_revision_id, label, location_desc, expected_voltage, expected_resistance) VALUES (200223, 'VBUS_5V', 'see boardview', '5.0V', NULL);
INSERT INTO board_test_points (board_revision_id, label, location_desc, expected_voltage, expected_resistance) VALUES (200223, 'PP1V8', 'see boardview', '1.8V', NULL);
INSERT INTO board_test_points (board_revision_id, label, location_desc, expected_voltage, expected_resistance) VALUES (200223, 'PP3V0', 'see boardview', '3.0V', NULL);
INSERT INTO board_nets (board_revision_id, net_name, test_point, expected_value, units) VALUES (200223, 'VBAT / PP_BATT_VCC', 'VBAT', '3.8', 'V');
INSERT INTO board_nets (board_revision_id, net_name, test_point, expected_value, units) VALUES (200223, 'VBUS', 'VBUS_5V', '5.0', 'V');
INSERT INTO board_nets (board_revision_id, net_name, test_point, expected_value, units) VALUES (200223, '1V8', 'PP1V8', '1.8', 'V');
INSERT INTO board_nets (board_revision_id, net_name, test_point, expected_value, units) VALUES (200223, '3V0', 'PP3V0', '3.0', 'V');
INSERT INTO measurements (board_revision_id, kind, test_point, reference_designator, rail_name, power_state, expected_value, measured_value, units, notes, is_known_good) VALUES (200223, 'voltage', 'VBAT', NULL, 'VBAT / PP_BATT_VCC', 'off', '3.8', '3.8', 'V', 'Battery main rail (typically 3.0-4.35V with charge).', 1);
INSERT INTO measurements (board_revision_id, kind, test_point, reference_designator, rail_name, power_state, expected_value, measured_value, units, notes, is_known_good) VALUES (200223, 'voltage', 'VBUS_5V', NULL, 'VBUS', 'on', '5.0', '5.0', 'V', 'USB VBUS when charging.', 1);
INSERT INTO measurements (board_revision_id, kind, test_point, reference_designator, rail_name, power_state, expected_value, measured_value, units, notes, is_known_good) VALUES (200223, 'voltage', 'PP1V8', NULL, '1V8', 'on', '1.8', '1.8', 'V', '1.8V housekeeping rail (typical).', 1);
INSERT INTO measurements (board_revision_id, kind, test_point, reference_designator, rail_name, power_state, expected_value, measured_value, units, notes, is_known_good) VALUES (200223, 'voltage', 'PP3V0', NULL, '3V0', 'on', '3.0', '3.0', 'V', '3.0V rail (typical).', 1);
INSERT INTO board_revisions (id, device_model, revision, layer_count, primary_soc, pmic, notes) VALUES (200224, 'Huawei Honor 8', 'Logic Board', NULL, NULL, 'U_PMIC', 'Huawei Honor 8 main logic board. Component set and rails are family-typical reference values; confirm exact values against the boardview/schematic for this unit.');
INSERT INTO board_components (board_revision_id, reference_designator, component_type, value, part_number, notes) VALUES (200224, 'J_DISP', 'Connector', NULL, NULL, 'Display FPC connector');
INSERT INTO board_components (board_revision_id, reference_designator, component_type, value, part_number, notes) VALUES (200224, 'J_BATT', 'Connector', NULL, NULL, 'Battery FPC connector');
INSERT INTO board_components (board_revision_id, reference_designator, component_type, value, part_number, notes) VALUES (200224, 'J_CHG', 'Connector', NULL, NULL, 'Charge port / dock connector');
INSERT INTO board_components (board_revision_id, reference_designator, component_type, value, part_number, notes) VALUES (200224, 'J_FCAM', 'Connector', NULL, NULL, 'Front camera connector');
INSERT INTO board_components (board_revision_id, reference_designator, component_type, value, part_number, notes) VALUES (200224, 'J_RCAM', 'Connector', NULL, NULL, 'Rear camera connector');
INSERT INTO board_components (board_revision_id, reference_designator, component_type, value, part_number, notes) VALUES (200224, 'U_PMIC', 'PMIC', NULL, NULL, 'Main power management IC');
INSERT INTO board_components (board_revision_id, reference_designator, component_type, value, part_number, notes) VALUES (200224, 'U_CHG', 'Charging IC', NULL, NULL, 'USB charging / interface IC');
INSERT INTO board_components (board_revision_id, reference_designator, component_type, value, part_number, notes) VALUES (200224, 'U_AUDIO', 'Audio IC', NULL, NULL, 'Audio codec IC');
INSERT INTO board_components (board_revision_id, reference_designator, component_type, value, part_number, notes) VALUES (200224, 'U_NAND', 'NAND Flash', NULL, NULL, 'Flash storage');
INSERT INTO board_test_points (board_revision_id, label, location_desc, expected_voltage, expected_resistance) VALUES (200224, 'VBAT', 'see boardview', '3.8V', NULL);
INSERT INTO board_test_points (board_revision_id, label, location_desc, expected_voltage, expected_resistance) VALUES (200224, 'VBUS_5V', 'see boardview', '5.0V', NULL);
INSERT INTO board_test_points (board_revision_id, label, location_desc, expected_voltage, expected_resistance) VALUES (200224, 'PP1V8', 'see boardview', '1.8V', NULL);
INSERT INTO board_test_points (board_revision_id, label, location_desc, expected_voltage, expected_resistance) VALUES (200224, 'PP3V0', 'see boardview', '3.0V', NULL);
INSERT INTO board_nets (board_revision_id, net_name, test_point, expected_value, units) VALUES (200224, 'VBAT / PP_BATT_VCC', 'VBAT', '3.8', 'V');
INSERT INTO board_nets (board_revision_id, net_name, test_point, expected_value, units) VALUES (200224, 'VBUS', 'VBUS_5V', '5.0', 'V');
INSERT INTO board_nets (board_revision_id, net_name, test_point, expected_value, units) VALUES (200224, '1V8', 'PP1V8', '1.8', 'V');
INSERT INTO board_nets (board_revision_id, net_name, test_point, expected_value, units) VALUES (200224, '3V0', 'PP3V0', '3.0', 'V');
INSERT INTO measurements (board_revision_id, kind, test_point, reference_designator, rail_name, power_state, expected_value, measured_value, units, notes, is_known_good) VALUES (200224, 'voltage', 'VBAT', NULL, 'VBAT / PP_BATT_VCC', 'off', '3.8', '3.8', 'V', 'Battery main rail (typically 3.0-4.35V with charge).', 1);
INSERT INTO measurements (board_revision_id, kind, test_point, reference_designator, rail_name, power_state, expected_value, measured_value, units, notes, is_known_good) VALUES (200224, 'voltage', 'VBUS_5V', NULL, 'VBUS', 'on', '5.0', '5.0', 'V', 'USB VBUS when charging.', 1);
INSERT INTO measurements (board_revision_id, kind, test_point, reference_designator, rail_name, power_state, expected_value, measured_value, units, notes, is_known_good) VALUES (200224, 'voltage', 'PP1V8', NULL, '1V8', 'on', '1.8', '1.8', 'V', '1.8V housekeeping rail (typical).', 1);
INSERT INTO measurements (board_revision_id, kind, test_point, reference_designator, rail_name, power_state, expected_value, measured_value, units, notes, is_known_good) VALUES (200224, 'voltage', 'PP3V0', NULL, '3V0', 'on', '3.0', '3.0', 'V', '3.0V rail (typical).', 1);
INSERT INTO board_revisions (id, device_model, revision, layer_count, primary_soc, pmic, notes) VALUES (200225, 'Huawei Honor 9', 'Logic Board', NULL, NULL, 'U_PMIC', 'Huawei Honor 9 main logic board. Component set and rails are family-typical reference values; confirm exact values against the boardview/schematic for this unit.');
INSERT INTO board_components (board_revision_id, reference_designator, component_type, value, part_number, notes) VALUES (200225, 'J_DISP', 'Connector', NULL, NULL, 'Display FPC connector');
INSERT INTO board_components (board_revision_id, reference_designator, component_type, value, part_number, notes) VALUES (200225, 'J_BATT', 'Connector', NULL, NULL, 'Battery FPC connector');
INSERT INTO board_components (board_revision_id, reference_designator, component_type, value, part_number, notes) VALUES (200225, 'J_CHG', 'Connector', NULL, NULL, 'Charge port / dock connector');
INSERT INTO board_components (board_revision_id, reference_designator, component_type, value, part_number, notes) VALUES (200225, 'J_FCAM', 'Connector', NULL, NULL, 'Front camera connector');
INSERT INTO board_components (board_revision_id, reference_designator, component_type, value, part_number, notes) VALUES (200225, 'J_RCAM', 'Connector', NULL, NULL, 'Rear camera connector');
INSERT INTO board_components (board_revision_id, reference_designator, component_type, value, part_number, notes) VALUES (200225, 'U_PMIC', 'PMIC', NULL, NULL, 'Main power management IC');
INSERT INTO board_components (board_revision_id, reference_designator, component_type, value, part_number, notes) VALUES (200225, 'U_CHG', 'Charging IC', NULL, NULL, 'USB charging / interface IC');
INSERT INTO board_components (board_revision_id, reference_designator, component_type, value, part_number, notes) VALUES (200225, 'U_AUDIO', 'Audio IC', NULL, NULL, 'Audio codec IC');
INSERT INTO board_components (board_revision_id, reference_designator, component_type, value, part_number, notes) VALUES (200225, 'U_NAND', 'NAND Flash', NULL, NULL, 'Flash storage');
INSERT INTO board_test_points (board_revision_id, label, location_desc, expected_voltage, expected_resistance) VALUES (200225, 'VBAT', 'see boardview', '3.8V', NULL);
INSERT INTO board_test_points (board_revision_id, label, location_desc, expected_voltage, expected_resistance) VALUES (200225, 'VBUS_5V', 'see boardview', '5.0V', NULL);
INSERT INTO board_test_points (board_revision_id, label, location_desc, expected_voltage, expected_resistance) VALUES (200225, 'PP1V8', 'see boardview', '1.8V', NULL);
INSERT INTO board_test_points (board_revision_id, label, location_desc, expected_voltage, expected_resistance) VALUES (200225, 'PP3V0', 'see boardview', '3.0V', NULL);
INSERT INTO board_nets (board_revision_id, net_name, test_point, expected_value, units) VALUES (200225, 'VBAT / PP_BATT_VCC', 'VBAT', '3.8', 'V');
INSERT INTO board_nets (board_revision_id, net_name, test_point, expected_value, units) VALUES (200225, 'VBUS', 'VBUS_5V', '5.0', 'V');
INSERT INTO board_nets (board_revision_id, net_name, test_point, expected_value, units) VALUES (200225, '1V8', 'PP1V8', '1.8', 'V');
INSERT INTO board_nets (board_revision_id, net_name, test_point, expected_value, units) VALUES (200225, '3V0', 'PP3V0', '3.0', 'V');
INSERT INTO measurements (board_revision_id, kind, test_point, reference_designator, rail_name, power_state, expected_value, measured_value, units, notes, is_known_good) VALUES (200225, 'voltage', 'VBAT', NULL, 'VBAT / PP_BATT_VCC', 'off', '3.8', '3.8', 'V', 'Battery main rail (typically 3.0-4.35V with charge).', 1);
INSERT INTO measurements (board_revision_id, kind, test_point, reference_designator, rail_name, power_state, expected_value, measured_value, units, notes, is_known_good) VALUES (200225, 'voltage', 'VBUS_5V', NULL, 'VBUS', 'on', '5.0', '5.0', 'V', 'USB VBUS when charging.', 1);
INSERT INTO measurements (board_revision_id, kind, test_point, reference_designator, rail_name, power_state, expected_value, measured_value, units, notes, is_known_good) VALUES (200225, 'voltage', 'PP1V8', NULL, '1V8', 'on', '1.8', '1.8', 'V', '1.8V housekeeping rail (typical).', 1);
INSERT INTO measurements (board_revision_id, kind, test_point, reference_designator, rail_name, power_state, expected_value, measured_value, units, notes, is_known_good) VALUES (200225, 'voltage', 'PP3V0', NULL, '3V0', 'on', '3.0', '3.0', 'V', '3.0V rail (typical).', 1);
INSERT INTO board_revisions (id, device_model, revision, layer_count, primary_soc, pmic, notes) VALUES (200226, 'Huawei Honor 10', 'Logic Board', NULL, NULL, 'U_PMIC', 'Huawei Honor 10 main logic board. Component set and rails are family-typical reference values; confirm exact values against the boardview/schematic for this unit.');
INSERT INTO board_components (board_revision_id, reference_designator, component_type, value, part_number, notes) VALUES (200226, 'J_DISP', 'Connector', NULL, NULL, 'Display FPC connector');
INSERT INTO board_components (board_revision_id, reference_designator, component_type, value, part_number, notes) VALUES (200226, 'J_BATT', 'Connector', NULL, NULL, 'Battery FPC connector');
INSERT INTO board_components (board_revision_id, reference_designator, component_type, value, part_number, notes) VALUES (200226, 'J_CHG', 'Connector', NULL, NULL, 'Charge port / dock connector');
INSERT INTO board_components (board_revision_id, reference_designator, component_type, value, part_number, notes) VALUES (200226, 'J_FCAM', 'Connector', NULL, NULL, 'Front camera connector');
INSERT INTO board_components (board_revision_id, reference_designator, component_type, value, part_number, notes) VALUES (200226, 'J_RCAM', 'Connector', NULL, NULL, 'Rear camera connector');
INSERT INTO board_components (board_revision_id, reference_designator, component_type, value, part_number, notes) VALUES (200226, 'U_PMIC', 'PMIC', NULL, NULL, 'Main power management IC');
INSERT INTO board_components (board_revision_id, reference_designator, component_type, value, part_number, notes) VALUES (200226, 'U_CHG', 'Charging IC', NULL, NULL, 'USB charging / interface IC');
INSERT INTO board_components (board_revision_id, reference_designator, component_type, value, part_number, notes) VALUES (200226, 'U_AUDIO', 'Audio IC', NULL, NULL, 'Audio codec IC');
INSERT INTO board_components (board_revision_id, reference_designator, component_type, value, part_number, notes) VALUES (200226, 'U_NAND', 'NAND Flash', NULL, NULL, 'Flash storage');
INSERT INTO board_test_points (board_revision_id, label, location_desc, expected_voltage, expected_resistance) VALUES (200226, 'VBAT', 'see boardview', '3.8V', NULL);
INSERT INTO board_test_points (board_revision_id, label, location_desc, expected_voltage, expected_resistance) VALUES (200226, 'VBUS_5V', 'see boardview', '5.0V', NULL);
INSERT INTO board_test_points (board_revision_id, label, location_desc, expected_voltage, expected_resistance) VALUES (200226, 'PP1V8', 'see boardview', '1.8V', NULL);
INSERT INTO board_test_points (board_revision_id, label, location_desc, expected_voltage, expected_resistance) VALUES (200226, 'PP3V0', 'see boardview', '3.0V', NULL);
INSERT INTO board_nets (board_revision_id, net_name, test_point, expected_value, units) VALUES (200226, 'VBAT / PP_BATT_VCC', 'VBAT', '3.8', 'V');
INSERT INTO board_nets (board_revision_id, net_name, test_point, expected_value, units) VALUES (200226, 'VBUS', 'VBUS_5V', '5.0', 'V');
INSERT INTO board_nets (board_revision_id, net_name, test_point, expected_value, units) VALUES (200226, '1V8', 'PP1V8', '1.8', 'V');
INSERT INTO board_nets (board_revision_id, net_name, test_point, expected_value, units) VALUES (200226, '3V0', 'PP3V0', '3.0', 'V');
INSERT INTO measurements (board_revision_id, kind, test_point, reference_designator, rail_name, power_state, expected_value, measured_value, units, notes, is_known_good) VALUES (200226, 'voltage', 'VBAT', NULL, 'VBAT / PP_BATT_VCC', 'off', '3.8', '3.8', 'V', 'Battery main rail (typically 3.0-4.35V with charge).', 1);
INSERT INTO measurements (board_revision_id, kind, test_point, reference_designator, rail_name, power_state, expected_value, measured_value, units, notes, is_known_good) VALUES (200226, 'voltage', 'VBUS_5V', NULL, 'VBUS', 'on', '5.0', '5.0', 'V', 'USB VBUS when charging.', 1);
INSERT INTO measurements (board_revision_id, kind, test_point, reference_designator, rail_name, power_state, expected_value, measured_value, units, notes, is_known_good) VALUES (200226, 'voltage', 'PP1V8', NULL, '1V8', 'on', '1.8', '1.8', 'V', '1.8V housekeeping rail (typical).', 1);
INSERT INTO measurements (board_revision_id, kind, test_point, reference_designator, rail_name, power_state, expected_value, measured_value, units, notes, is_known_good) VALUES (200226, 'voltage', 'PP3V0', NULL, '3V0', 'on', '3.0', '3.0', 'V', '3.0V rail (typical).', 1);
INSERT INTO board_revisions (id, device_model, revision, layer_count, primary_soc, pmic, notes) VALUES (200227, 'Huawei Honor 20', 'Logic Board', NULL, NULL, 'U_PMIC', 'Huawei Honor 20 main logic board. Component set and rails are family-typical reference values; confirm exact values against the boardview/schematic for this unit.');
INSERT INTO board_components (board_revision_id, reference_designator, component_type, value, part_number, notes) VALUES (200227, 'J_DISP', 'Connector', NULL, NULL, 'Display FPC connector');
INSERT INTO board_components (board_revision_id, reference_designator, component_type, value, part_number, notes) VALUES (200227, 'J_BATT', 'Connector', NULL, NULL, 'Battery FPC connector');
INSERT INTO board_components (board_revision_id, reference_designator, component_type, value, part_number, notes) VALUES (200227, 'J_CHG', 'Connector', NULL, NULL, 'Charge port / dock connector');
INSERT INTO board_components (board_revision_id, reference_designator, component_type, value, part_number, notes) VALUES (200227, 'J_FCAM', 'Connector', NULL, NULL, 'Front camera connector');
INSERT INTO board_components (board_revision_id, reference_designator, component_type, value, part_number, notes) VALUES (200227, 'J_RCAM', 'Connector', NULL, NULL, 'Rear camera connector');
INSERT INTO board_components (board_revision_id, reference_designator, component_type, value, part_number, notes) VALUES (200227, 'U_PMIC', 'PMIC', NULL, NULL, 'Main power management IC');
INSERT INTO board_components (board_revision_id, reference_designator, component_type, value, part_number, notes) VALUES (200227, 'U_CHG', 'Charging IC', NULL, NULL, 'USB charging / interface IC');
INSERT INTO board_components (board_revision_id, reference_designator, component_type, value, part_number, notes) VALUES (200227, 'U_AUDIO', 'Audio IC', NULL, NULL, 'Audio codec IC');
INSERT INTO board_components (board_revision_id, reference_designator, component_type, value, part_number, notes) VALUES (200227, 'U_NAND', 'NAND Flash', NULL, NULL, 'Flash storage');
INSERT INTO board_test_points (board_revision_id, label, location_desc, expected_voltage, expected_resistance) VALUES (200227, 'VBAT', 'see boardview', '3.8V', NULL);
INSERT INTO board_test_points (board_revision_id, label, location_desc, expected_voltage, expected_resistance) VALUES (200227, 'VBUS_5V', 'see boardview', '5.0V', NULL);
INSERT INTO board_test_points (board_revision_id, label, location_desc, expected_voltage, expected_resistance) VALUES (200227, 'PP1V8', 'see boardview', '1.8V', NULL);
INSERT INTO board_test_points (board_revision_id, label, location_desc, expected_voltage, expected_resistance) VALUES (200227, 'PP3V0', 'see boardview', '3.0V', NULL);
INSERT INTO board_nets (board_revision_id, net_name, test_point, expected_value, units) VALUES (200227, 'VBAT / PP_BATT_VCC', 'VBAT', '3.8', 'V');
INSERT INTO board_nets (board_revision_id, net_name, test_point, expected_value, units) VALUES (200227, 'VBUS', 'VBUS_5V', '5.0', 'V');
INSERT INTO board_nets (board_revision_id, net_name, test_point, expected_value, units) VALUES (200227, '1V8', 'PP1V8', '1.8', 'V');
INSERT INTO board_nets (board_revision_id, net_name, test_point, expected_value, units) VALUES (200227, '3V0', 'PP3V0', '3.0', 'V');
INSERT INTO measurements (board_revision_id, kind, test_point, reference_designator, rail_name, power_state, expected_value, measured_value, units, notes, is_known_good) VALUES (200227, 'voltage', 'VBAT', NULL, 'VBAT / PP_BATT_VCC', 'off', '3.8', '3.8', 'V', 'Battery main rail (typically 3.0-4.35V with charge).', 1);
INSERT INTO measurements (board_revision_id, kind, test_point, reference_designator, rail_name, power_state, expected_value, measured_value, units, notes, is_known_good) VALUES (200227, 'voltage', 'VBUS_5V', NULL, 'VBUS', 'on', '5.0', '5.0', 'V', 'USB VBUS when charging.', 1);
INSERT INTO measurements (board_revision_id, kind, test_point, reference_designator, rail_name, power_state, expected_value, measured_value, units, notes, is_known_good) VALUES (200227, 'voltage', 'PP1V8', NULL, '1V8', 'on', '1.8', '1.8', 'V', '1.8V housekeeping rail (typical).', 1);
INSERT INTO measurements (board_revision_id, kind, test_point, reference_designator, rail_name, power_state, expected_value, measured_value, units, notes, is_known_good) VALUES (200227, 'voltage', 'PP3V0', NULL, '3V0', 'on', '3.0', '3.0', 'V', '3.0V rail (typical).', 1);
INSERT INTO board_revisions (id, device_model, revision, layer_count, primary_soc, pmic, notes) VALUES (200228, 'Huawei Honor Nova 5T', 'Logic Board', NULL, NULL, 'U_PMIC', 'Huawei Honor Nova 5T main logic board. Component set and rails are family-typical reference values; confirm exact values against the boardview/schematic for this unit.');
INSERT INTO board_components (board_revision_id, reference_designator, component_type, value, part_number, notes) VALUES (200228, 'J_DISP', 'Connector', NULL, NULL, 'Display FPC connector');
INSERT INTO board_components (board_revision_id, reference_designator, component_type, value, part_number, notes) VALUES (200228, 'J_BATT', 'Connector', NULL, NULL, 'Battery FPC connector');
INSERT INTO board_components (board_revision_id, reference_designator, component_type, value, part_number, notes) VALUES (200228, 'J_CHG', 'Connector', NULL, NULL, 'Charge port / dock connector');
INSERT INTO board_components (board_revision_id, reference_designator, component_type, value, part_number, notes) VALUES (200228, 'J_FCAM', 'Connector', NULL, NULL, 'Front camera connector');
INSERT INTO board_components (board_revision_id, reference_designator, component_type, value, part_number, notes) VALUES (200228, 'J_RCAM', 'Connector', NULL, NULL, 'Rear camera connector');
INSERT INTO board_components (board_revision_id, reference_designator, component_type, value, part_number, notes) VALUES (200228, 'U_PMIC', 'PMIC', NULL, NULL, 'Main power management IC');
INSERT INTO board_components (board_revision_id, reference_designator, component_type, value, part_number, notes) VALUES (200228, 'U_CHG', 'Charging IC', NULL, NULL, 'USB charging / interface IC');
INSERT INTO board_components (board_revision_id, reference_designator, component_type, value, part_number, notes) VALUES (200228, 'U_AUDIO', 'Audio IC', NULL, NULL, 'Audio codec IC');
INSERT INTO board_components (board_revision_id, reference_designator, component_type, value, part_number, notes) VALUES (200228, 'U_NAND', 'NAND Flash', NULL, NULL, 'Flash storage');
INSERT INTO board_test_points (board_revision_id, label, location_desc, expected_voltage, expected_resistance) VALUES (200228, 'VBAT', 'see boardview', '3.8V', NULL);
INSERT INTO board_test_points (board_revision_id, label, location_desc, expected_voltage, expected_resistance) VALUES (200228, 'VBUS_5V', 'see boardview', '5.0V', NULL);
INSERT INTO board_test_points (board_revision_id, label, location_desc, expected_voltage, expected_resistance) VALUES (200228, 'PP1V8', 'see boardview', '1.8V', NULL);
INSERT INTO board_test_points (board_revision_id, label, location_desc, expected_voltage, expected_resistance) VALUES (200228, 'PP3V0', 'see boardview', '3.0V', NULL);
INSERT INTO board_nets (board_revision_id, net_name, test_point, expected_value, units) VALUES (200228, 'VBAT / PP_BATT_VCC', 'VBAT', '3.8', 'V');
INSERT INTO board_nets (board_revision_id, net_name, test_point, expected_value, units) VALUES (200228, 'VBUS', 'VBUS_5V', '5.0', 'V');
INSERT INTO board_nets (board_revision_id, net_name, test_point, expected_value, units) VALUES (200228, '1V8', 'PP1V8', '1.8', 'V');
INSERT INTO board_nets (board_revision_id, net_name, test_point, expected_value, units) VALUES (200228, '3V0', 'PP3V0', '3.0', 'V');
INSERT INTO measurements (board_revision_id, kind, test_point, reference_designator, rail_name, power_state, expected_value, measured_value, units, notes, is_known_good) VALUES (200228, 'voltage', 'VBAT', NULL, 'VBAT / PP_BATT_VCC', 'off', '3.8', '3.8', 'V', 'Battery main rail (typically 3.0-4.35V with charge).', 1);
INSERT INTO measurements (board_revision_id, kind, test_point, reference_designator, rail_name, power_state, expected_value, measured_value, units, notes, is_known_good) VALUES (200228, 'voltage', 'VBUS_5V', NULL, 'VBUS', 'on', '5.0', '5.0', 'V', 'USB VBUS when charging.', 1);
INSERT INTO measurements (board_revision_id, kind, test_point, reference_designator, rail_name, power_state, expected_value, measured_value, units, notes, is_known_good) VALUES (200228, 'voltage', 'PP1V8', NULL, '1V8', 'on', '1.8', '1.8', 'V', '1.8V housekeeping rail (typical).', 1);
INSERT INTO measurements (board_revision_id, kind, test_point, reference_designator, rail_name, power_state, expected_value, measured_value, units, notes, is_known_good) VALUES (200228, 'voltage', 'PP3V0', NULL, '3V0', 'on', '3.0', '3.0', 'V', '3.0V rail (typical).', 1);
INSERT INTO board_revisions (id, device_model, revision, layer_count, primary_soc, pmic, notes) VALUES (200229, 'Nokia Nokia 3.1', 'Logic Board', NULL, NULL, 'U_PMIC', 'Nokia Nokia 3.1 main logic board. Component set and rails are family-typical reference values; confirm exact values against the boardview/schematic for this unit.');
INSERT INTO board_components (board_revision_id, reference_designator, component_type, value, part_number, notes) VALUES (200229, 'J_DISP', 'Connector', NULL, NULL, 'Display FPC connector');
INSERT INTO board_components (board_revision_id, reference_designator, component_type, value, part_number, notes) VALUES (200229, 'J_BATT', 'Connector', NULL, NULL, 'Battery FPC connector');
INSERT INTO board_components (board_revision_id, reference_designator, component_type, value, part_number, notes) VALUES (200229, 'J_CHG', 'Connector', NULL, NULL, 'Charge port / dock connector');
INSERT INTO board_components (board_revision_id, reference_designator, component_type, value, part_number, notes) VALUES (200229, 'J_FCAM', 'Connector', NULL, NULL, 'Front camera connector');
INSERT INTO board_components (board_revision_id, reference_designator, component_type, value, part_number, notes) VALUES (200229, 'J_RCAM', 'Connector', NULL, NULL, 'Rear camera connector');
INSERT INTO board_components (board_revision_id, reference_designator, component_type, value, part_number, notes) VALUES (200229, 'U_PMIC', 'PMIC', NULL, NULL, 'Main power management IC');
INSERT INTO board_components (board_revision_id, reference_designator, component_type, value, part_number, notes) VALUES (200229, 'U_CHG', 'Charging IC', NULL, NULL, 'USB charging / interface IC');
INSERT INTO board_components (board_revision_id, reference_designator, component_type, value, part_number, notes) VALUES (200229, 'U_AUDIO', 'Audio IC', NULL, NULL, 'Audio codec IC');
INSERT INTO board_components (board_revision_id, reference_designator, component_type, value, part_number, notes) VALUES (200229, 'U_NAND', 'NAND Flash', NULL, NULL, 'Flash storage');
INSERT INTO board_test_points (board_revision_id, label, location_desc, expected_voltage, expected_resistance) VALUES (200229, 'VBAT', 'see boardview', '3.8V', NULL);
INSERT INTO board_test_points (board_revision_id, label, location_desc, expected_voltage, expected_resistance) VALUES (200229, 'VBUS_5V', 'see boardview', '5.0V', NULL);
INSERT INTO board_test_points (board_revision_id, label, location_desc, expected_voltage, expected_resistance) VALUES (200229, 'PP1V8', 'see boardview', '1.8V', NULL);
INSERT INTO board_test_points (board_revision_id, label, location_desc, expected_voltage, expected_resistance) VALUES (200229, 'PP3V0', 'see boardview', '3.0V', NULL);
INSERT INTO board_nets (board_revision_id, net_name, test_point, expected_value, units) VALUES (200229, 'VBAT / PP_BATT_VCC', 'VBAT', '3.8', 'V');
INSERT INTO board_nets (board_revision_id, net_name, test_point, expected_value, units) VALUES (200229, 'VBUS', 'VBUS_5V', '5.0', 'V');
INSERT INTO board_nets (board_revision_id, net_name, test_point, expected_value, units) VALUES (200229, '1V8', 'PP1V8', '1.8', 'V');
INSERT INTO board_nets (board_revision_id, net_name, test_point, expected_value, units) VALUES (200229, '3V0', 'PP3V0', '3.0', 'V');
INSERT INTO measurements (board_revision_id, kind, test_point, reference_designator, rail_name, power_state, expected_value, measured_value, units, notes, is_known_good) VALUES (200229, 'voltage', 'VBAT', NULL, 'VBAT / PP_BATT_VCC', 'off', '3.8', '3.8', 'V', 'Battery main rail (typically 3.0-4.35V with charge).', 1);
INSERT INTO measurements (board_revision_id, kind, test_point, reference_designator, rail_name, power_state, expected_value, measured_value, units, notes, is_known_good) VALUES (200229, 'voltage', 'VBUS_5V', NULL, 'VBUS', 'on', '5.0', '5.0', 'V', 'USB VBUS when charging.', 1);
INSERT INTO measurements (board_revision_id, kind, test_point, reference_designator, rail_name, power_state, expected_value, measured_value, units, notes, is_known_good) VALUES (200229, 'voltage', 'PP1V8', NULL, '1V8', 'on', '1.8', '1.8', 'V', '1.8V housekeeping rail (typical).', 1);
INSERT INTO measurements (board_revision_id, kind, test_point, reference_designator, rail_name, power_state, expected_value, measured_value, units, notes, is_known_good) VALUES (200229, 'voltage', 'PP3V0', NULL, '3V0', 'on', '3.0', '3.0', 'V', '3.0V rail (typical).', 1);
INSERT INTO board_revisions (id, device_model, revision, layer_count, primary_soc, pmic, notes) VALUES (200230, 'Nokia Nokia 4.2', 'Logic Board', NULL, NULL, 'U_PMIC', 'Nokia Nokia 4.2 main logic board. Component set and rails are family-typical reference values; confirm exact values against the boardview/schematic for this unit.');
INSERT INTO board_components (board_revision_id, reference_designator, component_type, value, part_number, notes) VALUES (200230, 'J_DISP', 'Connector', NULL, NULL, 'Display FPC connector');
INSERT INTO board_components (board_revision_id, reference_designator, component_type, value, part_number, notes) VALUES (200230, 'J_BATT', 'Connector', NULL, NULL, 'Battery FPC connector');
INSERT INTO board_components (board_revision_id, reference_designator, component_type, value, part_number, notes) VALUES (200230, 'J_CHG', 'Connector', NULL, NULL, 'Charge port / dock connector');
INSERT INTO board_components (board_revision_id, reference_designator, component_type, value, part_number, notes) VALUES (200230, 'J_FCAM', 'Connector', NULL, NULL, 'Front camera connector');
INSERT INTO board_components (board_revision_id, reference_designator, component_type, value, part_number, notes) VALUES (200230, 'J_RCAM', 'Connector', NULL, NULL, 'Rear camera connector');
INSERT INTO board_components (board_revision_id, reference_designator, component_type, value, part_number, notes) VALUES (200230, 'U_PMIC', 'PMIC', NULL, NULL, 'Main power management IC');
INSERT INTO board_components (board_revision_id, reference_designator, component_type, value, part_number, notes) VALUES (200230, 'U_CHG', 'Charging IC', NULL, NULL, 'USB charging / interface IC');
INSERT INTO board_components (board_revision_id, reference_designator, component_type, value, part_number, notes) VALUES (200230, 'U_AUDIO', 'Audio IC', NULL, NULL, 'Audio codec IC');
INSERT INTO board_components (board_revision_id, reference_designator, component_type, value, part_number, notes) VALUES (200230, 'U_NAND', 'NAND Flash', NULL, NULL, 'Flash storage');
INSERT INTO board_test_points (board_revision_id, label, location_desc, expected_voltage, expected_resistance) VALUES (200230, 'VBAT', 'see boardview', '3.8V', NULL);
INSERT INTO board_test_points (board_revision_id, label, location_desc, expected_voltage, expected_resistance) VALUES (200230, 'VBUS_5V', 'see boardview', '5.0V', NULL);
INSERT INTO board_test_points (board_revision_id, label, location_desc, expected_voltage, expected_resistance) VALUES (200230, 'PP1V8', 'see boardview', '1.8V', NULL);
INSERT INTO board_test_points (board_revision_id, label, location_desc, expected_voltage, expected_resistance) VALUES (200230, 'PP3V0', 'see boardview', '3.0V', NULL);
INSERT INTO board_nets (board_revision_id, net_name, test_point, expected_value, units) VALUES (200230, 'VBAT / PP_BATT_VCC', 'VBAT', '3.8', 'V');
INSERT INTO board_nets (board_revision_id, net_name, test_point, expected_value, units) VALUES (200230, 'VBUS', 'VBUS_5V', '5.0', 'V');
INSERT INTO board_nets (board_revision_id, net_name, test_point, expected_value, units) VALUES (200230, '1V8', 'PP1V8', '1.8', 'V');
INSERT INTO board_nets (board_revision_id, net_name, test_point, expected_value, units) VALUES (200230, '3V0', 'PP3V0', '3.0', 'V');
INSERT INTO measurements (board_revision_id, kind, test_point, reference_designator, rail_name, power_state, expected_value, measured_value, units, notes, is_known_good) VALUES (200230, 'voltage', 'VBAT', NULL, 'VBAT / PP_BATT_VCC', 'off', '3.8', '3.8', 'V', 'Battery main rail (typically 3.0-4.35V with charge).', 1);
INSERT INTO measurements (board_revision_id, kind, test_point, reference_designator, rail_name, power_state, expected_value, measured_value, units, notes, is_known_good) VALUES (200230, 'voltage', 'VBUS_5V', NULL, 'VBUS', 'on', '5.0', '5.0', 'V', 'USB VBUS when charging.', 1);
INSERT INTO measurements (board_revision_id, kind, test_point, reference_designator, rail_name, power_state, expected_value, measured_value, units, notes, is_known_good) VALUES (200230, 'voltage', 'PP1V8', NULL, '1V8', 'on', '1.8', '1.8', 'V', '1.8V housekeeping rail (typical).', 1);
INSERT INTO measurements (board_revision_id, kind, test_point, reference_designator, rail_name, power_state, expected_value, measured_value, units, notes, is_known_good) VALUES (200230, 'voltage', 'PP3V0', NULL, '3V0', 'on', '3.0', '3.0', 'V', '3.0V rail (typical).', 1);
INSERT INTO board_revisions (id, device_model, revision, layer_count, primary_soc, pmic, notes) VALUES (200231, 'Nokia Nokia 5.3', 'Logic Board', NULL, NULL, 'U_PMIC', 'Nokia Nokia 5.3 main logic board. Component set and rails are family-typical reference values; confirm exact values against the boardview/schematic for this unit.');
INSERT INTO board_components (board_revision_id, reference_designator, component_type, value, part_number, notes) VALUES (200231, 'J_DISP', 'Connector', NULL, NULL, 'Display FPC connector');
INSERT INTO board_components (board_revision_id, reference_designator, component_type, value, part_number, notes) VALUES (200231, 'J_BATT', 'Connector', NULL, NULL, 'Battery FPC connector');
INSERT INTO board_components (board_revision_id, reference_designator, component_type, value, part_number, notes) VALUES (200231, 'J_CHG', 'Connector', NULL, NULL, 'Charge port / dock connector');
INSERT INTO board_components (board_revision_id, reference_designator, component_type, value, part_number, notes) VALUES (200231, 'J_FCAM', 'Connector', NULL, NULL, 'Front camera connector');
INSERT INTO board_components (board_revision_id, reference_designator, component_type, value, part_number, notes) VALUES (200231, 'J_RCAM', 'Connector', NULL, NULL, 'Rear camera connector');
INSERT INTO board_components (board_revision_id, reference_designator, component_type, value, part_number, notes) VALUES (200231, 'U_PMIC', 'PMIC', NULL, NULL, 'Main power management IC');
INSERT INTO board_components (board_revision_id, reference_designator, component_type, value, part_number, notes) VALUES (200231, 'U_CHG', 'Charging IC', NULL, NULL, 'USB charging / interface IC');
INSERT INTO board_components (board_revision_id, reference_designator, component_type, value, part_number, notes) VALUES (200231, 'U_AUDIO', 'Audio IC', NULL, NULL, 'Audio codec IC');
INSERT INTO board_components (board_revision_id, reference_designator, component_type, value, part_number, notes) VALUES (200231, 'U_NAND', 'NAND Flash', NULL, NULL, 'Flash storage');
INSERT INTO board_test_points (board_revision_id, label, location_desc, expected_voltage, expected_resistance) VALUES (200231, 'VBAT', 'see boardview', '3.8V', NULL);
INSERT INTO board_test_points (board_revision_id, label, location_desc, expected_voltage, expected_resistance) VALUES (200231, 'VBUS_5V', 'see boardview', '5.0V', NULL);
INSERT INTO board_test_points (board_revision_id, label, location_desc, expected_voltage, expected_resistance) VALUES (200231, 'PP1V8', 'see boardview', '1.8V', NULL);
INSERT INTO board_test_points (board_revision_id, label, location_desc, expected_voltage, expected_resistance) VALUES (200231, 'PP3V0', 'see boardview', '3.0V', NULL);
INSERT INTO board_nets (board_revision_id, net_name, test_point, expected_value, units) VALUES (200231, 'VBAT / PP_BATT_VCC', 'VBAT', '3.8', 'V');
INSERT INTO board_nets (board_revision_id, net_name, test_point, expected_value, units) VALUES (200231, 'VBUS', 'VBUS_5V', '5.0', 'V');
INSERT INTO board_nets (board_revision_id, net_name, test_point, expected_value, units) VALUES (200231, '1V8', 'PP1V8', '1.8', 'V');
INSERT INTO board_nets (board_revision_id, net_name, test_point, expected_value, units) VALUES (200231, '3V0', 'PP3V0', '3.0', 'V');
INSERT INTO measurements (board_revision_id, kind, test_point, reference_designator, rail_name, power_state, expected_value, measured_value, units, notes, is_known_good) VALUES (200231, 'voltage', 'VBAT', NULL, 'VBAT / PP_BATT_VCC', 'off', '3.8', '3.8', 'V', 'Battery main rail (typically 3.0-4.35V with charge).', 1);
INSERT INTO measurements (board_revision_id, kind, test_point, reference_designator, rail_name, power_state, expected_value, measured_value, units, notes, is_known_good) VALUES (200231, 'voltage', 'VBUS_5V', NULL, 'VBUS', 'on', '5.0', '5.0', 'V', 'USB VBUS when charging.', 1);
INSERT INTO measurements (board_revision_id, kind, test_point, reference_designator, rail_name, power_state, expected_value, measured_value, units, notes, is_known_good) VALUES (200231, 'voltage', 'PP1V8', NULL, '1V8', 'on', '1.8', '1.8', 'V', '1.8V housekeeping rail (typical).', 1);
INSERT INTO measurements (board_revision_id, kind, test_point, reference_designator, rail_name, power_state, expected_value, measured_value, units, notes, is_known_good) VALUES (200231, 'voltage', 'PP3V0', NULL, '3V0', 'on', '3.0', '3.0', 'V', '3.0V rail (typical).', 1);
INSERT INTO board_revisions (id, device_model, revision, layer_count, primary_soc, pmic, notes) VALUES (200232, 'Nokia Nokia 6.1', 'Logic Board', NULL, NULL, 'U_PMIC', 'Nokia Nokia 6.1 main logic board. Component set and rails are family-typical reference values; confirm exact values against the boardview/schematic for this unit.');
INSERT INTO board_components (board_revision_id, reference_designator, component_type, value, part_number, notes) VALUES (200232, 'J_DISP', 'Connector', NULL, NULL, 'Display FPC connector');
INSERT INTO board_components (board_revision_id, reference_designator, component_type, value, part_number, notes) VALUES (200232, 'J_BATT', 'Connector', NULL, NULL, 'Battery FPC connector');
INSERT INTO board_components (board_revision_id, reference_designator, component_type, value, part_number, notes) VALUES (200232, 'J_CHG', 'Connector', NULL, NULL, 'Charge port / dock connector');
INSERT INTO board_components (board_revision_id, reference_designator, component_type, value, part_number, notes) VALUES (200232, 'J_FCAM', 'Connector', NULL, NULL, 'Front camera connector');
INSERT INTO board_components (board_revision_id, reference_designator, component_type, value, part_number, notes) VALUES (200232, 'J_RCAM', 'Connector', NULL, NULL, 'Rear camera connector');
INSERT INTO board_components (board_revision_id, reference_designator, component_type, value, part_number, notes) VALUES (200232, 'U_PMIC', 'PMIC', NULL, NULL, 'Main power management IC');
INSERT INTO board_components (board_revision_id, reference_designator, component_type, value, part_number, notes) VALUES (200232, 'U_CHG', 'Charging IC', NULL, NULL, 'USB charging / interface IC');
INSERT INTO board_components (board_revision_id, reference_designator, component_type, value, part_number, notes) VALUES (200232, 'U_AUDIO', 'Audio IC', NULL, NULL, 'Audio codec IC');
INSERT INTO board_components (board_revision_id, reference_designator, component_type, value, part_number, notes) VALUES (200232, 'U_NAND', 'NAND Flash', NULL, NULL, 'Flash storage');
INSERT INTO board_test_points (board_revision_id, label, location_desc, expected_voltage, expected_resistance) VALUES (200232, 'VBAT', 'see boardview', '3.8V', NULL);
INSERT INTO board_test_points (board_revision_id, label, location_desc, expected_voltage, expected_resistance) VALUES (200232, 'VBUS_5V', 'see boardview', '5.0V', NULL);
INSERT INTO board_test_points (board_revision_id, label, location_desc, expected_voltage, expected_resistance) VALUES (200232, 'PP1V8', 'see boardview', '1.8V', NULL);
INSERT INTO board_test_points (board_revision_id, label, location_desc, expected_voltage, expected_resistance) VALUES (200232, 'PP3V0', 'see boardview', '3.0V', NULL);
INSERT INTO board_nets (board_revision_id, net_name, test_point, expected_value, units) VALUES (200232, 'VBAT / PP_BATT_VCC', 'VBAT', '3.8', 'V');
INSERT INTO board_nets (board_revision_id, net_name, test_point, expected_value, units) VALUES (200232, 'VBUS', 'VBUS_5V', '5.0', 'V');
INSERT INTO board_nets (board_revision_id, net_name, test_point, expected_value, units) VALUES (200232, '1V8', 'PP1V8', '1.8', 'V');
INSERT INTO board_nets (board_revision_id, net_name, test_point, expected_value, units) VALUES (200232, '3V0', 'PP3V0', '3.0', 'V');
INSERT INTO measurements (board_revision_id, kind, test_point, reference_designator, rail_name, power_state, expected_value, measured_value, units, notes, is_known_good) VALUES (200232, 'voltage', 'VBAT', NULL, 'VBAT / PP_BATT_VCC', 'off', '3.8', '3.8', 'V', 'Battery main rail (typically 3.0-4.35V with charge).', 1);
INSERT INTO measurements (board_revision_id, kind, test_point, reference_designator, rail_name, power_state, expected_value, measured_value, units, notes, is_known_good) VALUES (200232, 'voltage', 'VBUS_5V', NULL, 'VBUS', 'on', '5.0', '5.0', 'V', 'USB VBUS when charging.', 1);
INSERT INTO measurements (board_revision_id, kind, test_point, reference_designator, rail_name, power_state, expected_value, measured_value, units, notes, is_known_good) VALUES (200232, 'voltage', 'PP1V8', NULL, '1V8', 'on', '1.8', '1.8', 'V', '1.8V housekeeping rail (typical).', 1);
INSERT INTO measurements (board_revision_id, kind, test_point, reference_designator, rail_name, power_state, expected_value, measured_value, units, notes, is_known_good) VALUES (200232, 'voltage', 'PP3V0', NULL, '3V0', 'on', '3.0', '3.0', 'V', '3.0V rail (typical).', 1);
INSERT INTO board_revisions (id, device_model, revision, layer_count, primary_soc, pmic, notes) VALUES (200233, 'Nokia Nokia 7.1', 'Logic Board', NULL, NULL, 'U_PMIC', 'Nokia Nokia 7.1 main logic board. Component set and rails are family-typical reference values; confirm exact values against the boardview/schematic for this unit.');
INSERT INTO board_components (board_revision_id, reference_designator, component_type, value, part_number, notes) VALUES (200233, 'J_DISP', 'Connector', NULL, NULL, 'Display FPC connector');
INSERT INTO board_components (board_revision_id, reference_designator, component_type, value, part_number, notes) VALUES (200233, 'J_BATT', 'Connector', NULL, NULL, 'Battery FPC connector');
INSERT INTO board_components (board_revision_id, reference_designator, component_type, value, part_number, notes) VALUES (200233, 'J_CHG', 'Connector', NULL, NULL, 'Charge port / dock connector');
INSERT INTO board_components (board_revision_id, reference_designator, component_type, value, part_number, notes) VALUES (200233, 'J_FCAM', 'Connector', NULL, NULL, 'Front camera connector');
INSERT INTO board_components (board_revision_id, reference_designator, component_type, value, part_number, notes) VALUES (200233, 'J_RCAM', 'Connector', NULL, NULL, 'Rear camera connector');
INSERT INTO board_components (board_revision_id, reference_designator, component_type, value, part_number, notes) VALUES (200233, 'U_PMIC', 'PMIC', NULL, NULL, 'Main power management IC');
INSERT INTO board_components (board_revision_id, reference_designator, component_type, value, part_number, notes) VALUES (200233, 'U_CHG', 'Charging IC', NULL, NULL, 'USB charging / interface IC');
INSERT INTO board_components (board_revision_id, reference_designator, component_type, value, part_number, notes) VALUES (200233, 'U_AUDIO', 'Audio IC', NULL, NULL, 'Audio codec IC');
INSERT INTO board_components (board_revision_id, reference_designator, component_type, value, part_number, notes) VALUES (200233, 'U_NAND', 'NAND Flash', NULL, NULL, 'Flash storage');
INSERT INTO board_test_points (board_revision_id, label, location_desc, expected_voltage, expected_resistance) VALUES (200233, 'VBAT', 'see boardview', '3.8V', NULL);
INSERT INTO board_test_points (board_revision_id, label, location_desc, expected_voltage, expected_resistance) VALUES (200233, 'VBUS_5V', 'see boardview', '5.0V', NULL);
INSERT INTO board_test_points (board_revision_id, label, location_desc, expected_voltage, expected_resistance) VALUES (200233, 'PP1V8', 'see boardview', '1.8V', NULL);
INSERT INTO board_test_points (board_revision_id, label, location_desc, expected_voltage, expected_resistance) VALUES (200233, 'PP3V0', 'see boardview', '3.0V', NULL);
INSERT INTO board_nets (board_revision_id, net_name, test_point, expected_value, units) VALUES (200233, 'VBAT / PP_BATT_VCC', 'VBAT', '3.8', 'V');
INSERT INTO board_nets (board_revision_id, net_name, test_point, expected_value, units) VALUES (200233, 'VBUS', 'VBUS_5V', '5.0', 'V');
INSERT INTO board_nets (board_revision_id, net_name, test_point, expected_value, units) VALUES (200233, '1V8', 'PP1V8', '1.8', 'V');
INSERT INTO board_nets (board_revision_id, net_name, test_point, expected_value, units) VALUES (200233, '3V0', 'PP3V0', '3.0', 'V');
INSERT INTO measurements (board_revision_id, kind, test_point, reference_designator, rail_name, power_state, expected_value, measured_value, units, notes, is_known_good) VALUES (200233, 'voltage', 'VBAT', NULL, 'VBAT / PP_BATT_VCC', 'off', '3.8', '3.8', 'V', 'Battery main rail (typically 3.0-4.35V with charge).', 1);
INSERT INTO measurements (board_revision_id, kind, test_point, reference_designator, rail_name, power_state, expected_value, measured_value, units, notes, is_known_good) VALUES (200233, 'voltage', 'VBUS_5V', NULL, 'VBUS', 'on', '5.0', '5.0', 'V', 'USB VBUS when charging.', 1);
INSERT INTO measurements (board_revision_id, kind, test_point, reference_designator, rail_name, power_state, expected_value, measured_value, units, notes, is_known_good) VALUES (200233, 'voltage', 'PP1V8', NULL, '1V8', 'on', '1.8', '1.8', 'V', '1.8V housekeeping rail (typical).', 1);
INSERT INTO measurements (board_revision_id, kind, test_point, reference_designator, rail_name, power_state, expected_value, measured_value, units, notes, is_known_good) VALUES (200233, 'voltage', 'PP3V0', NULL, '3V0', 'on', '3.0', '3.0', 'V', '3.0V rail (typical).', 1);
INSERT INTO board_revisions (id, device_model, revision, layer_count, primary_soc, pmic, notes) VALUES (200234, 'Nokia Nokia 7.2', 'Logic Board', NULL, NULL, 'U_PMIC', 'Nokia Nokia 7.2 main logic board. Component set and rails are family-typical reference values; confirm exact values against the boardview/schematic for this unit.');
INSERT INTO board_components (board_revision_id, reference_designator, component_type, value, part_number, notes) VALUES (200234, 'J_DISP', 'Connector', NULL, NULL, 'Display FPC connector');
INSERT INTO board_components (board_revision_id, reference_designator, component_type, value, part_number, notes) VALUES (200234, 'J_BATT', 'Connector', NULL, NULL, 'Battery FPC connector');
INSERT INTO board_components (board_revision_id, reference_designator, component_type, value, part_number, notes) VALUES (200234, 'J_CHG', 'Connector', NULL, NULL, 'Charge port / dock connector');
INSERT INTO board_components (board_revision_id, reference_designator, component_type, value, part_number, notes) VALUES (200234, 'J_FCAM', 'Connector', NULL, NULL, 'Front camera connector');
INSERT INTO board_components (board_revision_id, reference_designator, component_type, value, part_number, notes) VALUES (200234, 'J_RCAM', 'Connector', NULL, NULL, 'Rear camera connector');
INSERT INTO board_components (board_revision_id, reference_designator, component_type, value, part_number, notes) VALUES (200234, 'U_PMIC', 'PMIC', NULL, NULL, 'Main power management IC');
INSERT INTO board_components (board_revision_id, reference_designator, component_type, value, part_number, notes) VALUES (200234, 'U_CHG', 'Charging IC', NULL, NULL, 'USB charging / interface IC');
INSERT INTO board_components (board_revision_id, reference_designator, component_type, value, part_number, notes) VALUES (200234, 'U_AUDIO', 'Audio IC', NULL, NULL, 'Audio codec IC');
INSERT INTO board_components (board_revision_id, reference_designator, component_type, value, part_number, notes) VALUES (200234, 'U_NAND', 'NAND Flash', NULL, NULL, 'Flash storage');
INSERT INTO board_test_points (board_revision_id, label, location_desc, expected_voltage, expected_resistance) VALUES (200234, 'VBAT', 'see boardview', '3.8V', NULL);
INSERT INTO board_test_points (board_revision_id, label, location_desc, expected_voltage, expected_resistance) VALUES (200234, 'VBUS_5V', 'see boardview', '5.0V', NULL);
INSERT INTO board_test_points (board_revision_id, label, location_desc, expected_voltage, expected_resistance) VALUES (200234, 'PP1V8', 'see boardview', '1.8V', NULL);
INSERT INTO board_test_points (board_revision_id, label, location_desc, expected_voltage, expected_resistance) VALUES (200234, 'PP3V0', 'see boardview', '3.0V', NULL);
INSERT INTO board_nets (board_revision_id, net_name, test_point, expected_value, units) VALUES (200234, 'VBAT / PP_BATT_VCC', 'VBAT', '3.8', 'V');
INSERT INTO board_nets (board_revision_id, net_name, test_point, expected_value, units) VALUES (200234, 'VBUS', 'VBUS_5V', '5.0', 'V');
INSERT INTO board_nets (board_revision_id, net_name, test_point, expected_value, units) VALUES (200234, '1V8', 'PP1V8', '1.8', 'V');
INSERT INTO board_nets (board_revision_id, net_name, test_point, expected_value, units) VALUES (200234, '3V0', 'PP3V0', '3.0', 'V');
INSERT INTO measurements (board_revision_id, kind, test_point, reference_designator, rail_name, power_state, expected_value, measured_value, units, notes, is_known_good) VALUES (200234, 'voltage', 'VBAT', NULL, 'VBAT / PP_BATT_VCC', 'off', '3.8', '3.8', 'V', 'Battery main rail (typically 3.0-4.35V with charge).', 1);
INSERT INTO measurements (board_revision_id, kind, test_point, reference_designator, rail_name, power_state, expected_value, measured_value, units, notes, is_known_good) VALUES (200234, 'voltage', 'VBUS_5V', NULL, 'VBUS', 'on', '5.0', '5.0', 'V', 'USB VBUS when charging.', 1);
INSERT INTO measurements (board_revision_id, kind, test_point, reference_designator, rail_name, power_state, expected_value, measured_value, units, notes, is_known_good) VALUES (200234, 'voltage', 'PP1V8', NULL, '1V8', 'on', '1.8', '1.8', 'V', '1.8V housekeeping rail (typical).', 1);
INSERT INTO measurements (board_revision_id, kind, test_point, reference_designator, rail_name, power_state, expected_value, measured_value, units, notes, is_known_good) VALUES (200234, 'voltage', 'PP3V0', NULL, '3V0', 'on', '3.0', '3.0', 'V', '3.0V rail (typical).', 1);
INSERT INTO board_revisions (id, device_model, revision, layer_count, primary_soc, pmic, notes) VALUES (200235, 'Nokia Nokia 8.1', 'Logic Board', NULL, NULL, 'U_PMIC', 'Nokia Nokia 8.1 main logic board. Component set and rails are family-typical reference values; confirm exact values against the boardview/schematic for this unit.');
INSERT INTO board_components (board_revision_id, reference_designator, component_type, value, part_number, notes) VALUES (200235, 'J_DISP', 'Connector', NULL, NULL, 'Display FPC connector');
INSERT INTO board_components (board_revision_id, reference_designator, component_type, value, part_number, notes) VALUES (200235, 'J_BATT', 'Connector', NULL, NULL, 'Battery FPC connector');
INSERT INTO board_components (board_revision_id, reference_designator, component_type, value, part_number, notes) VALUES (200235, 'J_CHG', 'Connector', NULL, NULL, 'Charge port / dock connector');
INSERT INTO board_components (board_revision_id, reference_designator, component_type, value, part_number, notes) VALUES (200235, 'J_FCAM', 'Connector', NULL, NULL, 'Front camera connector');
INSERT INTO board_components (board_revision_id, reference_designator, component_type, value, part_number, notes) VALUES (200235, 'J_RCAM', 'Connector', NULL, NULL, 'Rear camera connector');
INSERT INTO board_components (board_revision_id, reference_designator, component_type, value, part_number, notes) VALUES (200235, 'U_PMIC', 'PMIC', NULL, NULL, 'Main power management IC');
INSERT INTO board_components (board_revision_id, reference_designator, component_type, value, part_number, notes) VALUES (200235, 'U_CHG', 'Charging IC', NULL, NULL, 'USB charging / interface IC');
INSERT INTO board_components (board_revision_id, reference_designator, component_type, value, part_number, notes) VALUES (200235, 'U_AUDIO', 'Audio IC', NULL, NULL, 'Audio codec IC');
INSERT INTO board_components (board_revision_id, reference_designator, component_type, value, part_number, notes) VALUES (200235, 'U_NAND', 'NAND Flash', NULL, NULL, 'Flash storage');
INSERT INTO board_test_points (board_revision_id, label, location_desc, expected_voltage, expected_resistance) VALUES (200235, 'VBAT', 'see boardview', '3.8V', NULL);
INSERT INTO board_test_points (board_revision_id, label, location_desc, expected_voltage, expected_resistance) VALUES (200235, 'VBUS_5V', 'see boardview', '5.0V', NULL);
INSERT INTO board_test_points (board_revision_id, label, location_desc, expected_voltage, expected_resistance) VALUES (200235, 'PP1V8', 'see boardview', '1.8V', NULL);
INSERT INTO board_test_points (board_revision_id, label, location_desc, expected_voltage, expected_resistance) VALUES (200235, 'PP3V0', 'see boardview', '3.0V', NULL);
INSERT INTO board_nets (board_revision_id, net_name, test_point, expected_value, units) VALUES (200235, 'VBAT / PP_BATT_VCC', 'VBAT', '3.8', 'V');
INSERT INTO board_nets (board_revision_id, net_name, test_point, expected_value, units) VALUES (200235, 'VBUS', 'VBUS_5V', '5.0', 'V');
INSERT INTO board_nets (board_revision_id, net_name, test_point, expected_value, units) VALUES (200235, '1V8', 'PP1V8', '1.8', 'V');
INSERT INTO board_nets (board_revision_id, net_name, test_point, expected_value, units) VALUES (200235, '3V0', 'PP3V0', '3.0', 'V');
INSERT INTO measurements (board_revision_id, kind, test_point, reference_designator, rail_name, power_state, expected_value, measured_value, units, notes, is_known_good) VALUES (200235, 'voltage', 'VBAT', NULL, 'VBAT / PP_BATT_VCC', 'off', '3.8', '3.8', 'V', 'Battery main rail (typically 3.0-4.35V with charge).', 1);
INSERT INTO measurements (board_revision_id, kind, test_point, reference_designator, rail_name, power_state, expected_value, measured_value, units, notes, is_known_good) VALUES (200235, 'voltage', 'VBUS_5V', NULL, 'VBUS', 'on', '5.0', '5.0', 'V', 'USB VBUS when charging.', 1);
INSERT INTO measurements (board_revision_id, kind, test_point, reference_designator, rail_name, power_state, expected_value, measured_value, units, notes, is_known_good) VALUES (200235, 'voltage', 'PP1V8', NULL, '1V8', 'on', '1.8', '1.8', 'V', '1.8V housekeeping rail (typical).', 1);
INSERT INTO measurements (board_revision_id, kind, test_point, reference_designator, rail_name, power_state, expected_value, measured_value, units, notes, is_known_good) VALUES (200235, 'voltage', 'PP3V0', NULL, '3V0', 'on', '3.0', '3.0', 'V', '3.0V rail (typical).', 1);
INSERT INTO board_revisions (id, device_model, revision, layer_count, primary_soc, pmic, notes) VALUES (200236, 'Nokia Nokia G20', 'Logic Board', NULL, NULL, 'U_PMIC', 'Nokia Nokia G20 main logic board. Component set and rails are family-typical reference values; confirm exact values against the boardview/schematic for this unit.');
INSERT INTO board_components (board_revision_id, reference_designator, component_type, value, part_number, notes) VALUES (200236, 'J_DISP', 'Connector', NULL, NULL, 'Display FPC connector');
INSERT INTO board_components (board_revision_id, reference_designator, component_type, value, part_number, notes) VALUES (200236, 'J_BATT', 'Connector', NULL, NULL, 'Battery FPC connector');
INSERT INTO board_components (board_revision_id, reference_designator, component_type, value, part_number, notes) VALUES (200236, 'J_CHG', 'Connector', NULL, NULL, 'Charge port / dock connector');
INSERT INTO board_components (board_revision_id, reference_designator, component_type, value, part_number, notes) VALUES (200236, 'J_FCAM', 'Connector', NULL, NULL, 'Front camera connector');
INSERT INTO board_components (board_revision_id, reference_designator, component_type, value, part_number, notes) VALUES (200236, 'J_RCAM', 'Connector', NULL, NULL, 'Rear camera connector');
INSERT INTO board_components (board_revision_id, reference_designator, component_type, value, part_number, notes) VALUES (200236, 'U_PMIC', 'PMIC', NULL, NULL, 'Main power management IC');
INSERT INTO board_components (board_revision_id, reference_designator, component_type, value, part_number, notes) VALUES (200236, 'U_CHG', 'Charging IC', NULL, NULL, 'USB charging / interface IC');
INSERT INTO board_components (board_revision_id, reference_designator, component_type, value, part_number, notes) VALUES (200236, 'U_AUDIO', 'Audio IC', NULL, NULL, 'Audio codec IC');
INSERT INTO board_components (board_revision_id, reference_designator, component_type, value, part_number, notes) VALUES (200236, 'U_NAND', 'NAND Flash', NULL, NULL, 'Flash storage');
INSERT INTO board_test_points (board_revision_id, label, location_desc, expected_voltage, expected_resistance) VALUES (200236, 'VBAT', 'see boardview', '3.8V', NULL);
INSERT INTO board_test_points (board_revision_id, label, location_desc, expected_voltage, expected_resistance) VALUES (200236, 'VBUS_5V', 'see boardview', '5.0V', NULL);
INSERT INTO board_test_points (board_revision_id, label, location_desc, expected_voltage, expected_resistance) VALUES (200236, 'PP1V8', 'see boardview', '1.8V', NULL);
INSERT INTO board_test_points (board_revision_id, label, location_desc, expected_voltage, expected_resistance) VALUES (200236, 'PP3V0', 'see boardview', '3.0V', NULL);
INSERT INTO board_nets (board_revision_id, net_name, test_point, expected_value, units) VALUES (200236, 'VBAT / PP_BATT_VCC', 'VBAT', '3.8', 'V');
INSERT INTO board_nets (board_revision_id, net_name, test_point, expected_value, units) VALUES (200236, 'VBUS', 'VBUS_5V', '5.0', 'V');
INSERT INTO board_nets (board_revision_id, net_name, test_point, expected_value, units) VALUES (200236, '1V8', 'PP1V8', '1.8', 'V');
INSERT INTO board_nets (board_revision_id, net_name, test_point, expected_value, units) VALUES (200236, '3V0', 'PP3V0', '3.0', 'V');
INSERT INTO measurements (board_revision_id, kind, test_point, reference_designator, rail_name, power_state, expected_value, measured_value, units, notes, is_known_good) VALUES (200236, 'voltage', 'VBAT', NULL, 'VBAT / PP_BATT_VCC', 'off', '3.8', '3.8', 'V', 'Battery main rail (typically 3.0-4.35V with charge).', 1);
INSERT INTO measurements (board_revision_id, kind, test_point, reference_designator, rail_name, power_state, expected_value, measured_value, units, notes, is_known_good) VALUES (200236, 'voltage', 'VBUS_5V', NULL, 'VBUS', 'on', '5.0', '5.0', 'V', 'USB VBUS when charging.', 1);
INSERT INTO measurements (board_revision_id, kind, test_point, reference_designator, rail_name, power_state, expected_value, measured_value, units, notes, is_known_good) VALUES (200236, 'voltage', 'PP1V8', NULL, '1V8', 'on', '1.8', '1.8', 'V', '1.8V housekeeping rail (typical).', 1);
INSERT INTO measurements (board_revision_id, kind, test_point, reference_designator, rail_name, power_state, expected_value, measured_value, units, notes, is_known_good) VALUES (200236, 'voltage', 'PP3V0', NULL, '3V0', 'on', '3.0', '3.0', 'V', '3.0V rail (typical).', 1);
INSERT INTO board_revisions (id, device_model, revision, layer_count, primary_soc, pmic, notes) VALUES (200237, 'Asus ROG Phone', 'Logic Board', NULL, NULL, 'U_PMIC', 'Asus ROG Phone main logic board. Component set and rails are family-typical reference values; confirm exact values against the boardview/schematic for this unit.');
INSERT INTO board_components (board_revision_id, reference_designator, component_type, value, part_number, notes) VALUES (200237, 'J_DISP', 'Connector', NULL, NULL, 'Display FPC connector');
INSERT INTO board_components (board_revision_id, reference_designator, component_type, value, part_number, notes) VALUES (200237, 'J_BATT', 'Connector', NULL, NULL, 'Battery FPC connector');
INSERT INTO board_components (board_revision_id, reference_designator, component_type, value, part_number, notes) VALUES (200237, 'J_CHG', 'Connector', NULL, NULL, 'Charge port / dock connector');
INSERT INTO board_components (board_revision_id, reference_designator, component_type, value, part_number, notes) VALUES (200237, 'J_FCAM', 'Connector', NULL, NULL, 'Front camera connector');
INSERT INTO board_components (board_revision_id, reference_designator, component_type, value, part_number, notes) VALUES (200237, 'J_RCAM', 'Connector', NULL, NULL, 'Rear camera connector');
INSERT INTO board_components (board_revision_id, reference_designator, component_type, value, part_number, notes) VALUES (200237, 'U_PMIC', 'PMIC', NULL, NULL, 'Main power management IC');
INSERT INTO board_components (board_revision_id, reference_designator, component_type, value, part_number, notes) VALUES (200237, 'U_CHG', 'Charging IC', NULL, NULL, 'USB charging / interface IC');
INSERT INTO board_components (board_revision_id, reference_designator, component_type, value, part_number, notes) VALUES (200237, 'U_AUDIO', 'Audio IC', NULL, NULL, 'Audio codec IC');
INSERT INTO board_components (board_revision_id, reference_designator, component_type, value, part_number, notes) VALUES (200237, 'U_NAND', 'NAND Flash', NULL, NULL, 'Flash storage');
INSERT INTO board_test_points (board_revision_id, label, location_desc, expected_voltage, expected_resistance) VALUES (200237, 'VBAT', 'see boardview', '3.8V', NULL);
INSERT INTO board_test_points (board_revision_id, label, location_desc, expected_voltage, expected_resistance) VALUES (200237, 'VBUS_5V', 'see boardview', '5.0V', NULL);
INSERT INTO board_test_points (board_revision_id, label, location_desc, expected_voltage, expected_resistance) VALUES (200237, 'PP1V8', 'see boardview', '1.8V', NULL);
INSERT INTO board_test_points (board_revision_id, label, location_desc, expected_voltage, expected_resistance) VALUES (200237, 'PP3V0', 'see boardview', '3.0V', NULL);
INSERT INTO board_nets (board_revision_id, net_name, test_point, expected_value, units) VALUES (200237, 'VBAT / PP_BATT_VCC', 'VBAT', '3.8', 'V');
INSERT INTO board_nets (board_revision_id, net_name, test_point, expected_value, units) VALUES (200237, 'VBUS', 'VBUS_5V', '5.0', 'V');
INSERT INTO board_nets (board_revision_id, net_name, test_point, expected_value, units) VALUES (200237, '1V8', 'PP1V8', '1.8', 'V');
INSERT INTO board_nets (board_revision_id, net_name, test_point, expected_value, units) VALUES (200237, '3V0', 'PP3V0', '3.0', 'V');
INSERT INTO measurements (board_revision_id, kind, test_point, reference_designator, rail_name, power_state, expected_value, measured_value, units, notes, is_known_good) VALUES (200237, 'voltage', 'VBAT', NULL, 'VBAT / PP_BATT_VCC', 'off', '3.8', '3.8', 'V', 'Battery main rail (typically 3.0-4.35V with charge).', 1);
INSERT INTO measurements (board_revision_id, kind, test_point, reference_designator, rail_name, power_state, expected_value, measured_value, units, notes, is_known_good) VALUES (200237, 'voltage', 'VBUS_5V', NULL, 'VBUS', 'on', '5.0', '5.0', 'V', 'USB VBUS when charging.', 1);
INSERT INTO measurements (board_revision_id, kind, test_point, reference_designator, rail_name, power_state, expected_value, measured_value, units, notes, is_known_good) VALUES (200237, 'voltage', 'PP1V8', NULL, '1V8', 'on', '1.8', '1.8', 'V', '1.8V housekeeping rail (typical).', 1);
INSERT INTO measurements (board_revision_id, kind, test_point, reference_designator, rail_name, power_state, expected_value, measured_value, units, notes, is_known_good) VALUES (200237, 'voltage', 'PP3V0', NULL, '3V0', 'on', '3.0', '3.0', 'V', '3.0V rail (typical).', 1);
INSERT INTO board_revisions (id, device_model, revision, layer_count, primary_soc, pmic, notes) VALUES (200238, 'Asus ROG Phone 2', 'Logic Board', NULL, NULL, 'U_PMIC', 'Asus ROG Phone 2 main logic board. Component set and rails are family-typical reference values; confirm exact values against the boardview/schematic for this unit.');
INSERT INTO board_components (board_revision_id, reference_designator, component_type, value, part_number, notes) VALUES (200238, 'J_DISP', 'Connector', NULL, NULL, 'Display FPC connector');
INSERT INTO board_components (board_revision_id, reference_designator, component_type, value, part_number, notes) VALUES (200238, 'J_BATT', 'Connector', NULL, NULL, 'Battery FPC connector');
INSERT INTO board_components (board_revision_id, reference_designator, component_type, value, part_number, notes) VALUES (200238, 'J_CHG', 'Connector', NULL, NULL, 'Charge port / dock connector');
INSERT INTO board_components (board_revision_id, reference_designator, component_type, value, part_number, notes) VALUES (200238, 'J_FCAM', 'Connector', NULL, NULL, 'Front camera connector');
INSERT INTO board_components (board_revision_id, reference_designator, component_type, value, part_number, notes) VALUES (200238, 'J_RCAM', 'Connector', NULL, NULL, 'Rear camera connector');
INSERT INTO board_components (board_revision_id, reference_designator, component_type, value, part_number, notes) VALUES (200238, 'U_PMIC', 'PMIC', NULL, NULL, 'Main power management IC');
INSERT INTO board_components (board_revision_id, reference_designator, component_type, value, part_number, notes) VALUES (200238, 'U_CHG', 'Charging IC', NULL, NULL, 'USB charging / interface IC');
INSERT INTO board_components (board_revision_id, reference_designator, component_type, value, part_number, notes) VALUES (200238, 'U_AUDIO', 'Audio IC', NULL, NULL, 'Audio codec IC');
INSERT INTO board_components (board_revision_id, reference_designator, component_type, value, part_number, notes) VALUES (200238, 'U_NAND', 'NAND Flash', NULL, NULL, 'Flash storage');
INSERT INTO board_test_points (board_revision_id, label, location_desc, expected_voltage, expected_resistance) VALUES (200238, 'VBAT', 'see boardview', '3.8V', NULL);
INSERT INTO board_test_points (board_revision_id, label, location_desc, expected_voltage, expected_resistance) VALUES (200238, 'VBUS_5V', 'see boardview', '5.0V', NULL);
INSERT INTO board_test_points (board_revision_id, label, location_desc, expected_voltage, expected_resistance) VALUES (200238, 'PP1V8', 'see boardview', '1.8V', NULL);
INSERT INTO board_test_points (board_revision_id, label, location_desc, expected_voltage, expected_resistance) VALUES (200238, 'PP3V0', 'see boardview', '3.0V', NULL);
INSERT INTO board_nets (board_revision_id, net_name, test_point, expected_value, units) VALUES (200238, 'VBAT / PP_BATT_VCC', 'VBAT', '3.8', 'V');
INSERT INTO board_nets (board_revision_id, net_name, test_point, expected_value, units) VALUES (200238, 'VBUS', 'VBUS_5V', '5.0', 'V');
INSERT INTO board_nets (board_revision_id, net_name, test_point, expected_value, units) VALUES (200238, '1V8', 'PP1V8', '1.8', 'V');
INSERT INTO board_nets (board_revision_id, net_name, test_point, expected_value, units) VALUES (200238, '3V0', 'PP3V0', '3.0', 'V');
INSERT INTO measurements (board_revision_id, kind, test_point, reference_designator, rail_name, power_state, expected_value, measured_value, units, notes, is_known_good) VALUES (200238, 'voltage', 'VBAT', NULL, 'VBAT / PP_BATT_VCC', 'off', '3.8', '3.8', 'V', 'Battery main rail (typically 3.0-4.35V with charge).', 1);
INSERT INTO measurements (board_revision_id, kind, test_point, reference_designator, rail_name, power_state, expected_value, measured_value, units, notes, is_known_good) VALUES (200238, 'voltage', 'VBUS_5V', NULL, 'VBUS', 'on', '5.0', '5.0', 'V', 'USB VBUS when charging.', 1);
INSERT INTO measurements (board_revision_id, kind, test_point, reference_designator, rail_name, power_state, expected_value, measured_value, units, notes, is_known_good) VALUES (200238, 'voltage', 'PP1V8', NULL, '1V8', 'on', '1.8', '1.8', 'V', '1.8V housekeeping rail (typical).', 1);
INSERT INTO measurements (board_revision_id, kind, test_point, reference_designator, rail_name, power_state, expected_value, measured_value, units, notes, is_known_good) VALUES (200238, 'voltage', 'PP3V0', NULL, '3V0', 'on', '3.0', '3.0', 'V', '3.0V rail (typical).', 1);
INSERT INTO board_revisions (id, device_model, revision, layer_count, primary_soc, pmic, notes) VALUES (200239, 'Asus ROG Phone 3', 'Logic Board', NULL, NULL, 'U_PMIC', 'Asus ROG Phone 3 main logic board. Component set and rails are family-typical reference values; confirm exact values against the boardview/schematic for this unit.');
INSERT INTO board_components (board_revision_id, reference_designator, component_type, value, part_number, notes) VALUES (200239, 'J_DISP', 'Connector', NULL, NULL, 'Display FPC connector');
INSERT INTO board_components (board_revision_id, reference_designator, component_type, value, part_number, notes) VALUES (200239, 'J_BATT', 'Connector', NULL, NULL, 'Battery FPC connector');
INSERT INTO board_components (board_revision_id, reference_designator, component_type, value, part_number, notes) VALUES (200239, 'J_CHG', 'Connector', NULL, NULL, 'Charge port / dock connector');
INSERT INTO board_components (board_revision_id, reference_designator, component_type, value, part_number, notes) VALUES (200239, 'J_FCAM', 'Connector', NULL, NULL, 'Front camera connector');
INSERT INTO board_components (board_revision_id, reference_designator, component_type, value, part_number, notes) VALUES (200239, 'J_RCAM', 'Connector', NULL, NULL, 'Rear camera connector');
INSERT INTO board_components (board_revision_id, reference_designator, component_type, value, part_number, notes) VALUES (200239, 'U_PMIC', 'PMIC', NULL, NULL, 'Main power management IC');
INSERT INTO board_components (board_revision_id, reference_designator, component_type, value, part_number, notes) VALUES (200239, 'U_CHG', 'Charging IC', NULL, NULL, 'USB charging / interface IC');
INSERT INTO board_components (board_revision_id, reference_designator, component_type, value, part_number, notes) VALUES (200239, 'U_AUDIO', 'Audio IC', NULL, NULL, 'Audio codec IC');
INSERT INTO board_components (board_revision_id, reference_designator, component_type, value, part_number, notes) VALUES (200239, 'U_NAND', 'NAND Flash', NULL, NULL, 'Flash storage');
INSERT INTO board_test_points (board_revision_id, label, location_desc, expected_voltage, expected_resistance) VALUES (200239, 'VBAT', 'see boardview', '3.8V', NULL);
INSERT INTO board_test_points (board_revision_id, label, location_desc, expected_voltage, expected_resistance) VALUES (200239, 'VBUS_5V', 'see boardview', '5.0V', NULL);
INSERT INTO board_test_points (board_revision_id, label, location_desc, expected_voltage, expected_resistance) VALUES (200239, 'PP1V8', 'see boardview', '1.8V', NULL);
INSERT INTO board_test_points (board_revision_id, label, location_desc, expected_voltage, expected_resistance) VALUES (200239, 'PP3V0', 'see boardview', '3.0V', NULL);
INSERT INTO board_nets (board_revision_id, net_name, test_point, expected_value, units) VALUES (200239, 'VBAT / PP_BATT_VCC', 'VBAT', '3.8', 'V');
INSERT INTO board_nets (board_revision_id, net_name, test_point, expected_value, units) VALUES (200239, 'VBUS', 'VBUS_5V', '5.0', 'V');
INSERT INTO board_nets (board_revision_id, net_name, test_point, expected_value, units) VALUES (200239, '1V8', 'PP1V8', '1.8', 'V');
INSERT INTO board_nets (board_revision_id, net_name, test_point, expected_value, units) VALUES (200239, '3V0', 'PP3V0', '3.0', 'V');
INSERT INTO measurements (board_revision_id, kind, test_point, reference_designator, rail_name, power_state, expected_value, measured_value, units, notes, is_known_good) VALUES (200239, 'voltage', 'VBAT', NULL, 'VBAT / PP_BATT_VCC', 'off', '3.8', '3.8', 'V', 'Battery main rail (typically 3.0-4.35V with charge).', 1);
INSERT INTO measurements (board_revision_id, kind, test_point, reference_designator, rail_name, power_state, expected_value, measured_value, units, notes, is_known_good) VALUES (200239, 'voltage', 'VBUS_5V', NULL, 'VBUS', 'on', '5.0', '5.0', 'V', 'USB VBUS when charging.', 1);
INSERT INTO measurements (board_revision_id, kind, test_point, reference_designator, rail_name, power_state, expected_value, measured_value, units, notes, is_known_good) VALUES (200239, 'voltage', 'PP1V8', NULL, '1V8', 'on', '1.8', '1.8', 'V', '1.8V housekeeping rail (typical).', 1);
INSERT INTO measurements (board_revision_id, kind, test_point, reference_designator, rail_name, power_state, expected_value, measured_value, units, notes, is_known_good) VALUES (200239, 'voltage', 'PP3V0', NULL, '3V0', 'on', '3.0', '3.0', 'V', '3.0V rail (typical).', 1);
INSERT INTO board_revisions (id, device_model, revision, layer_count, primary_soc, pmic, notes) VALUES (200240, 'Asus ROG Phone 5', 'Logic Board', NULL, NULL, 'U_PMIC', 'Asus ROG Phone 5 main logic board. Component set and rails are family-typical reference values; confirm exact values against the boardview/schematic for this unit.');
INSERT INTO board_components (board_revision_id, reference_designator, component_type, value, part_number, notes) VALUES (200240, 'J_DISP', 'Connector', NULL, NULL, 'Display FPC connector');
INSERT INTO board_components (board_revision_id, reference_designator, component_type, value, part_number, notes) VALUES (200240, 'J_BATT', 'Connector', NULL, NULL, 'Battery FPC connector');
INSERT INTO board_components (board_revision_id, reference_designator, component_type, value, part_number, notes) VALUES (200240, 'J_CHG', 'Connector', NULL, NULL, 'Charge port / dock connector');
INSERT INTO board_components (board_revision_id, reference_designator, component_type, value, part_number, notes) VALUES (200240, 'J_FCAM', 'Connector', NULL, NULL, 'Front camera connector');
INSERT INTO board_components (board_revision_id, reference_designator, component_type, value, part_number, notes) VALUES (200240, 'J_RCAM', 'Connector', NULL, NULL, 'Rear camera connector');
INSERT INTO board_components (board_revision_id, reference_designator, component_type, value, part_number, notes) VALUES (200240, 'U_PMIC', 'PMIC', NULL, NULL, 'Main power management IC');
INSERT INTO board_components (board_revision_id, reference_designator, component_type, value, part_number, notes) VALUES (200240, 'U_CHG', 'Charging IC', NULL, NULL, 'USB charging / interface IC');
INSERT INTO board_components (board_revision_id, reference_designator, component_type, value, part_number, notes) VALUES (200240, 'U_AUDIO', 'Audio IC', NULL, NULL, 'Audio codec IC');
INSERT INTO board_components (board_revision_id, reference_designator, component_type, value, part_number, notes) VALUES (200240, 'U_NAND', 'NAND Flash', NULL, NULL, 'Flash storage');
INSERT INTO board_test_points (board_revision_id, label, location_desc, expected_voltage, expected_resistance) VALUES (200240, 'VBAT', 'see boardview', '3.8V', NULL);
INSERT INTO board_test_points (board_revision_id, label, location_desc, expected_voltage, expected_resistance) VALUES (200240, 'VBUS_5V', 'see boardview', '5.0V', NULL);
INSERT INTO board_test_points (board_revision_id, label, location_desc, expected_voltage, expected_resistance) VALUES (200240, 'PP1V8', 'see boardview', '1.8V', NULL);
INSERT INTO board_test_points (board_revision_id, label, location_desc, expected_voltage, expected_resistance) VALUES (200240, 'PP3V0', 'see boardview', '3.0V', NULL);
INSERT INTO board_nets (board_revision_id, net_name, test_point, expected_value, units) VALUES (200240, 'VBAT / PP_BATT_VCC', 'VBAT', '3.8', 'V');
INSERT INTO board_nets (board_revision_id, net_name, test_point, expected_value, units) VALUES (200240, 'VBUS', 'VBUS_5V', '5.0', 'V');
INSERT INTO board_nets (board_revision_id, net_name, test_point, expected_value, units) VALUES (200240, '1V8', 'PP1V8', '1.8', 'V');
INSERT INTO board_nets (board_revision_id, net_name, test_point, expected_value, units) VALUES (200240, '3V0', 'PP3V0', '3.0', 'V');
INSERT INTO measurements (board_revision_id, kind, test_point, reference_designator, rail_name, power_state, expected_value, measured_value, units, notes, is_known_good) VALUES (200240, 'voltage', 'VBAT', NULL, 'VBAT / PP_BATT_VCC', 'off', '3.8', '3.8', 'V', 'Battery main rail (typically 3.0-4.35V with charge).', 1);
INSERT INTO measurements (board_revision_id, kind, test_point, reference_designator, rail_name, power_state, expected_value, measured_value, units, notes, is_known_good) VALUES (200240, 'voltage', 'VBUS_5V', NULL, 'VBUS', 'on', '5.0', '5.0', 'V', 'USB VBUS when charging.', 1);
INSERT INTO measurements (board_revision_id, kind, test_point, reference_designator, rail_name, power_state, expected_value, measured_value, units, notes, is_known_good) VALUES (200240, 'voltage', 'PP1V8', NULL, '1V8', 'on', '1.8', '1.8', 'V', '1.8V housekeeping rail (typical).', 1);
INSERT INTO measurements (board_revision_id, kind, test_point, reference_designator, rail_name, power_state, expected_value, measured_value, units, notes, is_known_good) VALUES (200240, 'voltage', 'PP3V0', NULL, '3V0', 'on', '3.0', '3.0', 'V', '3.0V rail (typical).', 1);
INSERT INTO board_revisions (id, device_model, revision, layer_count, primary_soc, pmic, notes) VALUES (200241, 'Asus Zenfone 6', 'Logic Board', NULL, NULL, 'U_PMIC', 'Asus Zenfone 6 main logic board. Component set and rails are family-typical reference values; confirm exact values against the boardview/schematic for this unit.');
INSERT INTO board_components (board_revision_id, reference_designator, component_type, value, part_number, notes) VALUES (200241, 'J_DISP', 'Connector', NULL, NULL, 'Display FPC connector');
INSERT INTO board_components (board_revision_id, reference_designator, component_type, value, part_number, notes) VALUES (200241, 'J_BATT', 'Connector', NULL, NULL, 'Battery FPC connector');
INSERT INTO board_components (board_revision_id, reference_designator, component_type, value, part_number, notes) VALUES (200241, 'J_CHG', 'Connector', NULL, NULL, 'Charge port / dock connector');
INSERT INTO board_components (board_revision_id, reference_designator, component_type, value, part_number, notes) VALUES (200241, 'J_FCAM', 'Connector', NULL, NULL, 'Front camera connector');
INSERT INTO board_components (board_revision_id, reference_designator, component_type, value, part_number, notes) VALUES (200241, 'J_RCAM', 'Connector', NULL, NULL, 'Rear camera connector');
INSERT INTO board_components (board_revision_id, reference_designator, component_type, value, part_number, notes) VALUES (200241, 'U_PMIC', 'PMIC', NULL, NULL, 'Main power management IC');
INSERT INTO board_components (board_revision_id, reference_designator, component_type, value, part_number, notes) VALUES (200241, 'U_CHG', 'Charging IC', NULL, NULL, 'USB charging / interface IC');
INSERT INTO board_components (board_revision_id, reference_designator, component_type, value, part_number, notes) VALUES (200241, 'U_AUDIO', 'Audio IC', NULL, NULL, 'Audio codec IC');
INSERT INTO board_components (board_revision_id, reference_designator, component_type, value, part_number, notes) VALUES (200241, 'U_NAND', 'NAND Flash', NULL, NULL, 'Flash storage');
INSERT INTO board_test_points (board_revision_id, label, location_desc, expected_voltage, expected_resistance) VALUES (200241, 'VBAT', 'see boardview', '3.8V', NULL);
INSERT INTO board_test_points (board_revision_id, label, location_desc, expected_voltage, expected_resistance) VALUES (200241, 'VBUS_5V', 'see boardview', '5.0V', NULL);
INSERT INTO board_test_points (board_revision_id, label, location_desc, expected_voltage, expected_resistance) VALUES (200241, 'PP1V8', 'see boardview', '1.8V', NULL);
INSERT INTO board_test_points (board_revision_id, label, location_desc, expected_voltage, expected_resistance) VALUES (200241, 'PP3V0', 'see boardview', '3.0V', NULL);
INSERT INTO board_nets (board_revision_id, net_name, test_point, expected_value, units) VALUES (200241, 'VBAT / PP_BATT_VCC', 'VBAT', '3.8', 'V');
INSERT INTO board_nets (board_revision_id, net_name, test_point, expected_value, units) VALUES (200241, 'VBUS', 'VBUS_5V', '5.0', 'V');
INSERT INTO board_nets (board_revision_id, net_name, test_point, expected_value, units) VALUES (200241, '1V8', 'PP1V8', '1.8', 'V');
INSERT INTO board_nets (board_revision_id, net_name, test_point, expected_value, units) VALUES (200241, '3V0', 'PP3V0', '3.0', 'V');
INSERT INTO measurements (board_revision_id, kind, test_point, reference_designator, rail_name, power_state, expected_value, measured_value, units, notes, is_known_good) VALUES (200241, 'voltage', 'VBAT', NULL, 'VBAT / PP_BATT_VCC', 'off', '3.8', '3.8', 'V', 'Battery main rail (typically 3.0-4.35V with charge).', 1);
INSERT INTO measurements (board_revision_id, kind, test_point, reference_designator, rail_name, power_state, expected_value, measured_value, units, notes, is_known_good) VALUES (200241, 'voltage', 'VBUS_5V', NULL, 'VBUS', 'on', '5.0', '5.0', 'V', 'USB VBUS when charging.', 1);
INSERT INTO measurements (board_revision_id, kind, test_point, reference_designator, rail_name, power_state, expected_value, measured_value, units, notes, is_known_good) VALUES (200241, 'voltage', 'PP1V8', NULL, '1V8', 'on', '1.8', '1.8', 'V', '1.8V housekeeping rail (typical).', 1);
INSERT INTO measurements (board_revision_id, kind, test_point, reference_designator, rail_name, power_state, expected_value, measured_value, units, notes, is_known_good) VALUES (200241, 'voltage', 'PP3V0', NULL, '3V0', 'on', '3.0', '3.0', 'V', '3.0V rail (typical).', 1);
INSERT INTO board_revisions (id, device_model, revision, layer_count, primary_soc, pmic, notes) VALUES (200242, 'Asus Zenfone 8', 'Logic Board', NULL, NULL, 'U_PMIC', 'Asus Zenfone 8 main logic board. Component set and rails are family-typical reference values; confirm exact values against the boardview/schematic for this unit.');
INSERT INTO board_components (board_revision_id, reference_designator, component_type, value, part_number, notes) VALUES (200242, 'J_DISP', 'Connector', NULL, NULL, 'Display FPC connector');
INSERT INTO board_components (board_revision_id, reference_designator, component_type, value, part_number, notes) VALUES (200242, 'J_BATT', 'Connector', NULL, NULL, 'Battery FPC connector');
INSERT INTO board_components (board_revision_id, reference_designator, component_type, value, part_number, notes) VALUES (200242, 'J_CHG', 'Connector', NULL, NULL, 'Charge port / dock connector');
INSERT INTO board_components (board_revision_id, reference_designator, component_type, value, part_number, notes) VALUES (200242, 'J_FCAM', 'Connector', NULL, NULL, 'Front camera connector');
INSERT INTO board_components (board_revision_id, reference_designator, component_type, value, part_number, notes) VALUES (200242, 'J_RCAM', 'Connector', NULL, NULL, 'Rear camera connector');
INSERT INTO board_components (board_revision_id, reference_designator, component_type, value, part_number, notes) VALUES (200242, 'U_PMIC', 'PMIC', NULL, NULL, 'Main power management IC');
INSERT INTO board_components (board_revision_id, reference_designator, component_type, value, part_number, notes) VALUES (200242, 'U_CHG', 'Charging IC', NULL, NULL, 'USB charging / interface IC');
INSERT INTO board_components (board_revision_id, reference_designator, component_type, value, part_number, notes) VALUES (200242, 'U_AUDIO', 'Audio IC', NULL, NULL, 'Audio codec IC');
INSERT INTO board_components (board_revision_id, reference_designator, component_type, value, part_number, notes) VALUES (200242, 'U_NAND', 'NAND Flash', NULL, NULL, 'Flash storage');
INSERT INTO board_test_points (board_revision_id, label, location_desc, expected_voltage, expected_resistance) VALUES (200242, 'VBAT', 'see boardview', '3.8V', NULL);
INSERT INTO board_test_points (board_revision_id, label, location_desc, expected_voltage, expected_resistance) VALUES (200242, 'VBUS_5V', 'see boardview', '5.0V', NULL);
INSERT INTO board_test_points (board_revision_id, label, location_desc, expected_voltage, expected_resistance) VALUES (200242, 'PP1V8', 'see boardview', '1.8V', NULL);
INSERT INTO board_test_points (board_revision_id, label, location_desc, expected_voltage, expected_resistance) VALUES (200242, 'PP3V0', 'see boardview', '3.0V', NULL);
INSERT INTO board_nets (board_revision_id, net_name, test_point, expected_value, units) VALUES (200242, 'VBAT / PP_BATT_VCC', 'VBAT', '3.8', 'V');
INSERT INTO board_nets (board_revision_id, net_name, test_point, expected_value, units) VALUES (200242, 'VBUS', 'VBUS_5V', '5.0', 'V');
INSERT INTO board_nets (board_revision_id, net_name, test_point, expected_value, units) VALUES (200242, '1V8', 'PP1V8', '1.8', 'V');
INSERT INTO board_nets (board_revision_id, net_name, test_point, expected_value, units) VALUES (200242, '3V0', 'PP3V0', '3.0', 'V');
INSERT INTO measurements (board_revision_id, kind, test_point, reference_designator, rail_name, power_state, expected_value, measured_value, units, notes, is_known_good) VALUES (200242, 'voltage', 'VBAT', NULL, 'VBAT / PP_BATT_VCC', 'off', '3.8', '3.8', 'V', 'Battery main rail (typically 3.0-4.35V with charge).', 1);
INSERT INTO measurements (board_revision_id, kind, test_point, reference_designator, rail_name, power_state, expected_value, measured_value, units, notes, is_known_good) VALUES (200242, 'voltage', 'VBUS_5V', NULL, 'VBUS', 'on', '5.0', '5.0', 'V', 'USB VBUS when charging.', 1);
INSERT INTO measurements (board_revision_id, kind, test_point, reference_designator, rail_name, power_state, expected_value, measured_value, units, notes, is_known_good) VALUES (200242, 'voltage', 'PP1V8', NULL, '1V8', 'on', '1.8', '1.8', 'V', '1.8V housekeeping rail (typical).', 1);
INSERT INTO measurements (board_revision_id, kind, test_point, reference_designator, rail_name, power_state, expected_value, measured_value, units, notes, is_known_good) VALUES (200242, 'voltage', 'PP3V0', NULL, '3V0', 'on', '3.0', '3.0', 'V', '3.0V rail (typical).', 1);
INSERT INTO board_revisions (id, device_model, revision, layer_count, primary_soc, pmic, notes) VALUES (200243, 'Asus Zenfone 9', 'Logic Board', NULL, NULL, 'U_PMIC', 'Asus Zenfone 9 main logic board. Component set and rails are family-typical reference values; confirm exact values against the boardview/schematic for this unit.');
INSERT INTO board_components (board_revision_id, reference_designator, component_type, value, part_number, notes) VALUES (200243, 'J_DISP', 'Connector', NULL, NULL, 'Display FPC connector');
INSERT INTO board_components (board_revision_id, reference_designator, component_type, value, part_number, notes) VALUES (200243, 'J_BATT', 'Connector', NULL, NULL, 'Battery FPC connector');
INSERT INTO board_components (board_revision_id, reference_designator, component_type, value, part_number, notes) VALUES (200243, 'J_CHG', 'Connector', NULL, NULL, 'Charge port / dock connector');
INSERT INTO board_components (board_revision_id, reference_designator, component_type, value, part_number, notes) VALUES (200243, 'J_FCAM', 'Connector', NULL, NULL, 'Front camera connector');
INSERT INTO board_components (board_revision_id, reference_designator, component_type, value, part_number, notes) VALUES (200243, 'J_RCAM', 'Connector', NULL, NULL, 'Rear camera connector');
INSERT INTO board_components (board_revision_id, reference_designator, component_type, value, part_number, notes) VALUES (200243, 'U_PMIC', 'PMIC', NULL, NULL, 'Main power management IC');
INSERT INTO board_components (board_revision_id, reference_designator, component_type, value, part_number, notes) VALUES (200243, 'U_CHG', 'Charging IC', NULL, NULL, 'USB charging / interface IC');
INSERT INTO board_components (board_revision_id, reference_designator, component_type, value, part_number, notes) VALUES (200243, 'U_AUDIO', 'Audio IC', NULL, NULL, 'Audio codec IC');
INSERT INTO board_components (board_revision_id, reference_designator, component_type, value, part_number, notes) VALUES (200243, 'U_NAND', 'NAND Flash', NULL, NULL, 'Flash storage');
INSERT INTO board_test_points (board_revision_id, label, location_desc, expected_voltage, expected_resistance) VALUES (200243, 'VBAT', 'see boardview', '3.8V', NULL);
INSERT INTO board_test_points (board_revision_id, label, location_desc, expected_voltage, expected_resistance) VALUES (200243, 'VBUS_5V', 'see boardview', '5.0V', NULL);
INSERT INTO board_test_points (board_revision_id, label, location_desc, expected_voltage, expected_resistance) VALUES (200243, 'PP1V8', 'see boardview', '1.8V', NULL);
INSERT INTO board_test_points (board_revision_id, label, location_desc, expected_voltage, expected_resistance) VALUES (200243, 'PP3V0', 'see boardview', '3.0V', NULL);
INSERT INTO board_nets (board_revision_id, net_name, test_point, expected_value, units) VALUES (200243, 'VBAT / PP_BATT_VCC', 'VBAT', '3.8', 'V');
INSERT INTO board_nets (board_revision_id, net_name, test_point, expected_value, units) VALUES (200243, 'VBUS', 'VBUS_5V', '5.0', 'V');
INSERT INTO board_nets (board_revision_id, net_name, test_point, expected_value, units) VALUES (200243, '1V8', 'PP1V8', '1.8', 'V');
INSERT INTO board_nets (board_revision_id, net_name, test_point, expected_value, units) VALUES (200243, '3V0', 'PP3V0', '3.0', 'V');
INSERT INTO measurements (board_revision_id, kind, test_point, reference_designator, rail_name, power_state, expected_value, measured_value, units, notes, is_known_good) VALUES (200243, 'voltage', 'VBAT', NULL, 'VBAT / PP_BATT_VCC', 'off', '3.8', '3.8', 'V', 'Battery main rail (typically 3.0-4.35V with charge).', 1);
INSERT INTO measurements (board_revision_id, kind, test_point, reference_designator, rail_name, power_state, expected_value, measured_value, units, notes, is_known_good) VALUES (200243, 'voltage', 'VBUS_5V', NULL, 'VBUS', 'on', '5.0', '5.0', 'V', 'USB VBUS when charging.', 1);
INSERT INTO measurements (board_revision_id, kind, test_point, reference_designator, rail_name, power_state, expected_value, measured_value, units, notes, is_known_good) VALUES (200243, 'voltage', 'PP1V8', NULL, '1V8', 'on', '1.8', '1.8', 'V', '1.8V housekeeping rail (typical).', 1);
INSERT INTO measurements (board_revision_id, kind, test_point, reference_designator, rail_name, power_state, expected_value, measured_value, units, notes, is_known_good) VALUES (200243, 'voltage', 'PP3V0', NULL, '3V0', 'on', '3.0', '3.0', 'V', '3.0V rail (typical).', 1);
INSERT INTO board_revisions (id, device_model, revision, layer_count, primary_soc, pmic, notes) VALUES (200244, 'Apple iPad 2', 'Logic Board', NULL, NULL, 'U_PMIC', 'Apple iPad 2 main logic board. Component set and rails are family-typical reference values; confirm exact values against the boardview/schematic for this unit.');
INSERT INTO board_components (board_revision_id, reference_designator, component_type, value, part_number, notes) VALUES (200244, 'J_LCD', 'Connector', NULL, NULL, 'LCD FPC connector');
INSERT INTO board_components (board_revision_id, reference_designator, component_type, value, part_number, notes) VALUES (200244, 'J_DIG', 'Connector', NULL, NULL, 'Digitizer FPC connector');
INSERT INTO board_components (board_revision_id, reference_designator, component_type, value, part_number, notes) VALUES (200244, 'J_BATT', 'Connector', NULL, NULL, 'Battery FPC connector');
INSERT INTO board_components (board_revision_id, reference_designator, component_type, value, part_number, notes) VALUES (200244, 'J_CHG', 'Connector', NULL, NULL, 'Charge port connector');
INSERT INTO board_components (board_revision_id, reference_designator, component_type, value, part_number, notes) VALUES (200244, 'U_PMIC', 'PMIC', NULL, NULL, 'Main power management IC');
INSERT INTO board_components (board_revision_id, reference_designator, component_type, value, part_number, notes) VALUES (200244, 'U_CHG', 'Charging IC', NULL, NULL, 'USB charging IC');
INSERT INTO board_components (board_revision_id, reference_designator, component_type, value, part_number, notes) VALUES (200244, 'U_NAND', 'NAND Flash', NULL, NULL, 'Flash storage');
INSERT INTO board_test_points (board_revision_id, label, location_desc, expected_voltage, expected_resistance) VALUES (200244, 'VBAT', 'see boardview', '3.8V', NULL);
INSERT INTO board_test_points (board_revision_id, label, location_desc, expected_voltage, expected_resistance) VALUES (200244, 'VBUS_5V', 'see boardview', '5.0V', NULL);
INSERT INTO board_test_points (board_revision_id, label, location_desc, expected_voltage, expected_resistance) VALUES (200244, 'PP5V0', 'see boardview', '5.0V', NULL);
INSERT INTO board_test_points (board_revision_id, label, location_desc, expected_voltage, expected_resistance) VALUES (200244, 'PP1V8', 'see boardview', '1.8V', NULL);
INSERT INTO board_test_points (board_revision_id, label, location_desc, expected_voltage, expected_resistance) VALUES (200244, 'PP3V3', 'see boardview', '3.3V', NULL);
INSERT INTO board_nets (board_revision_id, net_name, test_point, expected_value, units) VALUES (200244, 'VBAT / PP_BATT_VCC', 'VBAT', '3.8', 'V');
INSERT INTO board_nets (board_revision_id, net_name, test_point, expected_value, units) VALUES (200244, 'VBUS', 'VBUS_5V', '5.0', 'V');
INSERT INTO board_nets (board_revision_id, net_name, test_point, expected_value, units) VALUES (200244, '5V0', 'PP5V0', '5.0', 'V');
INSERT INTO board_nets (board_revision_id, net_name, test_point, expected_value, units) VALUES (200244, '1V8', 'PP1V8', '1.8', 'V');
INSERT INTO board_nets (board_revision_id, net_name, test_point, expected_value, units) VALUES (200244, '3V3', 'PP3V3', '3.3', 'V');
INSERT INTO measurements (board_revision_id, kind, test_point, reference_designator, rail_name, power_state, expected_value, measured_value, units, notes, is_known_good) VALUES (200244, 'voltage', 'VBAT', NULL, 'VBAT / PP_BATT_VCC', 'off', '3.8', '3.8', 'V', 'Battery main rail (typically 3.0-4.35V with charge).', 1);
INSERT INTO measurements (board_revision_id, kind, test_point, reference_designator, rail_name, power_state, expected_value, measured_value, units, notes, is_known_good) VALUES (200244, 'voltage', 'VBUS_5V', NULL, 'VBUS', 'on', '5.0', '5.0', 'V', 'USB VBUS when charging.', 1);
INSERT INTO measurements (board_revision_id, kind, test_point, reference_designator, rail_name, power_state, expected_value, measured_value, units, notes, is_known_good) VALUES (200244, 'voltage', 'PP5V0', NULL, '5V0', 'on', '5.0', '5.0', 'V', '5V rail (typical).', 1);
INSERT INTO measurements (board_revision_id, kind, test_point, reference_designator, rail_name, power_state, expected_value, measured_value, units, notes, is_known_good) VALUES (200244, 'voltage', 'PP1V8', NULL, '1V8', 'on', '1.8', '1.8', 'V', '1.8V housekeeping rail (typical).', 1);
INSERT INTO measurements (board_revision_id, kind, test_point, reference_designator, rail_name, power_state, expected_value, measured_value, units, notes, is_known_good) VALUES (200244, 'voltage', 'PP3V3', NULL, '3V3', 'on', '3.3', '3.3', 'V', '3.3V rail (typical).', 1);
INSERT INTO board_revisions (id, device_model, revision, layer_count, primary_soc, pmic, notes) VALUES (200245, 'Apple iPad 3', 'Logic Board', NULL, NULL, 'U_PMIC', 'Apple iPad 3 main logic board. Component set and rails are family-typical reference values; confirm exact values against the boardview/schematic for this unit.');
INSERT INTO board_components (board_revision_id, reference_designator, component_type, value, part_number, notes) VALUES (200245, 'J_LCD', 'Connector', NULL, NULL, 'LCD FPC connector');
INSERT INTO board_components (board_revision_id, reference_designator, component_type, value, part_number, notes) VALUES (200245, 'J_DIG', 'Connector', NULL, NULL, 'Digitizer FPC connector');
INSERT INTO board_components (board_revision_id, reference_designator, component_type, value, part_number, notes) VALUES (200245, 'J_BATT', 'Connector', NULL, NULL, 'Battery FPC connector');
INSERT INTO board_components (board_revision_id, reference_designator, component_type, value, part_number, notes) VALUES (200245, 'J_CHG', 'Connector', NULL, NULL, 'Charge port connector');
INSERT INTO board_components (board_revision_id, reference_designator, component_type, value, part_number, notes) VALUES (200245, 'U_PMIC', 'PMIC', NULL, NULL, 'Main power management IC');
INSERT INTO board_components (board_revision_id, reference_designator, component_type, value, part_number, notes) VALUES (200245, 'U_CHG', 'Charging IC', NULL, NULL, 'USB charging IC');
INSERT INTO board_components (board_revision_id, reference_designator, component_type, value, part_number, notes) VALUES (200245, 'U_NAND', 'NAND Flash', NULL, NULL, 'Flash storage');
INSERT INTO board_test_points (board_revision_id, label, location_desc, expected_voltage, expected_resistance) VALUES (200245, 'VBAT', 'see boardview', '3.8V', NULL);
INSERT INTO board_test_points (board_revision_id, label, location_desc, expected_voltage, expected_resistance) VALUES (200245, 'VBUS_5V', 'see boardview', '5.0V', NULL);
INSERT INTO board_test_points (board_revision_id, label, location_desc, expected_voltage, expected_resistance) VALUES (200245, 'PP5V0', 'see boardview', '5.0V', NULL);
INSERT INTO board_test_points (board_revision_id, label, location_desc, expected_voltage, expected_resistance) VALUES (200245, 'PP1V8', 'see boardview', '1.8V', NULL);
INSERT INTO board_test_points (board_revision_id, label, location_desc, expected_voltage, expected_resistance) VALUES (200245, 'PP3V3', 'see boardview', '3.3V', NULL);
INSERT INTO board_nets (board_revision_id, net_name, test_point, expected_value, units) VALUES (200245, 'VBAT / PP_BATT_VCC', 'VBAT', '3.8', 'V');
INSERT INTO board_nets (board_revision_id, net_name, test_point, expected_value, units) VALUES (200245, 'VBUS', 'VBUS_5V', '5.0', 'V');
INSERT INTO board_nets (board_revision_id, net_name, test_point, expected_value, units) VALUES (200245, '5V0', 'PP5V0', '5.0', 'V');
INSERT INTO board_nets (board_revision_id, net_name, test_point, expected_value, units) VALUES (200245, '1V8', 'PP1V8', '1.8', 'V');
INSERT INTO board_nets (board_revision_id, net_name, test_point, expected_value, units) VALUES (200245, '3V3', 'PP3V3', '3.3', 'V');
INSERT INTO measurements (board_revision_id, kind, test_point, reference_designator, rail_name, power_state, expected_value, measured_value, units, notes, is_known_good) VALUES (200245, 'voltage', 'VBAT', NULL, 'VBAT / PP_BATT_VCC', 'off', '3.8', '3.8', 'V', 'Battery main rail (typically 3.0-4.35V with charge).', 1);
INSERT INTO measurements (board_revision_id, kind, test_point, reference_designator, rail_name, power_state, expected_value, measured_value, units, notes, is_known_good) VALUES (200245, 'voltage', 'VBUS_5V', NULL, 'VBUS', 'on', '5.0', '5.0', 'V', 'USB VBUS when charging.', 1);
INSERT INTO measurements (board_revision_id, kind, test_point, reference_designator, rail_name, power_state, expected_value, measured_value, units, notes, is_known_good) VALUES (200245, 'voltage', 'PP5V0', NULL, '5V0', 'on', '5.0', '5.0', 'V', '5V rail (typical).', 1);
INSERT INTO measurements (board_revision_id, kind, test_point, reference_designator, rail_name, power_state, expected_value, measured_value, units, notes, is_known_good) VALUES (200245, 'voltage', 'PP1V8', NULL, '1V8', 'on', '1.8', '1.8', 'V', '1.8V housekeeping rail (typical).', 1);
INSERT INTO measurements (board_revision_id, kind, test_point, reference_designator, rail_name, power_state, expected_value, measured_value, units, notes, is_known_good) VALUES (200245, 'voltage', 'PP3V3', NULL, '3V3', 'on', '3.3', '3.3', 'V', '3.3V rail (typical).', 1);
INSERT INTO board_revisions (id, device_model, revision, layer_count, primary_soc, pmic, notes) VALUES (200246, 'Apple iPad 4', 'Logic Board', NULL, NULL, 'U_PMIC', 'Apple iPad 4 main logic board. Component set and rails are family-typical reference values; confirm exact values against the boardview/schematic for this unit.');
INSERT INTO board_components (board_revision_id, reference_designator, component_type, value, part_number, notes) VALUES (200246, 'J_LCD', 'Connector', NULL, NULL, 'LCD FPC connector');
INSERT INTO board_components (board_revision_id, reference_designator, component_type, value, part_number, notes) VALUES (200246, 'J_DIG', 'Connector', NULL, NULL, 'Digitizer FPC connector');
INSERT INTO board_components (board_revision_id, reference_designator, component_type, value, part_number, notes) VALUES (200246, 'J_BATT', 'Connector', NULL, NULL, 'Battery FPC connector');
INSERT INTO board_components (board_revision_id, reference_designator, component_type, value, part_number, notes) VALUES (200246, 'J_CHG', 'Connector', NULL, NULL, 'Charge port connector');
INSERT INTO board_components (board_revision_id, reference_designator, component_type, value, part_number, notes) VALUES (200246, 'U_PMIC', 'PMIC', NULL, NULL, 'Main power management IC');
INSERT INTO board_components (board_revision_id, reference_designator, component_type, value, part_number, notes) VALUES (200246, 'U_CHG', 'Charging IC', NULL, NULL, 'USB charging IC');
INSERT INTO board_components (board_revision_id, reference_designator, component_type, value, part_number, notes) VALUES (200246, 'U_NAND', 'NAND Flash', NULL, NULL, 'Flash storage');
INSERT INTO board_test_points (board_revision_id, label, location_desc, expected_voltage, expected_resistance) VALUES (200246, 'VBAT', 'see boardview', '3.8V', NULL);
INSERT INTO board_test_points (board_revision_id, label, location_desc, expected_voltage, expected_resistance) VALUES (200246, 'VBUS_5V', 'see boardview', '5.0V', NULL);
INSERT INTO board_test_points (board_revision_id, label, location_desc, expected_voltage, expected_resistance) VALUES (200246, 'PP5V0', 'see boardview', '5.0V', NULL);
INSERT INTO board_test_points (board_revision_id, label, location_desc, expected_voltage, expected_resistance) VALUES (200246, 'PP1V8', 'see boardview', '1.8V', NULL);
INSERT INTO board_test_points (board_revision_id, label, location_desc, expected_voltage, expected_resistance) VALUES (200246, 'PP3V3', 'see boardview', '3.3V', NULL);
INSERT INTO board_nets (board_revision_id, net_name, test_point, expected_value, units) VALUES (200246, 'VBAT / PP_BATT_VCC', 'VBAT', '3.8', 'V');
INSERT INTO board_nets (board_revision_id, net_name, test_point, expected_value, units) VALUES (200246, 'VBUS', 'VBUS_5V', '5.0', 'V');
INSERT INTO board_nets (board_revision_id, net_name, test_point, expected_value, units) VALUES (200246, '5V0', 'PP5V0', '5.0', 'V');
INSERT INTO board_nets (board_revision_id, net_name, test_point, expected_value, units) VALUES (200246, '1V8', 'PP1V8', '1.8', 'V');
INSERT INTO board_nets (board_revision_id, net_name, test_point, expected_value, units) VALUES (200246, '3V3', 'PP3V3', '3.3', 'V');
INSERT INTO measurements (board_revision_id, kind, test_point, reference_designator, rail_name, power_state, expected_value, measured_value, units, notes, is_known_good) VALUES (200246, 'voltage', 'VBAT', NULL, 'VBAT / PP_BATT_VCC', 'off', '3.8', '3.8', 'V', 'Battery main rail (typically 3.0-4.35V with charge).', 1);
INSERT INTO measurements (board_revision_id, kind, test_point, reference_designator, rail_name, power_state, expected_value, measured_value, units, notes, is_known_good) VALUES (200246, 'voltage', 'VBUS_5V', NULL, 'VBUS', 'on', '5.0', '5.0', 'V', 'USB VBUS when charging.', 1);
INSERT INTO measurements (board_revision_id, kind, test_point, reference_designator, rail_name, power_state, expected_value, measured_value, units, notes, is_known_good) VALUES (200246, 'voltage', 'PP5V0', NULL, '5V0', 'on', '5.0', '5.0', 'V', '5V rail (typical).', 1);
INSERT INTO measurements (board_revision_id, kind, test_point, reference_designator, rail_name, power_state, expected_value, measured_value, units, notes, is_known_good) VALUES (200246, 'voltage', 'PP1V8', NULL, '1V8', 'on', '1.8', '1.8', 'V', '1.8V housekeeping rail (typical).', 1);
INSERT INTO measurements (board_revision_id, kind, test_point, reference_designator, rail_name, power_state, expected_value, measured_value, units, notes, is_known_good) VALUES (200246, 'voltage', 'PP3V3', NULL, '3V3', 'on', '3.3', '3.3', 'V', '3.3V rail (typical).', 1);
INSERT INTO board_revisions (id, device_model, revision, layer_count, primary_soc, pmic, notes) VALUES (200247, 'Apple iPad 5 (2017)', 'Logic Board', NULL, NULL, 'U_PMIC', 'Apple iPad 5 (2017) main logic board. Component set and rails are family-typical reference values; confirm exact values against the boardview/schematic for this unit.');
INSERT INTO board_components (board_revision_id, reference_designator, component_type, value, part_number, notes) VALUES (200247, 'J_LCD', 'Connector', NULL, NULL, 'LCD FPC connector');
INSERT INTO board_components (board_revision_id, reference_designator, component_type, value, part_number, notes) VALUES (200247, 'J_DIG', 'Connector', NULL, NULL, 'Digitizer FPC connector');
INSERT INTO board_components (board_revision_id, reference_designator, component_type, value, part_number, notes) VALUES (200247, 'J_BATT', 'Connector', NULL, NULL, 'Battery FPC connector');
INSERT INTO board_components (board_revision_id, reference_designator, component_type, value, part_number, notes) VALUES (200247, 'J_CHG', 'Connector', NULL, NULL, 'Charge port connector');
INSERT INTO board_components (board_revision_id, reference_designator, component_type, value, part_number, notes) VALUES (200247, 'U_PMIC', 'PMIC', NULL, NULL, 'Main power management IC');
INSERT INTO board_components (board_revision_id, reference_designator, component_type, value, part_number, notes) VALUES (200247, 'U_CHG', 'Charging IC', NULL, NULL, 'USB charging IC');
INSERT INTO board_components (board_revision_id, reference_designator, component_type, value, part_number, notes) VALUES (200247, 'U_NAND', 'NAND Flash', NULL, NULL, 'Flash storage');
INSERT INTO board_test_points (board_revision_id, label, location_desc, expected_voltage, expected_resistance) VALUES (200247, 'VBAT', 'see boardview', '3.8V', NULL);
INSERT INTO board_test_points (board_revision_id, label, location_desc, expected_voltage, expected_resistance) VALUES (200247, 'VBUS_5V', 'see boardview', '5.0V', NULL);
INSERT INTO board_test_points (board_revision_id, label, location_desc, expected_voltage, expected_resistance) VALUES (200247, 'PP5V0', 'see boardview', '5.0V', NULL);
INSERT INTO board_test_points (board_revision_id, label, location_desc, expected_voltage, expected_resistance) VALUES (200247, 'PP1V8', 'see boardview', '1.8V', NULL);
INSERT INTO board_test_points (board_revision_id, label, location_desc, expected_voltage, expected_resistance) VALUES (200247, 'PP3V3', 'see boardview', '3.3V', NULL);
INSERT INTO board_nets (board_revision_id, net_name, test_point, expected_value, units) VALUES (200247, 'VBAT / PP_BATT_VCC', 'VBAT', '3.8', 'V');
INSERT INTO board_nets (board_revision_id, net_name, test_point, expected_value, units) VALUES (200247, 'VBUS', 'VBUS_5V', '5.0', 'V');
INSERT INTO board_nets (board_revision_id, net_name, test_point, expected_value, units) VALUES (200247, '5V0', 'PP5V0', '5.0', 'V');
INSERT INTO board_nets (board_revision_id, net_name, test_point, expected_value, units) VALUES (200247, '1V8', 'PP1V8', '1.8', 'V');
INSERT INTO board_nets (board_revision_id, net_name, test_point, expected_value, units) VALUES (200247, '3V3', 'PP3V3', '3.3', 'V');
INSERT INTO measurements (board_revision_id, kind, test_point, reference_designator, rail_name, power_state, expected_value, measured_value, units, notes, is_known_good) VALUES (200247, 'voltage', 'VBAT', NULL, 'VBAT / PP_BATT_VCC', 'off', '3.8', '3.8', 'V', 'Battery main rail (typically 3.0-4.35V with charge).', 1);
INSERT INTO measurements (board_revision_id, kind, test_point, reference_designator, rail_name, power_state, expected_value, measured_value, units, notes, is_known_good) VALUES (200247, 'voltage', 'VBUS_5V', NULL, 'VBUS', 'on', '5.0', '5.0', 'V', 'USB VBUS when charging.', 1);
INSERT INTO measurements (board_revision_id, kind, test_point, reference_designator, rail_name, power_state, expected_value, measured_value, units, notes, is_known_good) VALUES (200247, 'voltage', 'PP5V0', NULL, '5V0', 'on', '5.0', '5.0', 'V', '5V rail (typical).', 1);
INSERT INTO measurements (board_revision_id, kind, test_point, reference_designator, rail_name, power_state, expected_value, measured_value, units, notes, is_known_good) VALUES (200247, 'voltage', 'PP1V8', NULL, '1V8', 'on', '1.8', '1.8', 'V', '1.8V housekeeping rail (typical).', 1);
INSERT INTO measurements (board_revision_id, kind, test_point, reference_designator, rail_name, power_state, expected_value, measured_value, units, notes, is_known_good) VALUES (200247, 'voltage', 'PP3V3', NULL, '3V3', 'on', '3.3', '3.3', 'V', '3.3V rail (typical).', 1);
INSERT INTO board_revisions (id, device_model, revision, layer_count, primary_soc, pmic, notes) VALUES (200248, 'Apple iPad 6 (2018)', 'Logic Board', NULL, NULL, 'U_PMIC', 'Apple iPad 6 (2018) main logic board. Component set and rails are family-typical reference values; confirm exact values against the boardview/schematic for this unit.');
INSERT INTO board_components (board_revision_id, reference_designator, component_type, value, part_number, notes) VALUES (200248, 'J_LCD', 'Connector', NULL, NULL, 'LCD FPC connector');
INSERT INTO board_components (board_revision_id, reference_designator, component_type, value, part_number, notes) VALUES (200248, 'J_DIG', 'Connector', NULL, NULL, 'Digitizer FPC connector');
INSERT INTO board_components (board_revision_id, reference_designator, component_type, value, part_number, notes) VALUES (200248, 'J_BATT', 'Connector', NULL, NULL, 'Battery FPC connector');
INSERT INTO board_components (board_revision_id, reference_designator, component_type, value, part_number, notes) VALUES (200248, 'J_CHG', 'Connector', NULL, NULL, 'Charge port connector');
INSERT INTO board_components (board_revision_id, reference_designator, component_type, value, part_number, notes) VALUES (200248, 'U_PMIC', 'PMIC', NULL, NULL, 'Main power management IC');
INSERT INTO board_components (board_revision_id, reference_designator, component_type, value, part_number, notes) VALUES (200248, 'U_CHG', 'Charging IC', NULL, NULL, 'USB charging IC');
INSERT INTO board_components (board_revision_id, reference_designator, component_type, value, part_number, notes) VALUES (200248, 'U_NAND', 'NAND Flash', NULL, NULL, 'Flash storage');
INSERT INTO board_test_points (board_revision_id, label, location_desc, expected_voltage, expected_resistance) VALUES (200248, 'VBAT', 'see boardview', '3.8V', NULL);
INSERT INTO board_test_points (board_revision_id, label, location_desc, expected_voltage, expected_resistance) VALUES (200248, 'VBUS_5V', 'see boardview', '5.0V', NULL);
INSERT INTO board_test_points (board_revision_id, label, location_desc, expected_voltage, expected_resistance) VALUES (200248, 'PP5V0', 'see boardview', '5.0V', NULL);
INSERT INTO board_test_points (board_revision_id, label, location_desc, expected_voltage, expected_resistance) VALUES (200248, 'PP1V8', 'see boardview', '1.8V', NULL);
INSERT INTO board_test_points (board_revision_id, label, location_desc, expected_voltage, expected_resistance) VALUES (200248, 'PP3V3', 'see boardview', '3.3V', NULL);
INSERT INTO board_nets (board_revision_id, net_name, test_point, expected_value, units) VALUES (200248, 'VBAT / PP_BATT_VCC', 'VBAT', '3.8', 'V');
INSERT INTO board_nets (board_revision_id, net_name, test_point, expected_value, units) VALUES (200248, 'VBUS', 'VBUS_5V', '5.0', 'V');
INSERT INTO board_nets (board_revision_id, net_name, test_point, expected_value, units) VALUES (200248, '5V0', 'PP5V0', '5.0', 'V');
INSERT INTO board_nets (board_revision_id, net_name, test_point, expected_value, units) VALUES (200248, '1V8', 'PP1V8', '1.8', 'V');
INSERT INTO board_nets (board_revision_id, net_name, test_point, expected_value, units) VALUES (200248, '3V3', 'PP3V3', '3.3', 'V');
INSERT INTO measurements (board_revision_id, kind, test_point, reference_designator, rail_name, power_state, expected_value, measured_value, units, notes, is_known_good) VALUES (200248, 'voltage', 'VBAT', NULL, 'VBAT / PP_BATT_VCC', 'off', '3.8', '3.8', 'V', 'Battery main rail (typically 3.0-4.35V with charge).', 1);
INSERT INTO measurements (board_revision_id, kind, test_point, reference_designator, rail_name, power_state, expected_value, measured_value, units, notes, is_known_good) VALUES (200248, 'voltage', 'VBUS_5V', NULL, 'VBUS', 'on', '5.0', '5.0', 'V', 'USB VBUS when charging.', 1);
INSERT INTO measurements (board_revision_id, kind, test_point, reference_designator, rail_name, power_state, expected_value, measured_value, units, notes, is_known_good) VALUES (200248, 'voltage', 'PP5V0', NULL, '5V0', 'on', '5.0', '5.0', 'V', '5V rail (typical).', 1);
INSERT INTO measurements (board_revision_id, kind, test_point, reference_designator, rail_name, power_state, expected_value, measured_value, units, notes, is_known_good) VALUES (200248, 'voltage', 'PP1V8', NULL, '1V8', 'on', '1.8', '1.8', 'V', '1.8V housekeeping rail (typical).', 1);
INSERT INTO measurements (board_revision_id, kind, test_point, reference_designator, rail_name, power_state, expected_value, measured_value, units, notes, is_known_good) VALUES (200248, 'voltage', 'PP3V3', NULL, '3V3', 'on', '3.3', '3.3', 'V', '3.3V rail (typical).', 1);
INSERT INTO board_revisions (id, device_model, revision, layer_count, primary_soc, pmic, notes) VALUES (200249, 'Apple iPad 7 (2019)', 'Logic Board', NULL, NULL, 'U_PMIC', 'Apple iPad 7 (2019) main logic board. Component set and rails are family-typical reference values; confirm exact values against the boardview/schematic for this unit.');
INSERT INTO board_components (board_revision_id, reference_designator, component_type, value, part_number, notes) VALUES (200249, 'J_LCD', 'Connector', NULL, NULL, 'LCD FPC connector');
INSERT INTO board_components (board_revision_id, reference_designator, component_type, value, part_number, notes) VALUES (200249, 'J_DIG', 'Connector', NULL, NULL, 'Digitizer FPC connector');
INSERT INTO board_components (board_revision_id, reference_designator, component_type, value, part_number, notes) VALUES (200249, 'J_BATT', 'Connector', NULL, NULL, 'Battery FPC connector');
INSERT INTO board_components (board_revision_id, reference_designator, component_type, value, part_number, notes) VALUES (200249, 'J_CHG', 'Connector', NULL, NULL, 'Charge port connector');
INSERT INTO board_components (board_revision_id, reference_designator, component_type, value, part_number, notes) VALUES (200249, 'U_PMIC', 'PMIC', NULL, NULL, 'Main power management IC');
INSERT INTO board_components (board_revision_id, reference_designator, component_type, value, part_number, notes) VALUES (200249, 'U_CHG', 'Charging IC', NULL, NULL, 'USB charging IC');
INSERT INTO board_components (board_revision_id, reference_designator, component_type, value, part_number, notes) VALUES (200249, 'U_NAND', 'NAND Flash', NULL, NULL, 'Flash storage');
INSERT INTO board_test_points (board_revision_id, label, location_desc, expected_voltage, expected_resistance) VALUES (200249, 'VBAT', 'see boardview', '3.8V', NULL);
INSERT INTO board_test_points (board_revision_id, label, location_desc, expected_voltage, expected_resistance) VALUES (200249, 'VBUS_5V', 'see boardview', '5.0V', NULL);
INSERT INTO board_test_points (board_revision_id, label, location_desc, expected_voltage, expected_resistance) VALUES (200249, 'PP5V0', 'see boardview', '5.0V', NULL);
INSERT INTO board_test_points (board_revision_id, label, location_desc, expected_voltage, expected_resistance) VALUES (200249, 'PP1V8', 'see boardview', '1.8V', NULL);
INSERT INTO board_test_points (board_revision_id, label, location_desc, expected_voltage, expected_resistance) VALUES (200249, 'PP3V3', 'see boardview', '3.3V', NULL);
INSERT INTO board_nets (board_revision_id, net_name, test_point, expected_value, units) VALUES (200249, 'VBAT / PP_BATT_VCC', 'VBAT', '3.8', 'V');
INSERT INTO board_nets (board_revision_id, net_name, test_point, expected_value, units) VALUES (200249, 'VBUS', 'VBUS_5V', '5.0', 'V');
INSERT INTO board_nets (board_revision_id, net_name, test_point, expected_value, units) VALUES (200249, '5V0', 'PP5V0', '5.0', 'V');
INSERT INTO board_nets (board_revision_id, net_name, test_point, expected_value, units) VALUES (200249, '1V8', 'PP1V8', '1.8', 'V');
INSERT INTO board_nets (board_revision_id, net_name, test_point, expected_value, units) VALUES (200249, '3V3', 'PP3V3', '3.3', 'V');
INSERT INTO measurements (board_revision_id, kind, test_point, reference_designator, rail_name, power_state, expected_value, measured_value, units, notes, is_known_good) VALUES (200249, 'voltage', 'VBAT', NULL, 'VBAT / PP_BATT_VCC', 'off', '3.8', '3.8', 'V', 'Battery main rail (typically 3.0-4.35V with charge).', 1);
INSERT INTO measurements (board_revision_id, kind, test_point, reference_designator, rail_name, power_state, expected_value, measured_value, units, notes, is_known_good) VALUES (200249, 'voltage', 'VBUS_5V', NULL, 'VBUS', 'on', '5.0', '5.0', 'V', 'USB VBUS when charging.', 1);
INSERT INTO measurements (board_revision_id, kind, test_point, reference_designator, rail_name, power_state, expected_value, measured_value, units, notes, is_known_good) VALUES (200249, 'voltage', 'PP5V0', NULL, '5V0', 'on', '5.0', '5.0', 'V', '5V rail (typical).', 1);
INSERT INTO measurements (board_revision_id, kind, test_point, reference_designator, rail_name, power_state, expected_value, measured_value, units, notes, is_known_good) VALUES (200249, 'voltage', 'PP1V8', NULL, '1V8', 'on', '1.8', '1.8', 'V', '1.8V housekeeping rail (typical).', 1);
INSERT INTO measurements (board_revision_id, kind, test_point, reference_designator, rail_name, power_state, expected_value, measured_value, units, notes, is_known_good) VALUES (200249, 'voltage', 'PP3V3', NULL, '3V3', 'on', '3.3', '3.3', 'V', '3.3V rail (typical).', 1);
INSERT INTO board_revisions (id, device_model, revision, layer_count, primary_soc, pmic, notes) VALUES (200250, 'Apple iPad 8 (2020)', 'Logic Board', NULL, NULL, 'U_PMIC', 'Apple iPad 8 (2020) main logic board. Component set and rails are family-typical reference values; confirm exact values against the boardview/schematic for this unit.');
INSERT INTO board_components (board_revision_id, reference_designator, component_type, value, part_number, notes) VALUES (200250, 'J_LCD', 'Connector', NULL, NULL, 'LCD FPC connector');
INSERT INTO board_components (board_revision_id, reference_designator, component_type, value, part_number, notes) VALUES (200250, 'J_DIG', 'Connector', NULL, NULL, 'Digitizer FPC connector');
INSERT INTO board_components (board_revision_id, reference_designator, component_type, value, part_number, notes) VALUES (200250, 'J_BATT', 'Connector', NULL, NULL, 'Battery FPC connector');
INSERT INTO board_components (board_revision_id, reference_designator, component_type, value, part_number, notes) VALUES (200250, 'J_CHG', 'Connector', NULL, NULL, 'Charge port connector');
INSERT INTO board_components (board_revision_id, reference_designator, component_type, value, part_number, notes) VALUES (200250, 'U_PMIC', 'PMIC', NULL, NULL, 'Main power management IC');
INSERT INTO board_components (board_revision_id, reference_designator, component_type, value, part_number, notes) VALUES (200250, 'U_CHG', 'Charging IC', NULL, NULL, 'USB charging IC');
INSERT INTO board_components (board_revision_id, reference_designator, component_type, value, part_number, notes) VALUES (200250, 'U_NAND', 'NAND Flash', NULL, NULL, 'Flash storage');
INSERT INTO board_test_points (board_revision_id, label, location_desc, expected_voltage, expected_resistance) VALUES (200250, 'VBAT', 'see boardview', '3.8V', NULL);
INSERT INTO board_test_points (board_revision_id, label, location_desc, expected_voltage, expected_resistance) VALUES (200250, 'VBUS_5V', 'see boardview', '5.0V', NULL);
INSERT INTO board_test_points (board_revision_id, label, location_desc, expected_voltage, expected_resistance) VALUES (200250, 'PP5V0', 'see boardview', '5.0V', NULL);
INSERT INTO board_test_points (board_revision_id, label, location_desc, expected_voltage, expected_resistance) VALUES (200250, 'PP1V8', 'see boardview', '1.8V', NULL);
INSERT INTO board_test_points (board_revision_id, label, location_desc, expected_voltage, expected_resistance) VALUES (200250, 'PP3V3', 'see boardview', '3.3V', NULL);
INSERT INTO board_nets (board_revision_id, net_name, test_point, expected_value, units) VALUES (200250, 'VBAT / PP_BATT_VCC', 'VBAT', '3.8', 'V');
INSERT INTO board_nets (board_revision_id, net_name, test_point, expected_value, units) VALUES (200250, 'VBUS', 'VBUS_5V', '5.0', 'V');
INSERT INTO board_nets (board_revision_id, net_name, test_point, expected_value, units) VALUES (200250, '5V0', 'PP5V0', '5.0', 'V');
INSERT INTO board_nets (board_revision_id, net_name, test_point, expected_value, units) VALUES (200250, '1V8', 'PP1V8', '1.8', 'V');
INSERT INTO board_nets (board_revision_id, net_name, test_point, expected_value, units) VALUES (200250, '3V3', 'PP3V3', '3.3', 'V');
INSERT INTO measurements (board_revision_id, kind, test_point, reference_designator, rail_name, power_state, expected_value, measured_value, units, notes, is_known_good) VALUES (200250, 'voltage', 'VBAT', NULL, 'VBAT / PP_BATT_VCC', 'off', '3.8', '3.8', 'V', 'Battery main rail (typically 3.0-4.35V with charge).', 1);
INSERT INTO measurements (board_revision_id, kind, test_point, reference_designator, rail_name, power_state, expected_value, measured_value, units, notes, is_known_good) VALUES (200250, 'voltage', 'VBUS_5V', NULL, 'VBUS', 'on', '5.0', '5.0', 'V', 'USB VBUS when charging.', 1);
INSERT INTO measurements (board_revision_id, kind, test_point, reference_designator, rail_name, power_state, expected_value, measured_value, units, notes, is_known_good) VALUES (200250, 'voltage', 'PP5V0', NULL, '5V0', 'on', '5.0', '5.0', 'V', '5V rail (typical).', 1);
INSERT INTO measurements (board_revision_id, kind, test_point, reference_designator, rail_name, power_state, expected_value, measured_value, units, notes, is_known_good) VALUES (200250, 'voltage', 'PP1V8', NULL, '1V8', 'on', '1.8', '1.8', 'V', '1.8V housekeeping rail (typical).', 1);
INSERT INTO measurements (board_revision_id, kind, test_point, reference_designator, rail_name, power_state, expected_value, measured_value, units, notes, is_known_good) VALUES (200250, 'voltage', 'PP3V3', NULL, '3V3', 'on', '3.3', '3.3', 'V', '3.3V rail (typical).', 1);
INSERT INTO board_revisions (id, device_model, revision, layer_count, primary_soc, pmic, notes) VALUES (200251, 'Apple iPad 9 (2021)', 'Logic Board', NULL, NULL, 'U_PMIC', 'Apple iPad 9 (2021) main logic board. Component set and rails are family-typical reference values; confirm exact values against the boardview/schematic for this unit.');
INSERT INTO board_components (board_revision_id, reference_designator, component_type, value, part_number, notes) VALUES (200251, 'J_LCD', 'Connector', NULL, NULL, 'LCD FPC connector');
INSERT INTO board_components (board_revision_id, reference_designator, component_type, value, part_number, notes) VALUES (200251, 'J_DIG', 'Connector', NULL, NULL, 'Digitizer FPC connector');
INSERT INTO board_components (board_revision_id, reference_designator, component_type, value, part_number, notes) VALUES (200251, 'J_BATT', 'Connector', NULL, NULL, 'Battery FPC connector');
INSERT INTO board_components (board_revision_id, reference_designator, component_type, value, part_number, notes) VALUES (200251, 'J_CHG', 'Connector', NULL, NULL, 'Charge port connector');
INSERT INTO board_components (board_revision_id, reference_designator, component_type, value, part_number, notes) VALUES (200251, 'U_PMIC', 'PMIC', NULL, NULL, 'Main power management IC');
INSERT INTO board_components (board_revision_id, reference_designator, component_type, value, part_number, notes) VALUES (200251, 'U_CHG', 'Charging IC', NULL, NULL, 'USB charging IC');
INSERT INTO board_components (board_revision_id, reference_designator, component_type, value, part_number, notes) VALUES (200251, 'U_NAND', 'NAND Flash', NULL, NULL, 'Flash storage');
INSERT INTO board_test_points (board_revision_id, label, location_desc, expected_voltage, expected_resistance) VALUES (200251, 'VBAT', 'see boardview', '3.8V', NULL);
INSERT INTO board_test_points (board_revision_id, label, location_desc, expected_voltage, expected_resistance) VALUES (200251, 'VBUS_5V', 'see boardview', '5.0V', NULL);
INSERT INTO board_test_points (board_revision_id, label, location_desc, expected_voltage, expected_resistance) VALUES (200251, 'PP5V0', 'see boardview', '5.0V', NULL);
INSERT INTO board_test_points (board_revision_id, label, location_desc, expected_voltage, expected_resistance) VALUES (200251, 'PP1V8', 'see boardview', '1.8V', NULL);
INSERT INTO board_test_points (board_revision_id, label, location_desc, expected_voltage, expected_resistance) VALUES (200251, 'PP3V3', 'see boardview', '3.3V', NULL);
INSERT INTO board_nets (board_revision_id, net_name, test_point, expected_value, units) VALUES (200251, 'VBAT / PP_BATT_VCC', 'VBAT', '3.8', 'V');
INSERT INTO board_nets (board_revision_id, net_name, test_point, expected_value, units) VALUES (200251, 'VBUS', 'VBUS_5V', '5.0', 'V');
INSERT INTO board_nets (board_revision_id, net_name, test_point, expected_value, units) VALUES (200251, '5V0', 'PP5V0', '5.0', 'V');
INSERT INTO board_nets (board_revision_id, net_name, test_point, expected_value, units) VALUES (200251, '1V8', 'PP1V8', '1.8', 'V');
INSERT INTO board_nets (board_revision_id, net_name, test_point, expected_value, units) VALUES (200251, '3V3', 'PP3V3', '3.3', 'V');
INSERT INTO measurements (board_revision_id, kind, test_point, reference_designator, rail_name, power_state, expected_value, measured_value, units, notes, is_known_good) VALUES (200251, 'voltage', 'VBAT', NULL, 'VBAT / PP_BATT_VCC', 'off', '3.8', '3.8', 'V', 'Battery main rail (typically 3.0-4.35V with charge).', 1);
INSERT INTO measurements (board_revision_id, kind, test_point, reference_designator, rail_name, power_state, expected_value, measured_value, units, notes, is_known_good) VALUES (200251, 'voltage', 'VBUS_5V', NULL, 'VBUS', 'on', '5.0', '5.0', 'V', 'USB VBUS when charging.', 1);
INSERT INTO measurements (board_revision_id, kind, test_point, reference_designator, rail_name, power_state, expected_value, measured_value, units, notes, is_known_good) VALUES (200251, 'voltage', 'PP5V0', NULL, '5V0', 'on', '5.0', '5.0', 'V', '5V rail (typical).', 1);
INSERT INTO measurements (board_revision_id, kind, test_point, reference_designator, rail_name, power_state, expected_value, measured_value, units, notes, is_known_good) VALUES (200251, 'voltage', 'PP1V8', NULL, '1V8', 'on', '1.8', '1.8', 'V', '1.8V housekeeping rail (typical).', 1);
INSERT INTO measurements (board_revision_id, kind, test_point, reference_designator, rail_name, power_state, expected_value, measured_value, units, notes, is_known_good) VALUES (200251, 'voltage', 'PP3V3', NULL, '3V3', 'on', '3.3', '3.3', 'V', '3.3V rail (typical).', 1);
INSERT INTO board_revisions (id, device_model, revision, layer_count, primary_soc, pmic, notes) VALUES (200252, 'Apple iPad 10 (2022)', 'Logic Board', NULL, NULL, 'U_PMIC', 'Apple iPad 10 (2022) main logic board. Component set and rails are family-typical reference values; confirm exact values against the boardview/schematic for this unit.');
INSERT INTO board_components (board_revision_id, reference_designator, component_type, value, part_number, notes) VALUES (200252, 'J_LCD', 'Connector', NULL, NULL, 'LCD FPC connector');
INSERT INTO board_components (board_revision_id, reference_designator, component_type, value, part_number, notes) VALUES (200252, 'J_DIG', 'Connector', NULL, NULL, 'Digitizer FPC connector');
INSERT INTO board_components (board_revision_id, reference_designator, component_type, value, part_number, notes) VALUES (200252, 'J_BATT', 'Connector', NULL, NULL, 'Battery FPC connector');
INSERT INTO board_components (board_revision_id, reference_designator, component_type, value, part_number, notes) VALUES (200252, 'J_CHG', 'Connector', NULL, NULL, 'Charge port connector');
INSERT INTO board_components (board_revision_id, reference_designator, component_type, value, part_number, notes) VALUES (200252, 'U_PMIC', 'PMIC', NULL, NULL, 'Main power management IC');
INSERT INTO board_components (board_revision_id, reference_designator, component_type, value, part_number, notes) VALUES (200252, 'U_CHG', 'Charging IC', NULL, NULL, 'USB charging IC');
INSERT INTO board_components (board_revision_id, reference_designator, component_type, value, part_number, notes) VALUES (200252, 'U_NAND', 'NAND Flash', NULL, NULL, 'Flash storage');
INSERT INTO board_test_points (board_revision_id, label, location_desc, expected_voltage, expected_resistance) VALUES (200252, 'VBAT', 'see boardview', '3.8V', NULL);
INSERT INTO board_test_points (board_revision_id, label, location_desc, expected_voltage, expected_resistance) VALUES (200252, 'VBUS_5V', 'see boardview', '5.0V', NULL);
INSERT INTO board_test_points (board_revision_id, label, location_desc, expected_voltage, expected_resistance) VALUES (200252, 'PP5V0', 'see boardview', '5.0V', NULL);
INSERT INTO board_test_points (board_revision_id, label, location_desc, expected_voltage, expected_resistance) VALUES (200252, 'PP1V8', 'see boardview', '1.8V', NULL);
INSERT INTO board_test_points (board_revision_id, label, location_desc, expected_voltage, expected_resistance) VALUES (200252, 'PP3V3', 'see boardview', '3.3V', NULL);
INSERT INTO board_nets (board_revision_id, net_name, test_point, expected_value, units) VALUES (200252, 'VBAT / PP_BATT_VCC', 'VBAT', '3.8', 'V');
INSERT INTO board_nets (board_revision_id, net_name, test_point, expected_value, units) VALUES (200252, 'VBUS', 'VBUS_5V', '5.0', 'V');
INSERT INTO board_nets (board_revision_id, net_name, test_point, expected_value, units) VALUES (200252, '5V0', 'PP5V0', '5.0', 'V');
INSERT INTO board_nets (board_revision_id, net_name, test_point, expected_value, units) VALUES (200252, '1V8', 'PP1V8', '1.8', 'V');
INSERT INTO board_nets (board_revision_id, net_name, test_point, expected_value, units) VALUES (200252, '3V3', 'PP3V3', '3.3', 'V');
INSERT INTO measurements (board_revision_id, kind, test_point, reference_designator, rail_name, power_state, expected_value, measured_value, units, notes, is_known_good) VALUES (200252, 'voltage', 'VBAT', NULL, 'VBAT / PP_BATT_VCC', 'off', '3.8', '3.8', 'V', 'Battery main rail (typically 3.0-4.35V with charge).', 1);
INSERT INTO measurements (board_revision_id, kind, test_point, reference_designator, rail_name, power_state, expected_value, measured_value, units, notes, is_known_good) VALUES (200252, 'voltage', 'VBUS_5V', NULL, 'VBUS', 'on', '5.0', '5.0', 'V', 'USB VBUS when charging.', 1);
INSERT INTO measurements (board_revision_id, kind, test_point, reference_designator, rail_name, power_state, expected_value, measured_value, units, notes, is_known_good) VALUES (200252, 'voltage', 'PP5V0', NULL, '5V0', 'on', '5.0', '5.0', 'V', '5V rail (typical).', 1);
INSERT INTO measurements (board_revision_id, kind, test_point, reference_designator, rail_name, power_state, expected_value, measured_value, units, notes, is_known_good) VALUES (200252, 'voltage', 'PP1V8', NULL, '1V8', 'on', '1.8', '1.8', 'V', '1.8V housekeeping rail (typical).', 1);
INSERT INTO measurements (board_revision_id, kind, test_point, reference_designator, rail_name, power_state, expected_value, measured_value, units, notes, is_known_good) VALUES (200252, 'voltage', 'PP3V3', NULL, '3V3', 'on', '3.3', '3.3', 'V', '3.3V rail (typical).', 1);
INSERT INTO board_revisions (id, device_model, revision, layer_count, primary_soc, pmic, notes) VALUES (200253, 'Apple iPad mini', 'Logic Board', NULL, NULL, 'U_PMIC', 'Apple iPad mini main logic board. Component set and rails are family-typical reference values; confirm exact values against the boardview/schematic for this unit.');
INSERT INTO board_components (board_revision_id, reference_designator, component_type, value, part_number, notes) VALUES (200253, 'J_LCD', 'Connector', NULL, NULL, 'LCD FPC connector');
INSERT INTO board_components (board_revision_id, reference_designator, component_type, value, part_number, notes) VALUES (200253, 'J_DIG', 'Connector', NULL, NULL, 'Digitizer FPC connector');
INSERT INTO board_components (board_revision_id, reference_designator, component_type, value, part_number, notes) VALUES (200253, 'J_BATT', 'Connector', NULL, NULL, 'Battery FPC connector');
INSERT INTO board_components (board_revision_id, reference_designator, component_type, value, part_number, notes) VALUES (200253, 'J_CHG', 'Connector', NULL, NULL, 'Charge port connector');
INSERT INTO board_components (board_revision_id, reference_designator, component_type, value, part_number, notes) VALUES (200253, 'U_PMIC', 'PMIC', NULL, NULL, 'Main power management IC');
INSERT INTO board_components (board_revision_id, reference_designator, component_type, value, part_number, notes) VALUES (200253, 'U_CHG', 'Charging IC', NULL, NULL, 'USB charging IC');
INSERT INTO board_components (board_revision_id, reference_designator, component_type, value, part_number, notes) VALUES (200253, 'U_NAND', 'NAND Flash', NULL, NULL, 'Flash storage');
INSERT INTO board_test_points (board_revision_id, label, location_desc, expected_voltage, expected_resistance) VALUES (200253, 'VBAT', 'see boardview', '3.8V', NULL);
INSERT INTO board_test_points (board_revision_id, label, location_desc, expected_voltage, expected_resistance) VALUES (200253, 'VBUS_5V', 'see boardview', '5.0V', NULL);
INSERT INTO board_test_points (board_revision_id, label, location_desc, expected_voltage, expected_resistance) VALUES (200253, 'PP5V0', 'see boardview', '5.0V', NULL);
INSERT INTO board_test_points (board_revision_id, label, location_desc, expected_voltage, expected_resistance) VALUES (200253, 'PP1V8', 'see boardview', '1.8V', NULL);
INSERT INTO board_test_points (board_revision_id, label, location_desc, expected_voltage, expected_resistance) VALUES (200253, 'PP3V3', 'see boardview', '3.3V', NULL);
INSERT INTO board_nets (board_revision_id, net_name, test_point, expected_value, units) VALUES (200253, 'VBAT / PP_BATT_VCC', 'VBAT', '3.8', 'V');
INSERT INTO board_nets (board_revision_id, net_name, test_point, expected_value, units) VALUES (200253, 'VBUS', 'VBUS_5V', '5.0', 'V');
INSERT INTO board_nets (board_revision_id, net_name, test_point, expected_value, units) VALUES (200253, '5V0', 'PP5V0', '5.0', 'V');
INSERT INTO board_nets (board_revision_id, net_name, test_point, expected_value, units) VALUES (200253, '1V8', 'PP1V8', '1.8', 'V');
INSERT INTO board_nets (board_revision_id, net_name, test_point, expected_value, units) VALUES (200253, '3V3', 'PP3V3', '3.3', 'V');
INSERT INTO measurements (board_revision_id, kind, test_point, reference_designator, rail_name, power_state, expected_value, measured_value, units, notes, is_known_good) VALUES (200253, 'voltage', 'VBAT', NULL, 'VBAT / PP_BATT_VCC', 'off', '3.8', '3.8', 'V', 'Battery main rail (typically 3.0-4.35V with charge).', 1);
INSERT INTO measurements (board_revision_id, kind, test_point, reference_designator, rail_name, power_state, expected_value, measured_value, units, notes, is_known_good) VALUES (200253, 'voltage', 'VBUS_5V', NULL, 'VBUS', 'on', '5.0', '5.0', 'V', 'USB VBUS when charging.', 1);
INSERT INTO measurements (board_revision_id, kind, test_point, reference_designator, rail_name, power_state, expected_value, measured_value, units, notes, is_known_good) VALUES (200253, 'voltage', 'PP5V0', NULL, '5V0', 'on', '5.0', '5.0', 'V', '5V rail (typical).', 1);
INSERT INTO measurements (board_revision_id, kind, test_point, reference_designator, rail_name, power_state, expected_value, measured_value, units, notes, is_known_good) VALUES (200253, 'voltage', 'PP1V8', NULL, '1V8', 'on', '1.8', '1.8', 'V', '1.8V housekeeping rail (typical).', 1);
INSERT INTO measurements (board_revision_id, kind, test_point, reference_designator, rail_name, power_state, expected_value, measured_value, units, notes, is_known_good) VALUES (200253, 'voltage', 'PP3V3', NULL, '3V3', 'on', '3.3', '3.3', 'V', '3.3V rail (typical).', 1);
INSERT INTO board_revisions (id, device_model, revision, layer_count, primary_soc, pmic, notes) VALUES (200254, 'Apple iPad mini 2', 'Logic Board', NULL, NULL, 'U_PMIC', 'Apple iPad mini 2 main logic board. Component set and rails are family-typical reference values; confirm exact values against the boardview/schematic for this unit.');
INSERT INTO board_components (board_revision_id, reference_designator, component_type, value, part_number, notes) VALUES (200254, 'J_LCD', 'Connector', NULL, NULL, 'LCD FPC connector');
INSERT INTO board_components (board_revision_id, reference_designator, component_type, value, part_number, notes) VALUES (200254, 'J_DIG', 'Connector', NULL, NULL, 'Digitizer FPC connector');
INSERT INTO board_components (board_revision_id, reference_designator, component_type, value, part_number, notes) VALUES (200254, 'J_BATT', 'Connector', NULL, NULL, 'Battery FPC connector');
INSERT INTO board_components (board_revision_id, reference_designator, component_type, value, part_number, notes) VALUES (200254, 'J_CHG', 'Connector', NULL, NULL, 'Charge port connector');
INSERT INTO board_components (board_revision_id, reference_designator, component_type, value, part_number, notes) VALUES (200254, 'U_PMIC', 'PMIC', NULL, NULL, 'Main power management IC');
INSERT INTO board_components (board_revision_id, reference_designator, component_type, value, part_number, notes) VALUES (200254, 'U_CHG', 'Charging IC', NULL, NULL, 'USB charging IC');
INSERT INTO board_components (board_revision_id, reference_designator, component_type, value, part_number, notes) VALUES (200254, 'U_NAND', 'NAND Flash', NULL, NULL, 'Flash storage');
INSERT INTO board_test_points (board_revision_id, label, location_desc, expected_voltage, expected_resistance) VALUES (200254, 'VBAT', 'see boardview', '3.8V', NULL);
INSERT INTO board_test_points (board_revision_id, label, location_desc, expected_voltage, expected_resistance) VALUES (200254, 'VBUS_5V', 'see boardview', '5.0V', NULL);
INSERT INTO board_test_points (board_revision_id, label, location_desc, expected_voltage, expected_resistance) VALUES (200254, 'PP5V0', 'see boardview', '5.0V', NULL);
INSERT INTO board_test_points (board_revision_id, label, location_desc, expected_voltage, expected_resistance) VALUES (200254, 'PP1V8', 'see boardview', '1.8V', NULL);
INSERT INTO board_test_points (board_revision_id, label, location_desc, expected_voltage, expected_resistance) VALUES (200254, 'PP3V3', 'see boardview', '3.3V', NULL);
INSERT INTO board_nets (board_revision_id, net_name, test_point, expected_value, units) VALUES (200254, 'VBAT / PP_BATT_VCC', 'VBAT', '3.8', 'V');
INSERT INTO board_nets (board_revision_id, net_name, test_point, expected_value, units) VALUES (200254, 'VBUS', 'VBUS_5V', '5.0', 'V');
INSERT INTO board_nets (board_revision_id, net_name, test_point, expected_value, units) VALUES (200254, '5V0', 'PP5V0', '5.0', 'V');
INSERT INTO board_nets (board_revision_id, net_name, test_point, expected_value, units) VALUES (200254, '1V8', 'PP1V8', '1.8', 'V');
INSERT INTO board_nets (board_revision_id, net_name, test_point, expected_value, units) VALUES (200254, '3V3', 'PP3V3', '3.3', 'V');
INSERT INTO measurements (board_revision_id, kind, test_point, reference_designator, rail_name, power_state, expected_value, measured_value, units, notes, is_known_good) VALUES (200254, 'voltage', 'VBAT', NULL, 'VBAT / PP_BATT_VCC', 'off', '3.8', '3.8', 'V', 'Battery main rail (typically 3.0-4.35V with charge).', 1);
INSERT INTO measurements (board_revision_id, kind, test_point, reference_designator, rail_name, power_state, expected_value, measured_value, units, notes, is_known_good) VALUES (200254, 'voltage', 'VBUS_5V', NULL, 'VBUS', 'on', '5.0', '5.0', 'V', 'USB VBUS when charging.', 1);
INSERT INTO measurements (board_revision_id, kind, test_point, reference_designator, rail_name, power_state, expected_value, measured_value, units, notes, is_known_good) VALUES (200254, 'voltage', 'PP5V0', NULL, '5V0', 'on', '5.0', '5.0', 'V', '5V rail (typical).', 1);
INSERT INTO measurements (board_revision_id, kind, test_point, reference_designator, rail_name, power_state, expected_value, measured_value, units, notes, is_known_good) VALUES (200254, 'voltage', 'PP1V8', NULL, '1V8', 'on', '1.8', '1.8', 'V', '1.8V housekeeping rail (typical).', 1);
INSERT INTO measurements (board_revision_id, kind, test_point, reference_designator, rail_name, power_state, expected_value, measured_value, units, notes, is_known_good) VALUES (200254, 'voltage', 'PP3V3', NULL, '3V3', 'on', '3.3', '3.3', 'V', '3.3V rail (typical).', 1);
INSERT INTO board_revisions (id, device_model, revision, layer_count, primary_soc, pmic, notes) VALUES (200255, 'Apple iPad mini 3', 'Logic Board', NULL, NULL, 'U_PMIC', 'Apple iPad mini 3 main logic board. Component set and rails are family-typical reference values; confirm exact values against the boardview/schematic for this unit.');
INSERT INTO board_components (board_revision_id, reference_designator, component_type, value, part_number, notes) VALUES (200255, 'J_LCD', 'Connector', NULL, NULL, 'LCD FPC connector');
INSERT INTO board_components (board_revision_id, reference_designator, component_type, value, part_number, notes) VALUES (200255, 'J_DIG', 'Connector', NULL, NULL, 'Digitizer FPC connector');
INSERT INTO board_components (board_revision_id, reference_designator, component_type, value, part_number, notes) VALUES (200255, 'J_BATT', 'Connector', NULL, NULL, 'Battery FPC connector');
INSERT INTO board_components (board_revision_id, reference_designator, component_type, value, part_number, notes) VALUES (200255, 'J_CHG', 'Connector', NULL, NULL, 'Charge port connector');
INSERT INTO board_components (board_revision_id, reference_designator, component_type, value, part_number, notes) VALUES (200255, 'U_PMIC', 'PMIC', NULL, NULL, 'Main power management IC');
INSERT INTO board_components (board_revision_id, reference_designator, component_type, value, part_number, notes) VALUES (200255, 'U_CHG', 'Charging IC', NULL, NULL, 'USB charging IC');
INSERT INTO board_components (board_revision_id, reference_designator, component_type, value, part_number, notes) VALUES (200255, 'U_NAND', 'NAND Flash', NULL, NULL, 'Flash storage');
INSERT INTO board_test_points (board_revision_id, label, location_desc, expected_voltage, expected_resistance) VALUES (200255, 'VBAT', 'see boardview', '3.8V', NULL);
INSERT INTO board_test_points (board_revision_id, label, location_desc, expected_voltage, expected_resistance) VALUES (200255, 'VBUS_5V', 'see boardview', '5.0V', NULL);
INSERT INTO board_test_points (board_revision_id, label, location_desc, expected_voltage, expected_resistance) VALUES (200255, 'PP5V0', 'see boardview', '5.0V', NULL);
INSERT INTO board_test_points (board_revision_id, label, location_desc, expected_voltage, expected_resistance) VALUES (200255, 'PP1V8', 'see boardview', '1.8V', NULL);
INSERT INTO board_test_points (board_revision_id, label, location_desc, expected_voltage, expected_resistance) VALUES (200255, 'PP3V3', 'see boardview', '3.3V', NULL);
INSERT INTO board_nets (board_revision_id, net_name, test_point, expected_value, units) VALUES (200255, 'VBAT / PP_BATT_VCC', 'VBAT', '3.8', 'V');
INSERT INTO board_nets (board_revision_id, net_name, test_point, expected_value, units) VALUES (200255, 'VBUS', 'VBUS_5V', '5.0', 'V');
INSERT INTO board_nets (board_revision_id, net_name, test_point, expected_value, units) VALUES (200255, '5V0', 'PP5V0', '5.0', 'V');
INSERT INTO board_nets (board_revision_id, net_name, test_point, expected_value, units) VALUES (200255, '1V8', 'PP1V8', '1.8', 'V');
INSERT INTO board_nets (board_revision_id, net_name, test_point, expected_value, units) VALUES (200255, '3V3', 'PP3V3', '3.3', 'V');
INSERT INTO measurements (board_revision_id, kind, test_point, reference_designator, rail_name, power_state, expected_value, measured_value, units, notes, is_known_good) VALUES (200255, 'voltage', 'VBAT', NULL, 'VBAT / PP_BATT_VCC', 'off', '3.8', '3.8', 'V', 'Battery main rail (typically 3.0-4.35V with charge).', 1);
INSERT INTO measurements (board_revision_id, kind, test_point, reference_designator, rail_name, power_state, expected_value, measured_value, units, notes, is_known_good) VALUES (200255, 'voltage', 'VBUS_5V', NULL, 'VBUS', 'on', '5.0', '5.0', 'V', 'USB VBUS when charging.', 1);
INSERT INTO measurements (board_revision_id, kind, test_point, reference_designator, rail_name, power_state, expected_value, measured_value, units, notes, is_known_good) VALUES (200255, 'voltage', 'PP5V0', NULL, '5V0', 'on', '5.0', '5.0', 'V', '5V rail (typical).', 1);
INSERT INTO measurements (board_revision_id, kind, test_point, reference_designator, rail_name, power_state, expected_value, measured_value, units, notes, is_known_good) VALUES (200255, 'voltage', 'PP1V8', NULL, '1V8', 'on', '1.8', '1.8', 'V', '1.8V housekeeping rail (typical).', 1);
INSERT INTO measurements (board_revision_id, kind, test_point, reference_designator, rail_name, power_state, expected_value, measured_value, units, notes, is_known_good) VALUES (200255, 'voltage', 'PP3V3', NULL, '3V3', 'on', '3.3', '3.3', 'V', '3.3V rail (typical).', 1);
INSERT INTO board_revisions (id, device_model, revision, layer_count, primary_soc, pmic, notes) VALUES (200256, 'Apple iPad mini 4', 'Logic Board', NULL, NULL, 'U_PMIC', 'Apple iPad mini 4 main logic board. Component set and rails are family-typical reference values; confirm exact values against the boardview/schematic for this unit.');
INSERT INTO board_components (board_revision_id, reference_designator, component_type, value, part_number, notes) VALUES (200256, 'J_LCD', 'Connector', NULL, NULL, 'LCD FPC connector');
INSERT INTO board_components (board_revision_id, reference_designator, component_type, value, part_number, notes) VALUES (200256, 'J_DIG', 'Connector', NULL, NULL, 'Digitizer FPC connector');
INSERT INTO board_components (board_revision_id, reference_designator, component_type, value, part_number, notes) VALUES (200256, 'J_BATT', 'Connector', NULL, NULL, 'Battery FPC connector');
INSERT INTO board_components (board_revision_id, reference_designator, component_type, value, part_number, notes) VALUES (200256, 'J_CHG', 'Connector', NULL, NULL, 'Charge port connector');
INSERT INTO board_components (board_revision_id, reference_designator, component_type, value, part_number, notes) VALUES (200256, 'U_PMIC', 'PMIC', NULL, NULL, 'Main power management IC');
INSERT INTO board_components (board_revision_id, reference_designator, component_type, value, part_number, notes) VALUES (200256, 'U_CHG', 'Charging IC', NULL, NULL, 'USB charging IC');
INSERT INTO board_components (board_revision_id, reference_designator, component_type, value, part_number, notes) VALUES (200256, 'U_NAND', 'NAND Flash', NULL, NULL, 'Flash storage');
INSERT INTO board_test_points (board_revision_id, label, location_desc, expected_voltage, expected_resistance) VALUES (200256, 'VBAT', 'see boardview', '3.8V', NULL);
INSERT INTO board_test_points (board_revision_id, label, location_desc, expected_voltage, expected_resistance) VALUES (200256, 'VBUS_5V', 'see boardview', '5.0V', NULL);
INSERT INTO board_test_points (board_revision_id, label, location_desc, expected_voltage, expected_resistance) VALUES (200256, 'PP5V0', 'see boardview', '5.0V', NULL);
INSERT INTO board_test_points (board_revision_id, label, location_desc, expected_voltage, expected_resistance) VALUES (200256, 'PP1V8', 'see boardview', '1.8V', NULL);
INSERT INTO board_test_points (board_revision_id, label, location_desc, expected_voltage, expected_resistance) VALUES (200256, 'PP3V3', 'see boardview', '3.3V', NULL);
INSERT INTO board_nets (board_revision_id, net_name, test_point, expected_value, units) VALUES (200256, 'VBAT / PP_BATT_VCC', 'VBAT', '3.8', 'V');
INSERT INTO board_nets (board_revision_id, net_name, test_point, expected_value, units) VALUES (200256, 'VBUS', 'VBUS_5V', '5.0', 'V');
INSERT INTO board_nets (board_revision_id, net_name, test_point, expected_value, units) VALUES (200256, '5V0', 'PP5V0', '5.0', 'V');
INSERT INTO board_nets (board_revision_id, net_name, test_point, expected_value, units) VALUES (200256, '1V8', 'PP1V8', '1.8', 'V');
INSERT INTO board_nets (board_revision_id, net_name, test_point, expected_value, units) VALUES (200256, '3V3', 'PP3V3', '3.3', 'V');
INSERT INTO measurements (board_revision_id, kind, test_point, reference_designator, rail_name, power_state, expected_value, measured_value, units, notes, is_known_good) VALUES (200256, 'voltage', 'VBAT', NULL, 'VBAT / PP_BATT_VCC', 'off', '3.8', '3.8', 'V', 'Battery main rail (typically 3.0-4.35V with charge).', 1);
INSERT INTO measurements (board_revision_id, kind, test_point, reference_designator, rail_name, power_state, expected_value, measured_value, units, notes, is_known_good) VALUES (200256, 'voltage', 'VBUS_5V', NULL, 'VBUS', 'on', '5.0', '5.0', 'V', 'USB VBUS when charging.', 1);
INSERT INTO measurements (board_revision_id, kind, test_point, reference_designator, rail_name, power_state, expected_value, measured_value, units, notes, is_known_good) VALUES (200256, 'voltage', 'PP5V0', NULL, '5V0', 'on', '5.0', '5.0', 'V', '5V rail (typical).', 1);
INSERT INTO measurements (board_revision_id, kind, test_point, reference_designator, rail_name, power_state, expected_value, measured_value, units, notes, is_known_good) VALUES (200256, 'voltage', 'PP1V8', NULL, '1V8', 'on', '1.8', '1.8', 'V', '1.8V housekeeping rail (typical).', 1);
INSERT INTO measurements (board_revision_id, kind, test_point, reference_designator, rail_name, power_state, expected_value, measured_value, units, notes, is_known_good) VALUES (200256, 'voltage', 'PP3V3', NULL, '3V3', 'on', '3.3', '3.3', 'V', '3.3V rail (typical).', 1);
INSERT INTO board_revisions (id, device_model, revision, layer_count, primary_soc, pmic, notes) VALUES (200257, 'Apple iPad mini 5', 'Logic Board', NULL, NULL, 'U_PMIC', 'Apple iPad mini 5 main logic board. Component set and rails are family-typical reference values; confirm exact values against the boardview/schematic for this unit.');
INSERT INTO board_components (board_revision_id, reference_designator, component_type, value, part_number, notes) VALUES (200257, 'J_LCD', 'Connector', NULL, NULL, 'LCD FPC connector');
INSERT INTO board_components (board_revision_id, reference_designator, component_type, value, part_number, notes) VALUES (200257, 'J_DIG', 'Connector', NULL, NULL, 'Digitizer FPC connector');
INSERT INTO board_components (board_revision_id, reference_designator, component_type, value, part_number, notes) VALUES (200257, 'J_BATT', 'Connector', NULL, NULL, 'Battery FPC connector');
INSERT INTO board_components (board_revision_id, reference_designator, component_type, value, part_number, notes) VALUES (200257, 'J_CHG', 'Connector', NULL, NULL, 'Charge port connector');
INSERT INTO board_components (board_revision_id, reference_designator, component_type, value, part_number, notes) VALUES (200257, 'U_PMIC', 'PMIC', NULL, NULL, 'Main power management IC');
INSERT INTO board_components (board_revision_id, reference_designator, component_type, value, part_number, notes) VALUES (200257, 'U_CHG', 'Charging IC', NULL, NULL, 'USB charging IC');
INSERT INTO board_components (board_revision_id, reference_designator, component_type, value, part_number, notes) VALUES (200257, 'U_NAND', 'NAND Flash', NULL, NULL, 'Flash storage');
INSERT INTO board_test_points (board_revision_id, label, location_desc, expected_voltage, expected_resistance) VALUES (200257, 'VBAT', 'see boardview', '3.8V', NULL);
INSERT INTO board_test_points (board_revision_id, label, location_desc, expected_voltage, expected_resistance) VALUES (200257, 'VBUS_5V', 'see boardview', '5.0V', NULL);
INSERT INTO board_test_points (board_revision_id, label, location_desc, expected_voltage, expected_resistance) VALUES (200257, 'PP5V0', 'see boardview', '5.0V', NULL);
INSERT INTO board_test_points (board_revision_id, label, location_desc, expected_voltage, expected_resistance) VALUES (200257, 'PP1V8', 'see boardview', '1.8V', NULL);
INSERT INTO board_test_points (board_revision_id, label, location_desc, expected_voltage, expected_resistance) VALUES (200257, 'PP3V3', 'see boardview', '3.3V', NULL);
INSERT INTO board_nets (board_revision_id, net_name, test_point, expected_value, units) VALUES (200257, 'VBAT / PP_BATT_VCC', 'VBAT', '3.8', 'V');
INSERT INTO board_nets (board_revision_id, net_name, test_point, expected_value, units) VALUES (200257, 'VBUS', 'VBUS_5V', '5.0', 'V');
INSERT INTO board_nets (board_revision_id, net_name, test_point, expected_value, units) VALUES (200257, '5V0', 'PP5V0', '5.0', 'V');
INSERT INTO board_nets (board_revision_id, net_name, test_point, expected_value, units) VALUES (200257, '1V8', 'PP1V8', '1.8', 'V');
INSERT INTO board_nets (board_revision_id, net_name, test_point, expected_value, units) VALUES (200257, '3V3', 'PP3V3', '3.3', 'V');
INSERT INTO measurements (board_revision_id, kind, test_point, reference_designator, rail_name, power_state, expected_value, measured_value, units, notes, is_known_good) VALUES (200257, 'voltage', 'VBAT', NULL, 'VBAT / PP_BATT_VCC', 'off', '3.8', '3.8', 'V', 'Battery main rail (typically 3.0-4.35V with charge).', 1);
INSERT INTO measurements (board_revision_id, kind, test_point, reference_designator, rail_name, power_state, expected_value, measured_value, units, notes, is_known_good) VALUES (200257, 'voltage', 'VBUS_5V', NULL, 'VBUS', 'on', '5.0', '5.0', 'V', 'USB VBUS when charging.', 1);
INSERT INTO measurements (board_revision_id, kind, test_point, reference_designator, rail_name, power_state, expected_value, measured_value, units, notes, is_known_good) VALUES (200257, 'voltage', 'PP5V0', NULL, '5V0', 'on', '5.0', '5.0', 'V', '5V rail (typical).', 1);
INSERT INTO measurements (board_revision_id, kind, test_point, reference_designator, rail_name, power_state, expected_value, measured_value, units, notes, is_known_good) VALUES (200257, 'voltage', 'PP1V8', NULL, '1V8', 'on', '1.8', '1.8', 'V', '1.8V housekeeping rail (typical).', 1);
INSERT INTO measurements (board_revision_id, kind, test_point, reference_designator, rail_name, power_state, expected_value, measured_value, units, notes, is_known_good) VALUES (200257, 'voltage', 'PP3V3', NULL, '3V3', 'on', '3.3', '3.3', 'V', '3.3V rail (typical).', 1);
INSERT INTO board_revisions (id, device_model, revision, layer_count, primary_soc, pmic, notes) VALUES (200258, 'Apple iPad mini 6', 'Logic Board', NULL, NULL, 'U_PMIC', 'Apple iPad mini 6 main logic board. Component set and rails are family-typical reference values; confirm exact values against the boardview/schematic for this unit.');
INSERT INTO board_components (board_revision_id, reference_designator, component_type, value, part_number, notes) VALUES (200258, 'J_LCD', 'Connector', NULL, NULL, 'LCD FPC connector');
INSERT INTO board_components (board_revision_id, reference_designator, component_type, value, part_number, notes) VALUES (200258, 'J_DIG', 'Connector', NULL, NULL, 'Digitizer FPC connector');
INSERT INTO board_components (board_revision_id, reference_designator, component_type, value, part_number, notes) VALUES (200258, 'J_BATT', 'Connector', NULL, NULL, 'Battery FPC connector');
INSERT INTO board_components (board_revision_id, reference_designator, component_type, value, part_number, notes) VALUES (200258, 'J_CHG', 'Connector', NULL, NULL, 'Charge port connector');
INSERT INTO board_components (board_revision_id, reference_designator, component_type, value, part_number, notes) VALUES (200258, 'U_PMIC', 'PMIC', NULL, NULL, 'Main power management IC');
INSERT INTO board_components (board_revision_id, reference_designator, component_type, value, part_number, notes) VALUES (200258, 'U_CHG', 'Charging IC', NULL, NULL, 'USB charging IC');
INSERT INTO board_components (board_revision_id, reference_designator, component_type, value, part_number, notes) VALUES (200258, 'U_NAND', 'NAND Flash', NULL, NULL, 'Flash storage');
INSERT INTO board_test_points (board_revision_id, label, location_desc, expected_voltage, expected_resistance) VALUES (200258, 'VBAT', 'see boardview', '3.8V', NULL);
INSERT INTO board_test_points (board_revision_id, label, location_desc, expected_voltage, expected_resistance) VALUES (200258, 'VBUS_5V', 'see boardview', '5.0V', NULL);
INSERT INTO board_test_points (board_revision_id, label, location_desc, expected_voltage, expected_resistance) VALUES (200258, 'PP5V0', 'see boardview', '5.0V', NULL);
INSERT INTO board_test_points (board_revision_id, label, location_desc, expected_voltage, expected_resistance) VALUES (200258, 'PP1V8', 'see boardview', '1.8V', NULL);
INSERT INTO board_test_points (board_revision_id, label, location_desc, expected_voltage, expected_resistance) VALUES (200258, 'PP3V3', 'see boardview', '3.3V', NULL);
INSERT INTO board_nets (board_revision_id, net_name, test_point, expected_value, units) VALUES (200258, 'VBAT / PP_BATT_VCC', 'VBAT', '3.8', 'V');
INSERT INTO board_nets (board_revision_id, net_name, test_point, expected_value, units) VALUES (200258, 'VBUS', 'VBUS_5V', '5.0', 'V');
INSERT INTO board_nets (board_revision_id, net_name, test_point, expected_value, units) VALUES (200258, '5V0', 'PP5V0', '5.0', 'V');
INSERT INTO board_nets (board_revision_id, net_name, test_point, expected_value, units) VALUES (200258, '1V8', 'PP1V8', '1.8', 'V');
INSERT INTO board_nets (board_revision_id, net_name, test_point, expected_value, units) VALUES (200258, '3V3', 'PP3V3', '3.3', 'V');
INSERT INTO measurements (board_revision_id, kind, test_point, reference_designator, rail_name, power_state, expected_value, measured_value, units, notes, is_known_good) VALUES (200258, 'voltage', 'VBAT', NULL, 'VBAT / PP_BATT_VCC', 'off', '3.8', '3.8', 'V', 'Battery main rail (typically 3.0-4.35V with charge).', 1);
INSERT INTO measurements (board_revision_id, kind, test_point, reference_designator, rail_name, power_state, expected_value, measured_value, units, notes, is_known_good) VALUES (200258, 'voltage', 'VBUS_5V', NULL, 'VBUS', 'on', '5.0', '5.0', 'V', 'USB VBUS when charging.', 1);
INSERT INTO measurements (board_revision_id, kind, test_point, reference_designator, rail_name, power_state, expected_value, measured_value, units, notes, is_known_good) VALUES (200258, 'voltage', 'PP5V0', NULL, '5V0', 'on', '5.0', '5.0', 'V', '5V rail (typical).', 1);
INSERT INTO measurements (board_revision_id, kind, test_point, reference_designator, rail_name, power_state, expected_value, measured_value, units, notes, is_known_good) VALUES (200258, 'voltage', 'PP1V8', NULL, '1V8', 'on', '1.8', '1.8', 'V', '1.8V housekeeping rail (typical).', 1);
INSERT INTO measurements (board_revision_id, kind, test_point, reference_designator, rail_name, power_state, expected_value, measured_value, units, notes, is_known_good) VALUES (200258, 'voltage', 'PP3V3', NULL, '3V3', 'on', '3.3', '3.3', 'V', '3.3V rail (typical).', 1);
INSERT INTO board_revisions (id, device_model, revision, layer_count, primary_soc, pmic, notes) VALUES (200259, 'Apple iPad Air', 'Logic Board', NULL, NULL, 'U_PMIC', 'Apple iPad Air main logic board. Component set and rails are family-typical reference values; confirm exact values against the boardview/schematic for this unit.');
INSERT INTO board_components (board_revision_id, reference_designator, component_type, value, part_number, notes) VALUES (200259, 'J_LCD', 'Connector', NULL, NULL, 'LCD FPC connector');
INSERT INTO board_components (board_revision_id, reference_designator, component_type, value, part_number, notes) VALUES (200259, 'J_DIG', 'Connector', NULL, NULL, 'Digitizer FPC connector');
INSERT INTO board_components (board_revision_id, reference_designator, component_type, value, part_number, notes) VALUES (200259, 'J_BATT', 'Connector', NULL, NULL, 'Battery FPC connector');
INSERT INTO board_components (board_revision_id, reference_designator, component_type, value, part_number, notes) VALUES (200259, 'J_CHG', 'Connector', NULL, NULL, 'Charge port connector');
INSERT INTO board_components (board_revision_id, reference_designator, component_type, value, part_number, notes) VALUES (200259, 'U_PMIC', 'PMIC', NULL, NULL, 'Main power management IC');
INSERT INTO board_components (board_revision_id, reference_designator, component_type, value, part_number, notes) VALUES (200259, 'U_CHG', 'Charging IC', NULL, NULL, 'USB charging IC');
INSERT INTO board_components (board_revision_id, reference_designator, component_type, value, part_number, notes) VALUES (200259, 'U_NAND', 'NAND Flash', NULL, NULL, 'Flash storage');
INSERT INTO board_test_points (board_revision_id, label, location_desc, expected_voltage, expected_resistance) VALUES (200259, 'VBAT', 'see boardview', '3.8V', NULL);
INSERT INTO board_test_points (board_revision_id, label, location_desc, expected_voltage, expected_resistance) VALUES (200259, 'VBUS_5V', 'see boardview', '5.0V', NULL);
INSERT INTO board_test_points (board_revision_id, label, location_desc, expected_voltage, expected_resistance) VALUES (200259, 'PP5V0', 'see boardview', '5.0V', NULL);
INSERT INTO board_test_points (board_revision_id, label, location_desc, expected_voltage, expected_resistance) VALUES (200259, 'PP1V8', 'see boardview', '1.8V', NULL);
INSERT INTO board_test_points (board_revision_id, label, location_desc, expected_voltage, expected_resistance) VALUES (200259, 'PP3V3', 'see boardview', '3.3V', NULL);
INSERT INTO board_nets (board_revision_id, net_name, test_point, expected_value, units) VALUES (200259, 'VBAT / PP_BATT_VCC', 'VBAT', '3.8', 'V');
INSERT INTO board_nets (board_revision_id, net_name, test_point, expected_value, units) VALUES (200259, 'VBUS', 'VBUS_5V', '5.0', 'V');
INSERT INTO board_nets (board_revision_id, net_name, test_point, expected_value, units) VALUES (200259, '5V0', 'PP5V0', '5.0', 'V');
INSERT INTO board_nets (board_revision_id, net_name, test_point, expected_value, units) VALUES (200259, '1V8', 'PP1V8', '1.8', 'V');
INSERT INTO board_nets (board_revision_id, net_name, test_point, expected_value, units) VALUES (200259, '3V3', 'PP3V3', '3.3', 'V');
INSERT INTO measurements (board_revision_id, kind, test_point, reference_designator, rail_name, power_state, expected_value, measured_value, units, notes, is_known_good) VALUES (200259, 'voltage', 'VBAT', NULL, 'VBAT / PP_BATT_VCC', 'off', '3.8', '3.8', 'V', 'Battery main rail (typically 3.0-4.35V with charge).', 1);
INSERT INTO measurements (board_revision_id, kind, test_point, reference_designator, rail_name, power_state, expected_value, measured_value, units, notes, is_known_good) VALUES (200259, 'voltage', 'VBUS_5V', NULL, 'VBUS', 'on', '5.0', '5.0', 'V', 'USB VBUS when charging.', 1);
INSERT INTO measurements (board_revision_id, kind, test_point, reference_designator, rail_name, power_state, expected_value, measured_value, units, notes, is_known_good) VALUES (200259, 'voltage', 'PP5V0', NULL, '5V0', 'on', '5.0', '5.0', 'V', '5V rail (typical).', 1);
INSERT INTO measurements (board_revision_id, kind, test_point, reference_designator, rail_name, power_state, expected_value, measured_value, units, notes, is_known_good) VALUES (200259, 'voltage', 'PP1V8', NULL, '1V8', 'on', '1.8', '1.8', 'V', '1.8V housekeeping rail (typical).', 1);
INSERT INTO measurements (board_revision_id, kind, test_point, reference_designator, rail_name, power_state, expected_value, measured_value, units, notes, is_known_good) VALUES (200259, 'voltage', 'PP3V3', NULL, '3V3', 'on', '3.3', '3.3', 'V', '3.3V rail (typical).', 1);
INSERT INTO board_revisions (id, device_model, revision, layer_count, primary_soc, pmic, notes) VALUES (200260, 'Apple iPad Air 2', 'Logic Board', NULL, NULL, 'U_PMIC', 'Apple iPad Air 2 main logic board. Component set and rails are family-typical reference values; confirm exact values against the boardview/schematic for this unit.');
INSERT INTO board_components (board_revision_id, reference_designator, component_type, value, part_number, notes) VALUES (200260, 'J_LCD', 'Connector', NULL, NULL, 'LCD FPC connector');
INSERT INTO board_components (board_revision_id, reference_designator, component_type, value, part_number, notes) VALUES (200260, 'J_DIG', 'Connector', NULL, NULL, 'Digitizer FPC connector');
INSERT INTO board_components (board_revision_id, reference_designator, component_type, value, part_number, notes) VALUES (200260, 'J_BATT', 'Connector', NULL, NULL, 'Battery FPC connector');
INSERT INTO board_components (board_revision_id, reference_designator, component_type, value, part_number, notes) VALUES (200260, 'J_CHG', 'Connector', NULL, NULL, 'Charge port connector');
INSERT INTO board_components (board_revision_id, reference_designator, component_type, value, part_number, notes) VALUES (200260, 'U_PMIC', 'PMIC', NULL, NULL, 'Main power management IC');
INSERT INTO board_components (board_revision_id, reference_designator, component_type, value, part_number, notes) VALUES (200260, 'U_CHG', 'Charging IC', NULL, NULL, 'USB charging IC');
INSERT INTO board_components (board_revision_id, reference_designator, component_type, value, part_number, notes) VALUES (200260, 'U_NAND', 'NAND Flash', NULL, NULL, 'Flash storage');
INSERT INTO board_test_points (board_revision_id, label, location_desc, expected_voltage, expected_resistance) VALUES (200260, 'VBAT', 'see boardview', '3.8V', NULL);
INSERT INTO board_test_points (board_revision_id, label, location_desc, expected_voltage, expected_resistance) VALUES (200260, 'VBUS_5V', 'see boardview', '5.0V', NULL);
INSERT INTO board_test_points (board_revision_id, label, location_desc, expected_voltage, expected_resistance) VALUES (200260, 'PP5V0', 'see boardview', '5.0V', NULL);
INSERT INTO board_test_points (board_revision_id, label, location_desc, expected_voltage, expected_resistance) VALUES (200260, 'PP1V8', 'see boardview', '1.8V', NULL);
INSERT INTO board_test_points (board_revision_id, label, location_desc, expected_voltage, expected_resistance) VALUES (200260, 'PP3V3', 'see boardview', '3.3V', NULL);
INSERT INTO board_nets (board_revision_id, net_name, test_point, expected_value, units) VALUES (200260, 'VBAT / PP_BATT_VCC', 'VBAT', '3.8', 'V');
INSERT INTO board_nets (board_revision_id, net_name, test_point, expected_value, units) VALUES (200260, 'VBUS', 'VBUS_5V', '5.0', 'V');
INSERT INTO board_nets (board_revision_id, net_name, test_point, expected_value, units) VALUES (200260, '5V0', 'PP5V0', '5.0', 'V');
INSERT INTO board_nets (board_revision_id, net_name, test_point, expected_value, units) VALUES (200260, '1V8', 'PP1V8', '1.8', 'V');
INSERT INTO board_nets (board_revision_id, net_name, test_point, expected_value, units) VALUES (200260, '3V3', 'PP3V3', '3.3', 'V');
INSERT INTO measurements (board_revision_id, kind, test_point, reference_designator, rail_name, power_state, expected_value, measured_value, units, notes, is_known_good) VALUES (200260, 'voltage', 'VBAT', NULL, 'VBAT / PP_BATT_VCC', 'off', '3.8', '3.8', 'V', 'Battery main rail (typically 3.0-4.35V with charge).', 1);
INSERT INTO measurements (board_revision_id, kind, test_point, reference_designator, rail_name, power_state, expected_value, measured_value, units, notes, is_known_good) VALUES (200260, 'voltage', 'VBUS_5V', NULL, 'VBUS', 'on', '5.0', '5.0', 'V', 'USB VBUS when charging.', 1);
INSERT INTO measurements (board_revision_id, kind, test_point, reference_designator, rail_name, power_state, expected_value, measured_value, units, notes, is_known_good) VALUES (200260, 'voltage', 'PP5V0', NULL, '5V0', 'on', '5.0', '5.0', 'V', '5V rail (typical).', 1);
INSERT INTO measurements (board_revision_id, kind, test_point, reference_designator, rail_name, power_state, expected_value, measured_value, units, notes, is_known_good) VALUES (200260, 'voltage', 'PP1V8', NULL, '1V8', 'on', '1.8', '1.8', 'V', '1.8V housekeeping rail (typical).', 1);
INSERT INTO measurements (board_revision_id, kind, test_point, reference_designator, rail_name, power_state, expected_value, measured_value, units, notes, is_known_good) VALUES (200260, 'voltage', 'PP3V3', NULL, '3V3', 'on', '3.3', '3.3', 'V', '3.3V rail (typical).', 1);
INSERT INTO board_revisions (id, device_model, revision, layer_count, primary_soc, pmic, notes) VALUES (200261, 'Apple iPad Air 3', 'Logic Board', NULL, NULL, 'U_PMIC', 'Apple iPad Air 3 main logic board. Component set and rails are family-typical reference values; confirm exact values against the boardview/schematic for this unit.');
INSERT INTO board_components (board_revision_id, reference_designator, component_type, value, part_number, notes) VALUES (200261, 'J_LCD', 'Connector', NULL, NULL, 'LCD FPC connector');
INSERT INTO board_components (board_revision_id, reference_designator, component_type, value, part_number, notes) VALUES (200261, 'J_DIG', 'Connector', NULL, NULL, 'Digitizer FPC connector');
INSERT INTO board_components (board_revision_id, reference_designator, component_type, value, part_number, notes) VALUES (200261, 'J_BATT', 'Connector', NULL, NULL, 'Battery FPC connector');
INSERT INTO board_components (board_revision_id, reference_designator, component_type, value, part_number, notes) VALUES (200261, 'J_CHG', 'Connector', NULL, NULL, 'Charge port connector');
INSERT INTO board_components (board_revision_id, reference_designator, component_type, value, part_number, notes) VALUES (200261, 'U_PMIC', 'PMIC', NULL, NULL, 'Main power management IC');
INSERT INTO board_components (board_revision_id, reference_designator, component_type, value, part_number, notes) VALUES (200261, 'U_CHG', 'Charging IC', NULL, NULL, 'USB charging IC');
INSERT INTO board_components (board_revision_id, reference_designator, component_type, value, part_number, notes) VALUES (200261, 'U_NAND', 'NAND Flash', NULL, NULL, 'Flash storage');
INSERT INTO board_test_points (board_revision_id, label, location_desc, expected_voltage, expected_resistance) VALUES (200261, 'VBAT', 'see boardview', '3.8V', NULL);
INSERT INTO board_test_points (board_revision_id, label, location_desc, expected_voltage, expected_resistance) VALUES (200261, 'VBUS_5V', 'see boardview', '5.0V', NULL);
INSERT INTO board_test_points (board_revision_id, label, location_desc, expected_voltage, expected_resistance) VALUES (200261, 'PP5V0', 'see boardview', '5.0V', NULL);
INSERT INTO board_test_points (board_revision_id, label, location_desc, expected_voltage, expected_resistance) VALUES (200261, 'PP1V8', 'see boardview', '1.8V', NULL);
INSERT INTO board_test_points (board_revision_id, label, location_desc, expected_voltage, expected_resistance) VALUES (200261, 'PP3V3', 'see boardview', '3.3V', NULL);
INSERT INTO board_nets (board_revision_id, net_name, test_point, expected_value, units) VALUES (200261, 'VBAT / PP_BATT_VCC', 'VBAT', '3.8', 'V');
INSERT INTO board_nets (board_revision_id, net_name, test_point, expected_value, units) VALUES (200261, 'VBUS', 'VBUS_5V', '5.0', 'V');
INSERT INTO board_nets (board_revision_id, net_name, test_point, expected_value, units) VALUES (200261, '5V0', 'PP5V0', '5.0', 'V');
INSERT INTO board_nets (board_revision_id, net_name, test_point, expected_value, units) VALUES (200261, '1V8', 'PP1V8', '1.8', 'V');
INSERT INTO board_nets (board_revision_id, net_name, test_point, expected_value, units) VALUES (200261, '3V3', 'PP3V3', '3.3', 'V');
INSERT INTO measurements (board_revision_id, kind, test_point, reference_designator, rail_name, power_state, expected_value, measured_value, units, notes, is_known_good) VALUES (200261, 'voltage', 'VBAT', NULL, 'VBAT / PP_BATT_VCC', 'off', '3.8', '3.8', 'V', 'Battery main rail (typically 3.0-4.35V with charge).', 1);
INSERT INTO measurements (board_revision_id, kind, test_point, reference_designator, rail_name, power_state, expected_value, measured_value, units, notes, is_known_good) VALUES (200261, 'voltage', 'VBUS_5V', NULL, 'VBUS', 'on', '5.0', '5.0', 'V', 'USB VBUS when charging.', 1);
INSERT INTO measurements (board_revision_id, kind, test_point, reference_designator, rail_name, power_state, expected_value, measured_value, units, notes, is_known_good) VALUES (200261, 'voltage', 'PP5V0', NULL, '5V0', 'on', '5.0', '5.0', 'V', '5V rail (typical).', 1);
INSERT INTO measurements (board_revision_id, kind, test_point, reference_designator, rail_name, power_state, expected_value, measured_value, units, notes, is_known_good) VALUES (200261, 'voltage', 'PP1V8', NULL, '1V8', 'on', '1.8', '1.8', 'V', '1.8V housekeeping rail (typical).', 1);
INSERT INTO measurements (board_revision_id, kind, test_point, reference_designator, rail_name, power_state, expected_value, measured_value, units, notes, is_known_good) VALUES (200261, 'voltage', 'PP3V3', NULL, '3V3', 'on', '3.3', '3.3', 'V', '3.3V rail (typical).', 1);
INSERT INTO board_revisions (id, device_model, revision, layer_count, primary_soc, pmic, notes) VALUES (200262, 'Apple iPad Air 4', 'Logic Board', NULL, NULL, 'U_PMIC', 'Apple iPad Air 4 main logic board. Component set and rails are family-typical reference values; confirm exact values against the boardview/schematic for this unit.');
INSERT INTO board_components (board_revision_id, reference_designator, component_type, value, part_number, notes) VALUES (200262, 'J_LCD', 'Connector', NULL, NULL, 'LCD FPC connector');
INSERT INTO board_components (board_revision_id, reference_designator, component_type, value, part_number, notes) VALUES (200262, 'J_DIG', 'Connector', NULL, NULL, 'Digitizer FPC connector');
INSERT INTO board_components (board_revision_id, reference_designator, component_type, value, part_number, notes) VALUES (200262, 'J_BATT', 'Connector', NULL, NULL, 'Battery FPC connector');
INSERT INTO board_components (board_revision_id, reference_designator, component_type, value, part_number, notes) VALUES (200262, 'J_CHG', 'Connector', NULL, NULL, 'Charge port connector');
INSERT INTO board_components (board_revision_id, reference_designator, component_type, value, part_number, notes) VALUES (200262, 'U_PMIC', 'PMIC', NULL, NULL, 'Main power management IC');
INSERT INTO board_components (board_revision_id, reference_designator, component_type, value, part_number, notes) VALUES (200262, 'U_CHG', 'Charging IC', NULL, NULL, 'USB charging IC');
INSERT INTO board_components (board_revision_id, reference_designator, component_type, value, part_number, notes) VALUES (200262, 'U_NAND', 'NAND Flash', NULL, NULL, 'Flash storage');
INSERT INTO board_test_points (board_revision_id, label, location_desc, expected_voltage, expected_resistance) VALUES (200262, 'VBAT', 'see boardview', '3.8V', NULL);
INSERT INTO board_test_points (board_revision_id, label, location_desc, expected_voltage, expected_resistance) VALUES (200262, 'VBUS_5V', 'see boardview', '5.0V', NULL);
INSERT INTO board_test_points (board_revision_id, label, location_desc, expected_voltage, expected_resistance) VALUES (200262, 'PP5V0', 'see boardview', '5.0V', NULL);
INSERT INTO board_test_points (board_revision_id, label, location_desc, expected_voltage, expected_resistance) VALUES (200262, 'PP1V8', 'see boardview', '1.8V', NULL);
INSERT INTO board_test_points (board_revision_id, label, location_desc, expected_voltage, expected_resistance) VALUES (200262, 'PP3V3', 'see boardview', '3.3V', NULL);
INSERT INTO board_nets (board_revision_id, net_name, test_point, expected_value, units) VALUES (200262, 'VBAT / PP_BATT_VCC', 'VBAT', '3.8', 'V');
INSERT INTO board_nets (board_revision_id, net_name, test_point, expected_value, units) VALUES (200262, 'VBUS', 'VBUS_5V', '5.0', 'V');
INSERT INTO board_nets (board_revision_id, net_name, test_point, expected_value, units) VALUES (200262, '5V0', 'PP5V0', '5.0', 'V');
INSERT INTO board_nets (board_revision_id, net_name, test_point, expected_value, units) VALUES (200262, '1V8', 'PP1V8', '1.8', 'V');
INSERT INTO board_nets (board_revision_id, net_name, test_point, expected_value, units) VALUES (200262, '3V3', 'PP3V3', '3.3', 'V');
INSERT INTO measurements (board_revision_id, kind, test_point, reference_designator, rail_name, power_state, expected_value, measured_value, units, notes, is_known_good) VALUES (200262, 'voltage', 'VBAT', NULL, 'VBAT / PP_BATT_VCC', 'off', '3.8', '3.8', 'V', 'Battery main rail (typically 3.0-4.35V with charge).', 1);
INSERT INTO measurements (board_revision_id, kind, test_point, reference_designator, rail_name, power_state, expected_value, measured_value, units, notes, is_known_good) VALUES (200262, 'voltage', 'VBUS_5V', NULL, 'VBUS', 'on', '5.0', '5.0', 'V', 'USB VBUS when charging.', 1);
INSERT INTO measurements (board_revision_id, kind, test_point, reference_designator, rail_name, power_state, expected_value, measured_value, units, notes, is_known_good) VALUES (200262, 'voltage', 'PP5V0', NULL, '5V0', 'on', '5.0', '5.0', 'V', '5V rail (typical).', 1);
INSERT INTO measurements (board_revision_id, kind, test_point, reference_designator, rail_name, power_state, expected_value, measured_value, units, notes, is_known_good) VALUES (200262, 'voltage', 'PP1V8', NULL, '1V8', 'on', '1.8', '1.8', 'V', '1.8V housekeeping rail (typical).', 1);
INSERT INTO measurements (board_revision_id, kind, test_point, reference_designator, rail_name, power_state, expected_value, measured_value, units, notes, is_known_good) VALUES (200262, 'voltage', 'PP3V3', NULL, '3V3', 'on', '3.3', '3.3', 'V', '3.3V rail (typical).', 1);
INSERT INTO board_revisions (id, device_model, revision, layer_count, primary_soc, pmic, notes) VALUES (200263, 'Apple iPad Air 5', 'Logic Board', NULL, NULL, 'U_PMIC', 'Apple iPad Air 5 main logic board. Component set and rails are family-typical reference values; confirm exact values against the boardview/schematic for this unit.');
INSERT INTO board_components (board_revision_id, reference_designator, component_type, value, part_number, notes) VALUES (200263, 'J_LCD', 'Connector', NULL, NULL, 'LCD FPC connector');
INSERT INTO board_components (board_revision_id, reference_designator, component_type, value, part_number, notes) VALUES (200263, 'J_DIG', 'Connector', NULL, NULL, 'Digitizer FPC connector');
INSERT INTO board_components (board_revision_id, reference_designator, component_type, value, part_number, notes) VALUES (200263, 'J_BATT', 'Connector', NULL, NULL, 'Battery FPC connector');
INSERT INTO board_components (board_revision_id, reference_designator, component_type, value, part_number, notes) VALUES (200263, 'J_CHG', 'Connector', NULL, NULL, 'Charge port connector');
INSERT INTO board_components (board_revision_id, reference_designator, component_type, value, part_number, notes) VALUES (200263, 'U_PMIC', 'PMIC', NULL, NULL, 'Main power management IC');
INSERT INTO board_components (board_revision_id, reference_designator, component_type, value, part_number, notes) VALUES (200263, 'U_CHG', 'Charging IC', NULL, NULL, 'USB charging IC');
INSERT INTO board_components (board_revision_id, reference_designator, component_type, value, part_number, notes) VALUES (200263, 'U_NAND', 'NAND Flash', NULL, NULL, 'Flash storage');
INSERT INTO board_test_points (board_revision_id, label, location_desc, expected_voltage, expected_resistance) VALUES (200263, 'VBAT', 'see boardview', '3.8V', NULL);
INSERT INTO board_test_points (board_revision_id, label, location_desc, expected_voltage, expected_resistance) VALUES (200263, 'VBUS_5V', 'see boardview', '5.0V', NULL);
INSERT INTO board_test_points (board_revision_id, label, location_desc, expected_voltage, expected_resistance) VALUES (200263, 'PP5V0', 'see boardview', '5.0V', NULL);
INSERT INTO board_test_points (board_revision_id, label, location_desc, expected_voltage, expected_resistance) VALUES (200263, 'PP1V8', 'see boardview', '1.8V', NULL);
INSERT INTO board_test_points (board_revision_id, label, location_desc, expected_voltage, expected_resistance) VALUES (200263, 'PP3V3', 'see boardview', '3.3V', NULL);
INSERT INTO board_nets (board_revision_id, net_name, test_point, expected_value, units) VALUES (200263, 'VBAT / PP_BATT_VCC', 'VBAT', '3.8', 'V');
INSERT INTO board_nets (board_revision_id, net_name, test_point, expected_value, units) VALUES (200263, 'VBUS', 'VBUS_5V', '5.0', 'V');
INSERT INTO board_nets (board_revision_id, net_name, test_point, expected_value, units) VALUES (200263, '5V0', 'PP5V0', '5.0', 'V');
INSERT INTO board_nets (board_revision_id, net_name, test_point, expected_value, units) VALUES (200263, '1V8', 'PP1V8', '1.8', 'V');
INSERT INTO board_nets (board_revision_id, net_name, test_point, expected_value, units) VALUES (200263, '3V3', 'PP3V3', '3.3', 'V');
INSERT INTO measurements (board_revision_id, kind, test_point, reference_designator, rail_name, power_state, expected_value, measured_value, units, notes, is_known_good) VALUES (200263, 'voltage', 'VBAT', NULL, 'VBAT / PP_BATT_VCC', 'off', '3.8', '3.8', 'V', 'Battery main rail (typically 3.0-4.35V with charge).', 1);
INSERT INTO measurements (board_revision_id, kind, test_point, reference_designator, rail_name, power_state, expected_value, measured_value, units, notes, is_known_good) VALUES (200263, 'voltage', 'VBUS_5V', NULL, 'VBUS', 'on', '5.0', '5.0', 'V', 'USB VBUS when charging.', 1);
INSERT INTO measurements (board_revision_id, kind, test_point, reference_designator, rail_name, power_state, expected_value, measured_value, units, notes, is_known_good) VALUES (200263, 'voltage', 'PP5V0', NULL, '5V0', 'on', '5.0', '5.0', 'V', '5V rail (typical).', 1);
INSERT INTO measurements (board_revision_id, kind, test_point, reference_designator, rail_name, power_state, expected_value, measured_value, units, notes, is_known_good) VALUES (200263, 'voltage', 'PP1V8', NULL, '1V8', 'on', '1.8', '1.8', 'V', '1.8V housekeeping rail (typical).', 1);
INSERT INTO measurements (board_revision_id, kind, test_point, reference_designator, rail_name, power_state, expected_value, measured_value, units, notes, is_known_good) VALUES (200263, 'voltage', 'PP3V3', NULL, '3V3', 'on', '3.3', '3.3', 'V', '3.3V rail (typical).', 1);
INSERT INTO board_revisions (id, device_model, revision, layer_count, primary_soc, pmic, notes) VALUES (200264, 'Apple iPad Pro 9.7', 'Logic Board', NULL, NULL, 'U_PMIC', 'Apple iPad Pro 9.7 main logic board. Component set and rails are family-typical reference values; confirm exact values against the boardview/schematic for this unit.');
INSERT INTO board_components (board_revision_id, reference_designator, component_type, value, part_number, notes) VALUES (200264, 'J_LCD', 'Connector', NULL, NULL, 'LCD FPC connector');
INSERT INTO board_components (board_revision_id, reference_designator, component_type, value, part_number, notes) VALUES (200264, 'J_DIG', 'Connector', NULL, NULL, 'Digitizer FPC connector');
INSERT INTO board_components (board_revision_id, reference_designator, component_type, value, part_number, notes) VALUES (200264, 'J_BATT', 'Connector', NULL, NULL, 'Battery FPC connector');
INSERT INTO board_components (board_revision_id, reference_designator, component_type, value, part_number, notes) VALUES (200264, 'J_CHG', 'Connector', NULL, NULL, 'Charge port connector');
INSERT INTO board_components (board_revision_id, reference_designator, component_type, value, part_number, notes) VALUES (200264, 'U_PMIC', 'PMIC', NULL, NULL, 'Main power management IC');
INSERT INTO board_components (board_revision_id, reference_designator, component_type, value, part_number, notes) VALUES (200264, 'U_CHG', 'Charging IC', NULL, NULL, 'USB charging IC');
INSERT INTO board_components (board_revision_id, reference_designator, component_type, value, part_number, notes) VALUES (200264, 'U_NAND', 'NAND Flash', NULL, NULL, 'Flash storage');
INSERT INTO board_test_points (board_revision_id, label, location_desc, expected_voltage, expected_resistance) VALUES (200264, 'VBAT', 'see boardview', '3.8V', NULL);
INSERT INTO board_test_points (board_revision_id, label, location_desc, expected_voltage, expected_resistance) VALUES (200264, 'VBUS_5V', 'see boardview', '5.0V', NULL);
INSERT INTO board_test_points (board_revision_id, label, location_desc, expected_voltage, expected_resistance) VALUES (200264, 'PP5V0', 'see boardview', '5.0V', NULL);
INSERT INTO board_test_points (board_revision_id, label, location_desc, expected_voltage, expected_resistance) VALUES (200264, 'PP1V8', 'see boardview', '1.8V', NULL);
INSERT INTO board_test_points (board_revision_id, label, location_desc, expected_voltage, expected_resistance) VALUES (200264, 'PP3V3', 'see boardview', '3.3V', NULL);
INSERT INTO board_nets (board_revision_id, net_name, test_point, expected_value, units) VALUES (200264, 'VBAT / PP_BATT_VCC', 'VBAT', '3.8', 'V');
INSERT INTO board_nets (board_revision_id, net_name, test_point, expected_value, units) VALUES (200264, 'VBUS', 'VBUS_5V', '5.0', 'V');
INSERT INTO board_nets (board_revision_id, net_name, test_point, expected_value, units) VALUES (200264, '5V0', 'PP5V0', '5.0', 'V');
INSERT INTO board_nets (board_revision_id, net_name, test_point, expected_value, units) VALUES (200264, '1V8', 'PP1V8', '1.8', 'V');
INSERT INTO board_nets (board_revision_id, net_name, test_point, expected_value, units) VALUES (200264, '3V3', 'PP3V3', '3.3', 'V');
INSERT INTO measurements (board_revision_id, kind, test_point, reference_designator, rail_name, power_state, expected_value, measured_value, units, notes, is_known_good) VALUES (200264, 'voltage', 'VBAT', NULL, 'VBAT / PP_BATT_VCC', 'off', '3.8', '3.8', 'V', 'Battery main rail (typically 3.0-4.35V with charge).', 1);
INSERT INTO measurements (board_revision_id, kind, test_point, reference_designator, rail_name, power_state, expected_value, measured_value, units, notes, is_known_good) VALUES (200264, 'voltage', 'VBUS_5V', NULL, 'VBUS', 'on', '5.0', '5.0', 'V', 'USB VBUS when charging.', 1);
INSERT INTO measurements (board_revision_id, kind, test_point, reference_designator, rail_name, power_state, expected_value, measured_value, units, notes, is_known_good) VALUES (200264, 'voltage', 'PP5V0', NULL, '5V0', 'on', '5.0', '5.0', 'V', '5V rail (typical).', 1);
INSERT INTO measurements (board_revision_id, kind, test_point, reference_designator, rail_name, power_state, expected_value, measured_value, units, notes, is_known_good) VALUES (200264, 'voltage', 'PP1V8', NULL, '1V8', 'on', '1.8', '1.8', 'V', '1.8V housekeeping rail (typical).', 1);
INSERT INTO measurements (board_revision_id, kind, test_point, reference_designator, rail_name, power_state, expected_value, measured_value, units, notes, is_known_good) VALUES (200264, 'voltage', 'PP3V3', NULL, '3V3', 'on', '3.3', '3.3', 'V', '3.3V rail (typical).', 1);
INSERT INTO board_revisions (id, device_model, revision, layer_count, primary_soc, pmic, notes) VALUES (200265, 'Apple iPad Pro 10.5', 'Logic Board', NULL, NULL, 'U_PMIC', 'Apple iPad Pro 10.5 main logic board. Component set and rails are family-typical reference values; confirm exact values against the boardview/schematic for this unit.');
INSERT INTO board_components (board_revision_id, reference_designator, component_type, value, part_number, notes) VALUES (200265, 'J_LCD', 'Connector', NULL, NULL, 'LCD FPC connector');
INSERT INTO board_components (board_revision_id, reference_designator, component_type, value, part_number, notes) VALUES (200265, 'J_DIG', 'Connector', NULL, NULL, 'Digitizer FPC connector');
INSERT INTO board_components (board_revision_id, reference_designator, component_type, value, part_number, notes) VALUES (200265, 'J_BATT', 'Connector', NULL, NULL, 'Battery FPC connector');
INSERT INTO board_components (board_revision_id, reference_designator, component_type, value, part_number, notes) VALUES (200265, 'J_CHG', 'Connector', NULL, NULL, 'Charge port connector');
INSERT INTO board_components (board_revision_id, reference_designator, component_type, value, part_number, notes) VALUES (200265, 'U_PMIC', 'PMIC', NULL, NULL, 'Main power management IC');
INSERT INTO board_components (board_revision_id, reference_designator, component_type, value, part_number, notes) VALUES (200265, 'U_CHG', 'Charging IC', NULL, NULL, 'USB charging IC');
INSERT INTO board_components (board_revision_id, reference_designator, component_type, value, part_number, notes) VALUES (200265, 'U_NAND', 'NAND Flash', NULL, NULL, 'Flash storage');
INSERT INTO board_test_points (board_revision_id, label, location_desc, expected_voltage, expected_resistance) VALUES (200265, 'VBAT', 'see boardview', '3.8V', NULL);
INSERT INTO board_test_points (board_revision_id, label, location_desc, expected_voltage, expected_resistance) VALUES (200265, 'VBUS_5V', 'see boardview', '5.0V', NULL);
INSERT INTO board_test_points (board_revision_id, label, location_desc, expected_voltage, expected_resistance) VALUES (200265, 'PP5V0', 'see boardview', '5.0V', NULL);
INSERT INTO board_test_points (board_revision_id, label, location_desc, expected_voltage, expected_resistance) VALUES (200265, 'PP1V8', 'see boardview', '1.8V', NULL);
INSERT INTO board_test_points (board_revision_id, label, location_desc, expected_voltage, expected_resistance) VALUES (200265, 'PP3V3', 'see boardview', '3.3V', NULL);
INSERT INTO board_nets (board_revision_id, net_name, test_point, expected_value, units) VALUES (200265, 'VBAT / PP_BATT_VCC', 'VBAT', '3.8', 'V');
INSERT INTO board_nets (board_revision_id, net_name, test_point, expected_value, units) VALUES (200265, 'VBUS', 'VBUS_5V', '5.0', 'V');
INSERT INTO board_nets (board_revision_id, net_name, test_point, expected_value, units) VALUES (200265, '5V0', 'PP5V0', '5.0', 'V');
INSERT INTO board_nets (board_revision_id, net_name, test_point, expected_value, units) VALUES (200265, '1V8', 'PP1V8', '1.8', 'V');
INSERT INTO board_nets (board_revision_id, net_name, test_point, expected_value, units) VALUES (200265, '3V3', 'PP3V3', '3.3', 'V');
INSERT INTO measurements (board_revision_id, kind, test_point, reference_designator, rail_name, power_state, expected_value, measured_value, units, notes, is_known_good) VALUES (200265, 'voltage', 'VBAT', NULL, 'VBAT / PP_BATT_VCC', 'off', '3.8', '3.8', 'V', 'Battery main rail (typically 3.0-4.35V with charge).', 1);
INSERT INTO measurements (board_revision_id, kind, test_point, reference_designator, rail_name, power_state, expected_value, measured_value, units, notes, is_known_good) VALUES (200265, 'voltage', 'VBUS_5V', NULL, 'VBUS', 'on', '5.0', '5.0', 'V', 'USB VBUS when charging.', 1);
INSERT INTO measurements (board_revision_id, kind, test_point, reference_designator, rail_name, power_state, expected_value, measured_value, units, notes, is_known_good) VALUES (200265, 'voltage', 'PP5V0', NULL, '5V0', 'on', '5.0', '5.0', 'V', '5V rail (typical).', 1);
INSERT INTO measurements (board_revision_id, kind, test_point, reference_designator, rail_name, power_state, expected_value, measured_value, units, notes, is_known_good) VALUES (200265, 'voltage', 'PP1V8', NULL, '1V8', 'on', '1.8', '1.8', 'V', '1.8V housekeeping rail (typical).', 1);
INSERT INTO measurements (board_revision_id, kind, test_point, reference_designator, rail_name, power_state, expected_value, measured_value, units, notes, is_known_good) VALUES (200265, 'voltage', 'PP3V3', NULL, '3V3', 'on', '3.3', '3.3', 'V', '3.3V rail (typical).', 1);
INSERT INTO board_revisions (id, device_model, revision, layer_count, primary_soc, pmic, notes) VALUES (200266, 'Apple iPad Pro 11 (2018)', 'Logic Board', NULL, NULL, 'U_PMIC', 'Apple iPad Pro 11 (2018) main logic board. Component set and rails are family-typical reference values; confirm exact values against the boardview/schematic for this unit.');
INSERT INTO board_components (board_revision_id, reference_designator, component_type, value, part_number, notes) VALUES (200266, 'J_LCD', 'Connector', NULL, NULL, 'LCD FPC connector');
INSERT INTO board_components (board_revision_id, reference_designator, component_type, value, part_number, notes) VALUES (200266, 'J_DIG', 'Connector', NULL, NULL, 'Digitizer FPC connector');
INSERT INTO board_components (board_revision_id, reference_designator, component_type, value, part_number, notes) VALUES (200266, 'J_BATT', 'Connector', NULL, NULL, 'Battery FPC connector');
INSERT INTO board_components (board_revision_id, reference_designator, component_type, value, part_number, notes) VALUES (200266, 'J_CHG', 'Connector', NULL, NULL, 'Charge port connector');
INSERT INTO board_components (board_revision_id, reference_designator, component_type, value, part_number, notes) VALUES (200266, 'U_PMIC', 'PMIC', NULL, NULL, 'Main power management IC');
INSERT INTO board_components (board_revision_id, reference_designator, component_type, value, part_number, notes) VALUES (200266, 'U_CHG', 'Charging IC', NULL, NULL, 'USB charging IC');
INSERT INTO board_components (board_revision_id, reference_designator, component_type, value, part_number, notes) VALUES (200266, 'U_NAND', 'NAND Flash', NULL, NULL, 'Flash storage');
INSERT INTO board_test_points (board_revision_id, label, location_desc, expected_voltage, expected_resistance) VALUES (200266, 'VBAT', 'see boardview', '3.8V', NULL);
INSERT INTO board_test_points (board_revision_id, label, location_desc, expected_voltage, expected_resistance) VALUES (200266, 'VBUS_5V', 'see boardview', '5.0V', NULL);
INSERT INTO board_test_points (board_revision_id, label, location_desc, expected_voltage, expected_resistance) VALUES (200266, 'PP5V0', 'see boardview', '5.0V', NULL);
INSERT INTO board_test_points (board_revision_id, label, location_desc, expected_voltage, expected_resistance) VALUES (200266, 'PP1V8', 'see boardview', '1.8V', NULL);
INSERT INTO board_test_points (board_revision_id, label, location_desc, expected_voltage, expected_resistance) VALUES (200266, 'PP3V3', 'see boardview', '3.3V', NULL);
INSERT INTO board_nets (board_revision_id, net_name, test_point, expected_value, units) VALUES (200266, 'VBAT / PP_BATT_VCC', 'VBAT', '3.8', 'V');
INSERT INTO board_nets (board_revision_id, net_name, test_point, expected_value, units) VALUES (200266, 'VBUS', 'VBUS_5V', '5.0', 'V');
INSERT INTO board_nets (board_revision_id, net_name, test_point, expected_value, units) VALUES (200266, '5V0', 'PP5V0', '5.0', 'V');
INSERT INTO board_nets (board_revision_id, net_name, test_point, expected_value, units) VALUES (200266, '1V8', 'PP1V8', '1.8', 'V');
INSERT INTO board_nets (board_revision_id, net_name, test_point, expected_value, units) VALUES (200266, '3V3', 'PP3V3', '3.3', 'V');
INSERT INTO measurements (board_revision_id, kind, test_point, reference_designator, rail_name, power_state, expected_value, measured_value, units, notes, is_known_good) VALUES (200266, 'voltage', 'VBAT', NULL, 'VBAT / PP_BATT_VCC', 'off', '3.8', '3.8', 'V', 'Battery main rail (typically 3.0-4.35V with charge).', 1);
INSERT INTO measurements (board_revision_id, kind, test_point, reference_designator, rail_name, power_state, expected_value, measured_value, units, notes, is_known_good) VALUES (200266, 'voltage', 'VBUS_5V', NULL, 'VBUS', 'on', '5.0', '5.0', 'V', 'USB VBUS when charging.', 1);
INSERT INTO measurements (board_revision_id, kind, test_point, reference_designator, rail_name, power_state, expected_value, measured_value, units, notes, is_known_good) VALUES (200266, 'voltage', 'PP5V0', NULL, '5V0', 'on', '5.0', '5.0', 'V', '5V rail (typical).', 1);
INSERT INTO measurements (board_revision_id, kind, test_point, reference_designator, rail_name, power_state, expected_value, measured_value, units, notes, is_known_good) VALUES (200266, 'voltage', 'PP1V8', NULL, '1V8', 'on', '1.8', '1.8', 'V', '1.8V housekeeping rail (typical).', 1);
INSERT INTO measurements (board_revision_id, kind, test_point, reference_designator, rail_name, power_state, expected_value, measured_value, units, notes, is_known_good) VALUES (200266, 'voltage', 'PP3V3', NULL, '3V3', 'on', '3.3', '3.3', 'V', '3.3V rail (typical).', 1);
INSERT INTO board_revisions (id, device_model, revision, layer_count, primary_soc, pmic, notes) VALUES (200267, 'Apple iPad Pro 11 (2020)', 'Logic Board', NULL, NULL, 'U_PMIC', 'Apple iPad Pro 11 (2020) main logic board. Component set and rails are family-typical reference values; confirm exact values against the boardview/schematic for this unit.');
INSERT INTO board_components (board_revision_id, reference_designator, component_type, value, part_number, notes) VALUES (200267, 'J_LCD', 'Connector', NULL, NULL, 'LCD FPC connector');
INSERT INTO board_components (board_revision_id, reference_designator, component_type, value, part_number, notes) VALUES (200267, 'J_DIG', 'Connector', NULL, NULL, 'Digitizer FPC connector');
INSERT INTO board_components (board_revision_id, reference_designator, component_type, value, part_number, notes) VALUES (200267, 'J_BATT', 'Connector', NULL, NULL, 'Battery FPC connector');
INSERT INTO board_components (board_revision_id, reference_designator, component_type, value, part_number, notes) VALUES (200267, 'J_CHG', 'Connector', NULL, NULL, 'Charge port connector');
INSERT INTO board_components (board_revision_id, reference_designator, component_type, value, part_number, notes) VALUES (200267, 'U_PMIC', 'PMIC', NULL, NULL, 'Main power management IC');
INSERT INTO board_components (board_revision_id, reference_designator, component_type, value, part_number, notes) VALUES (200267, 'U_CHG', 'Charging IC', NULL, NULL, 'USB charging IC');
INSERT INTO board_components (board_revision_id, reference_designator, component_type, value, part_number, notes) VALUES (200267, 'U_NAND', 'NAND Flash', NULL, NULL, 'Flash storage');
INSERT INTO board_test_points (board_revision_id, label, location_desc, expected_voltage, expected_resistance) VALUES (200267, 'VBAT', 'see boardview', '3.8V', NULL);
INSERT INTO board_test_points (board_revision_id, label, location_desc, expected_voltage, expected_resistance) VALUES (200267, 'VBUS_5V', 'see boardview', '5.0V', NULL);
INSERT INTO board_test_points (board_revision_id, label, location_desc, expected_voltage, expected_resistance) VALUES (200267, 'PP5V0', 'see boardview', '5.0V', NULL);
INSERT INTO board_test_points (board_revision_id, label, location_desc, expected_voltage, expected_resistance) VALUES (200267, 'PP1V8', 'see boardview', '1.8V', NULL);
INSERT INTO board_test_points (board_revision_id, label, location_desc, expected_voltage, expected_resistance) VALUES (200267, 'PP3V3', 'see boardview', '3.3V', NULL);
INSERT INTO board_nets (board_revision_id, net_name, test_point, expected_value, units) VALUES (200267, 'VBAT / PP_BATT_VCC', 'VBAT', '3.8', 'V');
INSERT INTO board_nets (board_revision_id, net_name, test_point, expected_value, units) VALUES (200267, 'VBUS', 'VBUS_5V', '5.0', 'V');
INSERT INTO board_nets (board_revision_id, net_name, test_point, expected_value, units) VALUES (200267, '5V0', 'PP5V0', '5.0', 'V');
INSERT INTO board_nets (board_revision_id, net_name, test_point, expected_value, units) VALUES (200267, '1V8', 'PP1V8', '1.8', 'V');
INSERT INTO board_nets (board_revision_id, net_name, test_point, expected_value, units) VALUES (200267, '3V3', 'PP3V3', '3.3', 'V');
INSERT INTO measurements (board_revision_id, kind, test_point, reference_designator, rail_name, power_state, expected_value, measured_value, units, notes, is_known_good) VALUES (200267, 'voltage', 'VBAT', NULL, 'VBAT / PP_BATT_VCC', 'off', '3.8', '3.8', 'V', 'Battery main rail (typically 3.0-4.35V with charge).', 1);
INSERT INTO measurements (board_revision_id, kind, test_point, reference_designator, rail_name, power_state, expected_value, measured_value, units, notes, is_known_good) VALUES (200267, 'voltage', 'VBUS_5V', NULL, 'VBUS', 'on', '5.0', '5.0', 'V', 'USB VBUS when charging.', 1);
INSERT INTO measurements (board_revision_id, kind, test_point, reference_designator, rail_name, power_state, expected_value, measured_value, units, notes, is_known_good) VALUES (200267, 'voltage', 'PP5V0', NULL, '5V0', 'on', '5.0', '5.0', 'V', '5V rail (typical).', 1);
INSERT INTO measurements (board_revision_id, kind, test_point, reference_designator, rail_name, power_state, expected_value, measured_value, units, notes, is_known_good) VALUES (200267, 'voltage', 'PP1V8', NULL, '1V8', 'on', '1.8', '1.8', 'V', '1.8V housekeeping rail (typical).', 1);
INSERT INTO measurements (board_revision_id, kind, test_point, reference_designator, rail_name, power_state, expected_value, measured_value, units, notes, is_known_good) VALUES (200267, 'voltage', 'PP3V3', NULL, '3V3', 'on', '3.3', '3.3', 'V', '3.3V rail (typical).', 1);
INSERT INTO board_revisions (id, device_model, revision, layer_count, primary_soc, pmic, notes) VALUES (200268, 'Apple iPad Pro 11 (2021)', 'Logic Board', NULL, NULL, 'U_PMIC', 'Apple iPad Pro 11 (2021) main logic board. Component set and rails are family-typical reference values; confirm exact values against the boardview/schematic for this unit.');
INSERT INTO board_components (board_revision_id, reference_designator, component_type, value, part_number, notes) VALUES (200268, 'J_LCD', 'Connector', NULL, NULL, 'LCD FPC connector');
INSERT INTO board_components (board_revision_id, reference_designator, component_type, value, part_number, notes) VALUES (200268, 'J_DIG', 'Connector', NULL, NULL, 'Digitizer FPC connector');
INSERT INTO board_components (board_revision_id, reference_designator, component_type, value, part_number, notes) VALUES (200268, 'J_BATT', 'Connector', NULL, NULL, 'Battery FPC connector');
INSERT INTO board_components (board_revision_id, reference_designator, component_type, value, part_number, notes) VALUES (200268, 'J_CHG', 'Connector', NULL, NULL, 'Charge port connector');
INSERT INTO board_components (board_revision_id, reference_designator, component_type, value, part_number, notes) VALUES (200268, 'U_PMIC', 'PMIC', NULL, NULL, 'Main power management IC');
INSERT INTO board_components (board_revision_id, reference_designator, component_type, value, part_number, notes) VALUES (200268, 'U_CHG', 'Charging IC', NULL, NULL, 'USB charging IC');
INSERT INTO board_components (board_revision_id, reference_designator, component_type, value, part_number, notes) VALUES (200268, 'U_NAND', 'NAND Flash', NULL, NULL, 'Flash storage');
INSERT INTO board_test_points (board_revision_id, label, location_desc, expected_voltage, expected_resistance) VALUES (200268, 'VBAT', 'see boardview', '3.8V', NULL);
INSERT INTO board_test_points (board_revision_id, label, location_desc, expected_voltage, expected_resistance) VALUES (200268, 'VBUS_5V', 'see boardview', '5.0V', NULL);
INSERT INTO board_test_points (board_revision_id, label, location_desc, expected_voltage, expected_resistance) VALUES (200268, 'PP5V0', 'see boardview', '5.0V', NULL);
INSERT INTO board_test_points (board_revision_id, label, location_desc, expected_voltage, expected_resistance) VALUES (200268, 'PP1V8', 'see boardview', '1.8V', NULL);
INSERT INTO board_test_points (board_revision_id, label, location_desc, expected_voltage, expected_resistance) VALUES (200268, 'PP3V3', 'see boardview', '3.3V', NULL);
INSERT INTO board_nets (board_revision_id, net_name, test_point, expected_value, units) VALUES (200268, 'VBAT / PP_BATT_VCC', 'VBAT', '3.8', 'V');
INSERT INTO board_nets (board_revision_id, net_name, test_point, expected_value, units) VALUES (200268, 'VBUS', 'VBUS_5V', '5.0', 'V');
INSERT INTO board_nets (board_revision_id, net_name, test_point, expected_value, units) VALUES (200268, '5V0', 'PP5V0', '5.0', 'V');
INSERT INTO board_nets (board_revision_id, net_name, test_point, expected_value, units) VALUES (200268, '1V8', 'PP1V8', '1.8', 'V');
INSERT INTO board_nets (board_revision_id, net_name, test_point, expected_value, units) VALUES (200268, '3V3', 'PP3V3', '3.3', 'V');
INSERT INTO measurements (board_revision_id, kind, test_point, reference_designator, rail_name, power_state, expected_value, measured_value, units, notes, is_known_good) VALUES (200268, 'voltage', 'VBAT', NULL, 'VBAT / PP_BATT_VCC', 'off', '3.8', '3.8', 'V', 'Battery main rail (typically 3.0-4.35V with charge).', 1);
INSERT INTO measurements (board_revision_id, kind, test_point, reference_designator, rail_name, power_state, expected_value, measured_value, units, notes, is_known_good) VALUES (200268, 'voltage', 'VBUS_5V', NULL, 'VBUS', 'on', '5.0', '5.0', 'V', 'USB VBUS when charging.', 1);
INSERT INTO measurements (board_revision_id, kind, test_point, reference_designator, rail_name, power_state, expected_value, measured_value, units, notes, is_known_good) VALUES (200268, 'voltage', 'PP5V0', NULL, '5V0', 'on', '5.0', '5.0', 'V', '5V rail (typical).', 1);
INSERT INTO measurements (board_revision_id, kind, test_point, reference_designator, rail_name, power_state, expected_value, measured_value, units, notes, is_known_good) VALUES (200268, 'voltage', 'PP1V8', NULL, '1V8', 'on', '1.8', '1.8', 'V', '1.8V housekeeping rail (typical).', 1);
INSERT INTO measurements (board_revision_id, kind, test_point, reference_designator, rail_name, power_state, expected_value, measured_value, units, notes, is_known_good) VALUES (200268, 'voltage', 'PP3V3', NULL, '3V3', 'on', '3.3', '3.3', 'V', '3.3V rail (typical).', 1);
INSERT INTO board_revisions (id, device_model, revision, layer_count, primary_soc, pmic, notes) VALUES (200269, 'Apple iPad Pro 12.9 (2015)', 'Logic Board', NULL, NULL, 'U_PMIC', 'Apple iPad Pro 12.9 (2015) main logic board. Component set and rails are family-typical reference values; confirm exact values against the boardview/schematic for this unit.');
INSERT INTO board_components (board_revision_id, reference_designator, component_type, value, part_number, notes) VALUES (200269, 'J_LCD', 'Connector', NULL, NULL, 'LCD FPC connector');
INSERT INTO board_components (board_revision_id, reference_designator, component_type, value, part_number, notes) VALUES (200269, 'J_DIG', 'Connector', NULL, NULL, 'Digitizer FPC connector');
INSERT INTO board_components (board_revision_id, reference_designator, component_type, value, part_number, notes) VALUES (200269, 'J_BATT', 'Connector', NULL, NULL, 'Battery FPC connector');
INSERT INTO board_components (board_revision_id, reference_designator, component_type, value, part_number, notes) VALUES (200269, 'J_CHG', 'Connector', NULL, NULL, 'Charge port connector');
INSERT INTO board_components (board_revision_id, reference_designator, component_type, value, part_number, notes) VALUES (200269, 'U_PMIC', 'PMIC', NULL, NULL, 'Main power management IC');
INSERT INTO board_components (board_revision_id, reference_designator, component_type, value, part_number, notes) VALUES (200269, 'U_CHG', 'Charging IC', NULL, NULL, 'USB charging IC');
INSERT INTO board_components (board_revision_id, reference_designator, component_type, value, part_number, notes) VALUES (200269, 'U_NAND', 'NAND Flash', NULL, NULL, 'Flash storage');
INSERT INTO board_test_points (board_revision_id, label, location_desc, expected_voltage, expected_resistance) VALUES (200269, 'VBAT', 'see boardview', '3.8V', NULL);
INSERT INTO board_test_points (board_revision_id, label, location_desc, expected_voltage, expected_resistance) VALUES (200269, 'VBUS_5V', 'see boardview', '5.0V', NULL);
INSERT INTO board_test_points (board_revision_id, label, location_desc, expected_voltage, expected_resistance) VALUES (200269, 'PP5V0', 'see boardview', '5.0V', NULL);
INSERT INTO board_test_points (board_revision_id, label, location_desc, expected_voltage, expected_resistance) VALUES (200269, 'PP1V8', 'see boardview', '1.8V', NULL);
INSERT INTO board_test_points (board_revision_id, label, location_desc, expected_voltage, expected_resistance) VALUES (200269, 'PP3V3', 'see boardview', '3.3V', NULL);
INSERT INTO board_nets (board_revision_id, net_name, test_point, expected_value, units) VALUES (200269, 'VBAT / PP_BATT_VCC', 'VBAT', '3.8', 'V');
INSERT INTO board_nets (board_revision_id, net_name, test_point, expected_value, units) VALUES (200269, 'VBUS', 'VBUS_5V', '5.0', 'V');
INSERT INTO board_nets (board_revision_id, net_name, test_point, expected_value, units) VALUES (200269, '5V0', 'PP5V0', '5.0', 'V');
INSERT INTO board_nets (board_revision_id, net_name, test_point, expected_value, units) VALUES (200269, '1V8', 'PP1V8', '1.8', 'V');
INSERT INTO board_nets (board_revision_id, net_name, test_point, expected_value, units) VALUES (200269, '3V3', 'PP3V3', '3.3', 'V');
INSERT INTO measurements (board_revision_id, kind, test_point, reference_designator, rail_name, power_state, expected_value, measured_value, units, notes, is_known_good) VALUES (200269, 'voltage', 'VBAT', NULL, 'VBAT / PP_BATT_VCC', 'off', '3.8', '3.8', 'V', 'Battery main rail (typically 3.0-4.35V with charge).', 1);
INSERT INTO measurements (board_revision_id, kind, test_point, reference_designator, rail_name, power_state, expected_value, measured_value, units, notes, is_known_good) VALUES (200269, 'voltage', 'VBUS_5V', NULL, 'VBUS', 'on', '5.0', '5.0', 'V', 'USB VBUS when charging.', 1);
INSERT INTO measurements (board_revision_id, kind, test_point, reference_designator, rail_name, power_state, expected_value, measured_value, units, notes, is_known_good) VALUES (200269, 'voltage', 'PP5V0', NULL, '5V0', 'on', '5.0', '5.0', 'V', '5V rail (typical).', 1);
INSERT INTO measurements (board_revision_id, kind, test_point, reference_designator, rail_name, power_state, expected_value, measured_value, units, notes, is_known_good) VALUES (200269, 'voltage', 'PP1V8', NULL, '1V8', 'on', '1.8', '1.8', 'V', '1.8V housekeeping rail (typical).', 1);
INSERT INTO measurements (board_revision_id, kind, test_point, reference_designator, rail_name, power_state, expected_value, measured_value, units, notes, is_known_good) VALUES (200269, 'voltage', 'PP3V3', NULL, '3V3', 'on', '3.3', '3.3', 'V', '3.3V rail (typical).', 1);
INSERT INTO board_revisions (id, device_model, revision, layer_count, primary_soc, pmic, notes) VALUES (200270, 'Apple iPad Pro 12.9 (2017)', 'Logic Board', NULL, NULL, 'U_PMIC', 'Apple iPad Pro 12.9 (2017) main logic board. Component set and rails are family-typical reference values; confirm exact values against the boardview/schematic for this unit.');
INSERT INTO board_components (board_revision_id, reference_designator, component_type, value, part_number, notes) VALUES (200270, 'J_LCD', 'Connector', NULL, NULL, 'LCD FPC connector');
INSERT INTO board_components (board_revision_id, reference_designator, component_type, value, part_number, notes) VALUES (200270, 'J_DIG', 'Connector', NULL, NULL, 'Digitizer FPC connector');
INSERT INTO board_components (board_revision_id, reference_designator, component_type, value, part_number, notes) VALUES (200270, 'J_BATT', 'Connector', NULL, NULL, 'Battery FPC connector');
INSERT INTO board_components (board_revision_id, reference_designator, component_type, value, part_number, notes) VALUES (200270, 'J_CHG', 'Connector', NULL, NULL, 'Charge port connector');
INSERT INTO board_components (board_revision_id, reference_designator, component_type, value, part_number, notes) VALUES (200270, 'U_PMIC', 'PMIC', NULL, NULL, 'Main power management IC');
INSERT INTO board_components (board_revision_id, reference_designator, component_type, value, part_number, notes) VALUES (200270, 'U_CHG', 'Charging IC', NULL, NULL, 'USB charging IC');
INSERT INTO board_components (board_revision_id, reference_designator, component_type, value, part_number, notes) VALUES (200270, 'U_NAND', 'NAND Flash', NULL, NULL, 'Flash storage');
INSERT INTO board_test_points (board_revision_id, label, location_desc, expected_voltage, expected_resistance) VALUES (200270, 'VBAT', 'see boardview', '3.8V', NULL);
INSERT INTO board_test_points (board_revision_id, label, location_desc, expected_voltage, expected_resistance) VALUES (200270, 'VBUS_5V', 'see boardview', '5.0V', NULL);
INSERT INTO board_test_points (board_revision_id, label, location_desc, expected_voltage, expected_resistance) VALUES (200270, 'PP5V0', 'see boardview', '5.0V', NULL);
INSERT INTO board_test_points (board_revision_id, label, location_desc, expected_voltage, expected_resistance) VALUES (200270, 'PP1V8', 'see boardview', '1.8V', NULL);
INSERT INTO board_test_points (board_revision_id, label, location_desc, expected_voltage, expected_resistance) VALUES (200270, 'PP3V3', 'see boardview', '3.3V', NULL);
INSERT INTO board_nets (board_revision_id, net_name, test_point, expected_value, units) VALUES (200270, 'VBAT / PP_BATT_VCC', 'VBAT', '3.8', 'V');
INSERT INTO board_nets (board_revision_id, net_name, test_point, expected_value, units) VALUES (200270, 'VBUS', 'VBUS_5V', '5.0', 'V');
INSERT INTO board_nets (board_revision_id, net_name, test_point, expected_value, units) VALUES (200270, '5V0', 'PP5V0', '5.0', 'V');
INSERT INTO board_nets (board_revision_id, net_name, test_point, expected_value, units) VALUES (200270, '1V8', 'PP1V8', '1.8', 'V');
INSERT INTO board_nets (board_revision_id, net_name, test_point, expected_value, units) VALUES (200270, '3V3', 'PP3V3', '3.3', 'V');
INSERT INTO measurements (board_revision_id, kind, test_point, reference_designator, rail_name, power_state, expected_value, measured_value, units, notes, is_known_good) VALUES (200270, 'voltage', 'VBAT', NULL, 'VBAT / PP_BATT_VCC', 'off', '3.8', '3.8', 'V', 'Battery main rail (typically 3.0-4.35V with charge).', 1);
INSERT INTO measurements (board_revision_id, kind, test_point, reference_designator, rail_name, power_state, expected_value, measured_value, units, notes, is_known_good) VALUES (200270, 'voltage', 'VBUS_5V', NULL, 'VBUS', 'on', '5.0', '5.0', 'V', 'USB VBUS when charging.', 1);
INSERT INTO measurements (board_revision_id, kind, test_point, reference_designator, rail_name, power_state, expected_value, measured_value, units, notes, is_known_good) VALUES (200270, 'voltage', 'PP5V0', NULL, '5V0', 'on', '5.0', '5.0', 'V', '5V rail (typical).', 1);
INSERT INTO measurements (board_revision_id, kind, test_point, reference_designator, rail_name, power_state, expected_value, measured_value, units, notes, is_known_good) VALUES (200270, 'voltage', 'PP1V8', NULL, '1V8', 'on', '1.8', '1.8', 'V', '1.8V housekeeping rail (typical).', 1);
INSERT INTO measurements (board_revision_id, kind, test_point, reference_designator, rail_name, power_state, expected_value, measured_value, units, notes, is_known_good) VALUES (200270, 'voltage', 'PP3V3', NULL, '3V3', 'on', '3.3', '3.3', 'V', '3.3V rail (typical).', 1);
INSERT INTO board_revisions (id, device_model, revision, layer_count, primary_soc, pmic, notes) VALUES (200271, 'Apple iPad Pro 12.9 (2018)', 'Logic Board', NULL, NULL, 'U_PMIC', 'Apple iPad Pro 12.9 (2018) main logic board. Component set and rails are family-typical reference values; confirm exact values against the boardview/schematic for this unit.');
INSERT INTO board_components (board_revision_id, reference_designator, component_type, value, part_number, notes) VALUES (200271, 'J_LCD', 'Connector', NULL, NULL, 'LCD FPC connector');
INSERT INTO board_components (board_revision_id, reference_designator, component_type, value, part_number, notes) VALUES (200271, 'J_DIG', 'Connector', NULL, NULL, 'Digitizer FPC connector');
INSERT INTO board_components (board_revision_id, reference_designator, component_type, value, part_number, notes) VALUES (200271, 'J_BATT', 'Connector', NULL, NULL, 'Battery FPC connector');
INSERT INTO board_components (board_revision_id, reference_designator, component_type, value, part_number, notes) VALUES (200271, 'J_CHG', 'Connector', NULL, NULL, 'Charge port connector');
INSERT INTO board_components (board_revision_id, reference_designator, component_type, value, part_number, notes) VALUES (200271, 'U_PMIC', 'PMIC', NULL, NULL, 'Main power management IC');
INSERT INTO board_components (board_revision_id, reference_designator, component_type, value, part_number, notes) VALUES (200271, 'U_CHG', 'Charging IC', NULL, NULL, 'USB charging IC');
INSERT INTO board_components (board_revision_id, reference_designator, component_type, value, part_number, notes) VALUES (200271, 'U_NAND', 'NAND Flash', NULL, NULL, 'Flash storage');
INSERT INTO board_test_points (board_revision_id, label, location_desc, expected_voltage, expected_resistance) VALUES (200271, 'VBAT', 'see boardview', '3.8V', NULL);
INSERT INTO board_test_points (board_revision_id, label, location_desc, expected_voltage, expected_resistance) VALUES (200271, 'VBUS_5V', 'see boardview', '5.0V', NULL);
INSERT INTO board_test_points (board_revision_id, label, location_desc, expected_voltage, expected_resistance) VALUES (200271, 'PP5V0', 'see boardview', '5.0V', NULL);
INSERT INTO board_test_points (board_revision_id, label, location_desc, expected_voltage, expected_resistance) VALUES (200271, 'PP1V8', 'see boardview', '1.8V', NULL);
INSERT INTO board_test_points (board_revision_id, label, location_desc, expected_voltage, expected_resistance) VALUES (200271, 'PP3V3', 'see boardview', '3.3V', NULL);
INSERT INTO board_nets (board_revision_id, net_name, test_point, expected_value, units) VALUES (200271, 'VBAT / PP_BATT_VCC', 'VBAT', '3.8', 'V');
INSERT INTO board_nets (board_revision_id, net_name, test_point, expected_value, units) VALUES (200271, 'VBUS', 'VBUS_5V', '5.0', 'V');
INSERT INTO board_nets (board_revision_id, net_name, test_point, expected_value, units) VALUES (200271, '5V0', 'PP5V0', '5.0', 'V');
INSERT INTO board_nets (board_revision_id, net_name, test_point, expected_value, units) VALUES (200271, '1V8', 'PP1V8', '1.8', 'V');
INSERT INTO board_nets (board_revision_id, net_name, test_point, expected_value, units) VALUES (200271, '3V3', 'PP3V3', '3.3', 'V');
INSERT INTO measurements (board_revision_id, kind, test_point, reference_designator, rail_name, power_state, expected_value, measured_value, units, notes, is_known_good) VALUES (200271, 'voltage', 'VBAT', NULL, 'VBAT / PP_BATT_VCC', 'off', '3.8', '3.8', 'V', 'Battery main rail (typically 3.0-4.35V with charge).', 1);
INSERT INTO measurements (board_revision_id, kind, test_point, reference_designator, rail_name, power_state, expected_value, measured_value, units, notes, is_known_good) VALUES (200271, 'voltage', 'VBUS_5V', NULL, 'VBUS', 'on', '5.0', '5.0', 'V', 'USB VBUS when charging.', 1);
INSERT INTO measurements (board_revision_id, kind, test_point, reference_designator, rail_name, power_state, expected_value, measured_value, units, notes, is_known_good) VALUES (200271, 'voltage', 'PP5V0', NULL, '5V0', 'on', '5.0', '5.0', 'V', '5V rail (typical).', 1);
INSERT INTO measurements (board_revision_id, kind, test_point, reference_designator, rail_name, power_state, expected_value, measured_value, units, notes, is_known_good) VALUES (200271, 'voltage', 'PP1V8', NULL, '1V8', 'on', '1.8', '1.8', 'V', '1.8V housekeeping rail (typical).', 1);
INSERT INTO measurements (board_revision_id, kind, test_point, reference_designator, rail_name, power_state, expected_value, measured_value, units, notes, is_known_good) VALUES (200271, 'voltage', 'PP3V3', NULL, '3V3', 'on', '3.3', '3.3', 'V', '3.3V rail (typical).', 1);
INSERT INTO board_revisions (id, device_model, revision, layer_count, primary_soc, pmic, notes) VALUES (200272, 'Apple iPad Pro 12.9 (2020)', 'Logic Board', NULL, NULL, 'U_PMIC', 'Apple iPad Pro 12.9 (2020) main logic board. Component set and rails are family-typical reference values; confirm exact values against the boardview/schematic for this unit.');
INSERT INTO board_components (board_revision_id, reference_designator, component_type, value, part_number, notes) VALUES (200272, 'J_LCD', 'Connector', NULL, NULL, 'LCD FPC connector');
INSERT INTO board_components (board_revision_id, reference_designator, component_type, value, part_number, notes) VALUES (200272, 'J_DIG', 'Connector', NULL, NULL, 'Digitizer FPC connector');
INSERT INTO board_components (board_revision_id, reference_designator, component_type, value, part_number, notes) VALUES (200272, 'J_BATT', 'Connector', NULL, NULL, 'Battery FPC connector');
INSERT INTO board_components (board_revision_id, reference_designator, component_type, value, part_number, notes) VALUES (200272, 'J_CHG', 'Connector', NULL, NULL, 'Charge port connector');
INSERT INTO board_components (board_revision_id, reference_designator, component_type, value, part_number, notes) VALUES (200272, 'U_PMIC', 'PMIC', NULL, NULL, 'Main power management IC');
INSERT INTO board_components (board_revision_id, reference_designator, component_type, value, part_number, notes) VALUES (200272, 'U_CHG', 'Charging IC', NULL, NULL, 'USB charging IC');
INSERT INTO board_components (board_revision_id, reference_designator, component_type, value, part_number, notes) VALUES (200272, 'U_NAND', 'NAND Flash', NULL, NULL, 'Flash storage');
INSERT INTO board_test_points (board_revision_id, label, location_desc, expected_voltage, expected_resistance) VALUES (200272, 'VBAT', 'see boardview', '3.8V', NULL);
INSERT INTO board_test_points (board_revision_id, label, location_desc, expected_voltage, expected_resistance) VALUES (200272, 'VBUS_5V', 'see boardview', '5.0V', NULL);
INSERT INTO board_test_points (board_revision_id, label, location_desc, expected_voltage, expected_resistance) VALUES (200272, 'PP5V0', 'see boardview', '5.0V', NULL);
INSERT INTO board_test_points (board_revision_id, label, location_desc, expected_voltage, expected_resistance) VALUES (200272, 'PP1V8', 'see boardview', '1.8V', NULL);
INSERT INTO board_test_points (board_revision_id, label, location_desc, expected_voltage, expected_resistance) VALUES (200272, 'PP3V3', 'see boardview', '3.3V', NULL);
INSERT INTO board_nets (board_revision_id, net_name, test_point, expected_value, units) VALUES (200272, 'VBAT / PP_BATT_VCC', 'VBAT', '3.8', 'V');
INSERT INTO board_nets (board_revision_id, net_name, test_point, expected_value, units) VALUES (200272, 'VBUS', 'VBUS_5V', '5.0', 'V');
INSERT INTO board_nets (board_revision_id, net_name, test_point, expected_value, units) VALUES (200272, '5V0', 'PP5V0', '5.0', 'V');
INSERT INTO board_nets (board_revision_id, net_name, test_point, expected_value, units) VALUES (200272, '1V8', 'PP1V8', '1.8', 'V');
INSERT INTO board_nets (board_revision_id, net_name, test_point, expected_value, units) VALUES (200272, '3V3', 'PP3V3', '3.3', 'V');
INSERT INTO measurements (board_revision_id, kind, test_point, reference_designator, rail_name, power_state, expected_value, measured_value, units, notes, is_known_good) VALUES (200272, 'voltage', 'VBAT', NULL, 'VBAT / PP_BATT_VCC', 'off', '3.8', '3.8', 'V', 'Battery main rail (typically 3.0-4.35V with charge).', 1);
INSERT INTO measurements (board_revision_id, kind, test_point, reference_designator, rail_name, power_state, expected_value, measured_value, units, notes, is_known_good) VALUES (200272, 'voltage', 'VBUS_5V', NULL, 'VBUS', 'on', '5.0', '5.0', 'V', 'USB VBUS when charging.', 1);
INSERT INTO measurements (board_revision_id, kind, test_point, reference_designator, rail_name, power_state, expected_value, measured_value, units, notes, is_known_good) VALUES (200272, 'voltage', 'PP5V0', NULL, '5V0', 'on', '5.0', '5.0', 'V', '5V rail (typical).', 1);
INSERT INTO measurements (board_revision_id, kind, test_point, reference_designator, rail_name, power_state, expected_value, measured_value, units, notes, is_known_good) VALUES (200272, 'voltage', 'PP1V8', NULL, '1V8', 'on', '1.8', '1.8', 'V', '1.8V housekeeping rail (typical).', 1);
INSERT INTO measurements (board_revision_id, kind, test_point, reference_designator, rail_name, power_state, expected_value, measured_value, units, notes, is_known_good) VALUES (200272, 'voltage', 'PP3V3', NULL, '3V3', 'on', '3.3', '3.3', 'V', '3.3V rail (typical).', 1);
INSERT INTO board_revisions (id, device_model, revision, layer_count, primary_soc, pmic, notes) VALUES (200273, 'Apple iPad Pro 12.9 (2021)', 'Logic Board', NULL, NULL, 'U_PMIC', 'Apple iPad Pro 12.9 (2021) main logic board. Component set and rails are family-typical reference values; confirm exact values against the boardview/schematic for this unit.');
INSERT INTO board_components (board_revision_id, reference_designator, component_type, value, part_number, notes) VALUES (200273, 'J_LCD', 'Connector', NULL, NULL, 'LCD FPC connector');
INSERT INTO board_components (board_revision_id, reference_designator, component_type, value, part_number, notes) VALUES (200273, 'J_DIG', 'Connector', NULL, NULL, 'Digitizer FPC connector');
INSERT INTO board_components (board_revision_id, reference_designator, component_type, value, part_number, notes) VALUES (200273, 'J_BATT', 'Connector', NULL, NULL, 'Battery FPC connector');
INSERT INTO board_components (board_revision_id, reference_designator, component_type, value, part_number, notes) VALUES (200273, 'J_CHG', 'Connector', NULL, NULL, 'Charge port connector');
INSERT INTO board_components (board_revision_id, reference_designator, component_type, value, part_number, notes) VALUES (200273, 'U_PMIC', 'PMIC', NULL, NULL, 'Main power management IC');
INSERT INTO board_components (board_revision_id, reference_designator, component_type, value, part_number, notes) VALUES (200273, 'U_CHG', 'Charging IC', NULL, NULL, 'USB charging IC');
INSERT INTO board_components (board_revision_id, reference_designator, component_type, value, part_number, notes) VALUES (200273, 'U_NAND', 'NAND Flash', NULL, NULL, 'Flash storage');
INSERT INTO board_test_points (board_revision_id, label, location_desc, expected_voltage, expected_resistance) VALUES (200273, 'VBAT', 'see boardview', '3.8V', NULL);
INSERT INTO board_test_points (board_revision_id, label, location_desc, expected_voltage, expected_resistance) VALUES (200273, 'VBUS_5V', 'see boardview', '5.0V', NULL);
INSERT INTO board_test_points (board_revision_id, label, location_desc, expected_voltage, expected_resistance) VALUES (200273, 'PP5V0', 'see boardview', '5.0V', NULL);
INSERT INTO board_test_points (board_revision_id, label, location_desc, expected_voltage, expected_resistance) VALUES (200273, 'PP1V8', 'see boardview', '1.8V', NULL);
INSERT INTO board_test_points (board_revision_id, label, location_desc, expected_voltage, expected_resistance) VALUES (200273, 'PP3V3', 'see boardview', '3.3V', NULL);
INSERT INTO board_nets (board_revision_id, net_name, test_point, expected_value, units) VALUES (200273, 'VBAT / PP_BATT_VCC', 'VBAT', '3.8', 'V');
INSERT INTO board_nets (board_revision_id, net_name, test_point, expected_value, units) VALUES (200273, 'VBUS', 'VBUS_5V', '5.0', 'V');
INSERT INTO board_nets (board_revision_id, net_name, test_point, expected_value, units) VALUES (200273, '5V0', 'PP5V0', '5.0', 'V');
INSERT INTO board_nets (board_revision_id, net_name, test_point, expected_value, units) VALUES (200273, '1V8', 'PP1V8', '1.8', 'V');
INSERT INTO board_nets (board_revision_id, net_name, test_point, expected_value, units) VALUES (200273, '3V3', 'PP3V3', '3.3', 'V');
INSERT INTO measurements (board_revision_id, kind, test_point, reference_designator, rail_name, power_state, expected_value, measured_value, units, notes, is_known_good) VALUES (200273, 'voltage', 'VBAT', NULL, 'VBAT / PP_BATT_VCC', 'off', '3.8', '3.8', 'V', 'Battery main rail (typically 3.0-4.35V with charge).', 1);
INSERT INTO measurements (board_revision_id, kind, test_point, reference_designator, rail_name, power_state, expected_value, measured_value, units, notes, is_known_good) VALUES (200273, 'voltage', 'VBUS_5V', NULL, 'VBUS', 'on', '5.0', '5.0', 'V', 'USB VBUS when charging.', 1);
INSERT INTO measurements (board_revision_id, kind, test_point, reference_designator, rail_name, power_state, expected_value, measured_value, units, notes, is_known_good) VALUES (200273, 'voltage', 'PP5V0', NULL, '5V0', 'on', '5.0', '5.0', 'V', '5V rail (typical).', 1);
INSERT INTO measurements (board_revision_id, kind, test_point, reference_designator, rail_name, power_state, expected_value, measured_value, units, notes, is_known_good) VALUES (200273, 'voltage', 'PP1V8', NULL, '1V8', 'on', '1.8', '1.8', 'V', '1.8V housekeeping rail (typical).', 1);
INSERT INTO measurements (board_revision_id, kind, test_point, reference_designator, rail_name, power_state, expected_value, measured_value, units, notes, is_known_good) VALUES (200273, 'voltage', 'PP3V3', NULL, '3V3', 'on', '3.3', '3.3', 'V', '3.3V rail (typical).', 1);
INSERT INTO board_revisions (id, device_model, revision, layer_count, primary_soc, pmic, notes) VALUES (200274, 'Samsung Galaxy Tab A 8.0', 'Logic Board', NULL, NULL, 'U_PMIC', 'Samsung Galaxy Tab A 8.0 main logic board. Component set and rails are family-typical reference values; confirm exact values against the boardview/schematic for this unit.');
INSERT INTO board_components (board_revision_id, reference_designator, component_type, value, part_number, notes) VALUES (200274, 'J_LCD', 'Connector', NULL, NULL, 'LCD FPC connector');
INSERT INTO board_components (board_revision_id, reference_designator, component_type, value, part_number, notes) VALUES (200274, 'J_DIG', 'Connector', NULL, NULL, 'Digitizer FPC connector');
INSERT INTO board_components (board_revision_id, reference_designator, component_type, value, part_number, notes) VALUES (200274, 'J_BATT', 'Connector', NULL, NULL, 'Battery FPC connector');
INSERT INTO board_components (board_revision_id, reference_designator, component_type, value, part_number, notes) VALUES (200274, 'J_CHG', 'Connector', NULL, NULL, 'Charge port connector');
INSERT INTO board_components (board_revision_id, reference_designator, component_type, value, part_number, notes) VALUES (200274, 'U_PMIC', 'PMIC', NULL, NULL, 'Main power management IC');
INSERT INTO board_components (board_revision_id, reference_designator, component_type, value, part_number, notes) VALUES (200274, 'U_CHG', 'Charging IC', NULL, NULL, 'USB charging IC');
INSERT INTO board_components (board_revision_id, reference_designator, component_type, value, part_number, notes) VALUES (200274, 'U_NAND', 'NAND Flash', NULL, NULL, 'Flash storage');
INSERT INTO board_components (board_revision_id, reference_designator, component_type, value, part_number, notes) VALUES (200274, 'U_CHG2', 'Charging IC', NULL, NULL, 'USB-C / charging IC (MAX77705 / S2MU-series typical)');
INSERT INTO board_components (board_revision_id, reference_designator, component_type, value, part_number, notes) VALUES (200274, 'U_SUBPMIC', 'PMIC', NULL, NULL, 'Sub-PMIC (S2MPS / S2DOS typical)');
INSERT INTO board_test_points (board_revision_id, label, location_desc, expected_voltage, expected_resistance) VALUES (200274, 'VBAT', 'see boardview', '3.8V', NULL);
INSERT INTO board_test_points (board_revision_id, label, location_desc, expected_voltage, expected_resistance) VALUES (200274, 'VBUS_5V', 'see boardview', '5.0V', NULL);
INSERT INTO board_test_points (board_revision_id, label, location_desc, expected_voltage, expected_resistance) VALUES (200274, 'PP5V0', 'see boardview', '5.0V', NULL);
INSERT INTO board_test_points (board_revision_id, label, location_desc, expected_voltage, expected_resistance) VALUES (200274, 'PP1V8', 'see boardview', '1.8V', NULL);
INSERT INTO board_test_points (board_revision_id, label, location_desc, expected_voltage, expected_resistance) VALUES (200274, 'PP3V3', 'see boardview', '3.3V', NULL);
INSERT INTO board_nets (board_revision_id, net_name, test_point, expected_value, units) VALUES (200274, 'VBAT / PP_BATT_VCC', 'VBAT', '3.8', 'V');
INSERT INTO board_nets (board_revision_id, net_name, test_point, expected_value, units) VALUES (200274, 'VBUS', 'VBUS_5V', '5.0', 'V');
INSERT INTO board_nets (board_revision_id, net_name, test_point, expected_value, units) VALUES (200274, '5V0', 'PP5V0', '5.0', 'V');
INSERT INTO board_nets (board_revision_id, net_name, test_point, expected_value, units) VALUES (200274, '1V8', 'PP1V8', '1.8', 'V');
INSERT INTO board_nets (board_revision_id, net_name, test_point, expected_value, units) VALUES (200274, '3V3', 'PP3V3', '3.3', 'V');
INSERT INTO measurements (board_revision_id, kind, test_point, reference_designator, rail_name, power_state, expected_value, measured_value, units, notes, is_known_good) VALUES (200274, 'voltage', 'VBAT', NULL, 'VBAT / PP_BATT_VCC', 'off', '3.8', '3.8', 'V', 'Battery main rail (typically 3.0-4.35V with charge).', 1);
INSERT INTO measurements (board_revision_id, kind, test_point, reference_designator, rail_name, power_state, expected_value, measured_value, units, notes, is_known_good) VALUES (200274, 'voltage', 'VBUS_5V', NULL, 'VBUS', 'on', '5.0', '5.0', 'V', 'USB VBUS when charging.', 1);
INSERT INTO measurements (board_revision_id, kind, test_point, reference_designator, rail_name, power_state, expected_value, measured_value, units, notes, is_known_good) VALUES (200274, 'voltage', 'PP5V0', NULL, '5V0', 'on', '5.0', '5.0', 'V', '5V rail (typical).', 1);
INSERT INTO measurements (board_revision_id, kind, test_point, reference_designator, rail_name, power_state, expected_value, measured_value, units, notes, is_known_good) VALUES (200274, 'voltage', 'PP1V8', NULL, '1V8', 'on', '1.8', '1.8', 'V', '1.8V housekeeping rail (typical).', 1);
INSERT INTO measurements (board_revision_id, kind, test_point, reference_designator, rail_name, power_state, expected_value, measured_value, units, notes, is_known_good) VALUES (200274, 'voltage', 'PP3V3', NULL, '3V3', 'on', '3.3', '3.3', 'V', '3.3V rail (typical).', 1);
INSERT INTO board_revisions (id, device_model, revision, layer_count, primary_soc, pmic, notes) VALUES (200275, 'Samsung Galaxy Tab A 10.1', 'Logic Board', NULL, NULL, 'U_PMIC', 'Samsung Galaxy Tab A 10.1 main logic board. Component set and rails are family-typical reference values; confirm exact values against the boardview/schematic for this unit.');
INSERT INTO board_components (board_revision_id, reference_designator, component_type, value, part_number, notes) VALUES (200275, 'J_LCD', 'Connector', NULL, NULL, 'LCD FPC connector');
INSERT INTO board_components (board_revision_id, reference_designator, component_type, value, part_number, notes) VALUES (200275, 'J_DIG', 'Connector', NULL, NULL, 'Digitizer FPC connector');
INSERT INTO board_components (board_revision_id, reference_designator, component_type, value, part_number, notes) VALUES (200275, 'J_BATT', 'Connector', NULL, NULL, 'Battery FPC connector');
INSERT INTO board_components (board_revision_id, reference_designator, component_type, value, part_number, notes) VALUES (200275, 'J_CHG', 'Connector', NULL, NULL, 'Charge port connector');
INSERT INTO board_components (board_revision_id, reference_designator, component_type, value, part_number, notes) VALUES (200275, 'U_PMIC', 'PMIC', NULL, NULL, 'Main power management IC');
INSERT INTO board_components (board_revision_id, reference_designator, component_type, value, part_number, notes) VALUES (200275, 'U_CHG', 'Charging IC', NULL, NULL, 'USB charging IC');
INSERT INTO board_components (board_revision_id, reference_designator, component_type, value, part_number, notes) VALUES (200275, 'U_NAND', 'NAND Flash', NULL, NULL, 'Flash storage');
INSERT INTO board_components (board_revision_id, reference_designator, component_type, value, part_number, notes) VALUES (200275, 'U_CHG2', 'Charging IC', NULL, NULL, 'USB-C / charging IC (MAX77705 / S2MU-series typical)');
INSERT INTO board_components (board_revision_id, reference_designator, component_type, value, part_number, notes) VALUES (200275, 'U_SUBPMIC', 'PMIC', NULL, NULL, 'Sub-PMIC (S2MPS / S2DOS typical)');
INSERT INTO board_test_points (board_revision_id, label, location_desc, expected_voltage, expected_resistance) VALUES (200275, 'VBAT', 'see boardview', '3.8V', NULL);
INSERT INTO board_test_points (board_revision_id, label, location_desc, expected_voltage, expected_resistance) VALUES (200275, 'VBUS_5V', 'see boardview', '5.0V', NULL);
INSERT INTO board_test_points (board_revision_id, label, location_desc, expected_voltage, expected_resistance) VALUES (200275, 'PP5V0', 'see boardview', '5.0V', NULL);
INSERT INTO board_test_points (board_revision_id, label, location_desc, expected_voltage, expected_resistance) VALUES (200275, 'PP1V8', 'see boardview', '1.8V', NULL);
INSERT INTO board_test_points (board_revision_id, label, location_desc, expected_voltage, expected_resistance) VALUES (200275, 'PP3V3', 'see boardview', '3.3V', NULL);
INSERT INTO board_nets (board_revision_id, net_name, test_point, expected_value, units) VALUES (200275, 'VBAT / PP_BATT_VCC', 'VBAT', '3.8', 'V');
INSERT INTO board_nets (board_revision_id, net_name, test_point, expected_value, units) VALUES (200275, 'VBUS', 'VBUS_5V', '5.0', 'V');
INSERT INTO board_nets (board_revision_id, net_name, test_point, expected_value, units) VALUES (200275, '5V0', 'PP5V0', '5.0', 'V');
INSERT INTO board_nets (board_revision_id, net_name, test_point, expected_value, units) VALUES (200275, '1V8', 'PP1V8', '1.8', 'V');
INSERT INTO board_nets (board_revision_id, net_name, test_point, expected_value, units) VALUES (200275, '3V3', 'PP3V3', '3.3', 'V');
INSERT INTO measurements (board_revision_id, kind, test_point, reference_designator, rail_name, power_state, expected_value, measured_value, units, notes, is_known_good) VALUES (200275, 'voltage', 'VBAT', NULL, 'VBAT / PP_BATT_VCC', 'off', '3.8', '3.8', 'V', 'Battery main rail (typically 3.0-4.35V with charge).', 1);
INSERT INTO measurements (board_revision_id, kind, test_point, reference_designator, rail_name, power_state, expected_value, measured_value, units, notes, is_known_good) VALUES (200275, 'voltage', 'VBUS_5V', NULL, 'VBUS', 'on', '5.0', '5.0', 'V', 'USB VBUS when charging.', 1);
INSERT INTO measurements (board_revision_id, kind, test_point, reference_designator, rail_name, power_state, expected_value, measured_value, units, notes, is_known_good) VALUES (200275, 'voltage', 'PP5V0', NULL, '5V0', 'on', '5.0', '5.0', 'V', '5V rail (typical).', 1);
INSERT INTO measurements (board_revision_id, kind, test_point, reference_designator, rail_name, power_state, expected_value, measured_value, units, notes, is_known_good) VALUES (200275, 'voltage', 'PP1V8', NULL, '1V8', 'on', '1.8', '1.8', 'V', '1.8V housekeeping rail (typical).', 1);
INSERT INTO measurements (board_revision_id, kind, test_point, reference_designator, rail_name, power_state, expected_value, measured_value, units, notes, is_known_good) VALUES (200275, 'voltage', 'PP3V3', NULL, '3V3', 'on', '3.3', '3.3', 'V', '3.3V rail (typical).', 1);
INSERT INTO board_revisions (id, device_model, revision, layer_count, primary_soc, pmic, notes) VALUES (200276, 'Samsung Galaxy Tab A7', 'Logic Board', NULL, NULL, 'U_PMIC', 'Samsung Galaxy Tab A7 main logic board. Component set and rails are family-typical reference values; confirm exact values against the boardview/schematic for this unit.');
INSERT INTO board_components (board_revision_id, reference_designator, component_type, value, part_number, notes) VALUES (200276, 'J_LCD', 'Connector', NULL, NULL, 'LCD FPC connector');
INSERT INTO board_components (board_revision_id, reference_designator, component_type, value, part_number, notes) VALUES (200276, 'J_DIG', 'Connector', NULL, NULL, 'Digitizer FPC connector');
INSERT INTO board_components (board_revision_id, reference_designator, component_type, value, part_number, notes) VALUES (200276, 'J_BATT', 'Connector', NULL, NULL, 'Battery FPC connector');
INSERT INTO board_components (board_revision_id, reference_designator, component_type, value, part_number, notes) VALUES (200276, 'J_CHG', 'Connector', NULL, NULL, 'Charge port connector');
INSERT INTO board_components (board_revision_id, reference_designator, component_type, value, part_number, notes) VALUES (200276, 'U_PMIC', 'PMIC', NULL, NULL, 'Main power management IC');
INSERT INTO board_components (board_revision_id, reference_designator, component_type, value, part_number, notes) VALUES (200276, 'U_CHG', 'Charging IC', NULL, NULL, 'USB charging IC');
INSERT INTO board_components (board_revision_id, reference_designator, component_type, value, part_number, notes) VALUES (200276, 'U_NAND', 'NAND Flash', NULL, NULL, 'Flash storage');
INSERT INTO board_components (board_revision_id, reference_designator, component_type, value, part_number, notes) VALUES (200276, 'U_CHG2', 'Charging IC', NULL, NULL, 'USB-C / charging IC (MAX77705 / S2MU-series typical)');
INSERT INTO board_components (board_revision_id, reference_designator, component_type, value, part_number, notes) VALUES (200276, 'U_SUBPMIC', 'PMIC', NULL, NULL, 'Sub-PMIC (S2MPS / S2DOS typical)');
INSERT INTO board_test_points (board_revision_id, label, location_desc, expected_voltage, expected_resistance) VALUES (200276, 'VBAT', 'see boardview', '3.8V', NULL);
INSERT INTO board_test_points (board_revision_id, label, location_desc, expected_voltage, expected_resistance) VALUES (200276, 'VBUS_5V', 'see boardview', '5.0V', NULL);
INSERT INTO board_test_points (board_revision_id, label, location_desc, expected_voltage, expected_resistance) VALUES (200276, 'PP5V0', 'see boardview', '5.0V', NULL);
INSERT INTO board_test_points (board_revision_id, label, location_desc, expected_voltage, expected_resistance) VALUES (200276, 'PP1V8', 'see boardview', '1.8V', NULL);
INSERT INTO board_test_points (board_revision_id, label, location_desc, expected_voltage, expected_resistance) VALUES (200276, 'PP3V3', 'see boardview', '3.3V', NULL);
INSERT INTO board_nets (board_revision_id, net_name, test_point, expected_value, units) VALUES (200276, 'VBAT / PP_BATT_VCC', 'VBAT', '3.8', 'V');
INSERT INTO board_nets (board_revision_id, net_name, test_point, expected_value, units) VALUES (200276, 'VBUS', 'VBUS_5V', '5.0', 'V');
INSERT INTO board_nets (board_revision_id, net_name, test_point, expected_value, units) VALUES (200276, '5V0', 'PP5V0', '5.0', 'V');
INSERT INTO board_nets (board_revision_id, net_name, test_point, expected_value, units) VALUES (200276, '1V8', 'PP1V8', '1.8', 'V');
INSERT INTO board_nets (board_revision_id, net_name, test_point, expected_value, units) VALUES (200276, '3V3', 'PP3V3', '3.3', 'V');
INSERT INTO measurements (board_revision_id, kind, test_point, reference_designator, rail_name, power_state, expected_value, measured_value, units, notes, is_known_good) VALUES (200276, 'voltage', 'VBAT', NULL, 'VBAT / PP_BATT_VCC', 'off', '3.8', '3.8', 'V', 'Battery main rail (typically 3.0-4.35V with charge).', 1);
INSERT INTO measurements (board_revision_id, kind, test_point, reference_designator, rail_name, power_state, expected_value, measured_value, units, notes, is_known_good) VALUES (200276, 'voltage', 'VBUS_5V', NULL, 'VBUS', 'on', '5.0', '5.0', 'V', 'USB VBUS when charging.', 1);
INSERT INTO measurements (board_revision_id, kind, test_point, reference_designator, rail_name, power_state, expected_value, measured_value, units, notes, is_known_good) VALUES (200276, 'voltage', 'PP5V0', NULL, '5V0', 'on', '5.0', '5.0', 'V', '5V rail (typical).', 1);
INSERT INTO measurements (board_revision_id, kind, test_point, reference_designator, rail_name, power_state, expected_value, measured_value, units, notes, is_known_good) VALUES (200276, 'voltage', 'PP1V8', NULL, '1V8', 'on', '1.8', '1.8', 'V', '1.8V housekeeping rail (typical).', 1);
INSERT INTO measurements (board_revision_id, kind, test_point, reference_designator, rail_name, power_state, expected_value, measured_value, units, notes, is_known_good) VALUES (200276, 'voltage', 'PP3V3', NULL, '3V3', 'on', '3.3', '3.3', 'V', '3.3V rail (typical).', 1);
INSERT INTO board_revisions (id, device_model, revision, layer_count, primary_soc, pmic, notes) VALUES (200277, 'Samsung Galaxy Tab A8', 'Logic Board', NULL, NULL, 'U_PMIC', 'Samsung Galaxy Tab A8 main logic board. Component set and rails are family-typical reference values; confirm exact values against the boardview/schematic for this unit.');
INSERT INTO board_components (board_revision_id, reference_designator, component_type, value, part_number, notes) VALUES (200277, 'J_LCD', 'Connector', NULL, NULL, 'LCD FPC connector');
INSERT INTO board_components (board_revision_id, reference_designator, component_type, value, part_number, notes) VALUES (200277, 'J_DIG', 'Connector', NULL, NULL, 'Digitizer FPC connector');
INSERT INTO board_components (board_revision_id, reference_designator, component_type, value, part_number, notes) VALUES (200277, 'J_BATT', 'Connector', NULL, NULL, 'Battery FPC connector');
INSERT INTO board_components (board_revision_id, reference_designator, component_type, value, part_number, notes) VALUES (200277, 'J_CHG', 'Connector', NULL, NULL, 'Charge port connector');
INSERT INTO board_components (board_revision_id, reference_designator, component_type, value, part_number, notes) VALUES (200277, 'U_PMIC', 'PMIC', NULL, NULL, 'Main power management IC');
INSERT INTO board_components (board_revision_id, reference_designator, component_type, value, part_number, notes) VALUES (200277, 'U_CHG', 'Charging IC', NULL, NULL, 'USB charging IC');
INSERT INTO board_components (board_revision_id, reference_designator, component_type, value, part_number, notes) VALUES (200277, 'U_NAND', 'NAND Flash', NULL, NULL, 'Flash storage');
INSERT INTO board_components (board_revision_id, reference_designator, component_type, value, part_number, notes) VALUES (200277, 'U_CHG2', 'Charging IC', NULL, NULL, 'USB-C / charging IC (MAX77705 / S2MU-series typical)');
INSERT INTO board_components (board_revision_id, reference_designator, component_type, value, part_number, notes) VALUES (200277, 'U_SUBPMIC', 'PMIC', NULL, NULL, 'Sub-PMIC (S2MPS / S2DOS typical)');
INSERT INTO board_test_points (board_revision_id, label, location_desc, expected_voltage, expected_resistance) VALUES (200277, 'VBAT', 'see boardview', '3.8V', NULL);
INSERT INTO board_test_points (board_revision_id, label, location_desc, expected_voltage, expected_resistance) VALUES (200277, 'VBUS_5V', 'see boardview', '5.0V', NULL);
INSERT INTO board_test_points (board_revision_id, label, location_desc, expected_voltage, expected_resistance) VALUES (200277, 'PP5V0', 'see boardview', '5.0V', NULL);
INSERT INTO board_test_points (board_revision_id, label, location_desc, expected_voltage, expected_resistance) VALUES (200277, 'PP1V8', 'see boardview', '1.8V', NULL);
INSERT INTO board_test_points (board_revision_id, label, location_desc, expected_voltage, expected_resistance) VALUES (200277, 'PP3V3', 'see boardview', '3.3V', NULL);
INSERT INTO board_nets (board_revision_id, net_name, test_point, expected_value, units) VALUES (200277, 'VBAT / PP_BATT_VCC', 'VBAT', '3.8', 'V');
INSERT INTO board_nets (board_revision_id, net_name, test_point, expected_value, units) VALUES (200277, 'VBUS', 'VBUS_5V', '5.0', 'V');
INSERT INTO board_nets (board_revision_id, net_name, test_point, expected_value, units) VALUES (200277, '5V0', 'PP5V0', '5.0', 'V');
INSERT INTO board_nets (board_revision_id, net_name, test_point, expected_value, units) VALUES (200277, '1V8', 'PP1V8', '1.8', 'V');
INSERT INTO board_nets (board_revision_id, net_name, test_point, expected_value, units) VALUES (200277, '3V3', 'PP3V3', '3.3', 'V');
INSERT INTO measurements (board_revision_id, kind, test_point, reference_designator, rail_name, power_state, expected_value, measured_value, units, notes, is_known_good) VALUES (200277, 'voltage', 'VBAT', NULL, 'VBAT / PP_BATT_VCC', 'off', '3.8', '3.8', 'V', 'Battery main rail (typically 3.0-4.35V with charge).', 1);
INSERT INTO measurements (board_revision_id, kind, test_point, reference_designator, rail_name, power_state, expected_value, measured_value, units, notes, is_known_good) VALUES (200277, 'voltage', 'VBUS_5V', NULL, 'VBUS', 'on', '5.0', '5.0', 'V', 'USB VBUS when charging.', 1);
INSERT INTO measurements (board_revision_id, kind, test_point, reference_designator, rail_name, power_state, expected_value, measured_value, units, notes, is_known_good) VALUES (200277, 'voltage', 'PP5V0', NULL, '5V0', 'on', '5.0', '5.0', 'V', '5V rail (typical).', 1);
INSERT INTO measurements (board_revision_id, kind, test_point, reference_designator, rail_name, power_state, expected_value, measured_value, units, notes, is_known_good) VALUES (200277, 'voltage', 'PP1V8', NULL, '1V8', 'on', '1.8', '1.8', 'V', '1.8V housekeeping rail (typical).', 1);
INSERT INTO measurements (board_revision_id, kind, test_point, reference_designator, rail_name, power_state, expected_value, measured_value, units, notes, is_known_good) VALUES (200277, 'voltage', 'PP3V3', NULL, '3V3', 'on', '3.3', '3.3', 'V', '3.3V rail (typical).', 1);
INSERT INTO board_revisions (id, device_model, revision, layer_count, primary_soc, pmic, notes) VALUES (200278, 'Samsung Galaxy Tab S5e', 'Logic Board', NULL, NULL, 'U_PMIC', 'Samsung Galaxy Tab S5e main logic board. Component set and rails are family-typical reference values; confirm exact values against the boardview/schematic for this unit.');
INSERT INTO board_components (board_revision_id, reference_designator, component_type, value, part_number, notes) VALUES (200278, 'J_LCD', 'Connector', NULL, NULL, 'LCD FPC connector');
INSERT INTO board_components (board_revision_id, reference_designator, component_type, value, part_number, notes) VALUES (200278, 'J_DIG', 'Connector', NULL, NULL, 'Digitizer FPC connector');
INSERT INTO board_components (board_revision_id, reference_designator, component_type, value, part_number, notes) VALUES (200278, 'J_BATT', 'Connector', NULL, NULL, 'Battery FPC connector');
INSERT INTO board_components (board_revision_id, reference_designator, component_type, value, part_number, notes) VALUES (200278, 'J_CHG', 'Connector', NULL, NULL, 'Charge port connector');
INSERT INTO board_components (board_revision_id, reference_designator, component_type, value, part_number, notes) VALUES (200278, 'U_PMIC', 'PMIC', NULL, NULL, 'Main power management IC');
INSERT INTO board_components (board_revision_id, reference_designator, component_type, value, part_number, notes) VALUES (200278, 'U_CHG', 'Charging IC', NULL, NULL, 'USB charging IC');
INSERT INTO board_components (board_revision_id, reference_designator, component_type, value, part_number, notes) VALUES (200278, 'U_NAND', 'NAND Flash', NULL, NULL, 'Flash storage');
INSERT INTO board_components (board_revision_id, reference_designator, component_type, value, part_number, notes) VALUES (200278, 'U_CHG2', 'Charging IC', NULL, NULL, 'USB-C / charging IC (MAX77705 / S2MU-series typical)');
INSERT INTO board_components (board_revision_id, reference_designator, component_type, value, part_number, notes) VALUES (200278, 'U_SUBPMIC', 'PMIC', NULL, NULL, 'Sub-PMIC (S2MPS / S2DOS typical)');
INSERT INTO board_test_points (board_revision_id, label, location_desc, expected_voltage, expected_resistance) VALUES (200278, 'VBAT', 'see boardview', '3.8V', NULL);
INSERT INTO board_test_points (board_revision_id, label, location_desc, expected_voltage, expected_resistance) VALUES (200278, 'VBUS_5V', 'see boardview', '5.0V', NULL);
INSERT INTO board_test_points (board_revision_id, label, location_desc, expected_voltage, expected_resistance) VALUES (200278, 'PP5V0', 'see boardview', '5.0V', NULL);
INSERT INTO board_test_points (board_revision_id, label, location_desc, expected_voltage, expected_resistance) VALUES (200278, 'PP1V8', 'see boardview', '1.8V', NULL);
INSERT INTO board_test_points (board_revision_id, label, location_desc, expected_voltage, expected_resistance) VALUES (200278, 'PP3V3', 'see boardview', '3.3V', NULL);
INSERT INTO board_nets (board_revision_id, net_name, test_point, expected_value, units) VALUES (200278, 'VBAT / PP_BATT_VCC', 'VBAT', '3.8', 'V');
INSERT INTO board_nets (board_revision_id, net_name, test_point, expected_value, units) VALUES (200278, 'VBUS', 'VBUS_5V', '5.0', 'V');
INSERT INTO board_nets (board_revision_id, net_name, test_point, expected_value, units) VALUES (200278, '5V0', 'PP5V0', '5.0', 'V');
INSERT INTO board_nets (board_revision_id, net_name, test_point, expected_value, units) VALUES (200278, '1V8', 'PP1V8', '1.8', 'V');
INSERT INTO board_nets (board_revision_id, net_name, test_point, expected_value, units) VALUES (200278, '3V3', 'PP3V3', '3.3', 'V');
INSERT INTO measurements (board_revision_id, kind, test_point, reference_designator, rail_name, power_state, expected_value, measured_value, units, notes, is_known_good) VALUES (200278, 'voltage', 'VBAT', NULL, 'VBAT / PP_BATT_VCC', 'off', '3.8', '3.8', 'V', 'Battery main rail (typically 3.0-4.35V with charge).', 1);
INSERT INTO measurements (board_revision_id, kind, test_point, reference_designator, rail_name, power_state, expected_value, measured_value, units, notes, is_known_good) VALUES (200278, 'voltage', 'VBUS_5V', NULL, 'VBUS', 'on', '5.0', '5.0', 'V', 'USB VBUS when charging.', 1);
INSERT INTO measurements (board_revision_id, kind, test_point, reference_designator, rail_name, power_state, expected_value, measured_value, units, notes, is_known_good) VALUES (200278, 'voltage', 'PP5V0', NULL, '5V0', 'on', '5.0', '5.0', 'V', '5V rail (typical).', 1);
INSERT INTO measurements (board_revision_id, kind, test_point, reference_designator, rail_name, power_state, expected_value, measured_value, units, notes, is_known_good) VALUES (200278, 'voltage', 'PP1V8', NULL, '1V8', 'on', '1.8', '1.8', 'V', '1.8V housekeeping rail (typical).', 1);
INSERT INTO measurements (board_revision_id, kind, test_point, reference_designator, rail_name, power_state, expected_value, measured_value, units, notes, is_known_good) VALUES (200278, 'voltage', 'PP3V3', NULL, '3V3', 'on', '3.3', '3.3', 'V', '3.3V rail (typical).', 1);
INSERT INTO board_revisions (id, device_model, revision, layer_count, primary_soc, pmic, notes) VALUES (200279, 'Samsung Galaxy Tab S6', 'Logic Board', NULL, NULL, 'U_PMIC', 'Samsung Galaxy Tab S6 main logic board. Component set and rails are family-typical reference values; confirm exact values against the boardview/schematic for this unit.');
INSERT INTO board_components (board_revision_id, reference_designator, component_type, value, part_number, notes) VALUES (200279, 'J_LCD', 'Connector', NULL, NULL, 'LCD FPC connector');
INSERT INTO board_components (board_revision_id, reference_designator, component_type, value, part_number, notes) VALUES (200279, 'J_DIG', 'Connector', NULL, NULL, 'Digitizer FPC connector');
INSERT INTO board_components (board_revision_id, reference_designator, component_type, value, part_number, notes) VALUES (200279, 'J_BATT', 'Connector', NULL, NULL, 'Battery FPC connector');
INSERT INTO board_components (board_revision_id, reference_designator, component_type, value, part_number, notes) VALUES (200279, 'J_CHG', 'Connector', NULL, NULL, 'Charge port connector');
INSERT INTO board_components (board_revision_id, reference_designator, component_type, value, part_number, notes) VALUES (200279, 'U_PMIC', 'PMIC', NULL, NULL, 'Main power management IC');
INSERT INTO board_components (board_revision_id, reference_designator, component_type, value, part_number, notes) VALUES (200279, 'U_CHG', 'Charging IC', NULL, NULL, 'USB charging IC');
INSERT INTO board_components (board_revision_id, reference_designator, component_type, value, part_number, notes) VALUES (200279, 'U_NAND', 'NAND Flash', NULL, NULL, 'Flash storage');
INSERT INTO board_components (board_revision_id, reference_designator, component_type, value, part_number, notes) VALUES (200279, 'U_CHG2', 'Charging IC', NULL, NULL, 'USB-C / charging IC (MAX77705 / S2MU-series typical)');
INSERT INTO board_components (board_revision_id, reference_designator, component_type, value, part_number, notes) VALUES (200279, 'U_SUBPMIC', 'PMIC', NULL, NULL, 'Sub-PMIC (S2MPS / S2DOS typical)');
INSERT INTO board_test_points (board_revision_id, label, location_desc, expected_voltage, expected_resistance) VALUES (200279, 'VBAT', 'see boardview', '3.8V', NULL);
INSERT INTO board_test_points (board_revision_id, label, location_desc, expected_voltage, expected_resistance) VALUES (200279, 'VBUS_5V', 'see boardview', '5.0V', NULL);
INSERT INTO board_test_points (board_revision_id, label, location_desc, expected_voltage, expected_resistance) VALUES (200279, 'PP5V0', 'see boardview', '5.0V', NULL);
INSERT INTO board_test_points (board_revision_id, label, location_desc, expected_voltage, expected_resistance) VALUES (200279, 'PP1V8', 'see boardview', '1.8V', NULL);
INSERT INTO board_test_points (board_revision_id, label, location_desc, expected_voltage, expected_resistance) VALUES (200279, 'PP3V3', 'see boardview', '3.3V', NULL);
INSERT INTO board_nets (board_revision_id, net_name, test_point, expected_value, units) VALUES (200279, 'VBAT / PP_BATT_VCC', 'VBAT', '3.8', 'V');
INSERT INTO board_nets (board_revision_id, net_name, test_point, expected_value, units) VALUES (200279, 'VBUS', 'VBUS_5V', '5.0', 'V');
INSERT INTO board_nets (board_revision_id, net_name, test_point, expected_value, units) VALUES (200279, '5V0', 'PP5V0', '5.0', 'V');
INSERT INTO board_nets (board_revision_id, net_name, test_point, expected_value, units) VALUES (200279, '1V8', 'PP1V8', '1.8', 'V');
INSERT INTO board_nets (board_revision_id, net_name, test_point, expected_value, units) VALUES (200279, '3V3', 'PP3V3', '3.3', 'V');
INSERT INTO measurements (board_revision_id, kind, test_point, reference_designator, rail_name, power_state, expected_value, measured_value, units, notes, is_known_good) VALUES (200279, 'voltage', 'VBAT', NULL, 'VBAT / PP_BATT_VCC', 'off', '3.8', '3.8', 'V', 'Battery main rail (typically 3.0-4.35V with charge).', 1);
INSERT INTO measurements (board_revision_id, kind, test_point, reference_designator, rail_name, power_state, expected_value, measured_value, units, notes, is_known_good) VALUES (200279, 'voltage', 'VBUS_5V', NULL, 'VBUS', 'on', '5.0', '5.0', 'V', 'USB VBUS when charging.', 1);
INSERT INTO measurements (board_revision_id, kind, test_point, reference_designator, rail_name, power_state, expected_value, measured_value, units, notes, is_known_good) VALUES (200279, 'voltage', 'PP5V0', NULL, '5V0', 'on', '5.0', '5.0', 'V', '5V rail (typical).', 1);
INSERT INTO measurements (board_revision_id, kind, test_point, reference_designator, rail_name, power_state, expected_value, measured_value, units, notes, is_known_good) VALUES (200279, 'voltage', 'PP1V8', NULL, '1V8', 'on', '1.8', '1.8', 'V', '1.8V housekeeping rail (typical).', 1);
INSERT INTO measurements (board_revision_id, kind, test_point, reference_designator, rail_name, power_state, expected_value, measured_value, units, notes, is_known_good) VALUES (200279, 'voltage', 'PP3V3', NULL, '3V3', 'on', '3.3', '3.3', 'V', '3.3V rail (typical).', 1);
INSERT INTO board_revisions (id, device_model, revision, layer_count, primary_soc, pmic, notes) VALUES (200280, 'Samsung Galaxy Tab S6 Lite', 'Logic Board', NULL, NULL, 'U_PMIC', 'Samsung Galaxy Tab S6 Lite main logic board. Component set and rails are family-typical reference values; confirm exact values against the boardview/schematic for this unit.');
INSERT INTO board_components (board_revision_id, reference_designator, component_type, value, part_number, notes) VALUES (200280, 'J_LCD', 'Connector', NULL, NULL, 'LCD FPC connector');
INSERT INTO board_components (board_revision_id, reference_designator, component_type, value, part_number, notes) VALUES (200280, 'J_DIG', 'Connector', NULL, NULL, 'Digitizer FPC connector');
INSERT INTO board_components (board_revision_id, reference_designator, component_type, value, part_number, notes) VALUES (200280, 'J_BATT', 'Connector', NULL, NULL, 'Battery FPC connector');
INSERT INTO board_components (board_revision_id, reference_designator, component_type, value, part_number, notes) VALUES (200280, 'J_CHG', 'Connector', NULL, NULL, 'Charge port connector');
INSERT INTO board_components (board_revision_id, reference_designator, component_type, value, part_number, notes) VALUES (200280, 'U_PMIC', 'PMIC', NULL, NULL, 'Main power management IC');
INSERT INTO board_components (board_revision_id, reference_designator, component_type, value, part_number, notes) VALUES (200280, 'U_CHG', 'Charging IC', NULL, NULL, 'USB charging IC');
INSERT INTO board_components (board_revision_id, reference_designator, component_type, value, part_number, notes) VALUES (200280, 'U_NAND', 'NAND Flash', NULL, NULL, 'Flash storage');
INSERT INTO board_components (board_revision_id, reference_designator, component_type, value, part_number, notes) VALUES (200280, 'U_CHG2', 'Charging IC', NULL, NULL, 'USB-C / charging IC (MAX77705 / S2MU-series typical)');
INSERT INTO board_components (board_revision_id, reference_designator, component_type, value, part_number, notes) VALUES (200280, 'U_SUBPMIC', 'PMIC', NULL, NULL, 'Sub-PMIC (S2MPS / S2DOS typical)');
INSERT INTO board_test_points (board_revision_id, label, location_desc, expected_voltage, expected_resistance) VALUES (200280, 'VBAT', 'see boardview', '3.8V', NULL);
INSERT INTO board_test_points (board_revision_id, label, location_desc, expected_voltage, expected_resistance) VALUES (200280, 'VBUS_5V', 'see boardview', '5.0V', NULL);
INSERT INTO board_test_points (board_revision_id, label, location_desc, expected_voltage, expected_resistance) VALUES (200280, 'PP5V0', 'see boardview', '5.0V', NULL);
INSERT INTO board_test_points (board_revision_id, label, location_desc, expected_voltage, expected_resistance) VALUES (200280, 'PP1V8', 'see boardview', '1.8V', NULL);
INSERT INTO board_test_points (board_revision_id, label, location_desc, expected_voltage, expected_resistance) VALUES (200280, 'PP3V3', 'see boardview', '3.3V', NULL);
INSERT INTO board_nets (board_revision_id, net_name, test_point, expected_value, units) VALUES (200280, 'VBAT / PP_BATT_VCC', 'VBAT', '3.8', 'V');
INSERT INTO board_nets (board_revision_id, net_name, test_point, expected_value, units) VALUES (200280, 'VBUS', 'VBUS_5V', '5.0', 'V');
INSERT INTO board_nets (board_revision_id, net_name, test_point, expected_value, units) VALUES (200280, '5V0', 'PP5V0', '5.0', 'V');
INSERT INTO board_nets (board_revision_id, net_name, test_point, expected_value, units) VALUES (200280, '1V8', 'PP1V8', '1.8', 'V');
INSERT INTO board_nets (board_revision_id, net_name, test_point, expected_value, units) VALUES (200280, '3V3', 'PP3V3', '3.3', 'V');
INSERT INTO measurements (board_revision_id, kind, test_point, reference_designator, rail_name, power_state, expected_value, measured_value, units, notes, is_known_good) VALUES (200280, 'voltage', 'VBAT', NULL, 'VBAT / PP_BATT_VCC', 'off', '3.8', '3.8', 'V', 'Battery main rail (typically 3.0-4.35V with charge).', 1);
INSERT INTO measurements (board_revision_id, kind, test_point, reference_designator, rail_name, power_state, expected_value, measured_value, units, notes, is_known_good) VALUES (200280, 'voltage', 'VBUS_5V', NULL, 'VBUS', 'on', '5.0', '5.0', 'V', 'USB VBUS when charging.', 1);
INSERT INTO measurements (board_revision_id, kind, test_point, reference_designator, rail_name, power_state, expected_value, measured_value, units, notes, is_known_good) VALUES (200280, 'voltage', 'PP5V0', NULL, '5V0', 'on', '5.0', '5.0', 'V', '5V rail (typical).', 1);
INSERT INTO measurements (board_revision_id, kind, test_point, reference_designator, rail_name, power_state, expected_value, measured_value, units, notes, is_known_good) VALUES (200280, 'voltage', 'PP1V8', NULL, '1V8', 'on', '1.8', '1.8', 'V', '1.8V housekeeping rail (typical).', 1);
INSERT INTO measurements (board_revision_id, kind, test_point, reference_designator, rail_name, power_state, expected_value, measured_value, units, notes, is_known_good) VALUES (200280, 'voltage', 'PP3V3', NULL, '3V3', 'on', '3.3', '3.3', 'V', '3.3V rail (typical).', 1);
INSERT INTO board_revisions (id, device_model, revision, layer_count, primary_soc, pmic, notes) VALUES (200281, 'Samsung Galaxy Tab S7', 'Logic Board', NULL, NULL, 'U_PMIC', 'Samsung Galaxy Tab S7 main logic board. Component set and rails are family-typical reference values; confirm exact values against the boardview/schematic for this unit.');
INSERT INTO board_components (board_revision_id, reference_designator, component_type, value, part_number, notes) VALUES (200281, 'J_LCD', 'Connector', NULL, NULL, 'LCD FPC connector');
INSERT INTO board_components (board_revision_id, reference_designator, component_type, value, part_number, notes) VALUES (200281, 'J_DIG', 'Connector', NULL, NULL, 'Digitizer FPC connector');
INSERT INTO board_components (board_revision_id, reference_designator, component_type, value, part_number, notes) VALUES (200281, 'J_BATT', 'Connector', NULL, NULL, 'Battery FPC connector');
INSERT INTO board_components (board_revision_id, reference_designator, component_type, value, part_number, notes) VALUES (200281, 'J_CHG', 'Connector', NULL, NULL, 'Charge port connector');
INSERT INTO board_components (board_revision_id, reference_designator, component_type, value, part_number, notes) VALUES (200281, 'U_PMIC', 'PMIC', NULL, NULL, 'Main power management IC');
INSERT INTO board_components (board_revision_id, reference_designator, component_type, value, part_number, notes) VALUES (200281, 'U_CHG', 'Charging IC', NULL, NULL, 'USB charging IC');
INSERT INTO board_components (board_revision_id, reference_designator, component_type, value, part_number, notes) VALUES (200281, 'U_NAND', 'NAND Flash', NULL, NULL, 'Flash storage');
INSERT INTO board_components (board_revision_id, reference_designator, component_type, value, part_number, notes) VALUES (200281, 'U_CHG2', 'Charging IC', NULL, NULL, 'USB-C / charging IC (MAX77705 / S2MU-series typical)');
INSERT INTO board_components (board_revision_id, reference_designator, component_type, value, part_number, notes) VALUES (200281, 'U_SUBPMIC', 'PMIC', NULL, NULL, 'Sub-PMIC (S2MPS / S2DOS typical)');
INSERT INTO board_test_points (board_revision_id, label, location_desc, expected_voltage, expected_resistance) VALUES (200281, 'VBAT', 'see boardview', '3.8V', NULL);
INSERT INTO board_test_points (board_revision_id, label, location_desc, expected_voltage, expected_resistance) VALUES (200281, 'VBUS_5V', 'see boardview', '5.0V', NULL);
INSERT INTO board_test_points (board_revision_id, label, location_desc, expected_voltage, expected_resistance) VALUES (200281, 'PP5V0', 'see boardview', '5.0V', NULL);
INSERT INTO board_test_points (board_revision_id, label, location_desc, expected_voltage, expected_resistance) VALUES (200281, 'PP1V8', 'see boardview', '1.8V', NULL);
INSERT INTO board_test_points (board_revision_id, label, location_desc, expected_voltage, expected_resistance) VALUES (200281, 'PP3V3', 'see boardview', '3.3V', NULL);
INSERT INTO board_nets (board_revision_id, net_name, test_point, expected_value, units) VALUES (200281, 'VBAT / PP_BATT_VCC', 'VBAT', '3.8', 'V');
INSERT INTO board_nets (board_revision_id, net_name, test_point, expected_value, units) VALUES (200281, 'VBUS', 'VBUS_5V', '5.0', 'V');
INSERT INTO board_nets (board_revision_id, net_name, test_point, expected_value, units) VALUES (200281, '5V0', 'PP5V0', '5.0', 'V');
INSERT INTO board_nets (board_revision_id, net_name, test_point, expected_value, units) VALUES (200281, '1V8', 'PP1V8', '1.8', 'V');
INSERT INTO board_nets (board_revision_id, net_name, test_point, expected_value, units) VALUES (200281, '3V3', 'PP3V3', '3.3', 'V');
INSERT INTO measurements (board_revision_id, kind, test_point, reference_designator, rail_name, power_state, expected_value, measured_value, units, notes, is_known_good) VALUES (200281, 'voltage', 'VBAT', NULL, 'VBAT / PP_BATT_VCC', 'off', '3.8', '3.8', 'V', 'Battery main rail (typically 3.0-4.35V with charge).', 1);
INSERT INTO measurements (board_revision_id, kind, test_point, reference_designator, rail_name, power_state, expected_value, measured_value, units, notes, is_known_good) VALUES (200281, 'voltage', 'VBUS_5V', NULL, 'VBUS', 'on', '5.0', '5.0', 'V', 'USB VBUS when charging.', 1);
INSERT INTO measurements (board_revision_id, kind, test_point, reference_designator, rail_name, power_state, expected_value, measured_value, units, notes, is_known_good) VALUES (200281, 'voltage', 'PP5V0', NULL, '5V0', 'on', '5.0', '5.0', 'V', '5V rail (typical).', 1);
INSERT INTO measurements (board_revision_id, kind, test_point, reference_designator, rail_name, power_state, expected_value, measured_value, units, notes, is_known_good) VALUES (200281, 'voltage', 'PP1V8', NULL, '1V8', 'on', '1.8', '1.8', 'V', '1.8V housekeeping rail (typical).', 1);
INSERT INTO measurements (board_revision_id, kind, test_point, reference_designator, rail_name, power_state, expected_value, measured_value, units, notes, is_known_good) VALUES (200281, 'voltage', 'PP3V3', NULL, '3V3', 'on', '3.3', '3.3', 'V', '3.3V rail (typical).', 1);
INSERT INTO board_revisions (id, device_model, revision, layer_count, primary_soc, pmic, notes) VALUES (200282, 'Samsung Galaxy Tab S7+', 'Logic Board', NULL, NULL, 'U_PMIC', 'Samsung Galaxy Tab S7+ main logic board. Component set and rails are family-typical reference values; confirm exact values against the boardview/schematic for this unit.');
INSERT INTO board_components (board_revision_id, reference_designator, component_type, value, part_number, notes) VALUES (200282, 'J_LCD', 'Connector', NULL, NULL, 'LCD FPC connector');
INSERT INTO board_components (board_revision_id, reference_designator, component_type, value, part_number, notes) VALUES (200282, 'J_DIG', 'Connector', NULL, NULL, 'Digitizer FPC connector');
INSERT INTO board_components (board_revision_id, reference_designator, component_type, value, part_number, notes) VALUES (200282, 'J_BATT', 'Connector', NULL, NULL, 'Battery FPC connector');
INSERT INTO board_components (board_revision_id, reference_designator, component_type, value, part_number, notes) VALUES (200282, 'J_CHG', 'Connector', NULL, NULL, 'Charge port connector');
INSERT INTO board_components (board_revision_id, reference_designator, component_type, value, part_number, notes) VALUES (200282, 'U_PMIC', 'PMIC', NULL, NULL, 'Main power management IC');
INSERT INTO board_components (board_revision_id, reference_designator, component_type, value, part_number, notes) VALUES (200282, 'U_CHG', 'Charging IC', NULL, NULL, 'USB charging IC');
INSERT INTO board_components (board_revision_id, reference_designator, component_type, value, part_number, notes) VALUES (200282, 'U_NAND', 'NAND Flash', NULL, NULL, 'Flash storage');
INSERT INTO board_components (board_revision_id, reference_designator, component_type, value, part_number, notes) VALUES (200282, 'U_CHG2', 'Charging IC', NULL, NULL, 'USB-C / charging IC (MAX77705 / S2MU-series typical)');
INSERT INTO board_components (board_revision_id, reference_designator, component_type, value, part_number, notes) VALUES (200282, 'U_SUBPMIC', 'PMIC', NULL, NULL, 'Sub-PMIC (S2MPS / S2DOS typical)');
INSERT INTO board_test_points (board_revision_id, label, location_desc, expected_voltage, expected_resistance) VALUES (200282, 'VBAT', 'see boardview', '3.8V', NULL);
INSERT INTO board_test_points (board_revision_id, label, location_desc, expected_voltage, expected_resistance) VALUES (200282, 'VBUS_5V', 'see boardview', '5.0V', NULL);
INSERT INTO board_test_points (board_revision_id, label, location_desc, expected_voltage, expected_resistance) VALUES (200282, 'PP5V0', 'see boardview', '5.0V', NULL);
INSERT INTO board_test_points (board_revision_id, label, location_desc, expected_voltage, expected_resistance) VALUES (200282, 'PP1V8', 'see boardview', '1.8V', NULL);
INSERT INTO board_test_points (board_revision_id, label, location_desc, expected_voltage, expected_resistance) VALUES (200282, 'PP3V3', 'see boardview', '3.3V', NULL);
INSERT INTO board_nets (board_revision_id, net_name, test_point, expected_value, units) VALUES (200282, 'VBAT / PP_BATT_VCC', 'VBAT', '3.8', 'V');
INSERT INTO board_nets (board_revision_id, net_name, test_point, expected_value, units) VALUES (200282, 'VBUS', 'VBUS_5V', '5.0', 'V');
INSERT INTO board_nets (board_revision_id, net_name, test_point, expected_value, units) VALUES (200282, '5V0', 'PP5V0', '5.0', 'V');
INSERT INTO board_nets (board_revision_id, net_name, test_point, expected_value, units) VALUES (200282, '1V8', 'PP1V8', '1.8', 'V');
INSERT INTO board_nets (board_revision_id, net_name, test_point, expected_value, units) VALUES (200282, '3V3', 'PP3V3', '3.3', 'V');
INSERT INTO measurements (board_revision_id, kind, test_point, reference_designator, rail_name, power_state, expected_value, measured_value, units, notes, is_known_good) VALUES (200282, 'voltage', 'VBAT', NULL, 'VBAT / PP_BATT_VCC', 'off', '3.8', '3.8', 'V', 'Battery main rail (typically 3.0-4.35V with charge).', 1);
INSERT INTO measurements (board_revision_id, kind, test_point, reference_designator, rail_name, power_state, expected_value, measured_value, units, notes, is_known_good) VALUES (200282, 'voltage', 'VBUS_5V', NULL, 'VBUS', 'on', '5.0', '5.0', 'V', 'USB VBUS when charging.', 1);
INSERT INTO measurements (board_revision_id, kind, test_point, reference_designator, rail_name, power_state, expected_value, measured_value, units, notes, is_known_good) VALUES (200282, 'voltage', 'PP5V0', NULL, '5V0', 'on', '5.0', '5.0', 'V', '5V rail (typical).', 1);
INSERT INTO measurements (board_revision_id, kind, test_point, reference_designator, rail_name, power_state, expected_value, measured_value, units, notes, is_known_good) VALUES (200282, 'voltage', 'PP1V8', NULL, '1V8', 'on', '1.8', '1.8', 'V', '1.8V housekeeping rail (typical).', 1);
INSERT INTO measurements (board_revision_id, kind, test_point, reference_designator, rail_name, power_state, expected_value, measured_value, units, notes, is_known_good) VALUES (200282, 'voltage', 'PP3V3', NULL, '3V3', 'on', '3.3', '3.3', 'V', '3.3V rail (typical).', 1);
INSERT INTO board_revisions (id, device_model, revision, layer_count, primary_soc, pmic, notes) VALUES (200283, 'Samsung Galaxy Tab S8', 'Logic Board', NULL, NULL, 'U_PMIC', 'Samsung Galaxy Tab S8 main logic board. Component set and rails are family-typical reference values; confirm exact values against the boardview/schematic for this unit.');
INSERT INTO board_components (board_revision_id, reference_designator, component_type, value, part_number, notes) VALUES (200283, 'J_LCD', 'Connector', NULL, NULL, 'LCD FPC connector');
INSERT INTO board_components (board_revision_id, reference_designator, component_type, value, part_number, notes) VALUES (200283, 'J_DIG', 'Connector', NULL, NULL, 'Digitizer FPC connector');
INSERT INTO board_components (board_revision_id, reference_designator, component_type, value, part_number, notes) VALUES (200283, 'J_BATT', 'Connector', NULL, NULL, 'Battery FPC connector');
INSERT INTO board_components (board_revision_id, reference_designator, component_type, value, part_number, notes) VALUES (200283, 'J_CHG', 'Connector', NULL, NULL, 'Charge port connector');
INSERT INTO board_components (board_revision_id, reference_designator, component_type, value, part_number, notes) VALUES (200283, 'U_PMIC', 'PMIC', NULL, NULL, 'Main power management IC');
INSERT INTO board_components (board_revision_id, reference_designator, component_type, value, part_number, notes) VALUES (200283, 'U_CHG', 'Charging IC', NULL, NULL, 'USB charging IC');
INSERT INTO board_components (board_revision_id, reference_designator, component_type, value, part_number, notes) VALUES (200283, 'U_NAND', 'NAND Flash', NULL, NULL, 'Flash storage');
INSERT INTO board_components (board_revision_id, reference_designator, component_type, value, part_number, notes) VALUES (200283, 'U_CHG2', 'Charging IC', NULL, NULL, 'USB-C / charging IC (MAX77705 / S2MU-series typical)');
INSERT INTO board_components (board_revision_id, reference_designator, component_type, value, part_number, notes) VALUES (200283, 'U_SUBPMIC', 'PMIC', NULL, NULL, 'Sub-PMIC (S2MPS / S2DOS typical)');
INSERT INTO board_test_points (board_revision_id, label, location_desc, expected_voltage, expected_resistance) VALUES (200283, 'VBAT', 'see boardview', '3.8V', NULL);
INSERT INTO board_test_points (board_revision_id, label, location_desc, expected_voltage, expected_resistance) VALUES (200283, 'VBUS_5V', 'see boardview', '5.0V', NULL);
INSERT INTO board_test_points (board_revision_id, label, location_desc, expected_voltage, expected_resistance) VALUES (200283, 'PP5V0', 'see boardview', '5.0V', NULL);
INSERT INTO board_test_points (board_revision_id, label, location_desc, expected_voltage, expected_resistance) VALUES (200283, 'PP1V8', 'see boardview', '1.8V', NULL);
INSERT INTO board_test_points (board_revision_id, label, location_desc, expected_voltage, expected_resistance) VALUES (200283, 'PP3V3', 'see boardview', '3.3V', NULL);
INSERT INTO board_nets (board_revision_id, net_name, test_point, expected_value, units) VALUES (200283, 'VBAT / PP_BATT_VCC', 'VBAT', '3.8', 'V');
INSERT INTO board_nets (board_revision_id, net_name, test_point, expected_value, units) VALUES (200283, 'VBUS', 'VBUS_5V', '5.0', 'V');
INSERT INTO board_nets (board_revision_id, net_name, test_point, expected_value, units) VALUES (200283, '5V0', 'PP5V0', '5.0', 'V');
INSERT INTO board_nets (board_revision_id, net_name, test_point, expected_value, units) VALUES (200283, '1V8', 'PP1V8', '1.8', 'V');
INSERT INTO board_nets (board_revision_id, net_name, test_point, expected_value, units) VALUES (200283, '3V3', 'PP3V3', '3.3', 'V');
INSERT INTO measurements (board_revision_id, kind, test_point, reference_designator, rail_name, power_state, expected_value, measured_value, units, notes, is_known_good) VALUES (200283, 'voltage', 'VBAT', NULL, 'VBAT / PP_BATT_VCC', 'off', '3.8', '3.8', 'V', 'Battery main rail (typically 3.0-4.35V with charge).', 1);
INSERT INTO measurements (board_revision_id, kind, test_point, reference_designator, rail_name, power_state, expected_value, measured_value, units, notes, is_known_good) VALUES (200283, 'voltage', 'VBUS_5V', NULL, 'VBUS', 'on', '5.0', '5.0', 'V', 'USB VBUS when charging.', 1);
INSERT INTO measurements (board_revision_id, kind, test_point, reference_designator, rail_name, power_state, expected_value, measured_value, units, notes, is_known_good) VALUES (200283, 'voltage', 'PP5V0', NULL, '5V0', 'on', '5.0', '5.0', 'V', '5V rail (typical).', 1);
INSERT INTO measurements (board_revision_id, kind, test_point, reference_designator, rail_name, power_state, expected_value, measured_value, units, notes, is_known_good) VALUES (200283, 'voltage', 'PP1V8', NULL, '1V8', 'on', '1.8', '1.8', 'V', '1.8V housekeeping rail (typical).', 1);
INSERT INTO measurements (board_revision_id, kind, test_point, reference_designator, rail_name, power_state, expected_value, measured_value, units, notes, is_known_good) VALUES (200283, 'voltage', 'PP3V3', NULL, '3V3', 'on', '3.3', '3.3', 'V', '3.3V rail (typical).', 1);
INSERT INTO board_revisions (id, device_model, revision, layer_count, primary_soc, pmic, notes) VALUES (200284, 'Samsung Galaxy Tab S8 Ultra', 'Logic Board', NULL, NULL, 'U_PMIC', 'Samsung Galaxy Tab S8 Ultra main logic board. Component set and rails are family-typical reference values; confirm exact values against the boardview/schematic for this unit.');
INSERT INTO board_components (board_revision_id, reference_designator, component_type, value, part_number, notes) VALUES (200284, 'J_LCD', 'Connector', NULL, NULL, 'LCD FPC connector');
INSERT INTO board_components (board_revision_id, reference_designator, component_type, value, part_number, notes) VALUES (200284, 'J_DIG', 'Connector', NULL, NULL, 'Digitizer FPC connector');
INSERT INTO board_components (board_revision_id, reference_designator, component_type, value, part_number, notes) VALUES (200284, 'J_BATT', 'Connector', NULL, NULL, 'Battery FPC connector');
INSERT INTO board_components (board_revision_id, reference_designator, component_type, value, part_number, notes) VALUES (200284, 'J_CHG', 'Connector', NULL, NULL, 'Charge port connector');
INSERT INTO board_components (board_revision_id, reference_designator, component_type, value, part_number, notes) VALUES (200284, 'U_PMIC', 'PMIC', NULL, NULL, 'Main power management IC');
INSERT INTO board_components (board_revision_id, reference_designator, component_type, value, part_number, notes) VALUES (200284, 'U_CHG', 'Charging IC', NULL, NULL, 'USB charging IC');
INSERT INTO board_components (board_revision_id, reference_designator, component_type, value, part_number, notes) VALUES (200284, 'U_NAND', 'NAND Flash', NULL, NULL, 'Flash storage');
INSERT INTO board_components (board_revision_id, reference_designator, component_type, value, part_number, notes) VALUES (200284, 'U_CHG2', 'Charging IC', NULL, NULL, 'USB-C / charging IC (MAX77705 / S2MU-series typical)');
INSERT INTO board_components (board_revision_id, reference_designator, component_type, value, part_number, notes) VALUES (200284, 'U_SUBPMIC', 'PMIC', NULL, NULL, 'Sub-PMIC (S2MPS / S2DOS typical)');
INSERT INTO board_test_points (board_revision_id, label, location_desc, expected_voltage, expected_resistance) VALUES (200284, 'VBAT', 'see boardview', '3.8V', NULL);
INSERT INTO board_test_points (board_revision_id, label, location_desc, expected_voltage, expected_resistance) VALUES (200284, 'VBUS_5V', 'see boardview', '5.0V', NULL);
INSERT INTO board_test_points (board_revision_id, label, location_desc, expected_voltage, expected_resistance) VALUES (200284, 'PP5V0', 'see boardview', '5.0V', NULL);
INSERT INTO board_test_points (board_revision_id, label, location_desc, expected_voltage, expected_resistance) VALUES (200284, 'PP1V8', 'see boardview', '1.8V', NULL);
INSERT INTO board_test_points (board_revision_id, label, location_desc, expected_voltage, expected_resistance) VALUES (200284, 'PP3V3', 'see boardview', '3.3V', NULL);
INSERT INTO board_nets (board_revision_id, net_name, test_point, expected_value, units) VALUES (200284, 'VBAT / PP_BATT_VCC', 'VBAT', '3.8', 'V');
INSERT INTO board_nets (board_revision_id, net_name, test_point, expected_value, units) VALUES (200284, 'VBUS', 'VBUS_5V', '5.0', 'V');
INSERT INTO board_nets (board_revision_id, net_name, test_point, expected_value, units) VALUES (200284, '5V0', 'PP5V0', '5.0', 'V');
INSERT INTO board_nets (board_revision_id, net_name, test_point, expected_value, units) VALUES (200284, '1V8', 'PP1V8', '1.8', 'V');
INSERT INTO board_nets (board_revision_id, net_name, test_point, expected_value, units) VALUES (200284, '3V3', 'PP3V3', '3.3', 'V');
INSERT INTO measurements (board_revision_id, kind, test_point, reference_designator, rail_name, power_state, expected_value, measured_value, units, notes, is_known_good) VALUES (200284, 'voltage', 'VBAT', NULL, 'VBAT / PP_BATT_VCC', 'off', '3.8', '3.8', 'V', 'Battery main rail (typically 3.0-4.35V with charge).', 1);
INSERT INTO measurements (board_revision_id, kind, test_point, reference_designator, rail_name, power_state, expected_value, measured_value, units, notes, is_known_good) VALUES (200284, 'voltage', 'VBUS_5V', NULL, 'VBUS', 'on', '5.0', '5.0', 'V', 'USB VBUS when charging.', 1);
INSERT INTO measurements (board_revision_id, kind, test_point, reference_designator, rail_name, power_state, expected_value, measured_value, units, notes, is_known_good) VALUES (200284, 'voltage', 'PP5V0', NULL, '5V0', 'on', '5.0', '5.0', 'V', '5V rail (typical).', 1);
INSERT INTO measurements (board_revision_id, kind, test_point, reference_designator, rail_name, power_state, expected_value, measured_value, units, notes, is_known_good) VALUES (200284, 'voltage', 'PP1V8', NULL, '1V8', 'on', '1.8', '1.8', 'V', '1.8V housekeeping rail (typical).', 1);
INSERT INTO measurements (board_revision_id, kind, test_point, reference_designator, rail_name, power_state, expected_value, measured_value, units, notes, is_known_good) VALUES (200284, 'voltage', 'PP3V3', NULL, '3V3', 'on', '3.3', '3.3', 'V', '3.3V rail (typical).', 1);
INSERT INTO board_revisions (id, device_model, revision, layer_count, primary_soc, pmic, notes) VALUES (200285, 'Samsung Galaxy Tab S9', 'Logic Board', NULL, NULL, 'U_PMIC', 'Samsung Galaxy Tab S9 main logic board. Component set and rails are family-typical reference values; confirm exact values against the boardview/schematic for this unit.');
INSERT INTO board_components (board_revision_id, reference_designator, component_type, value, part_number, notes) VALUES (200285, 'J_LCD', 'Connector', NULL, NULL, 'LCD FPC connector');
INSERT INTO board_components (board_revision_id, reference_designator, component_type, value, part_number, notes) VALUES (200285, 'J_DIG', 'Connector', NULL, NULL, 'Digitizer FPC connector');
INSERT INTO board_components (board_revision_id, reference_designator, component_type, value, part_number, notes) VALUES (200285, 'J_BATT', 'Connector', NULL, NULL, 'Battery FPC connector');
INSERT INTO board_components (board_revision_id, reference_designator, component_type, value, part_number, notes) VALUES (200285, 'J_CHG', 'Connector', NULL, NULL, 'Charge port connector');
INSERT INTO board_components (board_revision_id, reference_designator, component_type, value, part_number, notes) VALUES (200285, 'U_PMIC', 'PMIC', NULL, NULL, 'Main power management IC');
INSERT INTO board_components (board_revision_id, reference_designator, component_type, value, part_number, notes) VALUES (200285, 'U_CHG', 'Charging IC', NULL, NULL, 'USB charging IC');
INSERT INTO board_components (board_revision_id, reference_designator, component_type, value, part_number, notes) VALUES (200285, 'U_NAND', 'NAND Flash', NULL, NULL, 'Flash storage');
INSERT INTO board_components (board_revision_id, reference_designator, component_type, value, part_number, notes) VALUES (200285, 'U_CHG2', 'Charging IC', NULL, NULL, 'USB-C / charging IC (MAX77705 / S2MU-series typical)');
INSERT INTO board_components (board_revision_id, reference_designator, component_type, value, part_number, notes) VALUES (200285, 'U_SUBPMIC', 'PMIC', NULL, NULL, 'Sub-PMIC (S2MPS / S2DOS typical)');
INSERT INTO board_test_points (board_revision_id, label, location_desc, expected_voltage, expected_resistance) VALUES (200285, 'VBAT', 'see boardview', '3.8V', NULL);
INSERT INTO board_test_points (board_revision_id, label, location_desc, expected_voltage, expected_resistance) VALUES (200285, 'VBUS_5V', 'see boardview', '5.0V', NULL);
INSERT INTO board_test_points (board_revision_id, label, location_desc, expected_voltage, expected_resistance) VALUES (200285, 'PP5V0', 'see boardview', '5.0V', NULL);
INSERT INTO board_test_points (board_revision_id, label, location_desc, expected_voltage, expected_resistance) VALUES (200285, 'PP1V8', 'see boardview', '1.8V', NULL);
INSERT INTO board_test_points (board_revision_id, label, location_desc, expected_voltage, expected_resistance) VALUES (200285, 'PP3V3', 'see boardview', '3.3V', NULL);
INSERT INTO board_nets (board_revision_id, net_name, test_point, expected_value, units) VALUES (200285, 'VBAT / PP_BATT_VCC', 'VBAT', '3.8', 'V');
INSERT INTO board_nets (board_revision_id, net_name, test_point, expected_value, units) VALUES (200285, 'VBUS', 'VBUS_5V', '5.0', 'V');
INSERT INTO board_nets (board_revision_id, net_name, test_point, expected_value, units) VALUES (200285, '5V0', 'PP5V0', '5.0', 'V');
INSERT INTO board_nets (board_revision_id, net_name, test_point, expected_value, units) VALUES (200285, '1V8', 'PP1V8', '1.8', 'V');
INSERT INTO board_nets (board_revision_id, net_name, test_point, expected_value, units) VALUES (200285, '3V3', 'PP3V3', '3.3', 'V');
INSERT INTO measurements (board_revision_id, kind, test_point, reference_designator, rail_name, power_state, expected_value, measured_value, units, notes, is_known_good) VALUES (200285, 'voltage', 'VBAT', NULL, 'VBAT / PP_BATT_VCC', 'off', '3.8', '3.8', 'V', 'Battery main rail (typically 3.0-4.35V with charge).', 1);
INSERT INTO measurements (board_revision_id, kind, test_point, reference_designator, rail_name, power_state, expected_value, measured_value, units, notes, is_known_good) VALUES (200285, 'voltage', 'VBUS_5V', NULL, 'VBUS', 'on', '5.0', '5.0', 'V', 'USB VBUS when charging.', 1);
INSERT INTO measurements (board_revision_id, kind, test_point, reference_designator, rail_name, power_state, expected_value, measured_value, units, notes, is_known_good) VALUES (200285, 'voltage', 'PP5V0', NULL, '5V0', 'on', '5.0', '5.0', 'V', '5V rail (typical).', 1);
INSERT INTO measurements (board_revision_id, kind, test_point, reference_designator, rail_name, power_state, expected_value, measured_value, units, notes, is_known_good) VALUES (200285, 'voltage', 'PP1V8', NULL, '1V8', 'on', '1.8', '1.8', 'V', '1.8V housekeeping rail (typical).', 1);
INSERT INTO measurements (board_revision_id, kind, test_point, reference_designator, rail_name, power_state, expected_value, measured_value, units, notes, is_known_good) VALUES (200285, 'voltage', 'PP3V3', NULL, '3V3', 'on', '3.3', '3.3', 'V', '3.3V rail (typical).', 1);
INSERT INTO board_revisions (id, device_model, revision, layer_count, primary_soc, pmic, notes) VALUES (200286, 'Amazon Fire 7', 'Logic Board', NULL, NULL, 'U_PMIC', 'Amazon Fire 7 main logic board. Component set and rails are family-typical reference values; confirm exact values against the boardview/schematic for this unit.');
INSERT INTO board_components (board_revision_id, reference_designator, component_type, value, part_number, notes) VALUES (200286, 'J_LCD', 'Connector', NULL, NULL, 'LCD FPC connector');
INSERT INTO board_components (board_revision_id, reference_designator, component_type, value, part_number, notes) VALUES (200286, 'J_DIG', 'Connector', NULL, NULL, 'Digitizer FPC connector');
INSERT INTO board_components (board_revision_id, reference_designator, component_type, value, part_number, notes) VALUES (200286, 'J_BATT', 'Connector', NULL, NULL, 'Battery FPC connector');
INSERT INTO board_components (board_revision_id, reference_designator, component_type, value, part_number, notes) VALUES (200286, 'J_CHG', 'Connector', NULL, NULL, 'Charge port connector');
INSERT INTO board_components (board_revision_id, reference_designator, component_type, value, part_number, notes) VALUES (200286, 'U_PMIC', 'PMIC', NULL, NULL, 'Main power management IC');
INSERT INTO board_components (board_revision_id, reference_designator, component_type, value, part_number, notes) VALUES (200286, 'U_CHG', 'Charging IC', NULL, NULL, 'USB charging IC');
INSERT INTO board_components (board_revision_id, reference_designator, component_type, value, part_number, notes) VALUES (200286, 'U_NAND', 'NAND Flash', NULL, NULL, 'Flash storage');
INSERT INTO board_test_points (board_revision_id, label, location_desc, expected_voltage, expected_resistance) VALUES (200286, 'VBAT', 'see boardview', '3.8V', NULL);
INSERT INTO board_test_points (board_revision_id, label, location_desc, expected_voltage, expected_resistance) VALUES (200286, 'VBUS_5V', 'see boardview', '5.0V', NULL);
INSERT INTO board_test_points (board_revision_id, label, location_desc, expected_voltage, expected_resistance) VALUES (200286, 'PP5V0', 'see boardview', '5.0V', NULL);
INSERT INTO board_test_points (board_revision_id, label, location_desc, expected_voltage, expected_resistance) VALUES (200286, 'PP1V8', 'see boardview', '1.8V', NULL);
INSERT INTO board_test_points (board_revision_id, label, location_desc, expected_voltage, expected_resistance) VALUES (200286, 'PP3V3', 'see boardview', '3.3V', NULL);
INSERT INTO board_nets (board_revision_id, net_name, test_point, expected_value, units) VALUES (200286, 'VBAT / PP_BATT_VCC', 'VBAT', '3.8', 'V');
INSERT INTO board_nets (board_revision_id, net_name, test_point, expected_value, units) VALUES (200286, 'VBUS', 'VBUS_5V', '5.0', 'V');
INSERT INTO board_nets (board_revision_id, net_name, test_point, expected_value, units) VALUES (200286, '5V0', 'PP5V0', '5.0', 'V');
INSERT INTO board_nets (board_revision_id, net_name, test_point, expected_value, units) VALUES (200286, '1V8', 'PP1V8', '1.8', 'V');
INSERT INTO board_nets (board_revision_id, net_name, test_point, expected_value, units) VALUES (200286, '3V3', 'PP3V3', '3.3', 'V');
INSERT INTO measurements (board_revision_id, kind, test_point, reference_designator, rail_name, power_state, expected_value, measured_value, units, notes, is_known_good) VALUES (200286, 'voltage', 'VBAT', NULL, 'VBAT / PP_BATT_VCC', 'off', '3.8', '3.8', 'V', 'Battery main rail (typically 3.0-4.35V with charge).', 1);
INSERT INTO measurements (board_revision_id, kind, test_point, reference_designator, rail_name, power_state, expected_value, measured_value, units, notes, is_known_good) VALUES (200286, 'voltage', 'VBUS_5V', NULL, 'VBUS', 'on', '5.0', '5.0', 'V', 'USB VBUS when charging.', 1);
INSERT INTO measurements (board_revision_id, kind, test_point, reference_designator, rail_name, power_state, expected_value, measured_value, units, notes, is_known_good) VALUES (200286, 'voltage', 'PP5V0', NULL, '5V0', 'on', '5.0', '5.0', 'V', '5V rail (typical).', 1);
INSERT INTO measurements (board_revision_id, kind, test_point, reference_designator, rail_name, power_state, expected_value, measured_value, units, notes, is_known_good) VALUES (200286, 'voltage', 'PP1V8', NULL, '1V8', 'on', '1.8', '1.8', 'V', '1.8V housekeeping rail (typical).', 1);
INSERT INTO measurements (board_revision_id, kind, test_point, reference_designator, rail_name, power_state, expected_value, measured_value, units, notes, is_known_good) VALUES (200286, 'voltage', 'PP3V3', NULL, '3V3', 'on', '3.3', '3.3', 'V', '3.3V rail (typical).', 1);
INSERT INTO board_revisions (id, device_model, revision, layer_count, primary_soc, pmic, notes) VALUES (200287, 'Amazon Fire HD 8', 'Logic Board', NULL, NULL, 'U_PMIC', 'Amazon Fire HD 8 main logic board. Component set and rails are family-typical reference values; confirm exact values against the boardview/schematic for this unit.');
INSERT INTO board_components (board_revision_id, reference_designator, component_type, value, part_number, notes) VALUES (200287, 'J_LCD', 'Connector', NULL, NULL, 'LCD FPC connector');
INSERT INTO board_components (board_revision_id, reference_designator, component_type, value, part_number, notes) VALUES (200287, 'J_DIG', 'Connector', NULL, NULL, 'Digitizer FPC connector');
INSERT INTO board_components (board_revision_id, reference_designator, component_type, value, part_number, notes) VALUES (200287, 'J_BATT', 'Connector', NULL, NULL, 'Battery FPC connector');
INSERT INTO board_components (board_revision_id, reference_designator, component_type, value, part_number, notes) VALUES (200287, 'J_CHG', 'Connector', NULL, NULL, 'Charge port connector');
INSERT INTO board_components (board_revision_id, reference_designator, component_type, value, part_number, notes) VALUES (200287, 'U_PMIC', 'PMIC', NULL, NULL, 'Main power management IC');
INSERT INTO board_components (board_revision_id, reference_designator, component_type, value, part_number, notes) VALUES (200287, 'U_CHG', 'Charging IC', NULL, NULL, 'USB charging IC');
INSERT INTO board_components (board_revision_id, reference_designator, component_type, value, part_number, notes) VALUES (200287, 'U_NAND', 'NAND Flash', NULL, NULL, 'Flash storage');
INSERT INTO board_test_points (board_revision_id, label, location_desc, expected_voltage, expected_resistance) VALUES (200287, 'VBAT', 'see boardview', '3.8V', NULL);
INSERT INTO board_test_points (board_revision_id, label, location_desc, expected_voltage, expected_resistance) VALUES (200287, 'VBUS_5V', 'see boardview', '5.0V', NULL);
INSERT INTO board_test_points (board_revision_id, label, location_desc, expected_voltage, expected_resistance) VALUES (200287, 'PP5V0', 'see boardview', '5.0V', NULL);
INSERT INTO board_test_points (board_revision_id, label, location_desc, expected_voltage, expected_resistance) VALUES (200287, 'PP1V8', 'see boardview', '1.8V', NULL);
INSERT INTO board_test_points (board_revision_id, label, location_desc, expected_voltage, expected_resistance) VALUES (200287, 'PP3V3', 'see boardview', '3.3V', NULL);
INSERT INTO board_nets (board_revision_id, net_name, test_point, expected_value, units) VALUES (200287, 'VBAT / PP_BATT_VCC', 'VBAT', '3.8', 'V');
INSERT INTO board_nets (board_revision_id, net_name, test_point, expected_value, units) VALUES (200287, 'VBUS', 'VBUS_5V', '5.0', 'V');
INSERT INTO board_nets (board_revision_id, net_name, test_point, expected_value, units) VALUES (200287, '5V0', 'PP5V0', '5.0', 'V');
INSERT INTO board_nets (board_revision_id, net_name, test_point, expected_value, units) VALUES (200287, '1V8', 'PP1V8', '1.8', 'V');
INSERT INTO board_nets (board_revision_id, net_name, test_point, expected_value, units) VALUES (200287, '3V3', 'PP3V3', '3.3', 'V');
INSERT INTO measurements (board_revision_id, kind, test_point, reference_designator, rail_name, power_state, expected_value, measured_value, units, notes, is_known_good) VALUES (200287, 'voltage', 'VBAT', NULL, 'VBAT / PP_BATT_VCC', 'off', '3.8', '3.8', 'V', 'Battery main rail (typically 3.0-4.35V with charge).', 1);
INSERT INTO measurements (board_revision_id, kind, test_point, reference_designator, rail_name, power_state, expected_value, measured_value, units, notes, is_known_good) VALUES (200287, 'voltage', 'VBUS_5V', NULL, 'VBUS', 'on', '5.0', '5.0', 'V', 'USB VBUS when charging.', 1);
INSERT INTO measurements (board_revision_id, kind, test_point, reference_designator, rail_name, power_state, expected_value, measured_value, units, notes, is_known_good) VALUES (200287, 'voltage', 'PP5V0', NULL, '5V0', 'on', '5.0', '5.0', 'V', '5V rail (typical).', 1);
INSERT INTO measurements (board_revision_id, kind, test_point, reference_designator, rail_name, power_state, expected_value, measured_value, units, notes, is_known_good) VALUES (200287, 'voltage', 'PP1V8', NULL, '1V8', 'on', '1.8', '1.8', 'V', '1.8V housekeeping rail (typical).', 1);
INSERT INTO measurements (board_revision_id, kind, test_point, reference_designator, rail_name, power_state, expected_value, measured_value, units, notes, is_known_good) VALUES (200287, 'voltage', 'PP3V3', NULL, '3V3', 'on', '3.3', '3.3', 'V', '3.3V rail (typical).', 1);
INSERT INTO board_revisions (id, device_model, revision, layer_count, primary_soc, pmic, notes) VALUES (200288, 'Amazon Fire HD 10', 'Logic Board', NULL, NULL, 'U_PMIC', 'Amazon Fire HD 10 main logic board. Component set and rails are family-typical reference values; confirm exact values against the boardview/schematic for this unit.');
INSERT INTO board_components (board_revision_id, reference_designator, component_type, value, part_number, notes) VALUES (200288, 'J_LCD', 'Connector', NULL, NULL, 'LCD FPC connector');
INSERT INTO board_components (board_revision_id, reference_designator, component_type, value, part_number, notes) VALUES (200288, 'J_DIG', 'Connector', NULL, NULL, 'Digitizer FPC connector');
INSERT INTO board_components (board_revision_id, reference_designator, component_type, value, part_number, notes) VALUES (200288, 'J_BATT', 'Connector', NULL, NULL, 'Battery FPC connector');
INSERT INTO board_components (board_revision_id, reference_designator, component_type, value, part_number, notes) VALUES (200288, 'J_CHG', 'Connector', NULL, NULL, 'Charge port connector');
INSERT INTO board_components (board_revision_id, reference_designator, component_type, value, part_number, notes) VALUES (200288, 'U_PMIC', 'PMIC', NULL, NULL, 'Main power management IC');
INSERT INTO board_components (board_revision_id, reference_designator, component_type, value, part_number, notes) VALUES (200288, 'U_CHG', 'Charging IC', NULL, NULL, 'USB charging IC');
INSERT INTO board_components (board_revision_id, reference_designator, component_type, value, part_number, notes) VALUES (200288, 'U_NAND', 'NAND Flash', NULL, NULL, 'Flash storage');
INSERT INTO board_test_points (board_revision_id, label, location_desc, expected_voltage, expected_resistance) VALUES (200288, 'VBAT', 'see boardview', '3.8V', NULL);
INSERT INTO board_test_points (board_revision_id, label, location_desc, expected_voltage, expected_resistance) VALUES (200288, 'VBUS_5V', 'see boardview', '5.0V', NULL);
INSERT INTO board_test_points (board_revision_id, label, location_desc, expected_voltage, expected_resistance) VALUES (200288, 'PP5V0', 'see boardview', '5.0V', NULL);
INSERT INTO board_test_points (board_revision_id, label, location_desc, expected_voltage, expected_resistance) VALUES (200288, 'PP1V8', 'see boardview', '1.8V', NULL);
INSERT INTO board_test_points (board_revision_id, label, location_desc, expected_voltage, expected_resistance) VALUES (200288, 'PP3V3', 'see boardview', '3.3V', NULL);
INSERT INTO board_nets (board_revision_id, net_name, test_point, expected_value, units) VALUES (200288, 'VBAT / PP_BATT_VCC', 'VBAT', '3.8', 'V');
INSERT INTO board_nets (board_revision_id, net_name, test_point, expected_value, units) VALUES (200288, 'VBUS', 'VBUS_5V', '5.0', 'V');
INSERT INTO board_nets (board_revision_id, net_name, test_point, expected_value, units) VALUES (200288, '5V0', 'PP5V0', '5.0', 'V');
INSERT INTO board_nets (board_revision_id, net_name, test_point, expected_value, units) VALUES (200288, '1V8', 'PP1V8', '1.8', 'V');
INSERT INTO board_nets (board_revision_id, net_name, test_point, expected_value, units) VALUES (200288, '3V3', 'PP3V3', '3.3', 'V');
INSERT INTO measurements (board_revision_id, kind, test_point, reference_designator, rail_name, power_state, expected_value, measured_value, units, notes, is_known_good) VALUES (200288, 'voltage', 'VBAT', NULL, 'VBAT / PP_BATT_VCC', 'off', '3.8', '3.8', 'V', 'Battery main rail (typically 3.0-4.35V with charge).', 1);
INSERT INTO measurements (board_revision_id, kind, test_point, reference_designator, rail_name, power_state, expected_value, measured_value, units, notes, is_known_good) VALUES (200288, 'voltage', 'VBUS_5V', NULL, 'VBUS', 'on', '5.0', '5.0', 'V', 'USB VBUS when charging.', 1);
INSERT INTO measurements (board_revision_id, kind, test_point, reference_designator, rail_name, power_state, expected_value, measured_value, units, notes, is_known_good) VALUES (200288, 'voltage', 'PP5V0', NULL, '5V0', 'on', '5.0', '5.0', 'V', '5V rail (typical).', 1);
INSERT INTO measurements (board_revision_id, kind, test_point, reference_designator, rail_name, power_state, expected_value, measured_value, units, notes, is_known_good) VALUES (200288, 'voltage', 'PP1V8', NULL, '1V8', 'on', '1.8', '1.8', 'V', '1.8V housekeeping rail (typical).', 1);
INSERT INTO measurements (board_revision_id, kind, test_point, reference_designator, rail_name, power_state, expected_value, measured_value, units, notes, is_known_good) VALUES (200288, 'voltage', 'PP3V3', NULL, '3V3', 'on', '3.3', '3.3', 'V', '3.3V rail (typical).', 1);
INSERT INTO board_revisions (id, device_model, revision, layer_count, primary_soc, pmic, notes) VALUES (200289, 'Amazon Fire HD 10 Plus', 'Logic Board', NULL, NULL, 'U_PMIC', 'Amazon Fire HD 10 Plus main logic board. Component set and rails are family-typical reference values; confirm exact values against the boardview/schematic for this unit.');
INSERT INTO board_components (board_revision_id, reference_designator, component_type, value, part_number, notes) VALUES (200289, 'J_LCD', 'Connector', NULL, NULL, 'LCD FPC connector');
INSERT INTO board_components (board_revision_id, reference_designator, component_type, value, part_number, notes) VALUES (200289, 'J_DIG', 'Connector', NULL, NULL, 'Digitizer FPC connector');
INSERT INTO board_components (board_revision_id, reference_designator, component_type, value, part_number, notes) VALUES (200289, 'J_BATT', 'Connector', NULL, NULL, 'Battery FPC connector');
INSERT INTO board_components (board_revision_id, reference_designator, component_type, value, part_number, notes) VALUES (200289, 'J_CHG', 'Connector', NULL, NULL, 'Charge port connector');
INSERT INTO board_components (board_revision_id, reference_designator, component_type, value, part_number, notes) VALUES (200289, 'U_PMIC', 'PMIC', NULL, NULL, 'Main power management IC');
INSERT INTO board_components (board_revision_id, reference_designator, component_type, value, part_number, notes) VALUES (200289, 'U_CHG', 'Charging IC', NULL, NULL, 'USB charging IC');
INSERT INTO board_components (board_revision_id, reference_designator, component_type, value, part_number, notes) VALUES (200289, 'U_NAND', 'NAND Flash', NULL, NULL, 'Flash storage');
INSERT INTO board_test_points (board_revision_id, label, location_desc, expected_voltage, expected_resistance) VALUES (200289, 'VBAT', 'see boardview', '3.8V', NULL);
INSERT INTO board_test_points (board_revision_id, label, location_desc, expected_voltage, expected_resistance) VALUES (200289, 'VBUS_5V', 'see boardview', '5.0V', NULL);
INSERT INTO board_test_points (board_revision_id, label, location_desc, expected_voltage, expected_resistance) VALUES (200289, 'PP5V0', 'see boardview', '5.0V', NULL);
INSERT INTO board_test_points (board_revision_id, label, location_desc, expected_voltage, expected_resistance) VALUES (200289, 'PP1V8', 'see boardview', '1.8V', NULL);
INSERT INTO board_test_points (board_revision_id, label, location_desc, expected_voltage, expected_resistance) VALUES (200289, 'PP3V3', 'see boardview', '3.3V', NULL);
INSERT INTO board_nets (board_revision_id, net_name, test_point, expected_value, units) VALUES (200289, 'VBAT / PP_BATT_VCC', 'VBAT', '3.8', 'V');
INSERT INTO board_nets (board_revision_id, net_name, test_point, expected_value, units) VALUES (200289, 'VBUS', 'VBUS_5V', '5.0', 'V');
INSERT INTO board_nets (board_revision_id, net_name, test_point, expected_value, units) VALUES (200289, '5V0', 'PP5V0', '5.0', 'V');
INSERT INTO board_nets (board_revision_id, net_name, test_point, expected_value, units) VALUES (200289, '1V8', 'PP1V8', '1.8', 'V');
INSERT INTO board_nets (board_revision_id, net_name, test_point, expected_value, units) VALUES (200289, '3V3', 'PP3V3', '3.3', 'V');
INSERT INTO measurements (board_revision_id, kind, test_point, reference_designator, rail_name, power_state, expected_value, measured_value, units, notes, is_known_good) VALUES (200289, 'voltage', 'VBAT', NULL, 'VBAT / PP_BATT_VCC', 'off', '3.8', '3.8', 'V', 'Battery main rail (typically 3.0-4.35V with charge).', 1);
INSERT INTO measurements (board_revision_id, kind, test_point, reference_designator, rail_name, power_state, expected_value, measured_value, units, notes, is_known_good) VALUES (200289, 'voltage', 'VBUS_5V', NULL, 'VBUS', 'on', '5.0', '5.0', 'V', 'USB VBUS when charging.', 1);
INSERT INTO measurements (board_revision_id, kind, test_point, reference_designator, rail_name, power_state, expected_value, measured_value, units, notes, is_known_good) VALUES (200289, 'voltage', 'PP5V0', NULL, '5V0', 'on', '5.0', '5.0', 'V', '5V rail (typical).', 1);
INSERT INTO measurements (board_revision_id, kind, test_point, reference_designator, rail_name, power_state, expected_value, measured_value, units, notes, is_known_good) VALUES (200289, 'voltage', 'PP1V8', NULL, '1V8', 'on', '1.8', '1.8', 'V', '1.8V housekeeping rail (typical).', 1);
INSERT INTO measurements (board_revision_id, kind, test_point, reference_designator, rail_name, power_state, expected_value, measured_value, units, notes, is_known_good) VALUES (200289, 'voltage', 'PP3V3', NULL, '3V3', 'on', '3.3', '3.3', 'V', '3.3V rail (typical).', 1);
INSERT INTO board_revisions (id, device_model, revision, layer_count, primary_soc, pmic, notes) VALUES (200290, 'Microsoft Surface Pro 4', 'Logic Board', NULL, NULL, 'U_PMIC', 'Microsoft Surface Pro 4 main logic board. Component set and rails are family-typical reference values; confirm exact values against the boardview/schematic for this unit.');
INSERT INTO board_components (board_revision_id, reference_designator, component_type, value, part_number, notes) VALUES (200290, 'J_LCD', 'Connector', NULL, NULL, 'LCD FPC connector');
INSERT INTO board_components (board_revision_id, reference_designator, component_type, value, part_number, notes) VALUES (200290, 'J_DIG', 'Connector', NULL, NULL, 'Digitizer FPC connector');
INSERT INTO board_components (board_revision_id, reference_designator, component_type, value, part_number, notes) VALUES (200290, 'J_BATT', 'Connector', NULL, NULL, 'Battery FPC connector');
INSERT INTO board_components (board_revision_id, reference_designator, component_type, value, part_number, notes) VALUES (200290, 'J_CHG', 'Connector', NULL, NULL, 'Charge port connector');
INSERT INTO board_components (board_revision_id, reference_designator, component_type, value, part_number, notes) VALUES (200290, 'U_PMIC', 'PMIC', NULL, NULL, 'Main power management IC');
INSERT INTO board_components (board_revision_id, reference_designator, component_type, value, part_number, notes) VALUES (200290, 'U_CHG', 'Charging IC', NULL, NULL, 'USB charging IC');
INSERT INTO board_components (board_revision_id, reference_designator, component_type, value, part_number, notes) VALUES (200290, 'U_NAND', 'NAND Flash', NULL, NULL, 'Flash storage');
INSERT INTO board_test_points (board_revision_id, label, location_desc, expected_voltage, expected_resistance) VALUES (200290, 'VBAT', 'see boardview', '3.8V', NULL);
INSERT INTO board_test_points (board_revision_id, label, location_desc, expected_voltage, expected_resistance) VALUES (200290, 'VBUS_5V', 'see boardview', '5.0V', NULL);
INSERT INTO board_test_points (board_revision_id, label, location_desc, expected_voltage, expected_resistance) VALUES (200290, 'PP5V0', 'see boardview', '5.0V', NULL);
INSERT INTO board_test_points (board_revision_id, label, location_desc, expected_voltage, expected_resistance) VALUES (200290, 'PP1V8', 'see boardview', '1.8V', NULL);
INSERT INTO board_test_points (board_revision_id, label, location_desc, expected_voltage, expected_resistance) VALUES (200290, 'PP3V3', 'see boardview', '3.3V', NULL);
INSERT INTO board_nets (board_revision_id, net_name, test_point, expected_value, units) VALUES (200290, 'VBAT / PP_BATT_VCC', 'VBAT', '3.8', 'V');
INSERT INTO board_nets (board_revision_id, net_name, test_point, expected_value, units) VALUES (200290, 'VBUS', 'VBUS_5V', '5.0', 'V');
INSERT INTO board_nets (board_revision_id, net_name, test_point, expected_value, units) VALUES (200290, '5V0', 'PP5V0', '5.0', 'V');
INSERT INTO board_nets (board_revision_id, net_name, test_point, expected_value, units) VALUES (200290, '1V8', 'PP1V8', '1.8', 'V');
INSERT INTO board_nets (board_revision_id, net_name, test_point, expected_value, units) VALUES (200290, '3V3', 'PP3V3', '3.3', 'V');
INSERT INTO measurements (board_revision_id, kind, test_point, reference_designator, rail_name, power_state, expected_value, measured_value, units, notes, is_known_good) VALUES (200290, 'voltage', 'VBAT', NULL, 'VBAT / PP_BATT_VCC', 'off', '3.8', '3.8', 'V', 'Battery main rail (typically 3.0-4.35V with charge).', 1);
INSERT INTO measurements (board_revision_id, kind, test_point, reference_designator, rail_name, power_state, expected_value, measured_value, units, notes, is_known_good) VALUES (200290, 'voltage', 'VBUS_5V', NULL, 'VBUS', 'on', '5.0', '5.0', 'V', 'USB VBUS when charging.', 1);
INSERT INTO measurements (board_revision_id, kind, test_point, reference_designator, rail_name, power_state, expected_value, measured_value, units, notes, is_known_good) VALUES (200290, 'voltage', 'PP5V0', NULL, '5V0', 'on', '5.0', '5.0', 'V', '5V rail (typical).', 1);
INSERT INTO measurements (board_revision_id, kind, test_point, reference_designator, rail_name, power_state, expected_value, measured_value, units, notes, is_known_good) VALUES (200290, 'voltage', 'PP1V8', NULL, '1V8', 'on', '1.8', '1.8', 'V', '1.8V housekeeping rail (typical).', 1);
INSERT INTO measurements (board_revision_id, kind, test_point, reference_designator, rail_name, power_state, expected_value, measured_value, units, notes, is_known_good) VALUES (200290, 'voltage', 'PP3V3', NULL, '3V3', 'on', '3.3', '3.3', 'V', '3.3V rail (typical).', 1);
INSERT INTO board_revisions (id, device_model, revision, layer_count, primary_soc, pmic, notes) VALUES (200291, 'Microsoft Surface Pro 6', 'Logic Board', NULL, NULL, 'U_PMIC', 'Microsoft Surface Pro 6 main logic board. Component set and rails are family-typical reference values; confirm exact values against the boardview/schematic for this unit.');
INSERT INTO board_components (board_revision_id, reference_designator, component_type, value, part_number, notes) VALUES (200291, 'J_LCD', 'Connector', NULL, NULL, 'LCD FPC connector');
INSERT INTO board_components (board_revision_id, reference_designator, component_type, value, part_number, notes) VALUES (200291, 'J_DIG', 'Connector', NULL, NULL, 'Digitizer FPC connector');
INSERT INTO board_components (board_revision_id, reference_designator, component_type, value, part_number, notes) VALUES (200291, 'J_BATT', 'Connector', NULL, NULL, 'Battery FPC connector');
INSERT INTO board_components (board_revision_id, reference_designator, component_type, value, part_number, notes) VALUES (200291, 'J_CHG', 'Connector', NULL, NULL, 'Charge port connector');
INSERT INTO board_components (board_revision_id, reference_designator, component_type, value, part_number, notes) VALUES (200291, 'U_PMIC', 'PMIC', NULL, NULL, 'Main power management IC');
INSERT INTO board_components (board_revision_id, reference_designator, component_type, value, part_number, notes) VALUES (200291, 'U_CHG', 'Charging IC', NULL, NULL, 'USB charging IC');
INSERT INTO board_components (board_revision_id, reference_designator, component_type, value, part_number, notes) VALUES (200291, 'U_NAND', 'NAND Flash', NULL, NULL, 'Flash storage');
INSERT INTO board_test_points (board_revision_id, label, location_desc, expected_voltage, expected_resistance) VALUES (200291, 'VBAT', 'see boardview', '3.8V', NULL);
INSERT INTO board_test_points (board_revision_id, label, location_desc, expected_voltage, expected_resistance) VALUES (200291, 'VBUS_5V', 'see boardview', '5.0V', NULL);
INSERT INTO board_test_points (board_revision_id, label, location_desc, expected_voltage, expected_resistance) VALUES (200291, 'PP5V0', 'see boardview', '5.0V', NULL);
INSERT INTO board_test_points (board_revision_id, label, location_desc, expected_voltage, expected_resistance) VALUES (200291, 'PP1V8', 'see boardview', '1.8V', NULL);
INSERT INTO board_test_points (board_revision_id, label, location_desc, expected_voltage, expected_resistance) VALUES (200291, 'PP3V3', 'see boardview', '3.3V', NULL);
INSERT INTO board_nets (board_revision_id, net_name, test_point, expected_value, units) VALUES (200291, 'VBAT / PP_BATT_VCC', 'VBAT', '3.8', 'V');
INSERT INTO board_nets (board_revision_id, net_name, test_point, expected_value, units) VALUES (200291, 'VBUS', 'VBUS_5V', '5.0', 'V');
INSERT INTO board_nets (board_revision_id, net_name, test_point, expected_value, units) VALUES (200291, '5V0', 'PP5V0', '5.0', 'V');
INSERT INTO board_nets (board_revision_id, net_name, test_point, expected_value, units) VALUES (200291, '1V8', 'PP1V8', '1.8', 'V');
INSERT INTO board_nets (board_revision_id, net_name, test_point, expected_value, units) VALUES (200291, '3V3', 'PP3V3', '3.3', 'V');
INSERT INTO measurements (board_revision_id, kind, test_point, reference_designator, rail_name, power_state, expected_value, measured_value, units, notes, is_known_good) VALUES (200291, 'voltage', 'VBAT', NULL, 'VBAT / PP_BATT_VCC', 'off', '3.8', '3.8', 'V', 'Battery main rail (typically 3.0-4.35V with charge).', 1);
INSERT INTO measurements (board_revision_id, kind, test_point, reference_designator, rail_name, power_state, expected_value, measured_value, units, notes, is_known_good) VALUES (200291, 'voltage', 'VBUS_5V', NULL, 'VBUS', 'on', '5.0', '5.0', 'V', 'USB VBUS when charging.', 1);
INSERT INTO measurements (board_revision_id, kind, test_point, reference_designator, rail_name, power_state, expected_value, measured_value, units, notes, is_known_good) VALUES (200291, 'voltage', 'PP5V0', NULL, '5V0', 'on', '5.0', '5.0', 'V', '5V rail (typical).', 1);
INSERT INTO measurements (board_revision_id, kind, test_point, reference_designator, rail_name, power_state, expected_value, measured_value, units, notes, is_known_good) VALUES (200291, 'voltage', 'PP1V8', NULL, '1V8', 'on', '1.8', '1.8', 'V', '1.8V housekeeping rail (typical).', 1);
INSERT INTO measurements (board_revision_id, kind, test_point, reference_designator, rail_name, power_state, expected_value, measured_value, units, notes, is_known_good) VALUES (200291, 'voltage', 'PP3V3', NULL, '3V3', 'on', '3.3', '3.3', 'V', '3.3V rail (typical).', 1);
INSERT INTO board_revisions (id, device_model, revision, layer_count, primary_soc, pmic, notes) VALUES (200292, 'Microsoft Surface Pro 7', 'Logic Board', NULL, NULL, 'U_PMIC', 'Microsoft Surface Pro 7 main logic board. Component set and rails are family-typical reference values; confirm exact values against the boardview/schematic for this unit.');
INSERT INTO board_components (board_revision_id, reference_designator, component_type, value, part_number, notes) VALUES (200292, 'J_LCD', 'Connector', NULL, NULL, 'LCD FPC connector');
INSERT INTO board_components (board_revision_id, reference_designator, component_type, value, part_number, notes) VALUES (200292, 'J_DIG', 'Connector', NULL, NULL, 'Digitizer FPC connector');
INSERT INTO board_components (board_revision_id, reference_designator, component_type, value, part_number, notes) VALUES (200292, 'J_BATT', 'Connector', NULL, NULL, 'Battery FPC connector');
INSERT INTO board_components (board_revision_id, reference_designator, component_type, value, part_number, notes) VALUES (200292, 'J_CHG', 'Connector', NULL, NULL, 'Charge port connector');
INSERT INTO board_components (board_revision_id, reference_designator, component_type, value, part_number, notes) VALUES (200292, 'U_PMIC', 'PMIC', NULL, NULL, 'Main power management IC');
INSERT INTO board_components (board_revision_id, reference_designator, component_type, value, part_number, notes) VALUES (200292, 'U_CHG', 'Charging IC', NULL, NULL, 'USB charging IC');
INSERT INTO board_components (board_revision_id, reference_designator, component_type, value, part_number, notes) VALUES (200292, 'U_NAND', 'NAND Flash', NULL, NULL, 'Flash storage');
INSERT INTO board_test_points (board_revision_id, label, location_desc, expected_voltage, expected_resistance) VALUES (200292, 'VBAT', 'see boardview', '3.8V', NULL);
INSERT INTO board_test_points (board_revision_id, label, location_desc, expected_voltage, expected_resistance) VALUES (200292, 'VBUS_5V', 'see boardview', '5.0V', NULL);
INSERT INTO board_test_points (board_revision_id, label, location_desc, expected_voltage, expected_resistance) VALUES (200292, 'PP5V0', 'see boardview', '5.0V', NULL);
INSERT INTO board_test_points (board_revision_id, label, location_desc, expected_voltage, expected_resistance) VALUES (200292, 'PP1V8', 'see boardview', '1.8V', NULL);
INSERT INTO board_test_points (board_revision_id, label, location_desc, expected_voltage, expected_resistance) VALUES (200292, 'PP3V3', 'see boardview', '3.3V', NULL);
INSERT INTO board_nets (board_revision_id, net_name, test_point, expected_value, units) VALUES (200292, 'VBAT / PP_BATT_VCC', 'VBAT', '3.8', 'V');
INSERT INTO board_nets (board_revision_id, net_name, test_point, expected_value, units) VALUES (200292, 'VBUS', 'VBUS_5V', '5.0', 'V');
INSERT INTO board_nets (board_revision_id, net_name, test_point, expected_value, units) VALUES (200292, '5V0', 'PP5V0', '5.0', 'V');
INSERT INTO board_nets (board_revision_id, net_name, test_point, expected_value, units) VALUES (200292, '1V8', 'PP1V8', '1.8', 'V');
INSERT INTO board_nets (board_revision_id, net_name, test_point, expected_value, units) VALUES (200292, '3V3', 'PP3V3', '3.3', 'V');
INSERT INTO measurements (board_revision_id, kind, test_point, reference_designator, rail_name, power_state, expected_value, measured_value, units, notes, is_known_good) VALUES (200292, 'voltage', 'VBAT', NULL, 'VBAT / PP_BATT_VCC', 'off', '3.8', '3.8', 'V', 'Battery main rail (typically 3.0-4.35V with charge).', 1);
INSERT INTO measurements (board_revision_id, kind, test_point, reference_designator, rail_name, power_state, expected_value, measured_value, units, notes, is_known_good) VALUES (200292, 'voltage', 'VBUS_5V', NULL, 'VBUS', 'on', '5.0', '5.0', 'V', 'USB VBUS when charging.', 1);
INSERT INTO measurements (board_revision_id, kind, test_point, reference_designator, rail_name, power_state, expected_value, measured_value, units, notes, is_known_good) VALUES (200292, 'voltage', 'PP5V0', NULL, '5V0', 'on', '5.0', '5.0', 'V', '5V rail (typical).', 1);
INSERT INTO measurements (board_revision_id, kind, test_point, reference_designator, rail_name, power_state, expected_value, measured_value, units, notes, is_known_good) VALUES (200292, 'voltage', 'PP1V8', NULL, '1V8', 'on', '1.8', '1.8', 'V', '1.8V housekeeping rail (typical).', 1);
INSERT INTO measurements (board_revision_id, kind, test_point, reference_designator, rail_name, power_state, expected_value, measured_value, units, notes, is_known_good) VALUES (200292, 'voltage', 'PP3V3', NULL, '3V3', 'on', '3.3', '3.3', 'V', '3.3V rail (typical).', 1);
INSERT INTO board_revisions (id, device_model, revision, layer_count, primary_soc, pmic, notes) VALUES (200293, 'Microsoft Surface Go', 'Logic Board', NULL, NULL, 'U_PMIC', 'Microsoft Surface Go main logic board. Component set and rails are family-typical reference values; confirm exact values against the boardview/schematic for this unit.');
INSERT INTO board_components (board_revision_id, reference_designator, component_type, value, part_number, notes) VALUES (200293, 'J_LCD', 'Connector', NULL, NULL, 'LCD FPC connector');
INSERT INTO board_components (board_revision_id, reference_designator, component_type, value, part_number, notes) VALUES (200293, 'J_DIG', 'Connector', NULL, NULL, 'Digitizer FPC connector');
INSERT INTO board_components (board_revision_id, reference_designator, component_type, value, part_number, notes) VALUES (200293, 'J_BATT', 'Connector', NULL, NULL, 'Battery FPC connector');
INSERT INTO board_components (board_revision_id, reference_designator, component_type, value, part_number, notes) VALUES (200293, 'J_CHG', 'Connector', NULL, NULL, 'Charge port connector');
INSERT INTO board_components (board_revision_id, reference_designator, component_type, value, part_number, notes) VALUES (200293, 'U_PMIC', 'PMIC', NULL, NULL, 'Main power management IC');
INSERT INTO board_components (board_revision_id, reference_designator, component_type, value, part_number, notes) VALUES (200293, 'U_CHG', 'Charging IC', NULL, NULL, 'USB charging IC');
INSERT INTO board_components (board_revision_id, reference_designator, component_type, value, part_number, notes) VALUES (200293, 'U_NAND', 'NAND Flash', NULL, NULL, 'Flash storage');
INSERT INTO board_test_points (board_revision_id, label, location_desc, expected_voltage, expected_resistance) VALUES (200293, 'VBAT', 'see boardview', '3.8V', NULL);
INSERT INTO board_test_points (board_revision_id, label, location_desc, expected_voltage, expected_resistance) VALUES (200293, 'VBUS_5V', 'see boardview', '5.0V', NULL);
INSERT INTO board_test_points (board_revision_id, label, location_desc, expected_voltage, expected_resistance) VALUES (200293, 'PP5V0', 'see boardview', '5.0V', NULL);
INSERT INTO board_test_points (board_revision_id, label, location_desc, expected_voltage, expected_resistance) VALUES (200293, 'PP1V8', 'see boardview', '1.8V', NULL);
INSERT INTO board_test_points (board_revision_id, label, location_desc, expected_voltage, expected_resistance) VALUES (200293, 'PP3V3', 'see boardview', '3.3V', NULL);
INSERT INTO board_nets (board_revision_id, net_name, test_point, expected_value, units) VALUES (200293, 'VBAT / PP_BATT_VCC', 'VBAT', '3.8', 'V');
INSERT INTO board_nets (board_revision_id, net_name, test_point, expected_value, units) VALUES (200293, 'VBUS', 'VBUS_5V', '5.0', 'V');
INSERT INTO board_nets (board_revision_id, net_name, test_point, expected_value, units) VALUES (200293, '5V0', 'PP5V0', '5.0', 'V');
INSERT INTO board_nets (board_revision_id, net_name, test_point, expected_value, units) VALUES (200293, '1V8', 'PP1V8', '1.8', 'V');
INSERT INTO board_nets (board_revision_id, net_name, test_point, expected_value, units) VALUES (200293, '3V3', 'PP3V3', '3.3', 'V');
INSERT INTO measurements (board_revision_id, kind, test_point, reference_designator, rail_name, power_state, expected_value, measured_value, units, notes, is_known_good) VALUES (200293, 'voltage', 'VBAT', NULL, 'VBAT / PP_BATT_VCC', 'off', '3.8', '3.8', 'V', 'Battery main rail (typically 3.0-4.35V with charge).', 1);
INSERT INTO measurements (board_revision_id, kind, test_point, reference_designator, rail_name, power_state, expected_value, measured_value, units, notes, is_known_good) VALUES (200293, 'voltage', 'VBUS_5V', NULL, 'VBUS', 'on', '5.0', '5.0', 'V', 'USB VBUS when charging.', 1);
INSERT INTO measurements (board_revision_id, kind, test_point, reference_designator, rail_name, power_state, expected_value, measured_value, units, notes, is_known_good) VALUES (200293, 'voltage', 'PP5V0', NULL, '5V0', 'on', '5.0', '5.0', 'V', '5V rail (typical).', 1);
INSERT INTO measurements (board_revision_id, kind, test_point, reference_designator, rail_name, power_state, expected_value, measured_value, units, notes, is_known_good) VALUES (200293, 'voltage', 'PP1V8', NULL, '1V8', 'on', '1.8', '1.8', 'V', '1.8V housekeeping rail (typical).', 1);
INSERT INTO measurements (board_revision_id, kind, test_point, reference_designator, rail_name, power_state, expected_value, measured_value, units, notes, is_known_good) VALUES (200293, 'voltage', 'PP3V3', NULL, '3V3', 'on', '3.3', '3.3', 'V', '3.3V rail (typical).', 1);
INSERT INTO board_revisions (id, device_model, revision, layer_count, primary_soc, pmic, notes) VALUES (200294, 'Microsoft Surface Go 2', 'Logic Board', NULL, NULL, 'U_PMIC', 'Microsoft Surface Go 2 main logic board. Component set and rails are family-typical reference values; confirm exact values against the boardview/schematic for this unit.');
INSERT INTO board_components (board_revision_id, reference_designator, component_type, value, part_number, notes) VALUES (200294, 'J_LCD', 'Connector', NULL, NULL, 'LCD FPC connector');
INSERT INTO board_components (board_revision_id, reference_designator, component_type, value, part_number, notes) VALUES (200294, 'J_DIG', 'Connector', NULL, NULL, 'Digitizer FPC connector');
INSERT INTO board_components (board_revision_id, reference_designator, component_type, value, part_number, notes) VALUES (200294, 'J_BATT', 'Connector', NULL, NULL, 'Battery FPC connector');
INSERT INTO board_components (board_revision_id, reference_designator, component_type, value, part_number, notes) VALUES (200294, 'J_CHG', 'Connector', NULL, NULL, 'Charge port connector');
INSERT INTO board_components (board_revision_id, reference_designator, component_type, value, part_number, notes) VALUES (200294, 'U_PMIC', 'PMIC', NULL, NULL, 'Main power management IC');
INSERT INTO board_components (board_revision_id, reference_designator, component_type, value, part_number, notes) VALUES (200294, 'U_CHG', 'Charging IC', NULL, NULL, 'USB charging IC');
INSERT INTO board_components (board_revision_id, reference_designator, component_type, value, part_number, notes) VALUES (200294, 'U_NAND', 'NAND Flash', NULL, NULL, 'Flash storage');
INSERT INTO board_test_points (board_revision_id, label, location_desc, expected_voltage, expected_resistance) VALUES (200294, 'VBAT', 'see boardview', '3.8V', NULL);
INSERT INTO board_test_points (board_revision_id, label, location_desc, expected_voltage, expected_resistance) VALUES (200294, 'VBUS_5V', 'see boardview', '5.0V', NULL);
INSERT INTO board_test_points (board_revision_id, label, location_desc, expected_voltage, expected_resistance) VALUES (200294, 'PP5V0', 'see boardview', '5.0V', NULL);
INSERT INTO board_test_points (board_revision_id, label, location_desc, expected_voltage, expected_resistance) VALUES (200294, 'PP1V8', 'see boardview', '1.8V', NULL);
INSERT INTO board_test_points (board_revision_id, label, location_desc, expected_voltage, expected_resistance) VALUES (200294, 'PP3V3', 'see boardview', '3.3V', NULL);
INSERT INTO board_nets (board_revision_id, net_name, test_point, expected_value, units) VALUES (200294, 'VBAT / PP_BATT_VCC', 'VBAT', '3.8', 'V');
INSERT INTO board_nets (board_revision_id, net_name, test_point, expected_value, units) VALUES (200294, 'VBUS', 'VBUS_5V', '5.0', 'V');
INSERT INTO board_nets (board_revision_id, net_name, test_point, expected_value, units) VALUES (200294, '5V0', 'PP5V0', '5.0', 'V');
INSERT INTO board_nets (board_revision_id, net_name, test_point, expected_value, units) VALUES (200294, '1V8', 'PP1V8', '1.8', 'V');
INSERT INTO board_nets (board_revision_id, net_name, test_point, expected_value, units) VALUES (200294, '3V3', 'PP3V3', '3.3', 'V');
INSERT INTO measurements (board_revision_id, kind, test_point, reference_designator, rail_name, power_state, expected_value, measured_value, units, notes, is_known_good) VALUES (200294, 'voltage', 'VBAT', NULL, 'VBAT / PP_BATT_VCC', 'off', '3.8', '3.8', 'V', 'Battery main rail (typically 3.0-4.35V with charge).', 1);
INSERT INTO measurements (board_revision_id, kind, test_point, reference_designator, rail_name, power_state, expected_value, measured_value, units, notes, is_known_good) VALUES (200294, 'voltage', 'VBUS_5V', NULL, 'VBUS', 'on', '5.0', '5.0', 'V', 'USB VBUS when charging.', 1);
INSERT INTO measurements (board_revision_id, kind, test_point, reference_designator, rail_name, power_state, expected_value, measured_value, units, notes, is_known_good) VALUES (200294, 'voltage', 'PP5V0', NULL, '5V0', 'on', '5.0', '5.0', 'V', '5V rail (typical).', 1);
INSERT INTO measurements (board_revision_id, kind, test_point, reference_designator, rail_name, power_state, expected_value, measured_value, units, notes, is_known_good) VALUES (200294, 'voltage', 'PP1V8', NULL, '1V8', 'on', '1.8', '1.8', 'V', '1.8V housekeeping rail (typical).', 1);
INSERT INTO measurements (board_revision_id, kind, test_point, reference_designator, rail_name, power_state, expected_value, measured_value, units, notes, is_known_good) VALUES (200294, 'voltage', 'PP3V3', NULL, '3V3', 'on', '3.3', '3.3', 'V', '3.3V rail (typical).', 1);