-- AUTO-GENERATED by scripts/seed-reference.mjs. Do not edit by hand.
-- Console board revisions (PlayStation, Xbox, Nintendo, Sega, and more).

INSERT INTO board_revisions (id, device_model, revision, layer_count, primary_soc, pmic, notes) VALUES (300000, 'Sony PlayStation (PS1)', 'Mainboard', NULL, NULL, 'U_PMIC', 'Sony PlayStation (PS1) board. Component set and rails are era-typical reference values; confirm exact values against the boardview/schematic for this revision.');
INSERT INTO board_components (board_revision_id, reference_designator, component_type, value, part_number, notes) VALUES (300000, 'U_CPU', 'CPU', NULL, NULL, 'Main processor');
INSERT INTO board_components (board_revision_id, reference_designator, component_type, value, part_number, notes) VALUES (300000, 'U_GPU', 'GPU', NULL, NULL, 'Graphics processor');
INSERT INTO board_components (board_revision_id, reference_designator, component_type, value, part_number, notes) VALUES (300000, 'U_RAM', 'RAM', NULL, NULL, 'System RAM');
INSERT INTO board_components (board_revision_id, reference_designator, component_type, value, part_number, notes) VALUES (300000, 'J_ODD', 'Connector', NULL, NULL, 'Optical drive ribbon connector');
INSERT INTO board_components (board_revision_id, reference_designator, component_type, value, part_number, notes) VALUES (300000, 'U_BIOS', 'BIOS ROM', NULL, NULL, 'BIOS / boot ROM');
INSERT INTO board_components (board_revision_id, reference_designator, component_type, value, part_number, notes) VALUES (300000, 'J_CTRL', 'Connector', NULL, NULL, 'Controller ports');
INSERT INTO board_components (board_revision_id, reference_designator, component_type, value, part_number, notes) VALUES (300000, 'U_AV', 'A/V Encoder', NULL, NULL, 'Video encoder / DAC');
INSERT INTO board_components (board_revision_id, reference_designator, component_type, value, part_number, notes) VALUES (300000, 'J_PSU', 'Connector', NULL, NULL, 'Power supply connector');
INSERT INTO board_test_points (board_revision_id, label, location_desc, expected_voltage, expected_resistance) VALUES (300000, '5V', 'see boardview', '5.0V', NULL);
INSERT INTO board_test_points (board_revision_id, label, location_desc, expected_voltage, expected_resistance) VALUES (300000, '3V3', 'see boardview', '3.3V', NULL);
INSERT INTO board_nets (board_revision_id, net_name, test_point, expected_value, units) VALUES (300000, '5V', '5V', '5.0', 'V');
INSERT INTO board_nets (board_revision_id, net_name, test_point, expected_value, units) VALUES (300000, '3V3', '3V3', '3.3', 'V');
INSERT INTO measurements (board_revision_id, kind, test_point, reference_designator, rail_name, power_state, expected_value, measured_value, units, notes, is_known_good) VALUES (300000, 'voltage', '5V', NULL, '5V', 'on', '5.0', '5.0', 'V', 'Regulated 5V logic supply.', 1);
INSERT INTO measurements (board_revision_id, kind, test_point, reference_designator, rail_name, power_state, expected_value, measured_value, units, notes, is_known_good) VALUES (300000, 'voltage', '3V3', NULL, '3V3', 'on', '3.3', '3.3', 'V', '3.3V rail (later boards).', 1);
INSERT INTO board_revisions (id, device_model, revision, layer_count, primary_soc, pmic, notes) VALUES (300001, 'Sony PlayStation 2', 'Mainboard', NULL, NULL, 'U_PMIC', 'Sony PlayStation 2 board. Component set and rails are era-typical reference values; confirm exact values against the boardview/schematic for this revision.');
INSERT INTO board_components (board_revision_id, reference_designator, component_type, value, part_number, notes) VALUES (300001, 'U_CPU', 'CPU', NULL, NULL, 'Main processor');
INSERT INTO board_components (board_revision_id, reference_designator, component_type, value, part_number, notes) VALUES (300001, 'U_GPU', 'GPU', NULL, NULL, 'Graphics processor');
INSERT INTO board_components (board_revision_id, reference_designator, component_type, value, part_number, notes) VALUES (300001, 'U_RAM', 'RAM', NULL, NULL, 'System RAM');
INSERT INTO board_components (board_revision_id, reference_designator, component_type, value, part_number, notes) VALUES (300001, 'J_ODD', 'Connector', NULL, NULL, 'Optical drive ribbon connector');
INSERT INTO board_components (board_revision_id, reference_designator, component_type, value, part_number, notes) VALUES (300001, 'U_BIOS', 'BIOS ROM', NULL, NULL, 'BIOS / boot ROM');
INSERT INTO board_components (board_revision_id, reference_designator, component_type, value, part_number, notes) VALUES (300001, 'J_CTRL', 'Connector', NULL, NULL, 'Controller ports');
INSERT INTO board_components (board_revision_id, reference_designator, component_type, value, part_number, notes) VALUES (300001, 'U_AV', 'A/V Encoder', NULL, NULL, 'Video encoder / DAC');
INSERT INTO board_components (board_revision_id, reference_designator, component_type, value, part_number, notes) VALUES (300001, 'J_PSU', 'Connector', NULL, NULL, 'Power supply connector');
INSERT INTO board_test_points (board_revision_id, label, location_desc, expected_voltage, expected_resistance) VALUES (300001, '5V', 'see boardview', '5.0V', NULL);
INSERT INTO board_test_points (board_revision_id, label, location_desc, expected_voltage, expected_resistance) VALUES (300001, '3V3', 'see boardview', '3.3V', NULL);
INSERT INTO board_nets (board_revision_id, net_name, test_point, expected_value, units) VALUES (300001, '5V', '5V', '5.0', 'V');
INSERT INTO board_nets (board_revision_id, net_name, test_point, expected_value, units) VALUES (300001, '3V3', '3V3', '3.3', 'V');
INSERT INTO measurements (board_revision_id, kind, test_point, reference_designator, rail_name, power_state, expected_value, measured_value, units, notes, is_known_good) VALUES (300001, 'voltage', '5V', NULL, '5V', 'on', '5.0', '5.0', 'V', 'Regulated 5V logic supply.', 1);
INSERT INTO measurements (board_revision_id, kind, test_point, reference_designator, rail_name, power_state, expected_value, measured_value, units, notes, is_known_good) VALUES (300001, 'voltage', '3V3', NULL, '3V3', 'on', '3.3', '3.3', 'V', '3.3V rail (later boards).', 1);
INSERT INTO board_revisions (id, device_model, revision, layer_count, primary_soc, pmic, notes) VALUES (300002, 'Sony PlayStation 2 Slim', 'Mainboard', NULL, NULL, 'U_PMIC', 'Sony PlayStation 2 Slim board. Component set and rails are era-typical reference values; confirm exact values against the boardview/schematic for this revision.');
INSERT INTO board_components (board_revision_id, reference_designator, component_type, value, part_number, notes) VALUES (300002, 'U_CPU', 'CPU', NULL, NULL, 'Main processor');
INSERT INTO board_components (board_revision_id, reference_designator, component_type, value, part_number, notes) VALUES (300002, 'U_GPU', 'GPU', NULL, NULL, 'Graphics processor');
INSERT INTO board_components (board_revision_id, reference_designator, component_type, value, part_number, notes) VALUES (300002, 'U_RAM', 'RAM', NULL, NULL, 'System RAM');
INSERT INTO board_components (board_revision_id, reference_designator, component_type, value, part_number, notes) VALUES (300002, 'J_ODD', 'Connector', NULL, NULL, 'Optical drive ribbon connector');
INSERT INTO board_components (board_revision_id, reference_designator, component_type, value, part_number, notes) VALUES (300002, 'U_BIOS', 'BIOS ROM', NULL, NULL, 'BIOS / boot ROM');
INSERT INTO board_components (board_revision_id, reference_designator, component_type, value, part_number, notes) VALUES (300002, 'J_CTRL', 'Connector', NULL, NULL, 'Controller ports');
INSERT INTO board_components (board_revision_id, reference_designator, component_type, value, part_number, notes) VALUES (300002, 'U_AV', 'A/V Encoder', NULL, NULL, 'Video encoder / DAC');
INSERT INTO board_components (board_revision_id, reference_designator, component_type, value, part_number, notes) VALUES (300002, 'J_PSU', 'Connector', NULL, NULL, 'Power supply connector');
INSERT INTO board_test_points (board_revision_id, label, location_desc, expected_voltage, expected_resistance) VALUES (300002, '5V', 'see boardview', '5.0V', NULL);
INSERT INTO board_test_points (board_revision_id, label, location_desc, expected_voltage, expected_resistance) VALUES (300002, '3V3', 'see boardview', '3.3V', NULL);
INSERT INTO board_nets (board_revision_id, net_name, test_point, expected_value, units) VALUES (300002, '5V', '5V', '5.0', 'V');
INSERT INTO board_nets (board_revision_id, net_name, test_point, expected_value, units) VALUES (300002, '3V3', '3V3', '3.3', 'V');
INSERT INTO measurements (board_revision_id, kind, test_point, reference_designator, rail_name, power_state, expected_value, measured_value, units, notes, is_known_good) VALUES (300002, 'voltage', '5V', NULL, '5V', 'on', '5.0', '5.0', 'V', 'Regulated 5V logic supply.', 1);
INSERT INTO measurements (board_revision_id, kind, test_point, reference_designator, rail_name, power_state, expected_value, measured_value, units, notes, is_known_good) VALUES (300002, 'voltage', '3V3', NULL, '3V3', 'on', '3.3', '3.3', 'V', '3.3V rail (later boards).', 1);
INSERT INTO board_revisions (id, device_model, revision, layer_count, primary_soc, pmic, notes) VALUES (300003, 'Sony PlayStation 3', 'Mainboard', NULL, NULL, 'U_PMIC', 'Sony PlayStation 3 board. Component set and rails are era-typical reference values; confirm exact values against the boardview/schematic for this revision.');
INSERT INTO board_components (board_revision_id, reference_designator, component_type, value, part_number, notes) VALUES (300003, 'U_APU', 'APU / CPU', NULL, NULL, 'Main APU or CPU+GPU');
INSERT INTO board_components (board_revision_id, reference_designator, component_type, value, part_number, notes) VALUES (300003, 'U_SB', 'Southbridge', NULL, NULL, 'I/O southbridge');
INSERT INTO board_components (board_revision_id, reference_designator, component_type, value, part_number, notes) VALUES (300003, 'U_RAM', 'RAM', NULL, NULL, 'GDDR / system memory');
INSERT INTO board_components (board_revision_id, reference_designator, component_type, value, part_number, notes) VALUES (300003, 'U_HDMI', 'HDMI IC', NULL, NULL, 'HDMI encoder / retimer');
INSERT INTO board_components (board_revision_id, reference_designator, component_type, value, part_number, notes) VALUES (300003, 'U_NAND', 'NAND Flash', NULL, NULL, 'Onboard flash');
INSERT INTO board_components (board_revision_id, reference_designator, component_type, value, part_number, notes) VALUES (300003, 'U_PMIC', 'PMIC', NULL, NULL, 'Power management IC');
INSERT INTO board_components (board_revision_id, reference_designator, component_type, value, part_number, notes) VALUES (300003, 'J_ODD', 'Connector', NULL, NULL, 'Optical drive connector');
INSERT INTO board_components (board_revision_id, reference_designator, component_type, value, part_number, notes) VALUES (300003, 'J_HDMI', 'Connector', NULL, NULL, 'HDMI port');
INSERT INTO board_components (board_revision_id, reference_designator, component_type, value, part_number, notes) VALUES (300003, 'J_FAN', 'Connector', NULL, NULL, 'Cooling fan connector');
INSERT INTO board_test_points (board_revision_id, label, location_desc, expected_voltage, expected_resistance) VALUES (300003, 'STBY_5V', 'see boardview', '5.0V', NULL);
INSERT INTO board_test_points (board_revision_id, label, location_desc, expected_voltage, expected_resistance) VALUES (300003, '3V3', 'see boardview', '3.3V', NULL);
INSERT INTO board_test_points (board_revision_id, label, location_desc, expected_voltage, expected_resistance) VALUES (300003, '12V', 'see boardview', '12.0V', NULL);
INSERT INTO board_nets (board_revision_id, net_name, test_point, expected_value, units) VALUES (300003, 'STBY_5V', 'STBY_5V', '5.0', 'V');
INSERT INTO board_nets (board_revision_id, net_name, test_point, expected_value, units) VALUES (300003, '3V3', '3V3', '3.3', 'V');
INSERT INTO board_nets (board_revision_id, net_name, test_point, expected_value, units) VALUES (300003, '12V', '12V', '12.0', 'V');
INSERT INTO measurements (board_revision_id, kind, test_point, reference_designator, rail_name, power_state, expected_value, measured_value, units, notes, is_known_good) VALUES (300003, 'voltage', 'STBY_5V', NULL, 'STBY_5V', 'standby', '5.0', '5.0', 'V', 'Standby supply present when plugged in.', 1);
INSERT INTO measurements (board_revision_id, kind, test_point, reference_designator, rail_name, power_state, expected_value, measured_value, units, notes, is_known_good) VALUES (300003, 'voltage', '3V3', NULL, '3V3', 'standby', '3.3', '3.3', 'V', 'Housekeeping 3.3V.', 1);
INSERT INTO measurements (board_revision_id, kind, test_point, reference_designator, rail_name, power_state, expected_value, measured_value, units, notes, is_known_good) VALUES (300003, 'voltage', '12V', NULL, '12V', 'on', '12.0', '12.0', 'V', 'Main 12V rail from PSU (where applicable).', 1);
INSERT INTO board_revisions (id, device_model, revision, layer_count, primary_soc, pmic, notes) VALUES (300004, 'Sony PlayStation 3 Slim', 'Mainboard', NULL, NULL, 'U_PMIC', 'Sony PlayStation 3 Slim board. Component set and rails are era-typical reference values; confirm exact values against the boardview/schematic for this revision.');
INSERT INTO board_components (board_revision_id, reference_designator, component_type, value, part_number, notes) VALUES (300004, 'U_APU', 'APU / CPU', NULL, NULL, 'Main APU or CPU+GPU');
INSERT INTO board_components (board_revision_id, reference_designator, component_type, value, part_number, notes) VALUES (300004, 'U_SB', 'Southbridge', NULL, NULL, 'I/O southbridge');
INSERT INTO board_components (board_revision_id, reference_designator, component_type, value, part_number, notes) VALUES (300004, 'U_RAM', 'RAM', NULL, NULL, 'GDDR / system memory');
INSERT INTO board_components (board_revision_id, reference_designator, component_type, value, part_number, notes) VALUES (300004, 'U_HDMI', 'HDMI IC', NULL, NULL, 'HDMI encoder / retimer');
INSERT INTO board_components (board_revision_id, reference_designator, component_type, value, part_number, notes) VALUES (300004, 'U_NAND', 'NAND Flash', NULL, NULL, 'Onboard flash');
INSERT INTO board_components (board_revision_id, reference_designator, component_type, value, part_number, notes) VALUES (300004, 'U_PMIC', 'PMIC', NULL, NULL, 'Power management IC');
INSERT INTO board_components (board_revision_id, reference_designator, component_type, value, part_number, notes) VALUES (300004, 'J_ODD', 'Connector', NULL, NULL, 'Optical drive connector');
INSERT INTO board_components (board_revision_id, reference_designator, component_type, value, part_number, notes) VALUES (300004, 'J_HDMI', 'Connector', NULL, NULL, 'HDMI port');
INSERT INTO board_components (board_revision_id, reference_designator, component_type, value, part_number, notes) VALUES (300004, 'J_FAN', 'Connector', NULL, NULL, 'Cooling fan connector');
INSERT INTO board_test_points (board_revision_id, label, location_desc, expected_voltage, expected_resistance) VALUES (300004, 'STBY_5V', 'see boardview', '5.0V', NULL);
INSERT INTO board_test_points (board_revision_id, label, location_desc, expected_voltage, expected_resistance) VALUES (300004, '3V3', 'see boardview', '3.3V', NULL);
INSERT INTO board_test_points (board_revision_id, label, location_desc, expected_voltage, expected_resistance) VALUES (300004, '12V', 'see boardview', '12.0V', NULL);
INSERT INTO board_nets (board_revision_id, net_name, test_point, expected_value, units) VALUES (300004, 'STBY_5V', 'STBY_5V', '5.0', 'V');
INSERT INTO board_nets (board_revision_id, net_name, test_point, expected_value, units) VALUES (300004, '3V3', '3V3', '3.3', 'V');
INSERT INTO board_nets (board_revision_id, net_name, test_point, expected_value, units) VALUES (300004, '12V', '12V', '12.0', 'V');
INSERT INTO measurements (board_revision_id, kind, test_point, reference_designator, rail_name, power_state, expected_value, measured_value, units, notes, is_known_good) VALUES (300004, 'voltage', 'STBY_5V', NULL, 'STBY_5V', 'standby', '5.0', '5.0', 'V', 'Standby supply present when plugged in.', 1);
INSERT INTO measurements (board_revision_id, kind, test_point, reference_designator, rail_name, power_state, expected_value, measured_value, units, notes, is_known_good) VALUES (300004, 'voltage', '3V3', NULL, '3V3', 'standby', '3.3', '3.3', 'V', 'Housekeeping 3.3V.', 1);
INSERT INTO measurements (board_revision_id, kind, test_point, reference_designator, rail_name, power_state, expected_value, measured_value, units, notes, is_known_good) VALUES (300004, 'voltage', '12V', NULL, '12V', 'on', '12.0', '12.0', 'V', 'Main 12V rail from PSU (where applicable).', 1);
INSERT INTO board_revisions (id, device_model, revision, layer_count, primary_soc, pmic, notes) VALUES (300005, 'Sony PlayStation 3 Super Slim', 'Mainboard', NULL, NULL, 'U_PMIC', 'Sony PlayStation 3 Super Slim board. Component set and rails are era-typical reference values; confirm exact values against the boardview/schematic for this revision.');
INSERT INTO board_components (board_revision_id, reference_designator, component_type, value, part_number, notes) VALUES (300005, 'U_APU', 'APU / CPU', NULL, NULL, 'Main APU or CPU+GPU');
INSERT INTO board_components (board_revision_id, reference_designator, component_type, value, part_number, notes) VALUES (300005, 'U_SB', 'Southbridge', NULL, NULL, 'I/O southbridge');
INSERT INTO board_components (board_revision_id, reference_designator, component_type, value, part_number, notes) VALUES (300005, 'U_RAM', 'RAM', NULL, NULL, 'GDDR / system memory');
INSERT INTO board_components (board_revision_id, reference_designator, component_type, value, part_number, notes) VALUES (300005, 'U_HDMI', 'HDMI IC', NULL, NULL, 'HDMI encoder / retimer');
INSERT INTO board_components (board_revision_id, reference_designator, component_type, value, part_number, notes) VALUES (300005, 'U_NAND', 'NAND Flash', NULL, NULL, 'Onboard flash');
INSERT INTO board_components (board_revision_id, reference_designator, component_type, value, part_number, notes) VALUES (300005, 'U_PMIC', 'PMIC', NULL, NULL, 'Power management IC');
INSERT INTO board_components (board_revision_id, reference_designator, component_type, value, part_number, notes) VALUES (300005, 'J_ODD', 'Connector', NULL, NULL, 'Optical drive connector');
INSERT INTO board_components (board_revision_id, reference_designator, component_type, value, part_number, notes) VALUES (300005, 'J_HDMI', 'Connector', NULL, NULL, 'HDMI port');
INSERT INTO board_components (board_revision_id, reference_designator, component_type, value, part_number, notes) VALUES (300005, 'J_FAN', 'Connector', NULL, NULL, 'Cooling fan connector');
INSERT INTO board_test_points (board_revision_id, label, location_desc, expected_voltage, expected_resistance) VALUES (300005, 'STBY_5V', 'see boardview', '5.0V', NULL);
INSERT INTO board_test_points (board_revision_id, label, location_desc, expected_voltage, expected_resistance) VALUES (300005, '3V3', 'see boardview', '3.3V', NULL);
INSERT INTO board_test_points (board_revision_id, label, location_desc, expected_voltage, expected_resistance) VALUES (300005, '12V', 'see boardview', '12.0V', NULL);
INSERT INTO board_nets (board_revision_id, net_name, test_point, expected_value, units) VALUES (300005, 'STBY_5V', 'STBY_5V', '5.0', 'V');
INSERT INTO board_nets (board_revision_id, net_name, test_point, expected_value, units) VALUES (300005, '3V3', '3V3', '3.3', 'V');
INSERT INTO board_nets (board_revision_id, net_name, test_point, expected_value, units) VALUES (300005, '12V', '12V', '12.0', 'V');
INSERT INTO measurements (board_revision_id, kind, test_point, reference_designator, rail_name, power_state, expected_value, measured_value, units, notes, is_known_good) VALUES (300005, 'voltage', 'STBY_5V', NULL, 'STBY_5V', 'standby', '5.0', '5.0', 'V', 'Standby supply present when plugged in.', 1);
INSERT INTO measurements (board_revision_id, kind, test_point, reference_designator, rail_name, power_state, expected_value, measured_value, units, notes, is_known_good) VALUES (300005, 'voltage', '3V3', NULL, '3V3', 'standby', '3.3', '3.3', 'V', 'Housekeeping 3.3V.', 1);
INSERT INTO measurements (board_revision_id, kind, test_point, reference_designator, rail_name, power_state, expected_value, measured_value, units, notes, is_known_good) VALUES (300005, 'voltage', '12V', NULL, '12V', 'on', '12.0', '12.0', 'V', 'Main 12V rail from PSU (where applicable).', 1);
INSERT INTO board_revisions (id, device_model, revision, layer_count, primary_soc, pmic, notes) VALUES (300006, 'Sony PlayStation 4', 'Mainboard', NULL, NULL, 'U_PMIC', 'Sony PlayStation 4 board. Component set and rails are era-typical reference values; confirm exact values against the boardview/schematic for this revision.');
INSERT INTO board_components (board_revision_id, reference_designator, component_type, value, part_number, notes) VALUES (300006, 'U_APU', 'APU / CPU', NULL, NULL, 'Main APU or CPU+GPU');
INSERT INTO board_components (board_revision_id, reference_designator, component_type, value, part_number, notes) VALUES (300006, 'U_SB', 'Southbridge', NULL, NULL, 'I/O southbridge');
INSERT INTO board_components (board_revision_id, reference_designator, component_type, value, part_number, notes) VALUES (300006, 'U_RAM', 'RAM', NULL, NULL, 'GDDR / system memory');
INSERT INTO board_components (board_revision_id, reference_designator, component_type, value, part_number, notes) VALUES (300006, 'U_HDMI', 'HDMI IC', NULL, NULL, 'HDMI encoder / retimer');
INSERT INTO board_components (board_revision_id, reference_designator, component_type, value, part_number, notes) VALUES (300006, 'U_NAND', 'NAND Flash', NULL, NULL, 'Onboard flash');
INSERT INTO board_components (board_revision_id, reference_designator, component_type, value, part_number, notes) VALUES (300006, 'U_PMIC', 'PMIC', NULL, NULL, 'Power management IC');
INSERT INTO board_components (board_revision_id, reference_designator, component_type, value, part_number, notes) VALUES (300006, 'J_ODD', 'Connector', NULL, NULL, 'Optical drive connector');
INSERT INTO board_components (board_revision_id, reference_designator, component_type, value, part_number, notes) VALUES (300006, 'J_HDMI', 'Connector', NULL, NULL, 'HDMI port');
INSERT INTO board_components (board_revision_id, reference_designator, component_type, value, part_number, notes) VALUES (300006, 'J_FAN', 'Connector', NULL, NULL, 'Cooling fan connector');
INSERT INTO board_components (board_revision_id, reference_designator, component_type, value, part_number, notes) VALUES (300006, 'IC4001', 'HDMI IC', NULL, 'MN86471A', 'HDMI encoder (original PS4)');
INSERT INTO board_test_points (board_revision_id, label, location_desc, expected_voltage, expected_resistance) VALUES (300006, 'STBY_5V', 'see boardview', '5.0V', NULL);
INSERT INTO board_test_points (board_revision_id, label, location_desc, expected_voltage, expected_resistance) VALUES (300006, '3V3', 'see boardview', '3.3V', NULL);
INSERT INTO board_test_points (board_revision_id, label, location_desc, expected_voltage, expected_resistance) VALUES (300006, '12V', 'see boardview', '12.0V', NULL);
INSERT INTO board_nets (board_revision_id, net_name, test_point, expected_value, units) VALUES (300006, 'STBY_5V', 'STBY_5V', '5.0', 'V');
INSERT INTO board_nets (board_revision_id, net_name, test_point, expected_value, units) VALUES (300006, '3V3', '3V3', '3.3', 'V');
INSERT INTO board_nets (board_revision_id, net_name, test_point, expected_value, units) VALUES (300006, '12V', '12V', '12.0', 'V');
INSERT INTO measurements (board_revision_id, kind, test_point, reference_designator, rail_name, power_state, expected_value, measured_value, units, notes, is_known_good) VALUES (300006, 'voltage', 'STBY_5V', NULL, 'STBY_5V', 'standby', '5.0', '5.0', 'V', 'Standby supply present when plugged in.', 1);
INSERT INTO measurements (board_revision_id, kind, test_point, reference_designator, rail_name, power_state, expected_value, measured_value, units, notes, is_known_good) VALUES (300006, 'voltage', '3V3', NULL, '3V3', 'standby', '3.3', '3.3', 'V', 'Housekeeping 3.3V.', 1);
INSERT INTO measurements (board_revision_id, kind, test_point, reference_designator, rail_name, power_state, expected_value, measured_value, units, notes, is_known_good) VALUES (300006, 'voltage', '12V', NULL, '12V', 'on', '12.0', '12.0', 'V', 'Main 12V rail from PSU (where applicable).', 1);
INSERT INTO board_revisions (id, device_model, revision, layer_count, primary_soc, pmic, notes) VALUES (300007, 'Sony PlayStation 4 Slim', 'Mainboard', NULL, NULL, 'U_PMIC', 'Sony PlayStation 4 Slim board. Component set and rails are era-typical reference values; confirm exact values against the boardview/schematic for this revision.');
INSERT INTO board_components (board_revision_id, reference_designator, component_type, value, part_number, notes) VALUES (300007, 'U_APU', 'APU / CPU', NULL, NULL, 'Main APU or CPU+GPU');
INSERT INTO board_components (board_revision_id, reference_designator, component_type, value, part_number, notes) VALUES (300007, 'U_SB', 'Southbridge', NULL, NULL, 'I/O southbridge');
INSERT INTO board_components (board_revision_id, reference_designator, component_type, value, part_number, notes) VALUES (300007, 'U_RAM', 'RAM', NULL, NULL, 'GDDR / system memory');
INSERT INTO board_components (board_revision_id, reference_designator, component_type, value, part_number, notes) VALUES (300007, 'U_HDMI', 'HDMI IC', NULL, NULL, 'HDMI encoder / retimer');
INSERT INTO board_components (board_revision_id, reference_designator, component_type, value, part_number, notes) VALUES (300007, 'U_NAND', 'NAND Flash', NULL, NULL, 'Onboard flash');
INSERT INTO board_components (board_revision_id, reference_designator, component_type, value, part_number, notes) VALUES (300007, 'U_PMIC', 'PMIC', NULL, NULL, 'Power management IC');
INSERT INTO board_components (board_revision_id, reference_designator, component_type, value, part_number, notes) VALUES (300007, 'J_ODD', 'Connector', NULL, NULL, 'Optical drive connector');
INSERT INTO board_components (board_revision_id, reference_designator, component_type, value, part_number, notes) VALUES (300007, 'J_HDMI', 'Connector', NULL, NULL, 'HDMI port');
INSERT INTO board_components (board_revision_id, reference_designator, component_type, value, part_number, notes) VALUES (300007, 'J_FAN', 'Connector', NULL, NULL, 'Cooling fan connector');
INSERT INTO board_components (board_revision_id, reference_designator, component_type, value, part_number, notes) VALUES (300007, 'IC4001', 'HDMI IC', NULL, 'MN864729', 'HDMI encoder');
INSERT INTO board_test_points (board_revision_id, label, location_desc, expected_voltage, expected_resistance) VALUES (300007, 'STBY_5V', 'see boardview', '5.0V', NULL);
INSERT INTO board_test_points (board_revision_id, label, location_desc, expected_voltage, expected_resistance) VALUES (300007, '3V3', 'see boardview', '3.3V', NULL);
INSERT INTO board_test_points (board_revision_id, label, location_desc, expected_voltage, expected_resistance) VALUES (300007, '12V', 'see boardview', '12.0V', NULL);
INSERT INTO board_nets (board_revision_id, net_name, test_point, expected_value, units) VALUES (300007, 'STBY_5V', 'STBY_5V', '5.0', 'V');
INSERT INTO board_nets (board_revision_id, net_name, test_point, expected_value, units) VALUES (300007, '3V3', '3V3', '3.3', 'V');
INSERT INTO board_nets (board_revision_id, net_name, test_point, expected_value, units) VALUES (300007, '12V', '12V', '12.0', 'V');
INSERT INTO measurements (board_revision_id, kind, test_point, reference_designator, rail_name, power_state, expected_value, measured_value, units, notes, is_known_good) VALUES (300007, 'voltage', 'STBY_5V', NULL, 'STBY_5V', 'standby', '5.0', '5.0', 'V', 'Standby supply present when plugged in.', 1);
INSERT INTO measurements (board_revision_id, kind, test_point, reference_designator, rail_name, power_state, expected_value, measured_value, units, notes, is_known_good) VALUES (300007, 'voltage', '3V3', NULL, '3V3', 'standby', '3.3', '3.3', 'V', 'Housekeeping 3.3V.', 1);
INSERT INTO measurements (board_revision_id, kind, test_point, reference_designator, rail_name, power_state, expected_value, measured_value, units, notes, is_known_good) VALUES (300007, 'voltage', '12V', NULL, '12V', 'on', '12.0', '12.0', 'V', 'Main 12V rail from PSU (where applicable).', 1);
INSERT INTO board_revisions (id, device_model, revision, layer_count, primary_soc, pmic, notes) VALUES (300008, 'Sony PlayStation 4 Pro', 'Mainboard', NULL, NULL, 'U_PMIC', 'Sony PlayStation 4 Pro board. Component set and rails are era-typical reference values; confirm exact values against the boardview/schematic for this revision.');
INSERT INTO board_components (board_revision_id, reference_designator, component_type, value, part_number, notes) VALUES (300008, 'U_APU', 'APU / CPU', NULL, NULL, 'Main APU or CPU+GPU');
INSERT INTO board_components (board_revision_id, reference_designator, component_type, value, part_number, notes) VALUES (300008, 'U_SB', 'Southbridge', NULL, NULL, 'I/O southbridge');
INSERT INTO board_components (board_revision_id, reference_designator, component_type, value, part_number, notes) VALUES (300008, 'U_RAM', 'RAM', NULL, NULL, 'GDDR / system memory');
INSERT INTO board_components (board_revision_id, reference_designator, component_type, value, part_number, notes) VALUES (300008, 'U_HDMI', 'HDMI IC', NULL, NULL, 'HDMI encoder / retimer');
INSERT INTO board_components (board_revision_id, reference_designator, component_type, value, part_number, notes) VALUES (300008, 'U_NAND', 'NAND Flash', NULL, NULL, 'Onboard flash');
INSERT INTO board_components (board_revision_id, reference_designator, component_type, value, part_number, notes) VALUES (300008, 'U_PMIC', 'PMIC', NULL, NULL, 'Power management IC');
INSERT INTO board_components (board_revision_id, reference_designator, component_type, value, part_number, notes) VALUES (300008, 'J_ODD', 'Connector', NULL, NULL, 'Optical drive connector');
INSERT INTO board_components (board_revision_id, reference_designator, component_type, value, part_number, notes) VALUES (300008, 'J_HDMI', 'Connector', NULL, NULL, 'HDMI port');
INSERT INTO board_components (board_revision_id, reference_designator, component_type, value, part_number, notes) VALUES (300008, 'J_FAN', 'Connector', NULL, NULL, 'Cooling fan connector');
INSERT INTO board_components (board_revision_id, reference_designator, component_type, value, part_number, notes) VALUES (300008, 'IC4001', 'HDMI IC', NULL, 'MN864729', 'HDMI encoder');
INSERT INTO board_test_points (board_revision_id, label, location_desc, expected_voltage, expected_resistance) VALUES (300008, 'STBY_5V', 'see boardview', '5.0V', NULL);
INSERT INTO board_test_points (board_revision_id, label, location_desc, expected_voltage, expected_resistance) VALUES (300008, '3V3', 'see boardview', '3.3V', NULL);
INSERT INTO board_test_points (board_revision_id, label, location_desc, expected_voltage, expected_resistance) VALUES (300008, '12V', 'see boardview', '12.0V', NULL);
INSERT INTO board_nets (board_revision_id, net_name, test_point, expected_value, units) VALUES (300008, 'STBY_5V', 'STBY_5V', '5.0', 'V');
INSERT INTO board_nets (board_revision_id, net_name, test_point, expected_value, units) VALUES (300008, '3V3', '3V3', '3.3', 'V');
INSERT INTO board_nets (board_revision_id, net_name, test_point, expected_value, units) VALUES (300008, '12V', '12V', '12.0', 'V');
INSERT INTO measurements (board_revision_id, kind, test_point, reference_designator, rail_name, power_state, expected_value, measured_value, units, notes, is_known_good) VALUES (300008, 'voltage', 'STBY_5V', NULL, 'STBY_5V', 'standby', '5.0', '5.0', 'V', 'Standby supply present when plugged in.', 1);
INSERT INTO measurements (board_revision_id, kind, test_point, reference_designator, rail_name, power_state, expected_value, measured_value, units, notes, is_known_good) VALUES (300008, 'voltage', '3V3', NULL, '3V3', 'standby', '3.3', '3.3', 'V', 'Housekeeping 3.3V.', 1);
INSERT INTO measurements (board_revision_id, kind, test_point, reference_designator, rail_name, power_state, expected_value, measured_value, units, notes, is_known_good) VALUES (300008, 'voltage', '12V', NULL, '12V', 'on', '12.0', '12.0', 'V', 'Main 12V rail from PSU (where applicable).', 1);
INSERT INTO board_revisions (id, device_model, revision, layer_count, primary_soc, pmic, notes) VALUES (300009, 'Sony PlayStation 5', 'Mainboard', NULL, NULL, 'U_PMIC', 'Sony PlayStation 5 board. Component set and rails are era-typical reference values; confirm exact values against the boardview/schematic for this revision.');
INSERT INTO board_components (board_revision_id, reference_designator, component_type, value, part_number, notes) VALUES (300009, 'U_APU', 'APU', NULL, NULL, 'Main APU');
INSERT INTO board_components (board_revision_id, reference_designator, component_type, value, part_number, notes) VALUES (300009, 'U_HDMI', 'HDMI IC', NULL, NULL, 'HDMI retimer / redriver');
INSERT INTO board_components (board_revision_id, reference_designator, component_type, value, part_number, notes) VALUES (300009, 'U_NAND', 'Storage', NULL, NULL, 'NAND / SSD');
INSERT INTO board_components (board_revision_id, reference_designator, component_type, value, part_number, notes) VALUES (300009, 'U_PMIC', 'PMIC', NULL, NULL, 'Power management IC');
INSERT INTO board_components (board_revision_id, reference_designator, component_type, value, part_number, notes) VALUES (300009, 'J_HDMI', 'Connector', NULL, NULL, 'HDMI port');
INSERT INTO board_components (board_revision_id, reference_designator, component_type, value, part_number, notes) VALUES (300009, 'J_FAN', 'Connector', NULL, NULL, 'Cooling fan connector');
INSERT INTO board_components (board_revision_id, reference_designator, component_type, value, part_number, notes) VALUES (300009, 'J_PSU', 'Connector', NULL, NULL, 'Power supply connector');
INSERT INTO board_components (board_revision_id, reference_designator, component_type, value, part_number, notes) VALUES (300009, 'U_RT', 'HDMI Retimer', NULL, NULL, 'HDMI retimer IC (common no-video)');
INSERT INTO board_test_points (board_revision_id, label, location_desc, expected_voltage, expected_resistance) VALUES (300009, 'STBY_5V', 'see boardview', '5.0V', NULL);
INSERT INTO board_test_points (board_revision_id, label, location_desc, expected_voltage, expected_resistance) VALUES (300009, '3V3', 'see boardview', '3.3V', NULL);
INSERT INTO board_test_points (board_revision_id, label, location_desc, expected_voltage, expected_resistance) VALUES (300009, '12V', 'see boardview', '12.0V', NULL);
INSERT INTO board_nets (board_revision_id, net_name, test_point, expected_value, units) VALUES (300009, 'STBY_5V', 'STBY_5V', '5.0', 'V');
INSERT INTO board_nets (board_revision_id, net_name, test_point, expected_value, units) VALUES (300009, '3V3', '3V3', '3.3', 'V');
INSERT INTO board_nets (board_revision_id, net_name, test_point, expected_value, units) VALUES (300009, '12V', '12V', '12.0', 'V');
INSERT INTO measurements (board_revision_id, kind, test_point, reference_designator, rail_name, power_state, expected_value, measured_value, units, notes, is_known_good) VALUES (300009, 'voltage', 'STBY_5V', NULL, 'STBY_5V', 'standby', '5.0', '5.0', 'V', 'Standby supply present when plugged in.', 1);
INSERT INTO measurements (board_revision_id, kind, test_point, reference_designator, rail_name, power_state, expected_value, measured_value, units, notes, is_known_good) VALUES (300009, 'voltage', '3V3', NULL, '3V3', 'standby', '3.3', '3.3', 'V', 'Housekeeping 3.3V.', 1);
INSERT INTO measurements (board_revision_id, kind, test_point, reference_designator, rail_name, power_state, expected_value, measured_value, units, notes, is_known_good) VALUES (300009, 'voltage', '12V', NULL, '12V', 'on', '12.0', '12.0', 'V', 'Main 12V rail from PSU (where applicable).', 1);
INSERT INTO board_revisions (id, device_model, revision, layer_count, primary_soc, pmic, notes) VALUES (300010, 'Sony PlayStation 5 Slim', 'Mainboard', NULL, NULL, 'U_PMIC', 'Sony PlayStation 5 Slim board. Component set and rails are era-typical reference values; confirm exact values against the boardview/schematic for this revision.');
INSERT INTO board_components (board_revision_id, reference_designator, component_type, value, part_number, notes) VALUES (300010, 'U_APU', 'APU', NULL, NULL, 'Main APU');
INSERT INTO board_components (board_revision_id, reference_designator, component_type, value, part_number, notes) VALUES (300010, 'U_HDMI', 'HDMI IC', NULL, NULL, 'HDMI retimer / redriver');
INSERT INTO board_components (board_revision_id, reference_designator, component_type, value, part_number, notes) VALUES (300010, 'U_NAND', 'Storage', NULL, NULL, 'NAND / SSD');
INSERT INTO board_components (board_revision_id, reference_designator, component_type, value, part_number, notes) VALUES (300010, 'U_PMIC', 'PMIC', NULL, NULL, 'Power management IC');
INSERT INTO board_components (board_revision_id, reference_designator, component_type, value, part_number, notes) VALUES (300010, 'J_HDMI', 'Connector', NULL, NULL, 'HDMI port');
INSERT INTO board_components (board_revision_id, reference_designator, component_type, value, part_number, notes) VALUES (300010, 'J_FAN', 'Connector', NULL, NULL, 'Cooling fan connector');
INSERT INTO board_components (board_revision_id, reference_designator, component_type, value, part_number, notes) VALUES (300010, 'J_PSU', 'Connector', NULL, NULL, 'Power supply connector');
INSERT INTO board_components (board_revision_id, reference_designator, component_type, value, part_number, notes) VALUES (300010, 'U_RT', 'HDMI Retimer', NULL, NULL, 'HDMI retimer IC (common no-video)');
INSERT INTO board_test_points (board_revision_id, label, location_desc, expected_voltage, expected_resistance) VALUES (300010, 'STBY_5V', 'see boardview', '5.0V', NULL);
INSERT INTO board_test_points (board_revision_id, label, location_desc, expected_voltage, expected_resistance) VALUES (300010, '3V3', 'see boardview', '3.3V', NULL);
INSERT INTO board_test_points (board_revision_id, label, location_desc, expected_voltage, expected_resistance) VALUES (300010, '12V', 'see boardview', '12.0V', NULL);
INSERT INTO board_nets (board_revision_id, net_name, test_point, expected_value, units) VALUES (300010, 'STBY_5V', 'STBY_5V', '5.0', 'V');
INSERT INTO board_nets (board_revision_id, net_name, test_point, expected_value, units) VALUES (300010, '3V3', '3V3', '3.3', 'V');
INSERT INTO board_nets (board_revision_id, net_name, test_point, expected_value, units) VALUES (300010, '12V', '12V', '12.0', 'V');
INSERT INTO measurements (board_revision_id, kind, test_point, reference_designator, rail_name, power_state, expected_value, measured_value, units, notes, is_known_good) VALUES (300010, 'voltage', 'STBY_5V', NULL, 'STBY_5V', 'standby', '5.0', '5.0', 'V', 'Standby supply present when plugged in.', 1);
INSERT INTO measurements (board_revision_id, kind, test_point, reference_designator, rail_name, power_state, expected_value, measured_value, units, notes, is_known_good) VALUES (300010, 'voltage', '3V3', NULL, '3V3', 'standby', '3.3', '3.3', 'V', 'Housekeeping 3.3V.', 1);
INSERT INTO measurements (board_revision_id, kind, test_point, reference_designator, rail_name, power_state, expected_value, measured_value, units, notes, is_known_good) VALUES (300010, 'voltage', '12V', NULL, '12V', 'on', '12.0', '12.0', 'V', 'Main 12V rail from PSU (where applicable).', 1);
INSERT INTO board_revisions (id, device_model, revision, layer_count, primary_soc, pmic, notes) VALUES (300011, 'Sony PlayStation 5 Pro', 'Mainboard', NULL, NULL, 'U_PMIC', 'Sony PlayStation 5 Pro board. Component set and rails are era-typical reference values; confirm exact values against the boardview/schematic for this revision.');
INSERT INTO board_components (board_revision_id, reference_designator, component_type, value, part_number, notes) VALUES (300011, 'U_APU', 'APU', NULL, NULL, 'Main APU');
INSERT INTO board_components (board_revision_id, reference_designator, component_type, value, part_number, notes) VALUES (300011, 'U_HDMI', 'HDMI IC', NULL, NULL, 'HDMI retimer / redriver');
INSERT INTO board_components (board_revision_id, reference_designator, component_type, value, part_number, notes) VALUES (300011, 'U_NAND', 'Storage', NULL, NULL, 'NAND / SSD');
INSERT INTO board_components (board_revision_id, reference_designator, component_type, value, part_number, notes) VALUES (300011, 'U_PMIC', 'PMIC', NULL, NULL, 'Power management IC');
INSERT INTO board_components (board_revision_id, reference_designator, component_type, value, part_number, notes) VALUES (300011, 'J_HDMI', 'Connector', NULL, NULL, 'HDMI port');
INSERT INTO board_components (board_revision_id, reference_designator, component_type, value, part_number, notes) VALUES (300011, 'J_FAN', 'Connector', NULL, NULL, 'Cooling fan connector');
INSERT INTO board_components (board_revision_id, reference_designator, component_type, value, part_number, notes) VALUES (300011, 'J_PSU', 'Connector', NULL, NULL, 'Power supply connector');
INSERT INTO board_components (board_revision_id, reference_designator, component_type, value, part_number, notes) VALUES (300011, 'U_RT', 'HDMI Retimer', NULL, NULL, 'HDMI retimer IC (common no-video)');
INSERT INTO board_test_points (board_revision_id, label, location_desc, expected_voltage, expected_resistance) VALUES (300011, 'STBY_5V', 'see boardview', '5.0V', NULL);
INSERT INTO board_test_points (board_revision_id, label, location_desc, expected_voltage, expected_resistance) VALUES (300011, '3V3', 'see boardview', '3.3V', NULL);
INSERT INTO board_test_points (board_revision_id, label, location_desc, expected_voltage, expected_resistance) VALUES (300011, '12V', 'see boardview', '12.0V', NULL);
INSERT INTO board_nets (board_revision_id, net_name, test_point, expected_value, units) VALUES (300011, 'STBY_5V', 'STBY_5V', '5.0', 'V');
INSERT INTO board_nets (board_revision_id, net_name, test_point, expected_value, units) VALUES (300011, '3V3', '3V3', '3.3', 'V');
INSERT INTO board_nets (board_revision_id, net_name, test_point, expected_value, units) VALUES (300011, '12V', '12V', '12.0', 'V');
INSERT INTO measurements (board_revision_id, kind, test_point, reference_designator, rail_name, power_state, expected_value, measured_value, units, notes, is_known_good) VALUES (300011, 'voltage', 'STBY_5V', NULL, 'STBY_5V', 'standby', '5.0', '5.0', 'V', 'Standby supply present when plugged in.', 1);
INSERT INTO measurements (board_revision_id, kind, test_point, reference_designator, rail_name, power_state, expected_value, measured_value, units, notes, is_known_good) VALUES (300011, 'voltage', '3V3', NULL, '3V3', 'standby', '3.3', '3.3', 'V', 'Housekeeping 3.3V.', 1);
INSERT INTO measurements (board_revision_id, kind, test_point, reference_designator, rail_name, power_state, expected_value, measured_value, units, notes, is_known_good) VALUES (300011, 'voltage', '12V', NULL, '12V', 'on', '12.0', '12.0', 'V', 'Main 12V rail from PSU (where applicable).', 1);
INSERT INTO board_revisions (id, device_model, revision, layer_count, primary_soc, pmic, notes) VALUES (300012, 'Sony PSP-1000', 'Logic Board', NULL, NULL, 'U_PMIC', 'Sony PSP-1000 board. Component set and rails are era-typical reference values; confirm exact values against the boardview/schematic for this revision.');
INSERT INTO board_components (board_revision_id, reference_designator, component_type, value, part_number, notes) VALUES (300012, 'U_SOC', 'SoC', NULL, NULL, 'Main system-on-chip');
INSERT INTO board_components (board_revision_id, reference_designator, component_type, value, part_number, notes) VALUES (300012, 'J_LCD', 'Connector', NULL, NULL, 'LCD / display connector');
INSERT INTO board_components (board_revision_id, reference_designator, component_type, value, part_number, notes) VALUES (300012, 'J_BATT', 'Connector', NULL, NULL, 'Battery connector');
INSERT INTO board_components (board_revision_id, reference_designator, component_type, value, part_number, notes) VALUES (300012, 'U_CHG', 'Charging IC', NULL, NULL, 'Battery charging IC');
INSERT INTO board_components (board_revision_id, reference_designator, component_type, value, part_number, notes) VALUES (300012, 'J_BTN', 'Connector', NULL, NULL, 'Button / control flex');
INSERT INTO board_components (board_revision_id, reference_designator, component_type, value, part_number, notes) VALUES (300012, 'U_PMIC', 'PMIC', NULL, NULL, 'Power management IC');
INSERT INTO board_components (board_revision_id, reference_designator, component_type, value, part_number, notes) VALUES (300012, 'J_CART', 'Connector', NULL, NULL, 'Game card / cartridge connector');
INSERT INTO board_test_points (board_revision_id, label, location_desc, expected_voltage, expected_resistance) VALUES (300012, 'VBAT', 'see boardview', '3.7V', NULL);
INSERT INTO board_test_points (board_revision_id, label, location_desc, expected_voltage, expected_resistance) VALUES (300012, '3V3', 'see boardview', '3.3V', NULL);
INSERT INTO board_test_points (board_revision_id, label, location_desc, expected_voltage, expected_resistance) VALUES (300012, '1V8', 'see boardview', '1.8V', NULL);
INSERT INTO board_nets (board_revision_id, net_name, test_point, expected_value, units) VALUES (300012, 'VBAT', 'VBAT', '3.7', 'V');
INSERT INTO board_nets (board_revision_id, net_name, test_point, expected_value, units) VALUES (300012, '3V3', '3V3', '3.3', 'V');
INSERT INTO board_nets (board_revision_id, net_name, test_point, expected_value, units) VALUES (300012, '1V8', '1V8', '1.8', 'V');
INSERT INTO measurements (board_revision_id, kind, test_point, reference_designator, rail_name, power_state, expected_value, measured_value, units, notes, is_known_good) VALUES (300012, 'voltage', 'VBAT', NULL, 'VBAT', 'off', '3.7', '3.7', 'V', 'Battery rail (3.0-4.2V).', 1);
INSERT INTO measurements (board_revision_id, kind, test_point, reference_designator, rail_name, power_state, expected_value, measured_value, units, notes, is_known_good) VALUES (300012, 'voltage', '3V3', NULL, '3V3', 'on', '3.3', '3.3', 'V', '3.3V rail (typical).', 1);
INSERT INTO measurements (board_revision_id, kind, test_point, reference_designator, rail_name, power_state, expected_value, measured_value, units, notes, is_known_good) VALUES (300012, 'voltage', '1V8', NULL, '1V8', 'on', '1.8', '1.8', 'V', '1.8V rail (typical).', 1);
INSERT INTO board_revisions (id, device_model, revision, layer_count, primary_soc, pmic, notes) VALUES (300013, 'Sony PSP-2000', 'Logic Board', NULL, NULL, 'U_PMIC', 'Sony PSP-2000 board. Component set and rails are era-typical reference values; confirm exact values against the boardview/schematic for this revision.');
INSERT INTO board_components (board_revision_id, reference_designator, component_type, value, part_number, notes) VALUES (300013, 'U_SOC', 'SoC', NULL, NULL, 'Main system-on-chip');
INSERT INTO board_components (board_revision_id, reference_designator, component_type, value, part_number, notes) VALUES (300013, 'J_LCD', 'Connector', NULL, NULL, 'LCD / display connector');
INSERT INTO board_components (board_revision_id, reference_designator, component_type, value, part_number, notes) VALUES (300013, 'J_BATT', 'Connector', NULL, NULL, 'Battery connector');
INSERT INTO board_components (board_revision_id, reference_designator, component_type, value, part_number, notes) VALUES (300013, 'U_CHG', 'Charging IC', NULL, NULL, 'Battery charging IC');
INSERT INTO board_components (board_revision_id, reference_designator, component_type, value, part_number, notes) VALUES (300013, 'J_BTN', 'Connector', NULL, NULL, 'Button / control flex');
INSERT INTO board_components (board_revision_id, reference_designator, component_type, value, part_number, notes) VALUES (300013, 'U_PMIC', 'PMIC', NULL, NULL, 'Power management IC');
INSERT INTO board_components (board_revision_id, reference_designator, component_type, value, part_number, notes) VALUES (300013, 'J_CART', 'Connector', NULL, NULL, 'Game card / cartridge connector');
INSERT INTO board_test_points (board_revision_id, label, location_desc, expected_voltage, expected_resistance) VALUES (300013, 'VBAT', 'see boardview', '3.7V', NULL);
INSERT INTO board_test_points (board_revision_id, label, location_desc, expected_voltage, expected_resistance) VALUES (300013, '3V3', 'see boardview', '3.3V', NULL);
INSERT INTO board_test_points (board_revision_id, label, location_desc, expected_voltage, expected_resistance) VALUES (300013, '1V8', 'see boardview', '1.8V', NULL);
INSERT INTO board_nets (board_revision_id, net_name, test_point, expected_value, units) VALUES (300013, 'VBAT', 'VBAT', '3.7', 'V');
INSERT INTO board_nets (board_revision_id, net_name, test_point, expected_value, units) VALUES (300013, '3V3', '3V3', '3.3', 'V');
INSERT INTO board_nets (board_revision_id, net_name, test_point, expected_value, units) VALUES (300013, '1V8', '1V8', '1.8', 'V');
INSERT INTO measurements (board_revision_id, kind, test_point, reference_designator, rail_name, power_state, expected_value, measured_value, units, notes, is_known_good) VALUES (300013, 'voltage', 'VBAT', NULL, 'VBAT', 'off', '3.7', '3.7', 'V', 'Battery rail (3.0-4.2V).', 1);
INSERT INTO measurements (board_revision_id, kind, test_point, reference_designator, rail_name, power_state, expected_value, measured_value, units, notes, is_known_good) VALUES (300013, 'voltage', '3V3', NULL, '3V3', 'on', '3.3', '3.3', 'V', '3.3V rail (typical).', 1);
INSERT INTO measurements (board_revision_id, kind, test_point, reference_designator, rail_name, power_state, expected_value, measured_value, units, notes, is_known_good) VALUES (300013, 'voltage', '1V8', NULL, '1V8', 'on', '1.8', '1.8', 'V', '1.8V rail (typical).', 1);
INSERT INTO board_revisions (id, device_model, revision, layer_count, primary_soc, pmic, notes) VALUES (300014, 'Sony PSP-3000', 'Logic Board', NULL, NULL, 'U_PMIC', 'Sony PSP-3000 board. Component set and rails are era-typical reference values; confirm exact values against the boardview/schematic for this revision.');
INSERT INTO board_components (board_revision_id, reference_designator, component_type, value, part_number, notes) VALUES (300014, 'U_SOC', 'SoC', NULL, NULL, 'Main system-on-chip');
INSERT INTO board_components (board_revision_id, reference_designator, component_type, value, part_number, notes) VALUES (300014, 'J_LCD', 'Connector', NULL, NULL, 'LCD / display connector');
INSERT INTO board_components (board_revision_id, reference_designator, component_type, value, part_number, notes) VALUES (300014, 'J_BATT', 'Connector', NULL, NULL, 'Battery connector');
INSERT INTO board_components (board_revision_id, reference_designator, component_type, value, part_number, notes) VALUES (300014, 'U_CHG', 'Charging IC', NULL, NULL, 'Battery charging IC');
INSERT INTO board_components (board_revision_id, reference_designator, component_type, value, part_number, notes) VALUES (300014, 'J_BTN', 'Connector', NULL, NULL, 'Button / control flex');
INSERT INTO board_components (board_revision_id, reference_designator, component_type, value, part_number, notes) VALUES (300014, 'U_PMIC', 'PMIC', NULL, NULL, 'Power management IC');
INSERT INTO board_components (board_revision_id, reference_designator, component_type, value, part_number, notes) VALUES (300014, 'J_CART', 'Connector', NULL, NULL, 'Game card / cartridge connector');
INSERT INTO board_test_points (board_revision_id, label, location_desc, expected_voltage, expected_resistance) VALUES (300014, 'VBAT', 'see boardview', '3.7V', NULL);
INSERT INTO board_test_points (board_revision_id, label, location_desc, expected_voltage, expected_resistance) VALUES (300014, '3V3', 'see boardview', '3.3V', NULL);
INSERT INTO board_test_points (board_revision_id, label, location_desc, expected_voltage, expected_resistance) VALUES (300014, '1V8', 'see boardview', '1.8V', NULL);
INSERT INTO board_nets (board_revision_id, net_name, test_point, expected_value, units) VALUES (300014, 'VBAT', 'VBAT', '3.7', 'V');
INSERT INTO board_nets (board_revision_id, net_name, test_point, expected_value, units) VALUES (300014, '3V3', '3V3', '3.3', 'V');
INSERT INTO board_nets (board_revision_id, net_name, test_point, expected_value, units) VALUES (300014, '1V8', '1V8', '1.8', 'V');
INSERT INTO measurements (board_revision_id, kind, test_point, reference_designator, rail_name, power_state, expected_value, measured_value, units, notes, is_known_good) VALUES (300014, 'voltage', 'VBAT', NULL, 'VBAT', 'off', '3.7', '3.7', 'V', 'Battery rail (3.0-4.2V).', 1);
INSERT INTO measurements (board_revision_id, kind, test_point, reference_designator, rail_name, power_state, expected_value, measured_value, units, notes, is_known_good) VALUES (300014, 'voltage', '3V3', NULL, '3V3', 'on', '3.3', '3.3', 'V', '3.3V rail (typical).', 1);
INSERT INTO measurements (board_revision_id, kind, test_point, reference_designator, rail_name, power_state, expected_value, measured_value, units, notes, is_known_good) VALUES (300014, 'voltage', '1V8', NULL, '1V8', 'on', '1.8', '1.8', 'V', '1.8V rail (typical).', 1);
INSERT INTO board_revisions (id, device_model, revision, layer_count, primary_soc, pmic, notes) VALUES (300015, 'Sony PSP Go', 'Logic Board', NULL, NULL, 'U_PMIC', 'Sony PSP Go board. Component set and rails are era-typical reference values; confirm exact values against the boardview/schematic for this revision.');
INSERT INTO board_components (board_revision_id, reference_designator, component_type, value, part_number, notes) VALUES (300015, 'U_SOC', 'SoC', NULL, NULL, 'Main system-on-chip');
INSERT INTO board_components (board_revision_id, reference_designator, component_type, value, part_number, notes) VALUES (300015, 'J_LCD', 'Connector', NULL, NULL, 'LCD / display connector');
INSERT INTO board_components (board_revision_id, reference_designator, component_type, value, part_number, notes) VALUES (300015, 'J_BATT', 'Connector', NULL, NULL, 'Battery connector');
INSERT INTO board_components (board_revision_id, reference_designator, component_type, value, part_number, notes) VALUES (300015, 'U_CHG', 'Charging IC', NULL, NULL, 'Battery charging IC');
INSERT INTO board_components (board_revision_id, reference_designator, component_type, value, part_number, notes) VALUES (300015, 'J_BTN', 'Connector', NULL, NULL, 'Button / control flex');
INSERT INTO board_components (board_revision_id, reference_designator, component_type, value, part_number, notes) VALUES (300015, 'U_PMIC', 'PMIC', NULL, NULL, 'Power management IC');
INSERT INTO board_components (board_revision_id, reference_designator, component_type, value, part_number, notes) VALUES (300015, 'J_CART', 'Connector', NULL, NULL, 'Game card / cartridge connector');
INSERT INTO board_test_points (board_revision_id, label, location_desc, expected_voltage, expected_resistance) VALUES (300015, 'VBAT', 'see boardview', '3.7V', NULL);
INSERT INTO board_test_points (board_revision_id, label, location_desc, expected_voltage, expected_resistance) VALUES (300015, '3V3', 'see boardview', '3.3V', NULL);
INSERT INTO board_test_points (board_revision_id, label, location_desc, expected_voltage, expected_resistance) VALUES (300015, '1V8', 'see boardview', '1.8V', NULL);
INSERT INTO board_nets (board_revision_id, net_name, test_point, expected_value, units) VALUES (300015, 'VBAT', 'VBAT', '3.7', 'V');
INSERT INTO board_nets (board_revision_id, net_name, test_point, expected_value, units) VALUES (300015, '3V3', '3V3', '3.3', 'V');
INSERT INTO board_nets (board_revision_id, net_name, test_point, expected_value, units) VALUES (300015, '1V8', '1V8', '1.8', 'V');
INSERT INTO measurements (board_revision_id, kind, test_point, reference_designator, rail_name, power_state, expected_value, measured_value, units, notes, is_known_good) VALUES (300015, 'voltage', 'VBAT', NULL, 'VBAT', 'off', '3.7', '3.7', 'V', 'Battery rail (3.0-4.2V).', 1);
INSERT INTO measurements (board_revision_id, kind, test_point, reference_designator, rail_name, power_state, expected_value, measured_value, units, notes, is_known_good) VALUES (300015, 'voltage', '3V3', NULL, '3V3', 'on', '3.3', '3.3', 'V', '3.3V rail (typical).', 1);
INSERT INTO measurements (board_revision_id, kind, test_point, reference_designator, rail_name, power_state, expected_value, measured_value, units, notes, is_known_good) VALUES (300015, 'voltage', '1V8', NULL, '1V8', 'on', '1.8', '1.8', 'V', '1.8V rail (typical).', 1);
INSERT INTO board_revisions (id, device_model, revision, layer_count, primary_soc, pmic, notes) VALUES (300016, 'Sony PS Vita 1000', 'Logic Board', NULL, NULL, 'U_PMIC', 'Sony PS Vita 1000 board. Component set and rails are era-typical reference values; confirm exact values against the boardview/schematic for this revision.');
INSERT INTO board_components (board_revision_id, reference_designator, component_type, value, part_number, notes) VALUES (300016, 'U_SOC', 'SoC', NULL, NULL, 'Main system-on-chip');
INSERT INTO board_components (board_revision_id, reference_designator, component_type, value, part_number, notes) VALUES (300016, 'J_LCD', 'Connector', NULL, NULL, 'LCD / display connector');
INSERT INTO board_components (board_revision_id, reference_designator, component_type, value, part_number, notes) VALUES (300016, 'J_BATT', 'Connector', NULL, NULL, 'Battery connector');
INSERT INTO board_components (board_revision_id, reference_designator, component_type, value, part_number, notes) VALUES (300016, 'U_CHG', 'Charging IC', NULL, NULL, 'Battery charging IC');
INSERT INTO board_components (board_revision_id, reference_designator, component_type, value, part_number, notes) VALUES (300016, 'J_BTN', 'Connector', NULL, NULL, 'Button / control flex');
INSERT INTO board_components (board_revision_id, reference_designator, component_type, value, part_number, notes) VALUES (300016, 'U_PMIC', 'PMIC', NULL, NULL, 'Power management IC');
INSERT INTO board_components (board_revision_id, reference_designator, component_type, value, part_number, notes) VALUES (300016, 'J_CART', 'Connector', NULL, NULL, 'Game card / cartridge connector');
INSERT INTO board_test_points (board_revision_id, label, location_desc, expected_voltage, expected_resistance) VALUES (300016, 'VBAT', 'see boardview', '3.7V', NULL);
INSERT INTO board_test_points (board_revision_id, label, location_desc, expected_voltage, expected_resistance) VALUES (300016, '3V3', 'see boardview', '3.3V', NULL);
INSERT INTO board_test_points (board_revision_id, label, location_desc, expected_voltage, expected_resistance) VALUES (300016, '1V8', 'see boardview', '1.8V', NULL);
INSERT INTO board_nets (board_revision_id, net_name, test_point, expected_value, units) VALUES (300016, 'VBAT', 'VBAT', '3.7', 'V');
INSERT INTO board_nets (board_revision_id, net_name, test_point, expected_value, units) VALUES (300016, '3V3', '3V3', '3.3', 'V');
INSERT INTO board_nets (board_revision_id, net_name, test_point, expected_value, units) VALUES (300016, '1V8', '1V8', '1.8', 'V');
INSERT INTO measurements (board_revision_id, kind, test_point, reference_designator, rail_name, power_state, expected_value, measured_value, units, notes, is_known_good) VALUES (300016, 'voltage', 'VBAT', NULL, 'VBAT', 'off', '3.7', '3.7', 'V', 'Battery rail (3.0-4.2V).', 1);
INSERT INTO measurements (board_revision_id, kind, test_point, reference_designator, rail_name, power_state, expected_value, measured_value, units, notes, is_known_good) VALUES (300016, 'voltage', '3V3', NULL, '3V3', 'on', '3.3', '3.3', 'V', '3.3V rail (typical).', 1);
INSERT INTO measurements (board_revision_id, kind, test_point, reference_designator, rail_name, power_state, expected_value, measured_value, units, notes, is_known_good) VALUES (300016, 'voltage', '1V8', NULL, '1V8', 'on', '1.8', '1.8', 'V', '1.8V rail (typical).', 1);
INSERT INTO board_revisions (id, device_model, revision, layer_count, primary_soc, pmic, notes) VALUES (300017, 'Sony PS Vita 2000', 'Logic Board', NULL, NULL, 'U_PMIC', 'Sony PS Vita 2000 board. Component set and rails are era-typical reference values; confirm exact values against the boardview/schematic for this revision.');
INSERT INTO board_components (board_revision_id, reference_designator, component_type, value, part_number, notes) VALUES (300017, 'U_SOC', 'SoC', NULL, NULL, 'Main system-on-chip');
INSERT INTO board_components (board_revision_id, reference_designator, component_type, value, part_number, notes) VALUES (300017, 'J_LCD', 'Connector', NULL, NULL, 'LCD / display connector');
INSERT INTO board_components (board_revision_id, reference_designator, component_type, value, part_number, notes) VALUES (300017, 'J_BATT', 'Connector', NULL, NULL, 'Battery connector');
INSERT INTO board_components (board_revision_id, reference_designator, component_type, value, part_number, notes) VALUES (300017, 'U_CHG', 'Charging IC', NULL, NULL, 'Battery charging IC');
INSERT INTO board_components (board_revision_id, reference_designator, component_type, value, part_number, notes) VALUES (300017, 'J_BTN', 'Connector', NULL, NULL, 'Button / control flex');
INSERT INTO board_components (board_revision_id, reference_designator, component_type, value, part_number, notes) VALUES (300017, 'U_PMIC', 'PMIC', NULL, NULL, 'Power management IC');
INSERT INTO board_components (board_revision_id, reference_designator, component_type, value, part_number, notes) VALUES (300017, 'J_CART', 'Connector', NULL, NULL, 'Game card / cartridge connector');
INSERT INTO board_test_points (board_revision_id, label, location_desc, expected_voltage, expected_resistance) VALUES (300017, 'VBAT', 'see boardview', '3.7V', NULL);
INSERT INTO board_test_points (board_revision_id, label, location_desc, expected_voltage, expected_resistance) VALUES (300017, '3V3', 'see boardview', '3.3V', NULL);
INSERT INTO board_test_points (board_revision_id, label, location_desc, expected_voltage, expected_resistance) VALUES (300017, '1V8', 'see boardview', '1.8V', NULL);
INSERT INTO board_nets (board_revision_id, net_name, test_point, expected_value, units) VALUES (300017, 'VBAT', 'VBAT', '3.7', 'V');
INSERT INTO board_nets (board_revision_id, net_name, test_point, expected_value, units) VALUES (300017, '3V3', '3V3', '3.3', 'V');
INSERT INTO board_nets (board_revision_id, net_name, test_point, expected_value, units) VALUES (300017, '1V8', '1V8', '1.8', 'V');
INSERT INTO measurements (board_revision_id, kind, test_point, reference_designator, rail_name, power_state, expected_value, measured_value, units, notes, is_known_good) VALUES (300017, 'voltage', 'VBAT', NULL, 'VBAT', 'off', '3.7', '3.7', 'V', 'Battery rail (3.0-4.2V).', 1);
INSERT INTO measurements (board_revision_id, kind, test_point, reference_designator, rail_name, power_state, expected_value, measured_value, units, notes, is_known_good) VALUES (300017, 'voltage', '3V3', NULL, '3V3', 'on', '3.3', '3.3', 'V', '3.3V rail (typical).', 1);
INSERT INTO measurements (board_revision_id, kind, test_point, reference_designator, rail_name, power_state, expected_value, measured_value, units, notes, is_known_good) VALUES (300017, 'voltage', '1V8', NULL, '1V8', 'on', '1.8', '1.8', 'V', '1.8V rail (typical).', 1);
INSERT INTO board_revisions (id, device_model, revision, layer_count, primary_soc, pmic, notes) VALUES (300018, 'Microsoft Xbox (Original)', 'Mainboard', NULL, NULL, 'U_PMIC', 'Microsoft Xbox (Original) board. Component set and rails are era-typical reference values; confirm exact values against the boardview/schematic for this revision.');
INSERT INTO board_components (board_revision_id, reference_designator, component_type, value, part_number, notes) VALUES (300018, 'U_CPU', 'CPU', NULL, NULL, 'Main processor');
INSERT INTO board_components (board_revision_id, reference_designator, component_type, value, part_number, notes) VALUES (300018, 'U_GPU', 'GPU', NULL, NULL, 'Graphics processor');
INSERT INTO board_components (board_revision_id, reference_designator, component_type, value, part_number, notes) VALUES (300018, 'U_RAM', 'RAM', NULL, NULL, 'System RAM');
INSERT INTO board_components (board_revision_id, reference_designator, component_type, value, part_number, notes) VALUES (300018, 'J_ODD', 'Connector', NULL, NULL, 'Optical drive ribbon connector');
INSERT INTO board_components (board_revision_id, reference_designator, component_type, value, part_number, notes) VALUES (300018, 'U_BIOS', 'BIOS ROM', NULL, NULL, 'BIOS / boot ROM');
INSERT INTO board_components (board_revision_id, reference_designator, component_type, value, part_number, notes) VALUES (300018, 'J_CTRL', 'Connector', NULL, NULL, 'Controller ports');
INSERT INTO board_components (board_revision_id, reference_designator, component_type, value, part_number, notes) VALUES (300018, 'U_AV', 'A/V Encoder', NULL, NULL, 'Video encoder / DAC');
INSERT INTO board_components (board_revision_id, reference_designator, component_type, value, part_number, notes) VALUES (300018, 'J_PSU', 'Connector', NULL, NULL, 'Power supply connector');
INSERT INTO board_test_points (board_revision_id, label, location_desc, expected_voltage, expected_resistance) VALUES (300018, '5V', 'see boardview', '5.0V', NULL);
INSERT INTO board_test_points (board_revision_id, label, location_desc, expected_voltage, expected_resistance) VALUES (300018, '3V3', 'see boardview', '3.3V', NULL);
INSERT INTO board_nets (board_revision_id, net_name, test_point, expected_value, units) VALUES (300018, '5V', '5V', '5.0', 'V');
INSERT INTO board_nets (board_revision_id, net_name, test_point, expected_value, units) VALUES (300018, '3V3', '3V3', '3.3', 'V');
INSERT INTO measurements (board_revision_id, kind, test_point, reference_designator, rail_name, power_state, expected_value, measured_value, units, notes, is_known_good) VALUES (300018, 'voltage', '5V', NULL, '5V', 'on', '5.0', '5.0', 'V', 'Regulated 5V logic supply.', 1);
INSERT INTO measurements (board_revision_id, kind, test_point, reference_designator, rail_name, power_state, expected_value, measured_value, units, notes, is_known_good) VALUES (300018, 'voltage', '3V3', NULL, '3V3', 'on', '3.3', '3.3', 'V', '3.3V rail (later boards).', 1);
INSERT INTO board_revisions (id, device_model, revision, layer_count, primary_soc, pmic, notes) VALUES (300019, 'Microsoft Xbox 360', 'Mainboard', NULL, NULL, 'U_PMIC', 'Microsoft Xbox 360 board. Component set and rails are era-typical reference values; confirm exact values against the boardview/schematic for this revision.');
INSERT INTO board_components (board_revision_id, reference_designator, component_type, value, part_number, notes) VALUES (300019, 'U_APU', 'APU / CPU', NULL, NULL, 'Main APU or CPU+GPU');
INSERT INTO board_components (board_revision_id, reference_designator, component_type, value, part_number, notes) VALUES (300019, 'U_SB', 'Southbridge', NULL, NULL, 'I/O southbridge');
INSERT INTO board_components (board_revision_id, reference_designator, component_type, value, part_number, notes) VALUES (300019, 'U_RAM', 'RAM', NULL, NULL, 'GDDR / system memory');
INSERT INTO board_components (board_revision_id, reference_designator, component_type, value, part_number, notes) VALUES (300019, 'U_HDMI', 'HDMI IC', NULL, NULL, 'HDMI encoder / retimer');
INSERT INTO board_components (board_revision_id, reference_designator, component_type, value, part_number, notes) VALUES (300019, 'U_NAND', 'NAND Flash', NULL, NULL, 'Onboard flash');
INSERT INTO board_components (board_revision_id, reference_designator, component_type, value, part_number, notes) VALUES (300019, 'U_PMIC', 'PMIC', NULL, NULL, 'Power management IC');
INSERT INTO board_components (board_revision_id, reference_designator, component_type, value, part_number, notes) VALUES (300019, 'J_ODD', 'Connector', NULL, NULL, 'Optical drive connector');
INSERT INTO board_components (board_revision_id, reference_designator, component_type, value, part_number, notes) VALUES (300019, 'J_HDMI', 'Connector', NULL, NULL, 'HDMI port');
INSERT INTO board_components (board_revision_id, reference_designator, component_type, value, part_number, notes) VALUES (300019, 'J_FAN', 'Connector', NULL, NULL, 'Cooling fan connector');
INSERT INTO board_test_points (board_revision_id, label, location_desc, expected_voltage, expected_resistance) VALUES (300019, 'STBY_5V', 'see boardview', '5.0V', NULL);
INSERT INTO board_test_points (board_revision_id, label, location_desc, expected_voltage, expected_resistance) VALUES (300019, '3V3', 'see boardview', '3.3V', NULL);
INSERT INTO board_test_points (board_revision_id, label, location_desc, expected_voltage, expected_resistance) VALUES (300019, '12V', 'see boardview', '12.0V', NULL);
INSERT INTO board_nets (board_revision_id, net_name, test_point, expected_value, units) VALUES (300019, 'STBY_5V', 'STBY_5V', '5.0', 'V');
INSERT INTO board_nets (board_revision_id, net_name, test_point, expected_value, units) VALUES (300019, '3V3', '3V3', '3.3', 'V');
INSERT INTO board_nets (board_revision_id, net_name, test_point, expected_value, units) VALUES (300019, '12V', '12V', '12.0', 'V');
INSERT INTO measurements (board_revision_id, kind, test_point, reference_designator, rail_name, power_state, expected_value, measured_value, units, notes, is_known_good) VALUES (300019, 'voltage', 'STBY_5V', NULL, 'STBY_5V', 'standby', '5.0', '5.0', 'V', 'Standby supply present when plugged in.', 1);
INSERT INTO measurements (board_revision_id, kind, test_point, reference_designator, rail_name, power_state, expected_value, measured_value, units, notes, is_known_good) VALUES (300019, 'voltage', '3V3', NULL, '3V3', 'standby', '3.3', '3.3', 'V', 'Housekeeping 3.3V.', 1);
INSERT INTO measurements (board_revision_id, kind, test_point, reference_designator, rail_name, power_state, expected_value, measured_value, units, notes, is_known_good) VALUES (300019, 'voltage', '12V', NULL, '12V', 'on', '12.0', '12.0', 'V', 'Main 12V rail from PSU (where applicable).', 1);
INSERT INTO board_revisions (id, device_model, revision, layer_count, primary_soc, pmic, notes) VALUES (300020, 'Microsoft Xbox 360 S', 'Mainboard', NULL, NULL, 'U_PMIC', 'Microsoft Xbox 360 S board. Component set and rails are era-typical reference values; confirm exact values against the boardview/schematic for this revision.');
INSERT INTO board_components (board_revision_id, reference_designator, component_type, value, part_number, notes) VALUES (300020, 'U_APU', 'APU / CPU', NULL, NULL, 'Main APU or CPU+GPU');
INSERT INTO board_components (board_revision_id, reference_designator, component_type, value, part_number, notes) VALUES (300020, 'U_SB', 'Southbridge', NULL, NULL, 'I/O southbridge');
INSERT INTO board_components (board_revision_id, reference_designator, component_type, value, part_number, notes) VALUES (300020, 'U_RAM', 'RAM', NULL, NULL, 'GDDR / system memory');
INSERT INTO board_components (board_revision_id, reference_designator, component_type, value, part_number, notes) VALUES (300020, 'U_HDMI', 'HDMI IC', NULL, NULL, 'HDMI encoder / retimer');
INSERT INTO board_components (board_revision_id, reference_designator, component_type, value, part_number, notes) VALUES (300020, 'U_NAND', 'NAND Flash', NULL, NULL, 'Onboard flash');
INSERT INTO board_components (board_revision_id, reference_designator, component_type, value, part_number, notes) VALUES (300020, 'U_PMIC', 'PMIC', NULL, NULL, 'Power management IC');
INSERT INTO board_components (board_revision_id, reference_designator, component_type, value, part_number, notes) VALUES (300020, 'J_ODD', 'Connector', NULL, NULL, 'Optical drive connector');
INSERT INTO board_components (board_revision_id, reference_designator, component_type, value, part_number, notes) VALUES (300020, 'J_HDMI', 'Connector', NULL, NULL, 'HDMI port');
INSERT INTO board_components (board_revision_id, reference_designator, component_type, value, part_number, notes) VALUES (300020, 'J_FAN', 'Connector', NULL, NULL, 'Cooling fan connector');
INSERT INTO board_test_points (board_revision_id, label, location_desc, expected_voltage, expected_resistance) VALUES (300020, 'STBY_5V', 'see boardview', '5.0V', NULL);
INSERT INTO board_test_points (board_revision_id, label, location_desc, expected_voltage, expected_resistance) VALUES (300020, '3V3', 'see boardview', '3.3V', NULL);
INSERT INTO board_test_points (board_revision_id, label, location_desc, expected_voltage, expected_resistance) VALUES (300020, '12V', 'see boardview', '12.0V', NULL);
INSERT INTO board_nets (board_revision_id, net_name, test_point, expected_value, units) VALUES (300020, 'STBY_5V', 'STBY_5V', '5.0', 'V');
INSERT INTO board_nets (board_revision_id, net_name, test_point, expected_value, units) VALUES (300020, '3V3', '3V3', '3.3', 'V');
INSERT INTO board_nets (board_revision_id, net_name, test_point, expected_value, units) VALUES (300020, '12V', '12V', '12.0', 'V');
INSERT INTO measurements (board_revision_id, kind, test_point, reference_designator, rail_name, power_state, expected_value, measured_value, units, notes, is_known_good) VALUES (300020, 'voltage', 'STBY_5V', NULL, 'STBY_5V', 'standby', '5.0', '5.0', 'V', 'Standby supply present when plugged in.', 1);
INSERT INTO measurements (board_revision_id, kind, test_point, reference_designator, rail_name, power_state, expected_value, measured_value, units, notes, is_known_good) VALUES (300020, 'voltage', '3V3', NULL, '3V3', 'standby', '3.3', '3.3', 'V', 'Housekeeping 3.3V.', 1);
INSERT INTO measurements (board_revision_id, kind, test_point, reference_designator, rail_name, power_state, expected_value, measured_value, units, notes, is_known_good) VALUES (300020, 'voltage', '12V', NULL, '12V', 'on', '12.0', '12.0', 'V', 'Main 12V rail from PSU (where applicable).', 1);
INSERT INTO board_revisions (id, device_model, revision, layer_count, primary_soc, pmic, notes) VALUES (300021, 'Microsoft Xbox 360 E', 'Mainboard', NULL, NULL, 'U_PMIC', 'Microsoft Xbox 360 E board. Component set and rails are era-typical reference values; confirm exact values against the boardview/schematic for this revision.');
INSERT INTO board_components (board_revision_id, reference_designator, component_type, value, part_number, notes) VALUES (300021, 'U_APU', 'APU / CPU', NULL, NULL, 'Main APU or CPU+GPU');
INSERT INTO board_components (board_revision_id, reference_designator, component_type, value, part_number, notes) VALUES (300021, 'U_SB', 'Southbridge', NULL, NULL, 'I/O southbridge');
INSERT INTO board_components (board_revision_id, reference_designator, component_type, value, part_number, notes) VALUES (300021, 'U_RAM', 'RAM', NULL, NULL, 'GDDR / system memory');
INSERT INTO board_components (board_revision_id, reference_designator, component_type, value, part_number, notes) VALUES (300021, 'U_HDMI', 'HDMI IC', NULL, NULL, 'HDMI encoder / retimer');
INSERT INTO board_components (board_revision_id, reference_designator, component_type, value, part_number, notes) VALUES (300021, 'U_NAND', 'NAND Flash', NULL, NULL, 'Onboard flash');
INSERT INTO board_components (board_revision_id, reference_designator, component_type, value, part_number, notes) VALUES (300021, 'U_PMIC', 'PMIC', NULL, NULL, 'Power management IC');
INSERT INTO board_components (board_revision_id, reference_designator, component_type, value, part_number, notes) VALUES (300021, 'J_ODD', 'Connector', NULL, NULL, 'Optical drive connector');
INSERT INTO board_components (board_revision_id, reference_designator, component_type, value, part_number, notes) VALUES (300021, 'J_HDMI', 'Connector', NULL, NULL, 'HDMI port');
INSERT INTO board_components (board_revision_id, reference_designator, component_type, value, part_number, notes) VALUES (300021, 'J_FAN', 'Connector', NULL, NULL, 'Cooling fan connector');
INSERT INTO board_test_points (board_revision_id, label, location_desc, expected_voltage, expected_resistance) VALUES (300021, 'STBY_5V', 'see boardview', '5.0V', NULL);
INSERT INTO board_test_points (board_revision_id, label, location_desc, expected_voltage, expected_resistance) VALUES (300021, '3V3', 'see boardview', '3.3V', NULL);
INSERT INTO board_test_points (board_revision_id, label, location_desc, expected_voltage, expected_resistance) VALUES (300021, '12V', 'see boardview', '12.0V', NULL);
INSERT INTO board_nets (board_revision_id, net_name, test_point, expected_value, units) VALUES (300021, 'STBY_5V', 'STBY_5V', '5.0', 'V');
INSERT INTO board_nets (board_revision_id, net_name, test_point, expected_value, units) VALUES (300021, '3V3', '3V3', '3.3', 'V');
INSERT INTO board_nets (board_revision_id, net_name, test_point, expected_value, units) VALUES (300021, '12V', '12V', '12.0', 'V');
INSERT INTO measurements (board_revision_id, kind, test_point, reference_designator, rail_name, power_state, expected_value, measured_value, units, notes, is_known_good) VALUES (300021, 'voltage', 'STBY_5V', NULL, 'STBY_5V', 'standby', '5.0', '5.0', 'V', 'Standby supply present when plugged in.', 1);
INSERT INTO measurements (board_revision_id, kind, test_point, reference_designator, rail_name, power_state, expected_value, measured_value, units, notes, is_known_good) VALUES (300021, 'voltage', '3V3', NULL, '3V3', 'standby', '3.3', '3.3', 'V', 'Housekeeping 3.3V.', 1);
INSERT INTO measurements (board_revision_id, kind, test_point, reference_designator, rail_name, power_state, expected_value, measured_value, units, notes, is_known_good) VALUES (300021, 'voltage', '12V', NULL, '12V', 'on', '12.0', '12.0', 'V', 'Main 12V rail from PSU (where applicable).', 1);
INSERT INTO board_revisions (id, device_model, revision, layer_count, primary_soc, pmic, notes) VALUES (300022, 'Microsoft Xbox One', 'Mainboard', NULL, NULL, 'U_PMIC', 'Microsoft Xbox One board. Component set and rails are era-typical reference values; confirm exact values against the boardview/schematic for this revision.');
INSERT INTO board_components (board_revision_id, reference_designator, component_type, value, part_number, notes) VALUES (300022, 'U_APU', 'APU / CPU', NULL, NULL, 'Main APU or CPU+GPU');
INSERT INTO board_components (board_revision_id, reference_designator, component_type, value, part_number, notes) VALUES (300022, 'U_SB', 'Southbridge', NULL, NULL, 'I/O southbridge');
INSERT INTO board_components (board_revision_id, reference_designator, component_type, value, part_number, notes) VALUES (300022, 'U_RAM', 'RAM', NULL, NULL, 'GDDR / system memory');
INSERT INTO board_components (board_revision_id, reference_designator, component_type, value, part_number, notes) VALUES (300022, 'U_HDMI', 'HDMI IC', NULL, NULL, 'HDMI encoder / retimer');
INSERT INTO board_components (board_revision_id, reference_designator, component_type, value, part_number, notes) VALUES (300022, 'U_NAND', 'NAND Flash', NULL, NULL, 'Onboard flash');
INSERT INTO board_components (board_revision_id, reference_designator, component_type, value, part_number, notes) VALUES (300022, 'U_PMIC', 'PMIC', NULL, NULL, 'Power management IC');
INSERT INTO board_components (board_revision_id, reference_designator, component_type, value, part_number, notes) VALUES (300022, 'J_ODD', 'Connector', NULL, NULL, 'Optical drive connector');
INSERT INTO board_components (board_revision_id, reference_designator, component_type, value, part_number, notes) VALUES (300022, 'J_HDMI', 'Connector', NULL, NULL, 'HDMI port');
INSERT INTO board_components (board_revision_id, reference_designator, component_type, value, part_number, notes) VALUES (300022, 'J_FAN', 'Connector', NULL, NULL, 'Cooling fan connector');
INSERT INTO board_components (board_revision_id, reference_designator, component_type, value, part_number, notes) VALUES (300022, 'U_RT', 'HDMI Retimer', NULL, NULL, 'HDMI retimer IC (common no-video)');
INSERT INTO board_test_points (board_revision_id, label, location_desc, expected_voltage, expected_resistance) VALUES (300022, 'STBY_5V', 'see boardview', '5.0V', NULL);
INSERT INTO board_test_points (board_revision_id, label, location_desc, expected_voltage, expected_resistance) VALUES (300022, '3V3', 'see boardview', '3.3V', NULL);
INSERT INTO board_test_points (board_revision_id, label, location_desc, expected_voltage, expected_resistance) VALUES (300022, '12V', 'see boardview', '12.0V', NULL);
INSERT INTO board_nets (board_revision_id, net_name, test_point, expected_value, units) VALUES (300022, 'STBY_5V', 'STBY_5V', '5.0', 'V');
INSERT INTO board_nets (board_revision_id, net_name, test_point, expected_value, units) VALUES (300022, '3V3', '3V3', '3.3', 'V');
INSERT INTO board_nets (board_revision_id, net_name, test_point, expected_value, units) VALUES (300022, '12V', '12V', '12.0', 'V');
INSERT INTO measurements (board_revision_id, kind, test_point, reference_designator, rail_name, power_state, expected_value, measured_value, units, notes, is_known_good) VALUES (300022, 'voltage', 'STBY_5V', NULL, 'STBY_5V', 'standby', '5.0', '5.0', 'V', 'Standby supply present when plugged in.', 1);
INSERT INTO measurements (board_revision_id, kind, test_point, reference_designator, rail_name, power_state, expected_value, measured_value, units, notes, is_known_good) VALUES (300022, 'voltage', '3V3', NULL, '3V3', 'standby', '3.3', '3.3', 'V', 'Housekeeping 3.3V.', 1);
INSERT INTO measurements (board_revision_id, kind, test_point, reference_designator, rail_name, power_state, expected_value, measured_value, units, notes, is_known_good) VALUES (300022, 'voltage', '12V', NULL, '12V', 'on', '12.0', '12.0', 'V', 'Main 12V rail from PSU (where applicable).', 1);
INSERT INTO board_revisions (id, device_model, revision, layer_count, primary_soc, pmic, notes) VALUES (300023, 'Microsoft Xbox One S', 'Mainboard', NULL, NULL, 'U_PMIC', 'Microsoft Xbox One S board. Component set and rails are era-typical reference values; confirm exact values against the boardview/schematic for this revision.');
INSERT INTO board_components (board_revision_id, reference_designator, component_type, value, part_number, notes) VALUES (300023, 'U_APU', 'APU / CPU', NULL, NULL, 'Main APU or CPU+GPU');
INSERT INTO board_components (board_revision_id, reference_designator, component_type, value, part_number, notes) VALUES (300023, 'U_SB', 'Southbridge', NULL, NULL, 'I/O southbridge');
INSERT INTO board_components (board_revision_id, reference_designator, component_type, value, part_number, notes) VALUES (300023, 'U_RAM', 'RAM', NULL, NULL, 'GDDR / system memory');
INSERT INTO board_components (board_revision_id, reference_designator, component_type, value, part_number, notes) VALUES (300023, 'U_HDMI', 'HDMI IC', NULL, NULL, 'HDMI encoder / retimer');
INSERT INTO board_components (board_revision_id, reference_designator, component_type, value, part_number, notes) VALUES (300023, 'U_NAND', 'NAND Flash', NULL, NULL, 'Onboard flash');
INSERT INTO board_components (board_revision_id, reference_designator, component_type, value, part_number, notes) VALUES (300023, 'U_PMIC', 'PMIC', NULL, NULL, 'Power management IC');
INSERT INTO board_components (board_revision_id, reference_designator, component_type, value, part_number, notes) VALUES (300023, 'J_ODD', 'Connector', NULL, NULL, 'Optical drive connector');
INSERT INTO board_components (board_revision_id, reference_designator, component_type, value, part_number, notes) VALUES (300023, 'J_HDMI', 'Connector', NULL, NULL, 'HDMI port');
INSERT INTO board_components (board_revision_id, reference_designator, component_type, value, part_number, notes) VALUES (300023, 'J_FAN', 'Connector', NULL, NULL, 'Cooling fan connector');
INSERT INTO board_components (board_revision_id, reference_designator, component_type, value, part_number, notes) VALUES (300023, 'U_RT', 'HDMI Retimer', NULL, NULL, 'HDMI retimer IC (common no-video)');
INSERT INTO board_test_points (board_revision_id, label, location_desc, expected_voltage, expected_resistance) VALUES (300023, 'STBY_5V', 'see boardview', '5.0V', NULL);
INSERT INTO board_test_points (board_revision_id, label, location_desc, expected_voltage, expected_resistance) VALUES (300023, '3V3', 'see boardview', '3.3V', NULL);
INSERT INTO board_test_points (board_revision_id, label, location_desc, expected_voltage, expected_resistance) VALUES (300023, '12V', 'see boardview', '12.0V', NULL);
INSERT INTO board_nets (board_revision_id, net_name, test_point, expected_value, units) VALUES (300023, 'STBY_5V', 'STBY_5V', '5.0', 'V');
INSERT INTO board_nets (board_revision_id, net_name, test_point, expected_value, units) VALUES (300023, '3V3', '3V3', '3.3', 'V');
INSERT INTO board_nets (board_revision_id, net_name, test_point, expected_value, units) VALUES (300023, '12V', '12V', '12.0', 'V');
INSERT INTO measurements (board_revision_id, kind, test_point, reference_designator, rail_name, power_state, expected_value, measured_value, units, notes, is_known_good) VALUES (300023, 'voltage', 'STBY_5V', NULL, 'STBY_5V', 'standby', '5.0', '5.0', 'V', 'Standby supply present when plugged in.', 1);
INSERT INTO measurements (board_revision_id, kind, test_point, reference_designator, rail_name, power_state, expected_value, measured_value, units, notes, is_known_good) VALUES (300023, 'voltage', '3V3', NULL, '3V3', 'standby', '3.3', '3.3', 'V', 'Housekeeping 3.3V.', 1);
INSERT INTO measurements (board_revision_id, kind, test_point, reference_designator, rail_name, power_state, expected_value, measured_value, units, notes, is_known_good) VALUES (300023, 'voltage', '12V', NULL, '12V', 'on', '12.0', '12.0', 'V', 'Main 12V rail from PSU (where applicable).', 1);
INSERT INTO board_revisions (id, device_model, revision, layer_count, primary_soc, pmic, notes) VALUES (300024, 'Microsoft Xbox One X', 'Mainboard', NULL, NULL, 'U_PMIC', 'Microsoft Xbox One X board. Component set and rails are era-typical reference values; confirm exact values against the boardview/schematic for this revision.');
INSERT INTO board_components (board_revision_id, reference_designator, component_type, value, part_number, notes) VALUES (300024, 'U_APU', 'APU / CPU', NULL, NULL, 'Main APU or CPU+GPU');
INSERT INTO board_components (board_revision_id, reference_designator, component_type, value, part_number, notes) VALUES (300024, 'U_SB', 'Southbridge', NULL, NULL, 'I/O southbridge');
INSERT INTO board_components (board_revision_id, reference_designator, component_type, value, part_number, notes) VALUES (300024, 'U_RAM', 'RAM', NULL, NULL, 'GDDR / system memory');
INSERT INTO board_components (board_revision_id, reference_designator, component_type, value, part_number, notes) VALUES (300024, 'U_HDMI', 'HDMI IC', NULL, NULL, 'HDMI encoder / retimer');
INSERT INTO board_components (board_revision_id, reference_designator, component_type, value, part_number, notes) VALUES (300024, 'U_NAND', 'NAND Flash', NULL, NULL, 'Onboard flash');
INSERT INTO board_components (board_revision_id, reference_designator, component_type, value, part_number, notes) VALUES (300024, 'U_PMIC', 'PMIC', NULL, NULL, 'Power management IC');
INSERT INTO board_components (board_revision_id, reference_designator, component_type, value, part_number, notes) VALUES (300024, 'J_ODD', 'Connector', NULL, NULL, 'Optical drive connector');
INSERT INTO board_components (board_revision_id, reference_designator, component_type, value, part_number, notes) VALUES (300024, 'J_HDMI', 'Connector', NULL, NULL, 'HDMI port');
INSERT INTO board_components (board_revision_id, reference_designator, component_type, value, part_number, notes) VALUES (300024, 'J_FAN', 'Connector', NULL, NULL, 'Cooling fan connector');
INSERT INTO board_components (board_revision_id, reference_designator, component_type, value, part_number, notes) VALUES (300024, 'U_RT', 'HDMI Retimer', NULL, NULL, 'HDMI retimer IC (common no-video)');
INSERT INTO board_test_points (board_revision_id, label, location_desc, expected_voltage, expected_resistance) VALUES (300024, 'STBY_5V', 'see boardview', '5.0V', NULL);
INSERT INTO board_test_points (board_revision_id, label, location_desc, expected_voltage, expected_resistance) VALUES (300024, '3V3', 'see boardview', '3.3V', NULL);
INSERT INTO board_test_points (board_revision_id, label, location_desc, expected_voltage, expected_resistance) VALUES (300024, '12V', 'see boardview', '12.0V', NULL);
INSERT INTO board_nets (board_revision_id, net_name, test_point, expected_value, units) VALUES (300024, 'STBY_5V', 'STBY_5V', '5.0', 'V');
INSERT INTO board_nets (board_revision_id, net_name, test_point, expected_value, units) VALUES (300024, '3V3', '3V3', '3.3', 'V');
INSERT INTO board_nets (board_revision_id, net_name, test_point, expected_value, units) VALUES (300024, '12V', '12V', '12.0', 'V');
INSERT INTO measurements (board_revision_id, kind, test_point, reference_designator, rail_name, power_state, expected_value, measured_value, units, notes, is_known_good) VALUES (300024, 'voltage', 'STBY_5V', NULL, 'STBY_5V', 'standby', '5.0', '5.0', 'V', 'Standby supply present when plugged in.', 1);
INSERT INTO measurements (board_revision_id, kind, test_point, reference_designator, rail_name, power_state, expected_value, measured_value, units, notes, is_known_good) VALUES (300024, 'voltage', '3V3', NULL, '3V3', 'standby', '3.3', '3.3', 'V', 'Housekeeping 3.3V.', 1);
INSERT INTO measurements (board_revision_id, kind, test_point, reference_designator, rail_name, power_state, expected_value, measured_value, units, notes, is_known_good) VALUES (300024, 'voltage', '12V', NULL, '12V', 'on', '12.0', '12.0', 'V', 'Main 12V rail from PSU (where applicable).', 1);
INSERT INTO board_revisions (id, device_model, revision, layer_count, primary_soc, pmic, notes) VALUES (300025, 'Microsoft Xbox Series S', 'Mainboard', NULL, NULL, 'U_PMIC', 'Microsoft Xbox Series S board. Component set and rails are era-typical reference values; confirm exact values against the boardview/schematic for this revision.');
INSERT INTO board_components (board_revision_id, reference_designator, component_type, value, part_number, notes) VALUES (300025, 'U_APU', 'APU', NULL, NULL, 'Main APU');
INSERT INTO board_components (board_revision_id, reference_designator, component_type, value, part_number, notes) VALUES (300025, 'U_HDMI', 'HDMI IC', NULL, NULL, 'HDMI retimer / redriver');
INSERT INTO board_components (board_revision_id, reference_designator, component_type, value, part_number, notes) VALUES (300025, 'U_NAND', 'Storage', NULL, NULL, 'NAND / SSD');
INSERT INTO board_components (board_revision_id, reference_designator, component_type, value, part_number, notes) VALUES (300025, 'U_PMIC', 'PMIC', NULL, NULL, 'Power management IC');
INSERT INTO board_components (board_revision_id, reference_designator, component_type, value, part_number, notes) VALUES (300025, 'J_HDMI', 'Connector', NULL, NULL, 'HDMI port');
INSERT INTO board_components (board_revision_id, reference_designator, component_type, value, part_number, notes) VALUES (300025, 'J_FAN', 'Connector', NULL, NULL, 'Cooling fan connector');
INSERT INTO board_components (board_revision_id, reference_designator, component_type, value, part_number, notes) VALUES (300025, 'J_PSU', 'Connector', NULL, NULL, 'Power supply connector');
INSERT INTO board_components (board_revision_id, reference_designator, component_type, value, part_number, notes) VALUES (300025, 'U_RT', 'HDMI Retimer', NULL, NULL, 'HDMI retimer IC (common no-video)');
INSERT INTO board_test_points (board_revision_id, label, location_desc, expected_voltage, expected_resistance) VALUES (300025, 'STBY_5V', 'see boardview', '5.0V', NULL);
INSERT INTO board_test_points (board_revision_id, label, location_desc, expected_voltage, expected_resistance) VALUES (300025, '3V3', 'see boardview', '3.3V', NULL);
INSERT INTO board_test_points (board_revision_id, label, location_desc, expected_voltage, expected_resistance) VALUES (300025, '12V', 'see boardview', '12.0V', NULL);
INSERT INTO board_nets (board_revision_id, net_name, test_point, expected_value, units) VALUES (300025, 'STBY_5V', 'STBY_5V', '5.0', 'V');
INSERT INTO board_nets (board_revision_id, net_name, test_point, expected_value, units) VALUES (300025, '3V3', '3V3', '3.3', 'V');
INSERT INTO board_nets (board_revision_id, net_name, test_point, expected_value, units) VALUES (300025, '12V', '12V', '12.0', 'V');
INSERT INTO measurements (board_revision_id, kind, test_point, reference_designator, rail_name, power_state, expected_value, measured_value, units, notes, is_known_good) VALUES (300025, 'voltage', 'STBY_5V', NULL, 'STBY_5V', 'standby', '5.0', '5.0', 'V', 'Standby supply present when plugged in.', 1);
INSERT INTO measurements (board_revision_id, kind, test_point, reference_designator, rail_name, power_state, expected_value, measured_value, units, notes, is_known_good) VALUES (300025, 'voltage', '3V3', NULL, '3V3', 'standby', '3.3', '3.3', 'V', 'Housekeeping 3.3V.', 1);
INSERT INTO measurements (board_revision_id, kind, test_point, reference_designator, rail_name, power_state, expected_value, measured_value, units, notes, is_known_good) VALUES (300025, 'voltage', '12V', NULL, '12V', 'on', '12.0', '12.0', 'V', 'Main 12V rail from PSU (where applicable).', 1);
INSERT INTO board_revisions (id, device_model, revision, layer_count, primary_soc, pmic, notes) VALUES (300026, 'Microsoft Xbox Series X', 'Mainboard', NULL, NULL, 'U_PMIC', 'Microsoft Xbox Series X board. Component set and rails are era-typical reference values; confirm exact values against the boardview/schematic for this revision.');
INSERT INTO board_components (board_revision_id, reference_designator, component_type, value, part_number, notes) VALUES (300026, 'U_APU', 'APU', NULL, NULL, 'Main APU');
INSERT INTO board_components (board_revision_id, reference_designator, component_type, value, part_number, notes) VALUES (300026, 'U_HDMI', 'HDMI IC', NULL, NULL, 'HDMI retimer / redriver');
INSERT INTO board_components (board_revision_id, reference_designator, component_type, value, part_number, notes) VALUES (300026, 'U_NAND', 'Storage', NULL, NULL, 'NAND / SSD');
INSERT INTO board_components (board_revision_id, reference_designator, component_type, value, part_number, notes) VALUES (300026, 'U_PMIC', 'PMIC', NULL, NULL, 'Power management IC');
INSERT INTO board_components (board_revision_id, reference_designator, component_type, value, part_number, notes) VALUES (300026, 'J_HDMI', 'Connector', NULL, NULL, 'HDMI port');
INSERT INTO board_components (board_revision_id, reference_designator, component_type, value, part_number, notes) VALUES (300026, 'J_FAN', 'Connector', NULL, NULL, 'Cooling fan connector');
INSERT INTO board_components (board_revision_id, reference_designator, component_type, value, part_number, notes) VALUES (300026, 'J_PSU', 'Connector', NULL, NULL, 'Power supply connector');
INSERT INTO board_components (board_revision_id, reference_designator, component_type, value, part_number, notes) VALUES (300026, 'U_RT', 'HDMI Retimer', NULL, NULL, 'HDMI retimer IC (common no-video)');
INSERT INTO board_test_points (board_revision_id, label, location_desc, expected_voltage, expected_resistance) VALUES (300026, 'STBY_5V', 'see boardview', '5.0V', NULL);
INSERT INTO board_test_points (board_revision_id, label, location_desc, expected_voltage, expected_resistance) VALUES (300026, '3V3', 'see boardview', '3.3V', NULL);
INSERT INTO board_test_points (board_revision_id, label, location_desc, expected_voltage, expected_resistance) VALUES (300026, '12V', 'see boardview', '12.0V', NULL);
INSERT INTO board_nets (board_revision_id, net_name, test_point, expected_value, units) VALUES (300026, 'STBY_5V', 'STBY_5V', '5.0', 'V');
INSERT INTO board_nets (board_revision_id, net_name, test_point, expected_value, units) VALUES (300026, '3V3', '3V3', '3.3', 'V');
INSERT INTO board_nets (board_revision_id, net_name, test_point, expected_value, units) VALUES (300026, '12V', '12V', '12.0', 'V');
INSERT INTO measurements (board_revision_id, kind, test_point, reference_designator, rail_name, power_state, expected_value, measured_value, units, notes, is_known_good) VALUES (300026, 'voltage', 'STBY_5V', NULL, 'STBY_5V', 'standby', '5.0', '5.0', 'V', 'Standby supply present when plugged in.', 1);
INSERT INTO measurements (board_revision_id, kind, test_point, reference_designator, rail_name, power_state, expected_value, measured_value, units, notes, is_known_good) VALUES (300026, 'voltage', '3V3', NULL, '3V3', 'standby', '3.3', '3.3', 'V', 'Housekeeping 3.3V.', 1);
INSERT INTO measurements (board_revision_id, kind, test_point, reference_designator, rail_name, power_state, expected_value, measured_value, units, notes, is_known_good) VALUES (300026, 'voltage', '12V', NULL, '12V', 'on', '12.0', '12.0', 'V', 'Main 12V rail from PSU (where applicable).', 1);
INSERT INTO board_revisions (id, device_model, revision, layer_count, primary_soc, pmic, notes) VALUES (300027, 'Nintendo NES', 'Mainboard', NULL, NULL, 'U_PMIC', 'Nintendo NES board. Component set and rails are era-typical reference values; confirm exact values against the boardview/schematic for this revision.');
INSERT INTO board_components (board_revision_id, reference_designator, component_type, value, part_number, notes) VALUES (300027, 'U_CPU', 'CPU / Processor', NULL, NULL, 'Main processor');
INSERT INTO board_components (board_revision_id, reference_designator, component_type, value, part_number, notes) VALUES (300027, 'U_PPU', 'Video / PPU', NULL, NULL, 'Picture processing unit');
INSERT INTO board_components (board_revision_id, reference_designator, component_type, value, part_number, notes) VALUES (300027, 'U_RAM', 'RAM', NULL, NULL, 'Work/video RAM');
INSERT INTO board_components (board_revision_id, reference_designator, component_type, value, part_number, notes) VALUES (300027, 'J_CART', 'Connector', NULL, NULL, 'Cartridge edge connector');
INSERT INTO board_components (board_revision_id, reference_designator, component_type, value, part_number, notes) VALUES (300027, 'J_CTRL', 'Connector', NULL, NULL, 'Controller port(s)');
INSERT INTO board_components (board_revision_id, reference_designator, component_type, value, part_number, notes) VALUES (300027, 'U_REG', 'Voltage Regulator', NULL, NULL, '5V regulator (e.g. 7805)');
INSERT INTO board_components (board_revision_id, reference_designator, component_type, value, part_number, notes) VALUES (300027, 'J_PWR', 'Connector', NULL, NULL, 'Power input connector');
INSERT INTO board_components (board_revision_id, reference_designator, component_type, value, part_number, notes) VALUES (300027, 'J_AV', 'Connector', NULL, NULL, 'A/V or RF output');
INSERT INTO board_test_points (board_revision_id, label, location_desc, expected_voltage, expected_resistance) VALUES (300027, '5V', 'see boardview', '5.0V', NULL);
INSERT INTO board_test_points (board_revision_id, label, location_desc, expected_voltage, expected_resistance) VALUES (300027, '3V3', 'see boardview', '3.3V', NULL);
INSERT INTO board_nets (board_revision_id, net_name, test_point, expected_value, units) VALUES (300027, '5V', '5V', '5.0', 'V');
INSERT INTO board_nets (board_revision_id, net_name, test_point, expected_value, units) VALUES (300027, '3V3', '3V3', '3.3', 'V');
INSERT INTO measurements (board_revision_id, kind, test_point, reference_designator, rail_name, power_state, expected_value, measured_value, units, notes, is_known_good) VALUES (300027, 'voltage', '5V', NULL, '5V', 'on', '5.0', '5.0', 'V', 'Regulated 5V logic supply.', 1);
INSERT INTO measurements (board_revision_id, kind, test_point, reference_designator, rail_name, power_state, expected_value, measured_value, units, notes, is_known_good) VALUES (300027, 'voltage', '3V3', NULL, '3V3', 'on', '3.3', '3.3', 'V', '3.3V rail (later boards).', 1);
INSERT INTO board_revisions (id, device_model, revision, layer_count, primary_soc, pmic, notes) VALUES (300028, 'Nintendo Super Nintendo (SNES)', 'Mainboard', NULL, NULL, 'U_PMIC', 'Nintendo Super Nintendo (SNES) board. Component set and rails are era-typical reference values; confirm exact values against the boardview/schematic for this revision.');
INSERT INTO board_components (board_revision_id, reference_designator, component_type, value, part_number, notes) VALUES (300028, 'U_CPU', 'CPU / Processor', NULL, NULL, 'Main processor');
INSERT INTO board_components (board_revision_id, reference_designator, component_type, value, part_number, notes) VALUES (300028, 'U_PPU', 'Video / PPU', NULL, NULL, 'Picture processing unit');
INSERT INTO board_components (board_revision_id, reference_designator, component_type, value, part_number, notes) VALUES (300028, 'U_RAM', 'RAM', NULL, NULL, 'Work/video RAM');
INSERT INTO board_components (board_revision_id, reference_designator, component_type, value, part_number, notes) VALUES (300028, 'J_CART', 'Connector', NULL, NULL, 'Cartridge edge connector');
INSERT INTO board_components (board_revision_id, reference_designator, component_type, value, part_number, notes) VALUES (300028, 'J_CTRL', 'Connector', NULL, NULL, 'Controller port(s)');
INSERT INTO board_components (board_revision_id, reference_designator, component_type, value, part_number, notes) VALUES (300028, 'U_REG', 'Voltage Regulator', NULL, NULL, '5V regulator (e.g. 7805)');
INSERT INTO board_components (board_revision_id, reference_designator, component_type, value, part_number, notes) VALUES (300028, 'J_PWR', 'Connector', NULL, NULL, 'Power input connector');
INSERT INTO board_components (board_revision_id, reference_designator, component_type, value, part_number, notes) VALUES (300028, 'J_AV', 'Connector', NULL, NULL, 'A/V or RF output');
INSERT INTO board_test_points (board_revision_id, label, location_desc, expected_voltage, expected_resistance) VALUES (300028, '5V', 'see boardview', '5.0V', NULL);
INSERT INTO board_test_points (board_revision_id, label, location_desc, expected_voltage, expected_resistance) VALUES (300028, '3V3', 'see boardview', '3.3V', NULL);
INSERT INTO board_nets (board_revision_id, net_name, test_point, expected_value, units) VALUES (300028, '5V', '5V', '5.0', 'V');
INSERT INTO board_nets (board_revision_id, net_name, test_point, expected_value, units) VALUES (300028, '3V3', '3V3', '3.3', 'V');
INSERT INTO measurements (board_revision_id, kind, test_point, reference_designator, rail_name, power_state, expected_value, measured_value, units, notes, is_known_good) VALUES (300028, 'voltage', '5V', NULL, '5V', 'on', '5.0', '5.0', 'V', 'Regulated 5V logic supply.', 1);
INSERT INTO measurements (board_revision_id, kind, test_point, reference_designator, rail_name, power_state, expected_value, measured_value, units, notes, is_known_good) VALUES (300028, 'voltage', '3V3', NULL, '3V3', 'on', '3.3', '3.3', 'V', '3.3V rail (later boards).', 1);
INSERT INTO board_revisions (id, device_model, revision, layer_count, primary_soc, pmic, notes) VALUES (300029, 'Nintendo Nintendo 64', 'Mainboard', NULL, NULL, 'U_PMIC', 'Nintendo Nintendo 64 board. Component set and rails are era-typical reference values; confirm exact values against the boardview/schematic for this revision.');
INSERT INTO board_components (board_revision_id, reference_designator, component_type, value, part_number, notes) VALUES (300029, 'U_CPU', 'CPU / Processor', NULL, NULL, 'Main processor');
INSERT INTO board_components (board_revision_id, reference_designator, component_type, value, part_number, notes) VALUES (300029, 'U_PPU', 'Video / PPU', NULL, NULL, 'Picture processing unit');
INSERT INTO board_components (board_revision_id, reference_designator, component_type, value, part_number, notes) VALUES (300029, 'U_RAM', 'RAM', NULL, NULL, 'Work/video RAM');
INSERT INTO board_components (board_revision_id, reference_designator, component_type, value, part_number, notes) VALUES (300029, 'J_CART', 'Connector', NULL, NULL, 'Cartridge edge connector');
INSERT INTO board_components (board_revision_id, reference_designator, component_type, value, part_number, notes) VALUES (300029, 'J_CTRL', 'Connector', NULL, NULL, 'Controller port(s)');
INSERT INTO board_components (board_revision_id, reference_designator, component_type, value, part_number, notes) VALUES (300029, 'U_REG', 'Voltage Regulator', NULL, NULL, '5V regulator (e.g. 7805)');
INSERT INTO board_components (board_revision_id, reference_designator, component_type, value, part_number, notes) VALUES (300029, 'J_PWR', 'Connector', NULL, NULL, 'Power input connector');
INSERT INTO board_components (board_revision_id, reference_designator, component_type, value, part_number, notes) VALUES (300029, 'J_AV', 'Connector', NULL, NULL, 'A/V or RF output');
INSERT INTO board_test_points (board_revision_id, label, location_desc, expected_voltage, expected_resistance) VALUES (300029, '5V', 'see boardview', '5.0V', NULL);
INSERT INTO board_test_points (board_revision_id, label, location_desc, expected_voltage, expected_resistance) VALUES (300029, '3V3', 'see boardview', '3.3V', NULL);
INSERT INTO board_nets (board_revision_id, net_name, test_point, expected_value, units) VALUES (300029, '5V', '5V', '5.0', 'V');
INSERT INTO board_nets (board_revision_id, net_name, test_point, expected_value, units) VALUES (300029, '3V3', '3V3', '3.3', 'V');
INSERT INTO measurements (board_revision_id, kind, test_point, reference_designator, rail_name, power_state, expected_value, measured_value, units, notes, is_known_good) VALUES (300029, 'voltage', '5V', NULL, '5V', 'on', '5.0', '5.0', 'V', 'Regulated 5V logic supply.', 1);
INSERT INTO measurements (board_revision_id, kind, test_point, reference_designator, rail_name, power_state, expected_value, measured_value, units, notes, is_known_good) VALUES (300029, 'voltage', '3V3', NULL, '3V3', 'on', '3.3', '3.3', 'V', '3.3V rail (later boards).', 1);
INSERT INTO board_revisions (id, device_model, revision, layer_count, primary_soc, pmic, notes) VALUES (300030, 'Nintendo GameCube', 'Mainboard', NULL, NULL, 'U_PMIC', 'Nintendo GameCube board. Component set and rails are era-typical reference values; confirm exact values against the boardview/schematic for this revision.');
INSERT INTO board_components (board_revision_id, reference_designator, component_type, value, part_number, notes) VALUES (300030, 'U_CPU', 'CPU', NULL, NULL, 'Main processor');
INSERT INTO board_components (board_revision_id, reference_designator, component_type, value, part_number, notes) VALUES (300030, 'U_GPU', 'GPU', NULL, NULL, 'Graphics processor');
INSERT INTO board_components (board_revision_id, reference_designator, component_type, value, part_number, notes) VALUES (300030, 'U_RAM', 'RAM', NULL, NULL, 'System RAM');
INSERT INTO board_components (board_revision_id, reference_designator, component_type, value, part_number, notes) VALUES (300030, 'J_ODD', 'Connector', NULL, NULL, 'Optical drive ribbon connector');
INSERT INTO board_components (board_revision_id, reference_designator, component_type, value, part_number, notes) VALUES (300030, 'U_BIOS', 'BIOS ROM', NULL, NULL, 'BIOS / boot ROM');
INSERT INTO board_components (board_revision_id, reference_designator, component_type, value, part_number, notes) VALUES (300030, 'J_CTRL', 'Connector', NULL, NULL, 'Controller ports');
INSERT INTO board_components (board_revision_id, reference_designator, component_type, value, part_number, notes) VALUES (300030, 'U_AV', 'A/V Encoder', NULL, NULL, 'Video encoder / DAC');
INSERT INTO board_components (board_revision_id, reference_designator, component_type, value, part_number, notes) VALUES (300030, 'J_PSU', 'Connector', NULL, NULL, 'Power supply connector');
INSERT INTO board_test_points (board_revision_id, label, location_desc, expected_voltage, expected_resistance) VALUES (300030, '5V', 'see boardview', '5.0V', NULL);
INSERT INTO board_test_points (board_revision_id, label, location_desc, expected_voltage, expected_resistance) VALUES (300030, '3V3', 'see boardview', '3.3V', NULL);
INSERT INTO board_nets (board_revision_id, net_name, test_point, expected_value, units) VALUES (300030, '5V', '5V', '5.0', 'V');
INSERT INTO board_nets (board_revision_id, net_name, test_point, expected_value, units) VALUES (300030, '3V3', '3V3', '3.3', 'V');
INSERT INTO measurements (board_revision_id, kind, test_point, reference_designator, rail_name, power_state, expected_value, measured_value, units, notes, is_known_good) VALUES (300030, 'voltage', '5V', NULL, '5V', 'on', '5.0', '5.0', 'V', 'Regulated 5V logic supply.', 1);
INSERT INTO measurements (board_revision_id, kind, test_point, reference_designator, rail_name, power_state, expected_value, measured_value, units, notes, is_known_good) VALUES (300030, 'voltage', '3V3', NULL, '3V3', 'on', '3.3', '3.3', 'V', '3.3V rail (later boards).', 1);
INSERT INTO board_revisions (id, device_model, revision, layer_count, primary_soc, pmic, notes) VALUES (300031, 'Nintendo Wii', 'Mainboard', NULL, NULL, 'U_PMIC', 'Nintendo Wii board. Component set and rails are era-typical reference values; confirm exact values against the boardview/schematic for this revision.');
INSERT INTO board_components (board_revision_id, reference_designator, component_type, value, part_number, notes) VALUES (300031, 'U_CPU', 'CPU', NULL, NULL, 'Main processor');
INSERT INTO board_components (board_revision_id, reference_designator, component_type, value, part_number, notes) VALUES (300031, 'U_GPU', 'GPU', NULL, NULL, 'Graphics processor');
INSERT INTO board_components (board_revision_id, reference_designator, component_type, value, part_number, notes) VALUES (300031, 'U_RAM', 'RAM', NULL, NULL, 'System RAM');
INSERT INTO board_components (board_revision_id, reference_designator, component_type, value, part_number, notes) VALUES (300031, 'J_ODD', 'Connector', NULL, NULL, 'Optical drive ribbon connector');
INSERT INTO board_components (board_revision_id, reference_designator, component_type, value, part_number, notes) VALUES (300031, 'U_BIOS', 'BIOS ROM', NULL, NULL, 'BIOS / boot ROM');
INSERT INTO board_components (board_revision_id, reference_designator, component_type, value, part_number, notes) VALUES (300031, 'J_CTRL', 'Connector', NULL, NULL, 'Controller ports');
INSERT INTO board_components (board_revision_id, reference_designator, component_type, value, part_number, notes) VALUES (300031, 'U_AV', 'A/V Encoder', NULL, NULL, 'Video encoder / DAC');
INSERT INTO board_components (board_revision_id, reference_designator, component_type, value, part_number, notes) VALUES (300031, 'J_PSU', 'Connector', NULL, NULL, 'Power supply connector');
INSERT INTO board_test_points (board_revision_id, label, location_desc, expected_voltage, expected_resistance) VALUES (300031, '5V', 'see boardview', '5.0V', NULL);
INSERT INTO board_test_points (board_revision_id, label, location_desc, expected_voltage, expected_resistance) VALUES (300031, '3V3', 'see boardview', '3.3V', NULL);
INSERT INTO board_nets (board_revision_id, net_name, test_point, expected_value, units) VALUES (300031, '5V', '5V', '5.0', 'V');
INSERT INTO board_nets (board_revision_id, net_name, test_point, expected_value, units) VALUES (300031, '3V3', '3V3', '3.3', 'V');
INSERT INTO measurements (board_revision_id, kind, test_point, reference_designator, rail_name, power_state, expected_value, measured_value, units, notes, is_known_good) VALUES (300031, 'voltage', '5V', NULL, '5V', 'on', '5.0', '5.0', 'V', 'Regulated 5V logic supply.', 1);
INSERT INTO measurements (board_revision_id, kind, test_point, reference_designator, rail_name, power_state, expected_value, measured_value, units, notes, is_known_good) VALUES (300031, 'voltage', '3V3', NULL, '3V3', 'on', '3.3', '3.3', 'V', '3.3V rail (later boards).', 1);
INSERT INTO board_revisions (id, device_model, revision, layer_count, primary_soc, pmic, notes) VALUES (300032, 'Nintendo Wii U', 'Mainboard', NULL, NULL, 'U_PMIC', 'Nintendo Wii U board. Component set and rails are era-typical reference values; confirm exact values against the boardview/schematic for this revision.');
INSERT INTO board_components (board_revision_id, reference_designator, component_type, value, part_number, notes) VALUES (300032, 'U_APU', 'APU / CPU', NULL, NULL, 'Main APU or CPU+GPU');
INSERT INTO board_components (board_revision_id, reference_designator, component_type, value, part_number, notes) VALUES (300032, 'U_SB', 'Southbridge', NULL, NULL, 'I/O southbridge');
INSERT INTO board_components (board_revision_id, reference_designator, component_type, value, part_number, notes) VALUES (300032, 'U_RAM', 'RAM', NULL, NULL, 'GDDR / system memory');
INSERT INTO board_components (board_revision_id, reference_designator, component_type, value, part_number, notes) VALUES (300032, 'U_HDMI', 'HDMI IC', NULL, NULL, 'HDMI encoder / retimer');
INSERT INTO board_components (board_revision_id, reference_designator, component_type, value, part_number, notes) VALUES (300032, 'U_NAND', 'NAND Flash', NULL, NULL, 'Onboard flash');
INSERT INTO board_components (board_revision_id, reference_designator, component_type, value, part_number, notes) VALUES (300032, 'U_PMIC', 'PMIC', NULL, NULL, 'Power management IC');
INSERT INTO board_components (board_revision_id, reference_designator, component_type, value, part_number, notes) VALUES (300032, 'J_ODD', 'Connector', NULL, NULL, 'Optical drive connector');
INSERT INTO board_components (board_revision_id, reference_designator, component_type, value, part_number, notes) VALUES (300032, 'J_HDMI', 'Connector', NULL, NULL, 'HDMI port');
INSERT INTO board_components (board_revision_id, reference_designator, component_type, value, part_number, notes) VALUES (300032, 'J_FAN', 'Connector', NULL, NULL, 'Cooling fan connector');
INSERT INTO board_test_points (board_revision_id, label, location_desc, expected_voltage, expected_resistance) VALUES (300032, 'STBY_5V', 'see boardview', '5.0V', NULL);
INSERT INTO board_test_points (board_revision_id, label, location_desc, expected_voltage, expected_resistance) VALUES (300032, '3V3', 'see boardview', '3.3V', NULL);
INSERT INTO board_test_points (board_revision_id, label, location_desc, expected_voltage, expected_resistance) VALUES (300032, '12V', 'see boardview', '12.0V', NULL);
INSERT INTO board_nets (board_revision_id, net_name, test_point, expected_value, units) VALUES (300032, 'STBY_5V', 'STBY_5V', '5.0', 'V');
INSERT INTO board_nets (board_revision_id, net_name, test_point, expected_value, units) VALUES (300032, '3V3', '3V3', '3.3', 'V');
INSERT INTO board_nets (board_revision_id, net_name, test_point, expected_value, units) VALUES (300032, '12V', '12V', '12.0', 'V');
INSERT INTO measurements (board_revision_id, kind, test_point, reference_designator, rail_name, power_state, expected_value, measured_value, units, notes, is_known_good) VALUES (300032, 'voltage', 'STBY_5V', NULL, 'STBY_5V', 'standby', '5.0', '5.0', 'V', 'Standby supply present when plugged in.', 1);
INSERT INTO measurements (board_revision_id, kind, test_point, reference_designator, rail_name, power_state, expected_value, measured_value, units, notes, is_known_good) VALUES (300032, 'voltage', '3V3', NULL, '3V3', 'standby', '3.3', '3.3', 'V', 'Housekeeping 3.3V.', 1);
INSERT INTO measurements (board_revision_id, kind, test_point, reference_designator, rail_name, power_state, expected_value, measured_value, units, notes, is_known_good) VALUES (300032, 'voltage', '12V', NULL, '12V', 'on', '12.0', '12.0', 'V', 'Main 12V rail from PSU (where applicable).', 1);
INSERT INTO board_revisions (id, device_model, revision, layer_count, primary_soc, pmic, notes) VALUES (300033, 'Nintendo Switch', 'Logic Board', NULL, NULL, 'U_PMIC', 'Nintendo Switch board. Component set and rails are era-typical reference values; confirm exact values against the boardview/schematic for this revision.');
INSERT INTO board_components (board_revision_id, reference_designator, component_type, value, part_number, notes) VALUES (300033, 'U_SOC', 'SoC', NULL, NULL, 'Main system-on-chip');
INSERT INTO board_components (board_revision_id, reference_designator, component_type, value, part_number, notes) VALUES (300033, 'J_LCD', 'Connector', NULL, NULL, 'LCD / display connector');
INSERT INTO board_components (board_revision_id, reference_designator, component_type, value, part_number, notes) VALUES (300033, 'J_BATT', 'Connector', NULL, NULL, 'Battery connector');
INSERT INTO board_components (board_revision_id, reference_designator, component_type, value, part_number, notes) VALUES (300033, 'U_CHG', 'Charging IC', NULL, NULL, 'Battery charging IC');
INSERT INTO board_components (board_revision_id, reference_designator, component_type, value, part_number, notes) VALUES (300033, 'J_BTN', 'Connector', NULL, NULL, 'Button / control flex');
INSERT INTO board_components (board_revision_id, reference_designator, component_type, value, part_number, notes) VALUES (300033, 'U_PMIC', 'PMIC', NULL, NULL, 'Power management IC');
INSERT INTO board_components (board_revision_id, reference_designator, component_type, value, part_number, notes) VALUES (300033, 'J_CART', 'Connector', NULL, NULL, 'Game card / cartridge connector');
INSERT INTO board_components (board_revision_id, reference_designator, component_type, value, part_number, notes) VALUES (300033, 'U1', 'Charging IC', NULL, 'M92T36', 'USB-C PD / charging IC');
INSERT INTO board_components (board_revision_id, reference_designator, component_type, value, part_number, notes) VALUES (300033, 'U3', 'Display Mux', NULL, 'P13USB', 'USB / display mux');
INSERT INTO board_components (board_revision_id, reference_designator, component_type, value, part_number, notes) VALUES (300033, 'U6', 'Battery Charger', NULL, 'BQ24193', 'Battery charger IC');
INSERT INTO board_test_points (board_revision_id, label, location_desc, expected_voltage, expected_resistance) VALUES (300033, 'VBAT', 'see boardview', '3.7V', NULL);
INSERT INTO board_test_points (board_revision_id, label, location_desc, expected_voltage, expected_resistance) VALUES (300033, '3V3', 'see boardview', '3.3V', NULL);
INSERT INTO board_test_points (board_revision_id, label, location_desc, expected_voltage, expected_resistance) VALUES (300033, '1V8', 'see boardview', '1.8V', NULL);
INSERT INTO board_nets (board_revision_id, net_name, test_point, expected_value, units) VALUES (300033, 'VBAT', 'VBAT', '3.7', 'V');
INSERT INTO board_nets (board_revision_id, net_name, test_point, expected_value, units) VALUES (300033, '3V3', '3V3', '3.3', 'V');
INSERT INTO board_nets (board_revision_id, net_name, test_point, expected_value, units) VALUES (300033, '1V8', '1V8', '1.8', 'V');
INSERT INTO measurements (board_revision_id, kind, test_point, reference_designator, rail_name, power_state, expected_value, measured_value, units, notes, is_known_good) VALUES (300033, 'voltage', 'VBAT', NULL, 'VBAT', 'off', '3.7', '3.7', 'V', 'Battery rail (3.0-4.2V).', 1);
INSERT INTO measurements (board_revision_id, kind, test_point, reference_designator, rail_name, power_state, expected_value, measured_value, units, notes, is_known_good) VALUES (300033, 'voltage', '3V3', NULL, '3V3', 'on', '3.3', '3.3', 'V', '3.3V rail (typical).', 1);
INSERT INTO measurements (board_revision_id, kind, test_point, reference_designator, rail_name, power_state, expected_value, measured_value, units, notes, is_known_good) VALUES (300033, 'voltage', '1V8', NULL, '1V8', 'on', '1.8', '1.8', 'V', '1.8V rail (typical).', 1);
INSERT INTO board_revisions (id, device_model, revision, layer_count, primary_soc, pmic, notes) VALUES (300034, 'Nintendo Switch Lite', 'Logic Board', NULL, NULL, 'U_PMIC', 'Nintendo Switch Lite board. Component set and rails are era-typical reference values; confirm exact values against the boardview/schematic for this revision.');
INSERT INTO board_components (board_revision_id, reference_designator, component_type, value, part_number, notes) VALUES (300034, 'U_SOC', 'SoC', NULL, NULL, 'Main system-on-chip');
INSERT INTO board_components (board_revision_id, reference_designator, component_type, value, part_number, notes) VALUES (300034, 'J_LCD', 'Connector', NULL, NULL, 'LCD / display connector');
INSERT INTO board_components (board_revision_id, reference_designator, component_type, value, part_number, notes) VALUES (300034, 'J_BATT', 'Connector', NULL, NULL, 'Battery connector');
INSERT INTO board_components (board_revision_id, reference_designator, component_type, value, part_number, notes) VALUES (300034, 'U_CHG', 'Charging IC', NULL, NULL, 'Battery charging IC');
INSERT INTO board_components (board_revision_id, reference_designator, component_type, value, part_number, notes) VALUES (300034, 'J_BTN', 'Connector', NULL, NULL, 'Button / control flex');
INSERT INTO board_components (board_revision_id, reference_designator, component_type, value, part_number, notes) VALUES (300034, 'U_PMIC', 'PMIC', NULL, NULL, 'Power management IC');
INSERT INTO board_components (board_revision_id, reference_designator, component_type, value, part_number, notes) VALUES (300034, 'J_CART', 'Connector', NULL, NULL, 'Game card / cartridge connector');
INSERT INTO board_components (board_revision_id, reference_designator, component_type, value, part_number, notes) VALUES (300034, 'U1', 'Charging IC', NULL, 'M92T36', 'USB-C PD / charging IC');
INSERT INTO board_components (board_revision_id, reference_designator, component_type, value, part_number, notes) VALUES (300034, 'U3', 'Display Mux', NULL, 'P13USB', 'USB / display mux');
INSERT INTO board_components (board_revision_id, reference_designator, component_type, value, part_number, notes) VALUES (300034, 'U6', 'Battery Charger', NULL, 'BQ24193', 'Battery charger IC');
INSERT INTO board_test_points (board_revision_id, label, location_desc, expected_voltage, expected_resistance) VALUES (300034, 'VBAT', 'see boardview', '3.7V', NULL);
INSERT INTO board_test_points (board_revision_id, label, location_desc, expected_voltage, expected_resistance) VALUES (300034, '3V3', 'see boardview', '3.3V', NULL);
INSERT INTO board_test_points (board_revision_id, label, location_desc, expected_voltage, expected_resistance) VALUES (300034, '1V8', 'see boardview', '1.8V', NULL);
INSERT INTO board_nets (board_revision_id, net_name, test_point, expected_value, units) VALUES (300034, 'VBAT', 'VBAT', '3.7', 'V');
INSERT INTO board_nets (board_revision_id, net_name, test_point, expected_value, units) VALUES (300034, '3V3', '3V3', '3.3', 'V');
INSERT INTO board_nets (board_revision_id, net_name, test_point, expected_value, units) VALUES (300034, '1V8', '1V8', '1.8', 'V');
INSERT INTO measurements (board_revision_id, kind, test_point, reference_designator, rail_name, power_state, expected_value, measured_value, units, notes, is_known_good) VALUES (300034, 'voltage', 'VBAT', NULL, 'VBAT', 'off', '3.7', '3.7', 'V', 'Battery rail (3.0-4.2V).', 1);
INSERT INTO measurements (board_revision_id, kind, test_point, reference_designator, rail_name, power_state, expected_value, measured_value, units, notes, is_known_good) VALUES (300034, 'voltage', '3V3', NULL, '3V3', 'on', '3.3', '3.3', 'V', '3.3V rail (typical).', 1);
INSERT INTO measurements (board_revision_id, kind, test_point, reference_designator, rail_name, power_state, expected_value, measured_value, units, notes, is_known_good) VALUES (300034, 'voltage', '1V8', NULL, '1V8', 'on', '1.8', '1.8', 'V', '1.8V rail (typical).', 1);
INSERT INTO board_revisions (id, device_model, revision, layer_count, primary_soc, pmic, notes) VALUES (300035, 'Nintendo Switch OLED', 'Logic Board', NULL, NULL, 'U_PMIC', 'Nintendo Switch OLED board. Component set and rails are era-typical reference values; confirm exact values against the boardview/schematic for this revision.');
INSERT INTO board_components (board_revision_id, reference_designator, component_type, value, part_number, notes) VALUES (300035, 'U_SOC', 'SoC', NULL, NULL, 'Main system-on-chip');
INSERT INTO board_components (board_revision_id, reference_designator, component_type, value, part_number, notes) VALUES (300035, 'J_LCD', 'Connector', NULL, NULL, 'LCD / display connector');
INSERT INTO board_components (board_revision_id, reference_designator, component_type, value, part_number, notes) VALUES (300035, 'J_BATT', 'Connector', NULL, NULL, 'Battery connector');
INSERT INTO board_components (board_revision_id, reference_designator, component_type, value, part_number, notes) VALUES (300035, 'U_CHG', 'Charging IC', NULL, NULL, 'Battery charging IC');
INSERT INTO board_components (board_revision_id, reference_designator, component_type, value, part_number, notes) VALUES (300035, 'J_BTN', 'Connector', NULL, NULL, 'Button / control flex');
INSERT INTO board_components (board_revision_id, reference_designator, component_type, value, part_number, notes) VALUES (300035, 'U_PMIC', 'PMIC', NULL, NULL, 'Power management IC');
INSERT INTO board_components (board_revision_id, reference_designator, component_type, value, part_number, notes) VALUES (300035, 'J_CART', 'Connector', NULL, NULL, 'Game card / cartridge connector');
INSERT INTO board_components (board_revision_id, reference_designator, component_type, value, part_number, notes) VALUES (300035, 'U1', 'Charging IC', NULL, 'M92T36', 'USB-C PD / charging IC');
INSERT INTO board_components (board_revision_id, reference_designator, component_type, value, part_number, notes) VALUES (300035, 'U3', 'Display Mux', NULL, 'P13USB', 'USB / display mux');
INSERT INTO board_components (board_revision_id, reference_designator, component_type, value, part_number, notes) VALUES (300035, 'U6', 'Battery Charger', NULL, 'BQ24193', 'Battery charger IC');
INSERT INTO board_test_points (board_revision_id, label, location_desc, expected_voltage, expected_resistance) VALUES (300035, 'VBAT', 'see boardview', '3.7V', NULL);
INSERT INTO board_test_points (board_revision_id, label, location_desc, expected_voltage, expected_resistance) VALUES (300035, '3V3', 'see boardview', '3.3V', NULL);
INSERT INTO board_test_points (board_revision_id, label, location_desc, expected_voltage, expected_resistance) VALUES (300035, '1V8', 'see boardview', '1.8V', NULL);
INSERT INTO board_nets (board_revision_id, net_name, test_point, expected_value, units) VALUES (300035, 'VBAT', 'VBAT', '3.7', 'V');
INSERT INTO board_nets (board_revision_id, net_name, test_point, expected_value, units) VALUES (300035, '3V3', '3V3', '3.3', 'V');
INSERT INTO board_nets (board_revision_id, net_name, test_point, expected_value, units) VALUES (300035, '1V8', '1V8', '1.8', 'V');
INSERT INTO measurements (board_revision_id, kind, test_point, reference_designator, rail_name, power_state, expected_value, measured_value, units, notes, is_known_good) VALUES (300035, 'voltage', 'VBAT', NULL, 'VBAT', 'off', '3.7', '3.7', 'V', 'Battery rail (3.0-4.2V).', 1);
INSERT INTO measurements (board_revision_id, kind, test_point, reference_designator, rail_name, power_state, expected_value, measured_value, units, notes, is_known_good) VALUES (300035, 'voltage', '3V3', NULL, '3V3', 'on', '3.3', '3.3', 'V', '3.3V rail (typical).', 1);
INSERT INTO measurements (board_revision_id, kind, test_point, reference_designator, rail_name, power_state, expected_value, measured_value, units, notes, is_known_good) VALUES (300035, 'voltage', '1V8', NULL, '1V8', 'on', '1.8', '1.8', 'V', '1.8V rail (typical).', 1);
INSERT INTO board_revisions (id, device_model, revision, layer_count, primary_soc, pmic, notes) VALUES (300036, 'Nintendo Game Boy', 'Logic Board', NULL, NULL, 'U_PMIC', 'Nintendo Game Boy board. Component set and rails are era-typical reference values; confirm exact values against the boardview/schematic for this revision.');
INSERT INTO board_components (board_revision_id, reference_designator, component_type, value, part_number, notes) VALUES (300036, 'U_SOC', 'SoC', NULL, NULL, 'Main system-on-chip');
INSERT INTO board_components (board_revision_id, reference_designator, component_type, value, part_number, notes) VALUES (300036, 'J_LCD', 'Connector', NULL, NULL, 'LCD / display connector');
INSERT INTO board_components (board_revision_id, reference_designator, component_type, value, part_number, notes) VALUES (300036, 'J_BATT', 'Connector', NULL, NULL, 'Battery connector');
INSERT INTO board_components (board_revision_id, reference_designator, component_type, value, part_number, notes) VALUES (300036, 'U_CHG', 'Charging IC', NULL, NULL, 'Battery charging IC');
INSERT INTO board_components (board_revision_id, reference_designator, component_type, value, part_number, notes) VALUES (300036, 'J_BTN', 'Connector', NULL, NULL, 'Button / control flex');
INSERT INTO board_components (board_revision_id, reference_designator, component_type, value, part_number, notes) VALUES (300036, 'U_PMIC', 'PMIC', NULL, NULL, 'Power management IC');
INSERT INTO board_components (board_revision_id, reference_designator, component_type, value, part_number, notes) VALUES (300036, 'J_CART', 'Connector', NULL, NULL, 'Game card / cartridge connector');
INSERT INTO board_test_points (board_revision_id, label, location_desc, expected_voltage, expected_resistance) VALUES (300036, 'VBAT', 'see boardview', '3.7V', NULL);
INSERT INTO board_test_points (board_revision_id, label, location_desc, expected_voltage, expected_resistance) VALUES (300036, '3V3', 'see boardview', '3.3V', NULL);
INSERT INTO board_test_points (board_revision_id, label, location_desc, expected_voltage, expected_resistance) VALUES (300036, '1V8', 'see boardview', '1.8V', NULL);
INSERT INTO board_nets (board_revision_id, net_name, test_point, expected_value, units) VALUES (300036, 'VBAT', 'VBAT', '3.7', 'V');
INSERT INTO board_nets (board_revision_id, net_name, test_point, expected_value, units) VALUES (300036, '3V3', '3V3', '3.3', 'V');
INSERT INTO board_nets (board_revision_id, net_name, test_point, expected_value, units) VALUES (300036, '1V8', '1V8', '1.8', 'V');
INSERT INTO measurements (board_revision_id, kind, test_point, reference_designator, rail_name, power_state, expected_value, measured_value, units, notes, is_known_good) VALUES (300036, 'voltage', 'VBAT', NULL, 'VBAT', 'off', '3.7', '3.7', 'V', 'Battery rail (3.0-4.2V).', 1);
INSERT INTO measurements (board_revision_id, kind, test_point, reference_designator, rail_name, power_state, expected_value, measured_value, units, notes, is_known_good) VALUES (300036, 'voltage', '3V3', NULL, '3V3', 'on', '3.3', '3.3', 'V', '3.3V rail (typical).', 1);
INSERT INTO measurements (board_revision_id, kind, test_point, reference_designator, rail_name, power_state, expected_value, measured_value, units, notes, is_known_good) VALUES (300036, 'voltage', '1V8', NULL, '1V8', 'on', '1.8', '1.8', 'V', '1.8V rail (typical).', 1);
INSERT INTO board_revisions (id, device_model, revision, layer_count, primary_soc, pmic, notes) VALUES (300037, 'Nintendo Game Boy Pocket', 'Logic Board', NULL, NULL, 'U_PMIC', 'Nintendo Game Boy Pocket board. Component set and rails are era-typical reference values; confirm exact values against the boardview/schematic for this revision.');
INSERT INTO board_components (board_revision_id, reference_designator, component_type, value, part_number, notes) VALUES (300037, 'U_SOC', 'SoC', NULL, NULL, 'Main system-on-chip');
INSERT INTO board_components (board_revision_id, reference_designator, component_type, value, part_number, notes) VALUES (300037, 'J_LCD', 'Connector', NULL, NULL, 'LCD / display connector');
INSERT INTO board_components (board_revision_id, reference_designator, component_type, value, part_number, notes) VALUES (300037, 'J_BATT', 'Connector', NULL, NULL, 'Battery connector');
INSERT INTO board_components (board_revision_id, reference_designator, component_type, value, part_number, notes) VALUES (300037, 'U_CHG', 'Charging IC', NULL, NULL, 'Battery charging IC');
INSERT INTO board_components (board_revision_id, reference_designator, component_type, value, part_number, notes) VALUES (300037, 'J_BTN', 'Connector', NULL, NULL, 'Button / control flex');
INSERT INTO board_components (board_revision_id, reference_designator, component_type, value, part_number, notes) VALUES (300037, 'U_PMIC', 'PMIC', NULL, NULL, 'Power management IC');
INSERT INTO board_components (board_revision_id, reference_designator, component_type, value, part_number, notes) VALUES (300037, 'J_CART', 'Connector', NULL, NULL, 'Game card / cartridge connector');
INSERT INTO board_test_points (board_revision_id, label, location_desc, expected_voltage, expected_resistance) VALUES (300037, 'VBAT', 'see boardview', '3.7V', NULL);
INSERT INTO board_test_points (board_revision_id, label, location_desc, expected_voltage, expected_resistance) VALUES (300037, '3V3', 'see boardview', '3.3V', NULL);
INSERT INTO board_test_points (board_revision_id, label, location_desc, expected_voltage, expected_resistance) VALUES (300037, '1V8', 'see boardview', '1.8V', NULL);
INSERT INTO board_nets (board_revision_id, net_name, test_point, expected_value, units) VALUES (300037, 'VBAT', 'VBAT', '3.7', 'V');
INSERT INTO board_nets (board_revision_id, net_name, test_point, expected_value, units) VALUES (300037, '3V3', '3V3', '3.3', 'V');
INSERT INTO board_nets (board_revision_id, net_name, test_point, expected_value, units) VALUES (300037, '1V8', '1V8', '1.8', 'V');
INSERT INTO measurements (board_revision_id, kind, test_point, reference_designator, rail_name, power_state, expected_value, measured_value, units, notes, is_known_good) VALUES (300037, 'voltage', 'VBAT', NULL, 'VBAT', 'off', '3.7', '3.7', 'V', 'Battery rail (3.0-4.2V).', 1);
INSERT INTO measurements (board_revision_id, kind, test_point, reference_designator, rail_name, power_state, expected_value, measured_value, units, notes, is_known_good) VALUES (300037, 'voltage', '3V3', NULL, '3V3', 'on', '3.3', '3.3', 'V', '3.3V rail (typical).', 1);
INSERT INTO measurements (board_revision_id, kind, test_point, reference_designator, rail_name, power_state, expected_value, measured_value, units, notes, is_known_good) VALUES (300037, 'voltage', '1V8', NULL, '1V8', 'on', '1.8', '1.8', 'V', '1.8V rail (typical).', 1);
INSERT INTO board_revisions (id, device_model, revision, layer_count, primary_soc, pmic, notes) VALUES (300038, 'Nintendo Game Boy Color', 'Logic Board', NULL, NULL, 'U_PMIC', 'Nintendo Game Boy Color board. Component set and rails are era-typical reference values; confirm exact values against the boardview/schematic for this revision.');
INSERT INTO board_components (board_revision_id, reference_designator, component_type, value, part_number, notes) VALUES (300038, 'U_SOC', 'SoC', NULL, NULL, 'Main system-on-chip');
INSERT INTO board_components (board_revision_id, reference_designator, component_type, value, part_number, notes) VALUES (300038, 'J_LCD', 'Connector', NULL, NULL, 'LCD / display connector');
INSERT INTO board_components (board_revision_id, reference_designator, component_type, value, part_number, notes) VALUES (300038, 'J_BATT', 'Connector', NULL, NULL, 'Battery connector');
INSERT INTO board_components (board_revision_id, reference_designator, component_type, value, part_number, notes) VALUES (300038, 'U_CHG', 'Charging IC', NULL, NULL, 'Battery charging IC');
INSERT INTO board_components (board_revision_id, reference_designator, component_type, value, part_number, notes) VALUES (300038, 'J_BTN', 'Connector', NULL, NULL, 'Button / control flex');
INSERT INTO board_components (board_revision_id, reference_designator, component_type, value, part_number, notes) VALUES (300038, 'U_PMIC', 'PMIC', NULL, NULL, 'Power management IC');
INSERT INTO board_components (board_revision_id, reference_designator, component_type, value, part_number, notes) VALUES (300038, 'J_CART', 'Connector', NULL, NULL, 'Game card / cartridge connector');
INSERT INTO board_test_points (board_revision_id, label, location_desc, expected_voltage, expected_resistance) VALUES (300038, 'VBAT', 'see boardview', '3.7V', NULL);
INSERT INTO board_test_points (board_revision_id, label, location_desc, expected_voltage, expected_resistance) VALUES (300038, '3V3', 'see boardview', '3.3V', NULL);
INSERT INTO board_test_points (board_revision_id, label, location_desc, expected_voltage, expected_resistance) VALUES (300038, '1V8', 'see boardview', '1.8V', NULL);
INSERT INTO board_nets (board_revision_id, net_name, test_point, expected_value, units) VALUES (300038, 'VBAT', 'VBAT', '3.7', 'V');
INSERT INTO board_nets (board_revision_id, net_name, test_point, expected_value, units) VALUES (300038, '3V3', '3V3', '3.3', 'V');
INSERT INTO board_nets (board_revision_id, net_name, test_point, expected_value, units) VALUES (300038, '1V8', '1V8', '1.8', 'V');
INSERT INTO measurements (board_revision_id, kind, test_point, reference_designator, rail_name, power_state, expected_value, measured_value, units, notes, is_known_good) VALUES (300038, 'voltage', 'VBAT', NULL, 'VBAT', 'off', '3.7', '3.7', 'V', 'Battery rail (3.0-4.2V).', 1);
INSERT INTO measurements (board_revision_id, kind, test_point, reference_designator, rail_name, power_state, expected_value, measured_value, units, notes, is_known_good) VALUES (300038, 'voltage', '3V3', NULL, '3V3', 'on', '3.3', '3.3', 'V', '3.3V rail (typical).', 1);
INSERT INTO measurements (board_revision_id, kind, test_point, reference_designator, rail_name, power_state, expected_value, measured_value, units, notes, is_known_good) VALUES (300038, 'voltage', '1V8', NULL, '1V8', 'on', '1.8', '1.8', 'V', '1.8V rail (typical).', 1);
INSERT INTO board_revisions (id, device_model, revision, layer_count, primary_soc, pmic, notes) VALUES (300039, 'Nintendo Game Boy Advance', 'Logic Board', NULL, NULL, 'U_PMIC', 'Nintendo Game Boy Advance board. Component set and rails are era-typical reference values; confirm exact values against the boardview/schematic for this revision.');
INSERT INTO board_components (board_revision_id, reference_designator, component_type, value, part_number, notes) VALUES (300039, 'U_SOC', 'SoC', NULL, NULL, 'Main system-on-chip');
INSERT INTO board_components (board_revision_id, reference_designator, component_type, value, part_number, notes) VALUES (300039, 'J_LCD', 'Connector', NULL, NULL, 'LCD / display connector');
INSERT INTO board_components (board_revision_id, reference_designator, component_type, value, part_number, notes) VALUES (300039, 'J_BATT', 'Connector', NULL, NULL, 'Battery connector');
INSERT INTO board_components (board_revision_id, reference_designator, component_type, value, part_number, notes) VALUES (300039, 'U_CHG', 'Charging IC', NULL, NULL, 'Battery charging IC');
INSERT INTO board_components (board_revision_id, reference_designator, component_type, value, part_number, notes) VALUES (300039, 'J_BTN', 'Connector', NULL, NULL, 'Button / control flex');
INSERT INTO board_components (board_revision_id, reference_designator, component_type, value, part_number, notes) VALUES (300039, 'U_PMIC', 'PMIC', NULL, NULL, 'Power management IC');
INSERT INTO board_components (board_revision_id, reference_designator, component_type, value, part_number, notes) VALUES (300039, 'J_CART', 'Connector', NULL, NULL, 'Game card / cartridge connector');
INSERT INTO board_test_points (board_revision_id, label, location_desc, expected_voltage, expected_resistance) VALUES (300039, 'VBAT', 'see boardview', '3.7V', NULL);
INSERT INTO board_test_points (board_revision_id, label, location_desc, expected_voltage, expected_resistance) VALUES (300039, '3V3', 'see boardview', '3.3V', NULL);
INSERT INTO board_test_points (board_revision_id, label, location_desc, expected_voltage, expected_resistance) VALUES (300039, '1V8', 'see boardview', '1.8V', NULL);
INSERT INTO board_nets (board_revision_id, net_name, test_point, expected_value, units) VALUES (300039, 'VBAT', 'VBAT', '3.7', 'V');
INSERT INTO board_nets (board_revision_id, net_name, test_point, expected_value, units) VALUES (300039, '3V3', '3V3', '3.3', 'V');
INSERT INTO board_nets (board_revision_id, net_name, test_point, expected_value, units) VALUES (300039, '1V8', '1V8', '1.8', 'V');
INSERT INTO measurements (board_revision_id, kind, test_point, reference_designator, rail_name, power_state, expected_value, measured_value, units, notes, is_known_good) VALUES (300039, 'voltage', 'VBAT', NULL, 'VBAT', 'off', '3.7', '3.7', 'V', 'Battery rail (3.0-4.2V).', 1);
INSERT INTO measurements (board_revision_id, kind, test_point, reference_designator, rail_name, power_state, expected_value, measured_value, units, notes, is_known_good) VALUES (300039, 'voltage', '3V3', NULL, '3V3', 'on', '3.3', '3.3', 'V', '3.3V rail (typical).', 1);
INSERT INTO measurements (board_revision_id, kind, test_point, reference_designator, rail_name, power_state, expected_value, measured_value, units, notes, is_known_good) VALUES (300039, 'voltage', '1V8', NULL, '1V8', 'on', '1.8', '1.8', 'V', '1.8V rail (typical).', 1);
INSERT INTO board_revisions (id, device_model, revision, layer_count, primary_soc, pmic, notes) VALUES (300040, 'Nintendo Game Boy Advance SP', 'Logic Board', NULL, NULL, 'U_PMIC', 'Nintendo Game Boy Advance SP board. Component set and rails are era-typical reference values; confirm exact values against the boardview/schematic for this revision.');
INSERT INTO board_components (board_revision_id, reference_designator, component_type, value, part_number, notes) VALUES (300040, 'U_SOC', 'SoC', NULL, NULL, 'Main system-on-chip');
INSERT INTO board_components (board_revision_id, reference_designator, component_type, value, part_number, notes) VALUES (300040, 'J_LCD', 'Connector', NULL, NULL, 'LCD / display connector');
INSERT INTO board_components (board_revision_id, reference_designator, component_type, value, part_number, notes) VALUES (300040, 'J_BATT', 'Connector', NULL, NULL, 'Battery connector');
INSERT INTO board_components (board_revision_id, reference_designator, component_type, value, part_number, notes) VALUES (300040, 'U_CHG', 'Charging IC', NULL, NULL, 'Battery charging IC');
INSERT INTO board_components (board_revision_id, reference_designator, component_type, value, part_number, notes) VALUES (300040, 'J_BTN', 'Connector', NULL, NULL, 'Button / control flex');
INSERT INTO board_components (board_revision_id, reference_designator, component_type, value, part_number, notes) VALUES (300040, 'U_PMIC', 'PMIC', NULL, NULL, 'Power management IC');
INSERT INTO board_components (board_revision_id, reference_designator, component_type, value, part_number, notes) VALUES (300040, 'J_CART', 'Connector', NULL, NULL, 'Game card / cartridge connector');
INSERT INTO board_test_points (board_revision_id, label, location_desc, expected_voltage, expected_resistance) VALUES (300040, 'VBAT', 'see boardview', '3.7V', NULL);
INSERT INTO board_test_points (board_revision_id, label, location_desc, expected_voltage, expected_resistance) VALUES (300040, '3V3', 'see boardview', '3.3V', NULL);
INSERT INTO board_test_points (board_revision_id, label, location_desc, expected_voltage, expected_resistance) VALUES (300040, '1V8', 'see boardview', '1.8V', NULL);
INSERT INTO board_nets (board_revision_id, net_name, test_point, expected_value, units) VALUES (300040, 'VBAT', 'VBAT', '3.7', 'V');
INSERT INTO board_nets (board_revision_id, net_name, test_point, expected_value, units) VALUES (300040, '3V3', '3V3', '3.3', 'V');
INSERT INTO board_nets (board_revision_id, net_name, test_point, expected_value, units) VALUES (300040, '1V8', '1V8', '1.8', 'V');
INSERT INTO measurements (board_revision_id, kind, test_point, reference_designator, rail_name, power_state, expected_value, measured_value, units, notes, is_known_good) VALUES (300040, 'voltage', 'VBAT', NULL, 'VBAT', 'off', '3.7', '3.7', 'V', 'Battery rail (3.0-4.2V).', 1);
INSERT INTO measurements (board_revision_id, kind, test_point, reference_designator, rail_name, power_state, expected_value, measured_value, units, notes, is_known_good) VALUES (300040, 'voltage', '3V3', NULL, '3V3', 'on', '3.3', '3.3', 'V', '3.3V rail (typical).', 1);
INSERT INTO measurements (board_revision_id, kind, test_point, reference_designator, rail_name, power_state, expected_value, measured_value, units, notes, is_known_good) VALUES (300040, 'voltage', '1V8', NULL, '1V8', 'on', '1.8', '1.8', 'V', '1.8V rail (typical).', 1);
INSERT INTO board_revisions (id, device_model, revision, layer_count, primary_soc, pmic, notes) VALUES (300041, 'Nintendo Game Boy Micro', 'Logic Board', NULL, NULL, 'U_PMIC', 'Nintendo Game Boy Micro board. Component set and rails are era-typical reference values; confirm exact values against the boardview/schematic for this revision.');
INSERT INTO board_components (board_revision_id, reference_designator, component_type, value, part_number, notes) VALUES (300041, 'U_SOC', 'SoC', NULL, NULL, 'Main system-on-chip');
INSERT INTO board_components (board_revision_id, reference_designator, component_type, value, part_number, notes) VALUES (300041, 'J_LCD', 'Connector', NULL, NULL, 'LCD / display connector');
INSERT INTO board_components (board_revision_id, reference_designator, component_type, value, part_number, notes) VALUES (300041, 'J_BATT', 'Connector', NULL, NULL, 'Battery connector');
INSERT INTO board_components (board_revision_id, reference_designator, component_type, value, part_number, notes) VALUES (300041, 'U_CHG', 'Charging IC', NULL, NULL, 'Battery charging IC');
INSERT INTO board_components (board_revision_id, reference_designator, component_type, value, part_number, notes) VALUES (300041, 'J_BTN', 'Connector', NULL, NULL, 'Button / control flex');
INSERT INTO board_components (board_revision_id, reference_designator, component_type, value, part_number, notes) VALUES (300041, 'U_PMIC', 'PMIC', NULL, NULL, 'Power management IC');
INSERT INTO board_components (board_revision_id, reference_designator, component_type, value, part_number, notes) VALUES (300041, 'J_CART', 'Connector', NULL, NULL, 'Game card / cartridge connector');
INSERT INTO board_test_points (board_revision_id, label, location_desc, expected_voltage, expected_resistance) VALUES (300041, 'VBAT', 'see boardview', '3.7V', NULL);
INSERT INTO board_test_points (board_revision_id, label, location_desc, expected_voltage, expected_resistance) VALUES (300041, '3V3', 'see boardview', '3.3V', NULL);
INSERT INTO board_test_points (board_revision_id, label, location_desc, expected_voltage, expected_resistance) VALUES (300041, '1V8', 'see boardview', '1.8V', NULL);
INSERT INTO board_nets (board_revision_id, net_name, test_point, expected_value, units) VALUES (300041, 'VBAT', 'VBAT', '3.7', 'V');
INSERT INTO board_nets (board_revision_id, net_name, test_point, expected_value, units) VALUES (300041, '3V3', '3V3', '3.3', 'V');
INSERT INTO board_nets (board_revision_id, net_name, test_point, expected_value, units) VALUES (300041, '1V8', '1V8', '1.8', 'V');
INSERT INTO measurements (board_revision_id, kind, test_point, reference_designator, rail_name, power_state, expected_value, measured_value, units, notes, is_known_good) VALUES (300041, 'voltage', 'VBAT', NULL, 'VBAT', 'off', '3.7', '3.7', 'V', 'Battery rail (3.0-4.2V).', 1);
INSERT INTO measurements (board_revision_id, kind, test_point, reference_designator, rail_name, power_state, expected_value, measured_value, units, notes, is_known_good) VALUES (300041, 'voltage', '3V3', NULL, '3V3', 'on', '3.3', '3.3', 'V', '3.3V rail (typical).', 1);
INSERT INTO measurements (board_revision_id, kind, test_point, reference_designator, rail_name, power_state, expected_value, measured_value, units, notes, is_known_good) VALUES (300041, 'voltage', '1V8', NULL, '1V8', 'on', '1.8', '1.8', 'V', '1.8V rail (typical).', 1);
INSERT INTO board_revisions (id, device_model, revision, layer_count, primary_soc, pmic, notes) VALUES (300042, 'Nintendo Nintendo DS', 'Logic Board', NULL, NULL, 'U_PMIC', 'Nintendo Nintendo DS board. Component set and rails are era-typical reference values; confirm exact values against the boardview/schematic for this revision.');
INSERT INTO board_components (board_revision_id, reference_designator, component_type, value, part_number, notes) VALUES (300042, 'U_SOC', 'SoC', NULL, NULL, 'Main system-on-chip');
INSERT INTO board_components (board_revision_id, reference_designator, component_type, value, part_number, notes) VALUES (300042, 'J_LCD', 'Connector', NULL, NULL, 'LCD / display connector');
INSERT INTO board_components (board_revision_id, reference_designator, component_type, value, part_number, notes) VALUES (300042, 'J_BATT', 'Connector', NULL, NULL, 'Battery connector');
INSERT INTO board_components (board_revision_id, reference_designator, component_type, value, part_number, notes) VALUES (300042, 'U_CHG', 'Charging IC', NULL, NULL, 'Battery charging IC');
INSERT INTO board_components (board_revision_id, reference_designator, component_type, value, part_number, notes) VALUES (300042, 'J_BTN', 'Connector', NULL, NULL, 'Button / control flex');
INSERT INTO board_components (board_revision_id, reference_designator, component_type, value, part_number, notes) VALUES (300042, 'U_PMIC', 'PMIC', NULL, NULL, 'Power management IC');
INSERT INTO board_components (board_revision_id, reference_designator, component_type, value, part_number, notes) VALUES (300042, 'J_CART', 'Connector', NULL, NULL, 'Game card / cartridge connector');
INSERT INTO board_test_points (board_revision_id, label, location_desc, expected_voltage, expected_resistance) VALUES (300042, 'VBAT', 'see boardview', '3.7V', NULL);
INSERT INTO board_test_points (board_revision_id, label, location_desc, expected_voltage, expected_resistance) VALUES (300042, '3V3', 'see boardview', '3.3V', NULL);
INSERT INTO board_test_points (board_revision_id, label, location_desc, expected_voltage, expected_resistance) VALUES (300042, '1V8', 'see boardview', '1.8V', NULL);
INSERT INTO board_nets (board_revision_id, net_name, test_point, expected_value, units) VALUES (300042, 'VBAT', 'VBAT', '3.7', 'V');
INSERT INTO board_nets (board_revision_id, net_name, test_point, expected_value, units) VALUES (300042, '3V3', '3V3', '3.3', 'V');
INSERT INTO board_nets (board_revision_id, net_name, test_point, expected_value, units) VALUES (300042, '1V8', '1V8', '1.8', 'V');
INSERT INTO measurements (board_revision_id, kind, test_point, reference_designator, rail_name, power_state, expected_value, measured_value, units, notes, is_known_good) VALUES (300042, 'voltage', 'VBAT', NULL, 'VBAT', 'off', '3.7', '3.7', 'V', 'Battery rail (3.0-4.2V).', 1);
INSERT INTO measurements (board_revision_id, kind, test_point, reference_designator, rail_name, power_state, expected_value, measured_value, units, notes, is_known_good) VALUES (300042, 'voltage', '3V3', NULL, '3V3', 'on', '3.3', '3.3', 'V', '3.3V rail (typical).', 1);
INSERT INTO measurements (board_revision_id, kind, test_point, reference_designator, rail_name, power_state, expected_value, measured_value, units, notes, is_known_good) VALUES (300042, 'voltage', '1V8', NULL, '1V8', 'on', '1.8', '1.8', 'V', '1.8V rail (typical).', 1);
INSERT INTO board_revisions (id, device_model, revision, layer_count, primary_soc, pmic, notes) VALUES (300043, 'Nintendo Nintendo DS Lite', 'Logic Board', NULL, NULL, 'U_PMIC', 'Nintendo Nintendo DS Lite board. Component set and rails are era-typical reference values; confirm exact values against the boardview/schematic for this revision.');
INSERT INTO board_components (board_revision_id, reference_designator, component_type, value, part_number, notes) VALUES (300043, 'U_SOC', 'SoC', NULL, NULL, 'Main system-on-chip');
INSERT INTO board_components (board_revision_id, reference_designator, component_type, value, part_number, notes) VALUES (300043, 'J_LCD', 'Connector', NULL, NULL, 'LCD / display connector');
INSERT INTO board_components (board_revision_id, reference_designator, component_type, value, part_number, notes) VALUES (300043, 'J_BATT', 'Connector', NULL, NULL, 'Battery connector');
INSERT INTO board_components (board_revision_id, reference_designator, component_type, value, part_number, notes) VALUES (300043, 'U_CHG', 'Charging IC', NULL, NULL, 'Battery charging IC');
INSERT INTO board_components (board_revision_id, reference_designator, component_type, value, part_number, notes) VALUES (300043, 'J_BTN', 'Connector', NULL, NULL, 'Button / control flex');
INSERT INTO board_components (board_revision_id, reference_designator, component_type, value, part_number, notes) VALUES (300043, 'U_PMIC', 'PMIC', NULL, NULL, 'Power management IC');
INSERT INTO board_components (board_revision_id, reference_designator, component_type, value, part_number, notes) VALUES (300043, 'J_CART', 'Connector', NULL, NULL, 'Game card / cartridge connector');
INSERT INTO board_test_points (board_revision_id, label, location_desc, expected_voltage, expected_resistance) VALUES (300043, 'VBAT', 'see boardview', '3.7V', NULL);
INSERT INTO board_test_points (board_revision_id, label, location_desc, expected_voltage, expected_resistance) VALUES (300043, '3V3', 'see boardview', '3.3V', NULL);
INSERT INTO board_test_points (board_revision_id, label, location_desc, expected_voltage, expected_resistance) VALUES (300043, '1V8', 'see boardview', '1.8V', NULL);
INSERT INTO board_nets (board_revision_id, net_name, test_point, expected_value, units) VALUES (300043, 'VBAT', 'VBAT', '3.7', 'V');
INSERT INTO board_nets (board_revision_id, net_name, test_point, expected_value, units) VALUES (300043, '3V3', '3V3', '3.3', 'V');
INSERT INTO board_nets (board_revision_id, net_name, test_point, expected_value, units) VALUES (300043, '1V8', '1V8', '1.8', 'V');
INSERT INTO measurements (board_revision_id, kind, test_point, reference_designator, rail_name, power_state, expected_value, measured_value, units, notes, is_known_good) VALUES (300043, 'voltage', 'VBAT', NULL, 'VBAT', 'off', '3.7', '3.7', 'V', 'Battery rail (3.0-4.2V).', 1);
INSERT INTO measurements (board_revision_id, kind, test_point, reference_designator, rail_name, power_state, expected_value, measured_value, units, notes, is_known_good) VALUES (300043, 'voltage', '3V3', NULL, '3V3', 'on', '3.3', '3.3', 'V', '3.3V rail (typical).', 1);
INSERT INTO measurements (board_revision_id, kind, test_point, reference_designator, rail_name, power_state, expected_value, measured_value, units, notes, is_known_good) VALUES (300043, 'voltage', '1V8', NULL, '1V8', 'on', '1.8', '1.8', 'V', '1.8V rail (typical).', 1);
INSERT INTO board_revisions (id, device_model, revision, layer_count, primary_soc, pmic, notes) VALUES (300044, 'Nintendo Nintendo DSi', 'Logic Board', NULL, NULL, 'U_PMIC', 'Nintendo Nintendo DSi board. Component set and rails are era-typical reference values; confirm exact values against the boardview/schematic for this revision.');
INSERT INTO board_components (board_revision_id, reference_designator, component_type, value, part_number, notes) VALUES (300044, 'U_SOC', 'SoC', NULL, NULL, 'Main system-on-chip');
INSERT INTO board_components (board_revision_id, reference_designator, component_type, value, part_number, notes) VALUES (300044, 'J_LCD', 'Connector', NULL, NULL, 'LCD / display connector');
INSERT INTO board_components (board_revision_id, reference_designator, component_type, value, part_number, notes) VALUES (300044, 'J_BATT', 'Connector', NULL, NULL, 'Battery connector');
INSERT INTO board_components (board_revision_id, reference_designator, component_type, value, part_number, notes) VALUES (300044, 'U_CHG', 'Charging IC', NULL, NULL, 'Battery charging IC');
INSERT INTO board_components (board_revision_id, reference_designator, component_type, value, part_number, notes) VALUES (300044, 'J_BTN', 'Connector', NULL, NULL, 'Button / control flex');
INSERT INTO board_components (board_revision_id, reference_designator, component_type, value, part_number, notes) VALUES (300044, 'U_PMIC', 'PMIC', NULL, NULL, 'Power management IC');
INSERT INTO board_components (board_revision_id, reference_designator, component_type, value, part_number, notes) VALUES (300044, 'J_CART', 'Connector', NULL, NULL, 'Game card / cartridge connector');
INSERT INTO board_test_points (board_revision_id, label, location_desc, expected_voltage, expected_resistance) VALUES (300044, 'VBAT', 'see boardview', '3.7V', NULL);
INSERT INTO board_test_points (board_revision_id, label, location_desc, expected_voltage, expected_resistance) VALUES (300044, '3V3', 'see boardview', '3.3V', NULL);
INSERT INTO board_test_points (board_revision_id, label, location_desc, expected_voltage, expected_resistance) VALUES (300044, '1V8', 'see boardview', '1.8V', NULL);
INSERT INTO board_nets (board_revision_id, net_name, test_point, expected_value, units) VALUES (300044, 'VBAT', 'VBAT', '3.7', 'V');
INSERT INTO board_nets (board_revision_id, net_name, test_point, expected_value, units) VALUES (300044, '3V3', '3V3', '3.3', 'V');
INSERT INTO board_nets (board_revision_id, net_name, test_point, expected_value, units) VALUES (300044, '1V8', '1V8', '1.8', 'V');
INSERT INTO measurements (board_revision_id, kind, test_point, reference_designator, rail_name, power_state, expected_value, measured_value, units, notes, is_known_good) VALUES (300044, 'voltage', 'VBAT', NULL, 'VBAT', 'off', '3.7', '3.7', 'V', 'Battery rail (3.0-4.2V).', 1);
INSERT INTO measurements (board_revision_id, kind, test_point, reference_designator, rail_name, power_state, expected_value, measured_value, units, notes, is_known_good) VALUES (300044, 'voltage', '3V3', NULL, '3V3', 'on', '3.3', '3.3', 'V', '3.3V rail (typical).', 1);
INSERT INTO measurements (board_revision_id, kind, test_point, reference_designator, rail_name, power_state, expected_value, measured_value, units, notes, is_known_good) VALUES (300044, 'voltage', '1V8', NULL, '1V8', 'on', '1.8', '1.8', 'V', '1.8V rail (typical).', 1);
INSERT INTO board_revisions (id, device_model, revision, layer_count, primary_soc, pmic, notes) VALUES (300045, 'Nintendo Nintendo DSi XL', 'Logic Board', NULL, NULL, 'U_PMIC', 'Nintendo Nintendo DSi XL board. Component set and rails are era-typical reference values; confirm exact values against the boardview/schematic for this revision.');
INSERT INTO board_components (board_revision_id, reference_designator, component_type, value, part_number, notes) VALUES (300045, 'U_SOC', 'SoC', NULL, NULL, 'Main system-on-chip');
INSERT INTO board_components (board_revision_id, reference_designator, component_type, value, part_number, notes) VALUES (300045, 'J_LCD', 'Connector', NULL, NULL, 'LCD / display connector');
INSERT INTO board_components (board_revision_id, reference_designator, component_type, value, part_number, notes) VALUES (300045, 'J_BATT', 'Connector', NULL, NULL, 'Battery connector');
INSERT INTO board_components (board_revision_id, reference_designator, component_type, value, part_number, notes) VALUES (300045, 'U_CHG', 'Charging IC', NULL, NULL, 'Battery charging IC');
INSERT INTO board_components (board_revision_id, reference_designator, component_type, value, part_number, notes) VALUES (300045, 'J_BTN', 'Connector', NULL, NULL, 'Button / control flex');
INSERT INTO board_components (board_revision_id, reference_designator, component_type, value, part_number, notes) VALUES (300045, 'U_PMIC', 'PMIC', NULL, NULL, 'Power management IC');
INSERT INTO board_components (board_revision_id, reference_designator, component_type, value, part_number, notes) VALUES (300045, 'J_CART', 'Connector', NULL, NULL, 'Game card / cartridge connector');
INSERT INTO board_test_points (board_revision_id, label, location_desc, expected_voltage, expected_resistance) VALUES (300045, 'VBAT', 'see boardview', '3.7V', NULL);
INSERT INTO board_test_points (board_revision_id, label, location_desc, expected_voltage, expected_resistance) VALUES (300045, '3V3', 'see boardview', '3.3V', NULL);
INSERT INTO board_test_points (board_revision_id, label, location_desc, expected_voltage, expected_resistance) VALUES (300045, '1V8', 'see boardview', '1.8V', NULL);
INSERT INTO board_nets (board_revision_id, net_name, test_point, expected_value, units) VALUES (300045, 'VBAT', 'VBAT', '3.7', 'V');
INSERT INTO board_nets (board_revision_id, net_name, test_point, expected_value, units) VALUES (300045, '3V3', '3V3', '3.3', 'V');
INSERT INTO board_nets (board_revision_id, net_name, test_point, expected_value, units) VALUES (300045, '1V8', '1V8', '1.8', 'V');
INSERT INTO measurements (board_revision_id, kind, test_point, reference_designator, rail_name, power_state, expected_value, measured_value, units, notes, is_known_good) VALUES (300045, 'voltage', 'VBAT', NULL, 'VBAT', 'off', '3.7', '3.7', 'V', 'Battery rail (3.0-4.2V).', 1);
INSERT INTO measurements (board_revision_id, kind, test_point, reference_designator, rail_name, power_state, expected_value, measured_value, units, notes, is_known_good) VALUES (300045, 'voltage', '3V3', NULL, '3V3', 'on', '3.3', '3.3', 'V', '3.3V rail (typical).', 1);
INSERT INTO measurements (board_revision_id, kind, test_point, reference_designator, rail_name, power_state, expected_value, measured_value, units, notes, is_known_good) VALUES (300045, 'voltage', '1V8', NULL, '1V8', 'on', '1.8', '1.8', 'V', '1.8V rail (typical).', 1);
INSERT INTO board_revisions (id, device_model, revision, layer_count, primary_soc, pmic, notes) VALUES (300046, 'Nintendo Nintendo 3DS', 'Logic Board', NULL, NULL, 'U_PMIC', 'Nintendo Nintendo 3DS board. Component set and rails are era-typical reference values; confirm exact values against the boardview/schematic for this revision.');
INSERT INTO board_components (board_revision_id, reference_designator, component_type, value, part_number, notes) VALUES (300046, 'U_SOC', 'SoC', NULL, NULL, 'Main system-on-chip');
INSERT INTO board_components (board_revision_id, reference_designator, component_type, value, part_number, notes) VALUES (300046, 'J_LCD', 'Connector', NULL, NULL, 'LCD / display connector');
INSERT INTO board_components (board_revision_id, reference_designator, component_type, value, part_number, notes) VALUES (300046, 'J_BATT', 'Connector', NULL, NULL, 'Battery connector');
INSERT INTO board_components (board_revision_id, reference_designator, component_type, value, part_number, notes) VALUES (300046, 'U_CHG', 'Charging IC', NULL, NULL, 'Battery charging IC');
INSERT INTO board_components (board_revision_id, reference_designator, component_type, value, part_number, notes) VALUES (300046, 'J_BTN', 'Connector', NULL, NULL, 'Button / control flex');
INSERT INTO board_components (board_revision_id, reference_designator, component_type, value, part_number, notes) VALUES (300046, 'U_PMIC', 'PMIC', NULL, NULL, 'Power management IC');
INSERT INTO board_components (board_revision_id, reference_designator, component_type, value, part_number, notes) VALUES (300046, 'J_CART', 'Connector', NULL, NULL, 'Game card / cartridge connector');
INSERT INTO board_test_points (board_revision_id, label, location_desc, expected_voltage, expected_resistance) VALUES (300046, 'VBAT', 'see boardview', '3.7V', NULL);
INSERT INTO board_test_points (board_revision_id, label, location_desc, expected_voltage, expected_resistance) VALUES (300046, '3V3', 'see boardview', '3.3V', NULL);
INSERT INTO board_test_points (board_revision_id, label, location_desc, expected_voltage, expected_resistance) VALUES (300046, '1V8', 'see boardview', '1.8V', NULL);
INSERT INTO board_nets (board_revision_id, net_name, test_point, expected_value, units) VALUES (300046, 'VBAT', 'VBAT', '3.7', 'V');
INSERT INTO board_nets (board_revision_id, net_name, test_point, expected_value, units) VALUES (300046, '3V3', '3V3', '3.3', 'V');
INSERT INTO board_nets (board_revision_id, net_name, test_point, expected_value, units) VALUES (300046, '1V8', '1V8', '1.8', 'V');
INSERT INTO measurements (board_revision_id, kind, test_point, reference_designator, rail_name, power_state, expected_value, measured_value, units, notes, is_known_good) VALUES (300046, 'voltage', 'VBAT', NULL, 'VBAT', 'off', '3.7', '3.7', 'V', 'Battery rail (3.0-4.2V).', 1);
INSERT INTO measurements (board_revision_id, kind, test_point, reference_designator, rail_name, power_state, expected_value, measured_value, units, notes, is_known_good) VALUES (300046, 'voltage', '3V3', NULL, '3V3', 'on', '3.3', '3.3', 'V', '3.3V rail (typical).', 1);
INSERT INTO measurements (board_revision_id, kind, test_point, reference_designator, rail_name, power_state, expected_value, measured_value, units, notes, is_known_good) VALUES (300046, 'voltage', '1V8', NULL, '1V8', 'on', '1.8', '1.8', 'V', '1.8V rail (typical).', 1);
INSERT INTO board_revisions (id, device_model, revision, layer_count, primary_soc, pmic, notes) VALUES (300047, 'Nintendo Nintendo 3DS XL', 'Logic Board', NULL, NULL, 'U_PMIC', 'Nintendo Nintendo 3DS XL board. Component set and rails are era-typical reference values; confirm exact values against the boardview/schematic for this revision.');
INSERT INTO board_components (board_revision_id, reference_designator, component_type, value, part_number, notes) VALUES (300047, 'U_SOC', 'SoC', NULL, NULL, 'Main system-on-chip');
INSERT INTO board_components (board_revision_id, reference_designator, component_type, value, part_number, notes) VALUES (300047, 'J_LCD', 'Connector', NULL, NULL, 'LCD / display connector');
INSERT INTO board_components (board_revision_id, reference_designator, component_type, value, part_number, notes) VALUES (300047, 'J_BATT', 'Connector', NULL, NULL, 'Battery connector');
INSERT INTO board_components (board_revision_id, reference_designator, component_type, value, part_number, notes) VALUES (300047, 'U_CHG', 'Charging IC', NULL, NULL, 'Battery charging IC');
INSERT INTO board_components (board_revision_id, reference_designator, component_type, value, part_number, notes) VALUES (300047, 'J_BTN', 'Connector', NULL, NULL, 'Button / control flex');
INSERT INTO board_components (board_revision_id, reference_designator, component_type, value, part_number, notes) VALUES (300047, 'U_PMIC', 'PMIC', NULL, NULL, 'Power management IC');
INSERT INTO board_components (board_revision_id, reference_designator, component_type, value, part_number, notes) VALUES (300047, 'J_CART', 'Connector', NULL, NULL, 'Game card / cartridge connector');
INSERT INTO board_test_points (board_revision_id, label, location_desc, expected_voltage, expected_resistance) VALUES (300047, 'VBAT', 'see boardview', '3.7V', NULL);
INSERT INTO board_test_points (board_revision_id, label, location_desc, expected_voltage, expected_resistance) VALUES (300047, '3V3', 'see boardview', '3.3V', NULL);
INSERT INTO board_test_points (board_revision_id, label, location_desc, expected_voltage, expected_resistance) VALUES (300047, '1V8', 'see boardview', '1.8V', NULL);
INSERT INTO board_nets (board_revision_id, net_name, test_point, expected_value, units) VALUES (300047, 'VBAT', 'VBAT', '3.7', 'V');
INSERT INTO board_nets (board_revision_id, net_name, test_point, expected_value, units) VALUES (300047, '3V3', '3V3', '3.3', 'V');
INSERT INTO board_nets (board_revision_id, net_name, test_point, expected_value, units) VALUES (300047, '1V8', '1V8', '1.8', 'V');
INSERT INTO measurements (board_revision_id, kind, test_point, reference_designator, rail_name, power_state, expected_value, measured_value, units, notes, is_known_good) VALUES (300047, 'voltage', 'VBAT', NULL, 'VBAT', 'off', '3.7', '3.7', 'V', 'Battery rail (3.0-4.2V).', 1);
INSERT INTO measurements (board_revision_id, kind, test_point, reference_designator, rail_name, power_state, expected_value, measured_value, units, notes, is_known_good) VALUES (300047, 'voltage', '3V3', NULL, '3V3', 'on', '3.3', '3.3', 'V', '3.3V rail (typical).', 1);
INSERT INTO measurements (board_revision_id, kind, test_point, reference_designator, rail_name, power_state, expected_value, measured_value, units, notes, is_known_good) VALUES (300047, 'voltage', '1V8', NULL, '1V8', 'on', '1.8', '1.8', 'V', '1.8V rail (typical).', 1);
INSERT INTO board_revisions (id, device_model, revision, layer_count, primary_soc, pmic, notes) VALUES (300048, 'Nintendo Nintendo 2DS', 'Logic Board', NULL, NULL, 'U_PMIC', 'Nintendo Nintendo 2DS board. Component set and rails are era-typical reference values; confirm exact values against the boardview/schematic for this revision.');
INSERT INTO board_components (board_revision_id, reference_designator, component_type, value, part_number, notes) VALUES (300048, 'U_SOC', 'SoC', NULL, NULL, 'Main system-on-chip');
INSERT INTO board_components (board_revision_id, reference_designator, component_type, value, part_number, notes) VALUES (300048, 'J_LCD', 'Connector', NULL, NULL, 'LCD / display connector');
INSERT INTO board_components (board_revision_id, reference_designator, component_type, value, part_number, notes) VALUES (300048, 'J_BATT', 'Connector', NULL, NULL, 'Battery connector');
INSERT INTO board_components (board_revision_id, reference_designator, component_type, value, part_number, notes) VALUES (300048, 'U_CHG', 'Charging IC', NULL, NULL, 'Battery charging IC');
INSERT INTO board_components (board_revision_id, reference_designator, component_type, value, part_number, notes) VALUES (300048, 'J_BTN', 'Connector', NULL, NULL, 'Button / control flex');
INSERT INTO board_components (board_revision_id, reference_designator, component_type, value, part_number, notes) VALUES (300048, 'U_PMIC', 'PMIC', NULL, NULL, 'Power management IC');
INSERT INTO board_components (board_revision_id, reference_designator, component_type, value, part_number, notes) VALUES (300048, 'J_CART', 'Connector', NULL, NULL, 'Game card / cartridge connector');
INSERT INTO board_test_points (board_revision_id, label, location_desc, expected_voltage, expected_resistance) VALUES (300048, 'VBAT', 'see boardview', '3.7V', NULL);
INSERT INTO board_test_points (board_revision_id, label, location_desc, expected_voltage, expected_resistance) VALUES (300048, '3V3', 'see boardview', '3.3V', NULL);
INSERT INTO board_test_points (board_revision_id, label, location_desc, expected_voltage, expected_resistance) VALUES (300048, '1V8', 'see boardview', '1.8V', NULL);
INSERT INTO board_nets (board_revision_id, net_name, test_point, expected_value, units) VALUES (300048, 'VBAT', 'VBAT', '3.7', 'V');
INSERT INTO board_nets (board_revision_id, net_name, test_point, expected_value, units) VALUES (300048, '3V3', '3V3', '3.3', 'V');
INSERT INTO board_nets (board_revision_id, net_name, test_point, expected_value, units) VALUES (300048, '1V8', '1V8', '1.8', 'V');
INSERT INTO measurements (board_revision_id, kind, test_point, reference_designator, rail_name, power_state, expected_value, measured_value, units, notes, is_known_good) VALUES (300048, 'voltage', 'VBAT', NULL, 'VBAT', 'off', '3.7', '3.7', 'V', 'Battery rail (3.0-4.2V).', 1);
INSERT INTO measurements (board_revision_id, kind, test_point, reference_designator, rail_name, power_state, expected_value, measured_value, units, notes, is_known_good) VALUES (300048, 'voltage', '3V3', NULL, '3V3', 'on', '3.3', '3.3', 'V', '3.3V rail (typical).', 1);
INSERT INTO measurements (board_revision_id, kind, test_point, reference_designator, rail_name, power_state, expected_value, measured_value, units, notes, is_known_good) VALUES (300048, 'voltage', '1V8', NULL, '1V8', 'on', '1.8', '1.8', 'V', '1.8V rail (typical).', 1);
INSERT INTO board_revisions (id, device_model, revision, layer_count, primary_soc, pmic, notes) VALUES (300049, 'Nintendo New Nintendo 3DS', 'Logic Board', NULL, NULL, 'U_PMIC', 'Nintendo New Nintendo 3DS board. Component set and rails are era-typical reference values; confirm exact values against the boardview/schematic for this revision.');
INSERT INTO board_components (board_revision_id, reference_designator, component_type, value, part_number, notes) VALUES (300049, 'U_SOC', 'SoC', NULL, NULL, 'Main system-on-chip');
INSERT INTO board_components (board_revision_id, reference_designator, component_type, value, part_number, notes) VALUES (300049, 'J_LCD', 'Connector', NULL, NULL, 'LCD / display connector');
INSERT INTO board_components (board_revision_id, reference_designator, component_type, value, part_number, notes) VALUES (300049, 'J_BATT', 'Connector', NULL, NULL, 'Battery connector');
INSERT INTO board_components (board_revision_id, reference_designator, component_type, value, part_number, notes) VALUES (300049, 'U_CHG', 'Charging IC', NULL, NULL, 'Battery charging IC');
INSERT INTO board_components (board_revision_id, reference_designator, component_type, value, part_number, notes) VALUES (300049, 'J_BTN', 'Connector', NULL, NULL, 'Button / control flex');
INSERT INTO board_components (board_revision_id, reference_designator, component_type, value, part_number, notes) VALUES (300049, 'U_PMIC', 'PMIC', NULL, NULL, 'Power management IC');
INSERT INTO board_components (board_revision_id, reference_designator, component_type, value, part_number, notes) VALUES (300049, 'J_CART', 'Connector', NULL, NULL, 'Game card / cartridge connector');
INSERT INTO board_test_points (board_revision_id, label, location_desc, expected_voltage, expected_resistance) VALUES (300049, 'VBAT', 'see boardview', '3.7V', NULL);
INSERT INTO board_test_points (board_revision_id, label, location_desc, expected_voltage, expected_resistance) VALUES (300049, '3V3', 'see boardview', '3.3V', NULL);
INSERT INTO board_test_points (board_revision_id, label, location_desc, expected_voltage, expected_resistance) VALUES (300049, '1V8', 'see boardview', '1.8V', NULL);
INSERT INTO board_nets (board_revision_id, net_name, test_point, expected_value, units) VALUES (300049, 'VBAT', 'VBAT', '3.7', 'V');
INSERT INTO board_nets (board_revision_id, net_name, test_point, expected_value, units) VALUES (300049, '3V3', '3V3', '3.3', 'V');
INSERT INTO board_nets (board_revision_id, net_name, test_point, expected_value, units) VALUES (300049, '1V8', '1V8', '1.8', 'V');
INSERT INTO measurements (board_revision_id, kind, test_point, reference_designator, rail_name, power_state, expected_value, measured_value, units, notes, is_known_good) VALUES (300049, 'voltage', 'VBAT', NULL, 'VBAT', 'off', '3.7', '3.7', 'V', 'Battery rail (3.0-4.2V).', 1);
INSERT INTO measurements (board_revision_id, kind, test_point, reference_designator, rail_name, power_state, expected_value, measured_value, units, notes, is_known_good) VALUES (300049, 'voltage', '3V3', NULL, '3V3', 'on', '3.3', '3.3', 'V', '3.3V rail (typical).', 1);
INSERT INTO measurements (board_revision_id, kind, test_point, reference_designator, rail_name, power_state, expected_value, measured_value, units, notes, is_known_good) VALUES (300049, 'voltage', '1V8', NULL, '1V8', 'on', '1.8', '1.8', 'V', '1.8V rail (typical).', 1);
INSERT INTO board_revisions (id, device_model, revision, layer_count, primary_soc, pmic, notes) VALUES (300050, 'Nintendo New Nintendo 3DS XL', 'Logic Board', NULL, NULL, 'U_PMIC', 'Nintendo New Nintendo 3DS XL board. Component set and rails are era-typical reference values; confirm exact values against the boardview/schematic for this revision.');
INSERT INTO board_components (board_revision_id, reference_designator, component_type, value, part_number, notes) VALUES (300050, 'U_SOC', 'SoC', NULL, NULL, 'Main system-on-chip');
INSERT INTO board_components (board_revision_id, reference_designator, component_type, value, part_number, notes) VALUES (300050, 'J_LCD', 'Connector', NULL, NULL, 'LCD / display connector');
INSERT INTO board_components (board_revision_id, reference_designator, component_type, value, part_number, notes) VALUES (300050, 'J_BATT', 'Connector', NULL, NULL, 'Battery connector');
INSERT INTO board_components (board_revision_id, reference_designator, component_type, value, part_number, notes) VALUES (300050, 'U_CHG', 'Charging IC', NULL, NULL, 'Battery charging IC');
INSERT INTO board_components (board_revision_id, reference_designator, component_type, value, part_number, notes) VALUES (300050, 'J_BTN', 'Connector', NULL, NULL, 'Button / control flex');
INSERT INTO board_components (board_revision_id, reference_designator, component_type, value, part_number, notes) VALUES (300050, 'U_PMIC', 'PMIC', NULL, NULL, 'Power management IC');
INSERT INTO board_components (board_revision_id, reference_designator, component_type, value, part_number, notes) VALUES (300050, 'J_CART', 'Connector', NULL, NULL, 'Game card / cartridge connector');
INSERT INTO board_test_points (board_revision_id, label, location_desc, expected_voltage, expected_resistance) VALUES (300050, 'VBAT', 'see boardview', '3.7V', NULL);
INSERT INTO board_test_points (board_revision_id, label, location_desc, expected_voltage, expected_resistance) VALUES (300050, '3V3', 'see boardview', '3.3V', NULL);
INSERT INTO board_test_points (board_revision_id, label, location_desc, expected_voltage, expected_resistance) VALUES (300050, '1V8', 'see boardview', '1.8V', NULL);
INSERT INTO board_nets (board_revision_id, net_name, test_point, expected_value, units) VALUES (300050, 'VBAT', 'VBAT', '3.7', 'V');
INSERT INTO board_nets (board_revision_id, net_name, test_point, expected_value, units) VALUES (300050, '3V3', '3V3', '3.3', 'V');
INSERT INTO board_nets (board_revision_id, net_name, test_point, expected_value, units) VALUES (300050, '1V8', '1V8', '1.8', 'V');
INSERT INTO measurements (board_revision_id, kind, test_point, reference_designator, rail_name, power_state, expected_value, measured_value, units, notes, is_known_good) VALUES (300050, 'voltage', 'VBAT', NULL, 'VBAT', 'off', '3.7', '3.7', 'V', 'Battery rail (3.0-4.2V).', 1);
INSERT INTO measurements (board_revision_id, kind, test_point, reference_designator, rail_name, power_state, expected_value, measured_value, units, notes, is_known_good) VALUES (300050, 'voltage', '3V3', NULL, '3V3', 'on', '3.3', '3.3', 'V', '3.3V rail (typical).', 1);
INSERT INTO measurements (board_revision_id, kind, test_point, reference_designator, rail_name, power_state, expected_value, measured_value, units, notes, is_known_good) VALUES (300050, 'voltage', '1V8', NULL, '1V8', 'on', '1.8', '1.8', 'V', '1.8V rail (typical).', 1);
INSERT INTO board_revisions (id, device_model, revision, layer_count, primary_soc, pmic, notes) VALUES (300051, 'Nintendo New Nintendo 2DS XL', 'Logic Board', NULL, NULL, 'U_PMIC', 'Nintendo New Nintendo 2DS XL board. Component set and rails are era-typical reference values; confirm exact values against the boardview/schematic for this revision.');
INSERT INTO board_components (board_revision_id, reference_designator, component_type, value, part_number, notes) VALUES (300051, 'U_SOC', 'SoC', NULL, NULL, 'Main system-on-chip');
INSERT INTO board_components (board_revision_id, reference_designator, component_type, value, part_number, notes) VALUES (300051, 'J_LCD', 'Connector', NULL, NULL, 'LCD / display connector');
INSERT INTO board_components (board_revision_id, reference_designator, component_type, value, part_number, notes) VALUES (300051, 'J_BATT', 'Connector', NULL, NULL, 'Battery connector');
INSERT INTO board_components (board_revision_id, reference_designator, component_type, value, part_number, notes) VALUES (300051, 'U_CHG', 'Charging IC', NULL, NULL, 'Battery charging IC');
INSERT INTO board_components (board_revision_id, reference_designator, component_type, value, part_number, notes) VALUES (300051, 'J_BTN', 'Connector', NULL, NULL, 'Button / control flex');
INSERT INTO board_components (board_revision_id, reference_designator, component_type, value, part_number, notes) VALUES (300051, 'U_PMIC', 'PMIC', NULL, NULL, 'Power management IC');
INSERT INTO board_components (board_revision_id, reference_designator, component_type, value, part_number, notes) VALUES (300051, 'J_CART', 'Connector', NULL, NULL, 'Game card / cartridge connector');
INSERT INTO board_test_points (board_revision_id, label, location_desc, expected_voltage, expected_resistance) VALUES (300051, 'VBAT', 'see boardview', '3.7V', NULL);
INSERT INTO board_test_points (board_revision_id, label, location_desc, expected_voltage, expected_resistance) VALUES (300051, '3V3', 'see boardview', '3.3V', NULL);
INSERT INTO board_test_points (board_revision_id, label, location_desc, expected_voltage, expected_resistance) VALUES (300051, '1V8', 'see boardview', '1.8V', NULL);
INSERT INTO board_nets (board_revision_id, net_name, test_point, expected_value, units) VALUES (300051, 'VBAT', 'VBAT', '3.7', 'V');
INSERT INTO board_nets (board_revision_id, net_name, test_point, expected_value, units) VALUES (300051, '3V3', '3V3', '3.3', 'V');
INSERT INTO board_nets (board_revision_id, net_name, test_point, expected_value, units) VALUES (300051, '1V8', '1V8', '1.8', 'V');
INSERT INTO measurements (board_revision_id, kind, test_point, reference_designator, rail_name, power_state, expected_value, measured_value, units, notes, is_known_good) VALUES (300051, 'voltage', 'VBAT', NULL, 'VBAT', 'off', '3.7', '3.7', 'V', 'Battery rail (3.0-4.2V).', 1);
INSERT INTO measurements (board_revision_id, kind, test_point, reference_designator, rail_name, power_state, expected_value, measured_value, units, notes, is_known_good) VALUES (300051, 'voltage', '3V3', NULL, '3V3', 'on', '3.3', '3.3', 'V', '3.3V rail (typical).', 1);
INSERT INTO measurements (board_revision_id, kind, test_point, reference_designator, rail_name, power_state, expected_value, measured_value, units, notes, is_known_good) VALUES (300051, 'voltage', '1V8', NULL, '1V8', 'on', '1.8', '1.8', 'V', '1.8V rail (typical).', 1);
INSERT INTO board_revisions (id, device_model, revision, layer_count, primary_soc, pmic, notes) VALUES (300052, 'Nintendo Virtual Boy', 'Mainboard', NULL, NULL, 'U_PMIC', 'Nintendo Virtual Boy board. Component set and rails are era-typical reference values; confirm exact values against the boardview/schematic for this revision.');
INSERT INTO board_components (board_revision_id, reference_designator, component_type, value, part_number, notes) VALUES (300052, 'U_CPU', 'CPU / Processor', NULL, NULL, 'Main processor');
INSERT INTO board_components (board_revision_id, reference_designator, component_type, value, part_number, notes) VALUES (300052, 'U_PPU', 'Video / PPU', NULL, NULL, 'Picture processing unit');
INSERT INTO board_components (board_revision_id, reference_designator, component_type, value, part_number, notes) VALUES (300052, 'U_RAM', 'RAM', NULL, NULL, 'Work/video RAM');
INSERT INTO board_components (board_revision_id, reference_designator, component_type, value, part_number, notes) VALUES (300052, 'J_CART', 'Connector', NULL, NULL, 'Cartridge edge connector');
INSERT INTO board_components (board_revision_id, reference_designator, component_type, value, part_number, notes) VALUES (300052, 'J_CTRL', 'Connector', NULL, NULL, 'Controller port(s)');
INSERT INTO board_components (board_revision_id, reference_designator, component_type, value, part_number, notes) VALUES (300052, 'U_REG', 'Voltage Regulator', NULL, NULL, '5V regulator (e.g. 7805)');
INSERT INTO board_components (board_revision_id, reference_designator, component_type, value, part_number, notes) VALUES (300052, 'J_PWR', 'Connector', NULL, NULL, 'Power input connector');
INSERT INTO board_components (board_revision_id, reference_designator, component_type, value, part_number, notes) VALUES (300052, 'J_AV', 'Connector', NULL, NULL, 'A/V or RF output');
INSERT INTO board_test_points (board_revision_id, label, location_desc, expected_voltage, expected_resistance) VALUES (300052, '5V', 'see boardview', '5.0V', NULL);
INSERT INTO board_test_points (board_revision_id, label, location_desc, expected_voltage, expected_resistance) VALUES (300052, '3V3', 'see boardview', '3.3V', NULL);
INSERT INTO board_nets (board_revision_id, net_name, test_point, expected_value, units) VALUES (300052, '5V', '5V', '5.0', 'V');
INSERT INTO board_nets (board_revision_id, net_name, test_point, expected_value, units) VALUES (300052, '3V3', '3V3', '3.3', 'V');
INSERT INTO measurements (board_revision_id, kind, test_point, reference_designator, rail_name, power_state, expected_value, measured_value, units, notes, is_known_good) VALUES (300052, 'voltage', '5V', NULL, '5V', 'on', '5.0', '5.0', 'V', 'Regulated 5V logic supply.', 1);
INSERT INTO measurements (board_revision_id, kind, test_point, reference_designator, rail_name, power_state, expected_value, measured_value, units, notes, is_known_good) VALUES (300052, 'voltage', '3V3', NULL, '3V3', 'on', '3.3', '3.3', 'V', '3.3V rail (later boards).', 1);
INSERT INTO board_revisions (id, device_model, revision, layer_count, primary_soc, pmic, notes) VALUES (300053, 'Sega SG-1000', 'Mainboard', NULL, NULL, 'U_PMIC', 'Sega SG-1000 board. Component set and rails are era-typical reference values; confirm exact values against the boardview/schematic for this revision.');
INSERT INTO board_components (board_revision_id, reference_designator, component_type, value, part_number, notes) VALUES (300053, 'U_CPU', 'CPU / Processor', NULL, NULL, 'Main processor');
INSERT INTO board_components (board_revision_id, reference_designator, component_type, value, part_number, notes) VALUES (300053, 'U_PPU', 'Video / PPU', NULL, NULL, 'Picture processing unit');
INSERT INTO board_components (board_revision_id, reference_designator, component_type, value, part_number, notes) VALUES (300053, 'U_RAM', 'RAM', NULL, NULL, 'Work/video RAM');
INSERT INTO board_components (board_revision_id, reference_designator, component_type, value, part_number, notes) VALUES (300053, 'J_CART', 'Connector', NULL, NULL, 'Cartridge edge connector');
INSERT INTO board_components (board_revision_id, reference_designator, component_type, value, part_number, notes) VALUES (300053, 'J_CTRL', 'Connector', NULL, NULL, 'Controller port(s)');
INSERT INTO board_components (board_revision_id, reference_designator, component_type, value, part_number, notes) VALUES (300053, 'U_REG', 'Voltage Regulator', NULL, NULL, '5V regulator (e.g. 7805)');
INSERT INTO board_components (board_revision_id, reference_designator, component_type, value, part_number, notes) VALUES (300053, 'J_PWR', 'Connector', NULL, NULL, 'Power input connector');
INSERT INTO board_components (board_revision_id, reference_designator, component_type, value, part_number, notes) VALUES (300053, 'J_AV', 'Connector', NULL, NULL, 'A/V or RF output');
INSERT INTO board_test_points (board_revision_id, label, location_desc, expected_voltage, expected_resistance) VALUES (300053, '5V', 'see boardview', '5.0V', NULL);
INSERT INTO board_test_points (board_revision_id, label, location_desc, expected_voltage, expected_resistance) VALUES (300053, '3V3', 'see boardview', '3.3V', NULL);
INSERT INTO board_nets (board_revision_id, net_name, test_point, expected_value, units) VALUES (300053, '5V', '5V', '5.0', 'V');
INSERT INTO board_nets (board_revision_id, net_name, test_point, expected_value, units) VALUES (300053, '3V3', '3V3', '3.3', 'V');
INSERT INTO measurements (board_revision_id, kind, test_point, reference_designator, rail_name, power_state, expected_value, measured_value, units, notes, is_known_good) VALUES (300053, 'voltage', '5V', NULL, '5V', 'on', '5.0', '5.0', 'V', 'Regulated 5V logic supply.', 1);
INSERT INTO measurements (board_revision_id, kind, test_point, reference_designator, rail_name, power_state, expected_value, measured_value, units, notes, is_known_good) VALUES (300053, 'voltage', '3V3', NULL, '3V3', 'on', '3.3', '3.3', 'V', '3.3V rail (later boards).', 1);
INSERT INTO board_revisions (id, device_model, revision, layer_count, primary_soc, pmic, notes) VALUES (300054, 'Sega Master System', 'Mainboard', NULL, NULL, 'U_PMIC', 'Sega Master System board. Component set and rails are era-typical reference values; confirm exact values against the boardview/schematic for this revision.');
INSERT INTO board_components (board_revision_id, reference_designator, component_type, value, part_number, notes) VALUES (300054, 'U_CPU', 'CPU / Processor', NULL, NULL, 'Main processor');
INSERT INTO board_components (board_revision_id, reference_designator, component_type, value, part_number, notes) VALUES (300054, 'U_PPU', 'Video / PPU', NULL, NULL, 'Picture processing unit');
INSERT INTO board_components (board_revision_id, reference_designator, component_type, value, part_number, notes) VALUES (300054, 'U_RAM', 'RAM', NULL, NULL, 'Work/video RAM');
INSERT INTO board_components (board_revision_id, reference_designator, component_type, value, part_number, notes) VALUES (300054, 'J_CART', 'Connector', NULL, NULL, 'Cartridge edge connector');
INSERT INTO board_components (board_revision_id, reference_designator, component_type, value, part_number, notes) VALUES (300054, 'J_CTRL', 'Connector', NULL, NULL, 'Controller port(s)');
INSERT INTO board_components (board_revision_id, reference_designator, component_type, value, part_number, notes) VALUES (300054, 'U_REG', 'Voltage Regulator', NULL, NULL, '5V regulator (e.g. 7805)');
INSERT INTO board_components (board_revision_id, reference_designator, component_type, value, part_number, notes) VALUES (300054, 'J_PWR', 'Connector', NULL, NULL, 'Power input connector');
INSERT INTO board_components (board_revision_id, reference_designator, component_type, value, part_number, notes) VALUES (300054, 'J_AV', 'Connector', NULL, NULL, 'A/V or RF output');
INSERT INTO board_test_points (board_revision_id, label, location_desc, expected_voltage, expected_resistance) VALUES (300054, '5V', 'see boardview', '5.0V', NULL);
INSERT INTO board_test_points (board_revision_id, label, location_desc, expected_voltage, expected_resistance) VALUES (300054, '3V3', 'see boardview', '3.3V', NULL);
INSERT INTO board_nets (board_revision_id, net_name, test_point, expected_value, units) VALUES (300054, '5V', '5V', '5.0', 'V');
INSERT INTO board_nets (board_revision_id, net_name, test_point, expected_value, units) VALUES (300054, '3V3', '3V3', '3.3', 'V');
INSERT INTO measurements (board_revision_id, kind, test_point, reference_designator, rail_name, power_state, expected_value, measured_value, units, notes, is_known_good) VALUES (300054, 'voltage', '5V', NULL, '5V', 'on', '5.0', '5.0', 'V', 'Regulated 5V logic supply.', 1);
INSERT INTO measurements (board_revision_id, kind, test_point, reference_designator, rail_name, power_state, expected_value, measured_value, units, notes, is_known_good) VALUES (300054, 'voltage', '3V3', NULL, '3V3', 'on', '3.3', '3.3', 'V', '3.3V rail (later boards).', 1);
INSERT INTO board_revisions (id, device_model, revision, layer_count, primary_soc, pmic, notes) VALUES (300055, 'Sega Genesis / Mega Drive', 'Mainboard', NULL, NULL, 'U_PMIC', 'Sega Genesis / Mega Drive board. Component set and rails are era-typical reference values; confirm exact values against the boardview/schematic for this revision.');
INSERT INTO board_components (board_revision_id, reference_designator, component_type, value, part_number, notes) VALUES (300055, 'U_CPU', 'CPU / Processor', NULL, NULL, 'Main processor');
INSERT INTO board_components (board_revision_id, reference_designator, component_type, value, part_number, notes) VALUES (300055, 'U_PPU', 'Video / PPU', NULL, NULL, 'Picture processing unit');
INSERT INTO board_components (board_revision_id, reference_designator, component_type, value, part_number, notes) VALUES (300055, 'U_RAM', 'RAM', NULL, NULL, 'Work/video RAM');
INSERT INTO board_components (board_revision_id, reference_designator, component_type, value, part_number, notes) VALUES (300055, 'J_CART', 'Connector', NULL, NULL, 'Cartridge edge connector');
INSERT INTO board_components (board_revision_id, reference_designator, component_type, value, part_number, notes) VALUES (300055, 'J_CTRL', 'Connector', NULL, NULL, 'Controller port(s)');
INSERT INTO board_components (board_revision_id, reference_designator, component_type, value, part_number, notes) VALUES (300055, 'U_REG', 'Voltage Regulator', NULL, NULL, '5V regulator (e.g. 7805)');
INSERT INTO board_components (board_revision_id, reference_designator, component_type, value, part_number, notes) VALUES (300055, 'J_PWR', 'Connector', NULL, NULL, 'Power input connector');
INSERT INTO board_components (board_revision_id, reference_designator, component_type, value, part_number, notes) VALUES (300055, 'J_AV', 'Connector', NULL, NULL, 'A/V or RF output');
INSERT INTO board_test_points (board_revision_id, label, location_desc, expected_voltage, expected_resistance) VALUES (300055, '5V', 'see boardview', '5.0V', NULL);
INSERT INTO board_test_points (board_revision_id, label, location_desc, expected_voltage, expected_resistance) VALUES (300055, '3V3', 'see boardview', '3.3V', NULL);
INSERT INTO board_nets (board_revision_id, net_name, test_point, expected_value, units) VALUES (300055, '5V', '5V', '5.0', 'V');
INSERT INTO board_nets (board_revision_id, net_name, test_point, expected_value, units) VALUES (300055, '3V3', '3V3', '3.3', 'V');
INSERT INTO measurements (board_revision_id, kind, test_point, reference_designator, rail_name, power_state, expected_value, measured_value, units, notes, is_known_good) VALUES (300055, 'voltage', '5V', NULL, '5V', 'on', '5.0', '5.0', 'V', 'Regulated 5V logic supply.', 1);
INSERT INTO measurements (board_revision_id, kind, test_point, reference_designator, rail_name, power_state, expected_value, measured_value, units, notes, is_known_good) VALUES (300055, 'voltage', '3V3', NULL, '3V3', 'on', '3.3', '3.3', 'V', '3.3V rail (later boards).', 1);
INSERT INTO board_revisions (id, device_model, revision, layer_count, primary_soc, pmic, notes) VALUES (300056, 'Sega Sega CD / Mega CD', 'Mainboard', NULL, NULL, 'U_PMIC', 'Sega Sega CD / Mega CD board. Component set and rails are era-typical reference values; confirm exact values against the boardview/schematic for this revision.');
INSERT INTO board_components (board_revision_id, reference_designator, component_type, value, part_number, notes) VALUES (300056, 'U_CPU', 'CPU', NULL, NULL, 'Main processor');
INSERT INTO board_components (board_revision_id, reference_designator, component_type, value, part_number, notes) VALUES (300056, 'U_GPU', 'GPU', NULL, NULL, 'Graphics processor');
INSERT INTO board_components (board_revision_id, reference_designator, component_type, value, part_number, notes) VALUES (300056, 'U_RAM', 'RAM', NULL, NULL, 'System RAM');
INSERT INTO board_components (board_revision_id, reference_designator, component_type, value, part_number, notes) VALUES (300056, 'J_ODD', 'Connector', NULL, NULL, 'Optical drive ribbon connector');
INSERT INTO board_components (board_revision_id, reference_designator, component_type, value, part_number, notes) VALUES (300056, 'U_BIOS', 'BIOS ROM', NULL, NULL, 'BIOS / boot ROM');
INSERT INTO board_components (board_revision_id, reference_designator, component_type, value, part_number, notes) VALUES (300056, 'J_CTRL', 'Connector', NULL, NULL, 'Controller ports');
INSERT INTO board_components (board_revision_id, reference_designator, component_type, value, part_number, notes) VALUES (300056, 'U_AV', 'A/V Encoder', NULL, NULL, 'Video encoder / DAC');
INSERT INTO board_components (board_revision_id, reference_designator, component_type, value, part_number, notes) VALUES (300056, 'J_PSU', 'Connector', NULL, NULL, 'Power supply connector');
INSERT INTO board_test_points (board_revision_id, label, location_desc, expected_voltage, expected_resistance) VALUES (300056, '5V', 'see boardview', '5.0V', NULL);
INSERT INTO board_test_points (board_revision_id, label, location_desc, expected_voltage, expected_resistance) VALUES (300056, '3V3', 'see boardview', '3.3V', NULL);
INSERT INTO board_nets (board_revision_id, net_name, test_point, expected_value, units) VALUES (300056, '5V', '5V', '5.0', 'V');
INSERT INTO board_nets (board_revision_id, net_name, test_point, expected_value, units) VALUES (300056, '3V3', '3V3', '3.3', 'V');
INSERT INTO measurements (board_revision_id, kind, test_point, reference_designator, rail_name, power_state, expected_value, measured_value, units, notes, is_known_good) VALUES (300056, 'voltage', '5V', NULL, '5V', 'on', '5.0', '5.0', 'V', 'Regulated 5V logic supply.', 1);
INSERT INTO measurements (board_revision_id, kind, test_point, reference_designator, rail_name, power_state, expected_value, measured_value, units, notes, is_known_good) VALUES (300056, 'voltage', '3V3', NULL, '3V3', 'on', '3.3', '3.3', 'V', '3.3V rail (later boards).', 1);
INSERT INTO board_revisions (id, device_model, revision, layer_count, primary_soc, pmic, notes) VALUES (300057, 'Sega Sega 32X', 'Mainboard', NULL, NULL, 'U_PMIC', 'Sega Sega 32X board. Component set and rails are era-typical reference values; confirm exact values against the boardview/schematic for this revision.');
INSERT INTO board_components (board_revision_id, reference_designator, component_type, value, part_number, notes) VALUES (300057, 'U_CPU', 'CPU / Processor', NULL, NULL, 'Main processor');
INSERT INTO board_components (board_revision_id, reference_designator, component_type, value, part_number, notes) VALUES (300057, 'U_PPU', 'Video / PPU', NULL, NULL, 'Picture processing unit');
INSERT INTO board_components (board_revision_id, reference_designator, component_type, value, part_number, notes) VALUES (300057, 'U_RAM', 'RAM', NULL, NULL, 'Work/video RAM');
INSERT INTO board_components (board_revision_id, reference_designator, component_type, value, part_number, notes) VALUES (300057, 'J_CART', 'Connector', NULL, NULL, 'Cartridge edge connector');
INSERT INTO board_components (board_revision_id, reference_designator, component_type, value, part_number, notes) VALUES (300057, 'J_CTRL', 'Connector', NULL, NULL, 'Controller port(s)');
INSERT INTO board_components (board_revision_id, reference_designator, component_type, value, part_number, notes) VALUES (300057, 'U_REG', 'Voltage Regulator', NULL, NULL, '5V regulator (e.g. 7805)');
INSERT INTO board_components (board_revision_id, reference_designator, component_type, value, part_number, notes) VALUES (300057, 'J_PWR', 'Connector', NULL, NULL, 'Power input connector');
INSERT INTO board_components (board_revision_id, reference_designator, component_type, value, part_number, notes) VALUES (300057, 'J_AV', 'Connector', NULL, NULL, 'A/V or RF output');
INSERT INTO board_test_points (board_revision_id, label, location_desc, expected_voltage, expected_resistance) VALUES (300057, '5V', 'see boardview', '5.0V', NULL);
INSERT INTO board_test_points (board_revision_id, label, location_desc, expected_voltage, expected_resistance) VALUES (300057, '3V3', 'see boardview', '3.3V', NULL);
INSERT INTO board_nets (board_revision_id, net_name, test_point, expected_value, units) VALUES (300057, '5V', '5V', '5.0', 'V');
INSERT INTO board_nets (board_revision_id, net_name, test_point, expected_value, units) VALUES (300057, '3V3', '3V3', '3.3', 'V');
INSERT INTO measurements (board_revision_id, kind, test_point, reference_designator, rail_name, power_state, expected_value, measured_value, units, notes, is_known_good) VALUES (300057, 'voltage', '5V', NULL, '5V', 'on', '5.0', '5.0', 'V', 'Regulated 5V logic supply.', 1);
INSERT INTO measurements (board_revision_id, kind, test_point, reference_designator, rail_name, power_state, expected_value, measured_value, units, notes, is_known_good) VALUES (300057, 'voltage', '3V3', NULL, '3V3', 'on', '3.3', '3.3', 'V', '3.3V rail (later boards).', 1);
INSERT INTO board_revisions (id, device_model, revision, layer_count, primary_soc, pmic, notes) VALUES (300058, 'Sega Sega Saturn', 'Mainboard', NULL, NULL, 'U_PMIC', 'Sega Sega Saturn board. Component set and rails are era-typical reference values; confirm exact values against the boardview/schematic for this revision.');
INSERT INTO board_components (board_revision_id, reference_designator, component_type, value, part_number, notes) VALUES (300058, 'U_CPU', 'CPU', NULL, NULL, 'Main processor');
INSERT INTO board_components (board_revision_id, reference_designator, component_type, value, part_number, notes) VALUES (300058, 'U_GPU', 'GPU', NULL, NULL, 'Graphics processor');
INSERT INTO board_components (board_revision_id, reference_designator, component_type, value, part_number, notes) VALUES (300058, 'U_RAM', 'RAM', NULL, NULL, 'System RAM');
INSERT INTO board_components (board_revision_id, reference_designator, component_type, value, part_number, notes) VALUES (300058, 'J_ODD', 'Connector', NULL, NULL, 'Optical drive ribbon connector');
INSERT INTO board_components (board_revision_id, reference_designator, component_type, value, part_number, notes) VALUES (300058, 'U_BIOS', 'BIOS ROM', NULL, NULL, 'BIOS / boot ROM');
INSERT INTO board_components (board_revision_id, reference_designator, component_type, value, part_number, notes) VALUES (300058, 'J_CTRL', 'Connector', NULL, NULL, 'Controller ports');
INSERT INTO board_components (board_revision_id, reference_designator, component_type, value, part_number, notes) VALUES (300058, 'U_AV', 'A/V Encoder', NULL, NULL, 'Video encoder / DAC');
INSERT INTO board_components (board_revision_id, reference_designator, component_type, value, part_number, notes) VALUES (300058, 'J_PSU', 'Connector', NULL, NULL, 'Power supply connector');
INSERT INTO board_test_points (board_revision_id, label, location_desc, expected_voltage, expected_resistance) VALUES (300058, '5V', 'see boardview', '5.0V', NULL);
INSERT INTO board_test_points (board_revision_id, label, location_desc, expected_voltage, expected_resistance) VALUES (300058, '3V3', 'see boardview', '3.3V', NULL);
INSERT INTO board_nets (board_revision_id, net_name, test_point, expected_value, units) VALUES (300058, '5V', '5V', '5.0', 'V');
INSERT INTO board_nets (board_revision_id, net_name, test_point, expected_value, units) VALUES (300058, '3V3', '3V3', '3.3', 'V');
INSERT INTO measurements (board_revision_id, kind, test_point, reference_designator, rail_name, power_state, expected_value, measured_value, units, notes, is_known_good) VALUES (300058, 'voltage', '5V', NULL, '5V', 'on', '5.0', '5.0', 'V', 'Regulated 5V logic supply.', 1);
INSERT INTO measurements (board_revision_id, kind, test_point, reference_designator, rail_name, power_state, expected_value, measured_value, units, notes, is_known_good) VALUES (300058, 'voltage', '3V3', NULL, '3V3', 'on', '3.3', '3.3', 'V', '3.3V rail (later boards).', 1);
INSERT INTO board_revisions (id, device_model, revision, layer_count, primary_soc, pmic, notes) VALUES (300059, 'Sega Dreamcast', 'Mainboard', NULL, NULL, 'U_PMIC', 'Sega Dreamcast board. Component set and rails are era-typical reference values; confirm exact values against the boardview/schematic for this revision.');
INSERT INTO board_components (board_revision_id, reference_designator, component_type, value, part_number, notes) VALUES (300059, 'U_CPU', 'CPU', NULL, NULL, 'Main processor');
INSERT INTO board_components (board_revision_id, reference_designator, component_type, value, part_number, notes) VALUES (300059, 'U_GPU', 'GPU', NULL, NULL, 'Graphics processor');
INSERT INTO board_components (board_revision_id, reference_designator, component_type, value, part_number, notes) VALUES (300059, 'U_RAM', 'RAM', NULL, NULL, 'System RAM');
INSERT INTO board_components (board_revision_id, reference_designator, component_type, value, part_number, notes) VALUES (300059, 'J_ODD', 'Connector', NULL, NULL, 'Optical drive ribbon connector');
INSERT INTO board_components (board_revision_id, reference_designator, component_type, value, part_number, notes) VALUES (300059, 'U_BIOS', 'BIOS ROM', NULL, NULL, 'BIOS / boot ROM');
INSERT INTO board_components (board_revision_id, reference_designator, component_type, value, part_number, notes) VALUES (300059, 'J_CTRL', 'Connector', NULL, NULL, 'Controller ports');
INSERT INTO board_components (board_revision_id, reference_designator, component_type, value, part_number, notes) VALUES (300059, 'U_AV', 'A/V Encoder', NULL, NULL, 'Video encoder / DAC');
INSERT INTO board_components (board_revision_id, reference_designator, component_type, value, part_number, notes) VALUES (300059, 'J_PSU', 'Connector', NULL, NULL, 'Power supply connector');
INSERT INTO board_test_points (board_revision_id, label, location_desc, expected_voltage, expected_resistance) VALUES (300059, '5V', 'see boardview', '5.0V', NULL);
INSERT INTO board_test_points (board_revision_id, label, location_desc, expected_voltage, expected_resistance) VALUES (300059, '3V3', 'see boardview', '3.3V', NULL);
INSERT INTO board_nets (board_revision_id, net_name, test_point, expected_value, units) VALUES (300059, '5V', '5V', '5.0', 'V');
INSERT INTO board_nets (board_revision_id, net_name, test_point, expected_value, units) VALUES (300059, '3V3', '3V3', '3.3', 'V');
INSERT INTO measurements (board_revision_id, kind, test_point, reference_designator, rail_name, power_state, expected_value, measured_value, units, notes, is_known_good) VALUES (300059, 'voltage', '5V', NULL, '5V', 'on', '5.0', '5.0', 'V', 'Regulated 5V logic supply.', 1);
INSERT INTO measurements (board_revision_id, kind, test_point, reference_designator, rail_name, power_state, expected_value, measured_value, units, notes, is_known_good) VALUES (300059, 'voltage', '3V3', NULL, '3V3', 'on', '3.3', '3.3', 'V', '3.3V rail (later boards).', 1);
INSERT INTO board_revisions (id, device_model, revision, layer_count, primary_soc, pmic, notes) VALUES (300060, 'Sega Game Gear', 'Logic Board', NULL, NULL, 'U_PMIC', 'Sega Game Gear board. Component set and rails are era-typical reference values; confirm exact values against the boardview/schematic for this revision.');
INSERT INTO board_components (board_revision_id, reference_designator, component_type, value, part_number, notes) VALUES (300060, 'U_SOC', 'SoC', NULL, NULL, 'Main system-on-chip');
INSERT INTO board_components (board_revision_id, reference_designator, component_type, value, part_number, notes) VALUES (300060, 'J_LCD', 'Connector', NULL, NULL, 'LCD / display connector');
INSERT INTO board_components (board_revision_id, reference_designator, component_type, value, part_number, notes) VALUES (300060, 'J_BATT', 'Connector', NULL, NULL, 'Battery connector');
INSERT INTO board_components (board_revision_id, reference_designator, component_type, value, part_number, notes) VALUES (300060, 'U_CHG', 'Charging IC', NULL, NULL, 'Battery charging IC');
INSERT INTO board_components (board_revision_id, reference_designator, component_type, value, part_number, notes) VALUES (300060, 'J_BTN', 'Connector', NULL, NULL, 'Button / control flex');
INSERT INTO board_components (board_revision_id, reference_designator, component_type, value, part_number, notes) VALUES (300060, 'U_PMIC', 'PMIC', NULL, NULL, 'Power management IC');
INSERT INTO board_components (board_revision_id, reference_designator, component_type, value, part_number, notes) VALUES (300060, 'J_CART', 'Connector', NULL, NULL, 'Game card / cartridge connector');
INSERT INTO board_test_points (board_revision_id, label, location_desc, expected_voltage, expected_resistance) VALUES (300060, 'VBAT', 'see boardview', '3.7V', NULL);
INSERT INTO board_test_points (board_revision_id, label, location_desc, expected_voltage, expected_resistance) VALUES (300060, '3V3', 'see boardview', '3.3V', NULL);
INSERT INTO board_test_points (board_revision_id, label, location_desc, expected_voltage, expected_resistance) VALUES (300060, '1V8', 'see boardview', '1.8V', NULL);
INSERT INTO board_nets (board_revision_id, net_name, test_point, expected_value, units) VALUES (300060, 'VBAT', 'VBAT', '3.7', 'V');
INSERT INTO board_nets (board_revision_id, net_name, test_point, expected_value, units) VALUES (300060, '3V3', '3V3', '3.3', 'V');
INSERT INTO board_nets (board_revision_id, net_name, test_point, expected_value, units) VALUES (300060, '1V8', '1V8', '1.8', 'V');
INSERT INTO measurements (board_revision_id, kind, test_point, reference_designator, rail_name, power_state, expected_value, measured_value, units, notes, is_known_good) VALUES (300060, 'voltage', 'VBAT', NULL, 'VBAT', 'off', '3.7', '3.7', 'V', 'Battery rail (3.0-4.2V).', 1);
INSERT INTO measurements (board_revision_id, kind, test_point, reference_designator, rail_name, power_state, expected_value, measured_value, units, notes, is_known_good) VALUES (300060, 'voltage', '3V3', NULL, '3V3', 'on', '3.3', '3.3', 'V', '3.3V rail (typical).', 1);
INSERT INTO measurements (board_revision_id, kind, test_point, reference_designator, rail_name, power_state, expected_value, measured_value, units, notes, is_known_good) VALUES (300060, 'voltage', '1V8', NULL, '1V8', 'on', '1.8', '1.8', 'V', '1.8V rail (typical).', 1);
INSERT INTO board_revisions (id, device_model, revision, layer_count, primary_soc, pmic, notes) VALUES (300061, 'Sega Sega Nomad', 'Logic Board', NULL, NULL, 'U_PMIC', 'Sega Sega Nomad board. Component set and rails are era-typical reference values; confirm exact values against the boardview/schematic for this revision.');
INSERT INTO board_components (board_revision_id, reference_designator, component_type, value, part_number, notes) VALUES (300061, 'U_SOC', 'SoC', NULL, NULL, 'Main system-on-chip');
INSERT INTO board_components (board_revision_id, reference_designator, component_type, value, part_number, notes) VALUES (300061, 'J_LCD', 'Connector', NULL, NULL, 'LCD / display connector');
INSERT INTO board_components (board_revision_id, reference_designator, component_type, value, part_number, notes) VALUES (300061, 'J_BATT', 'Connector', NULL, NULL, 'Battery connector');
INSERT INTO board_components (board_revision_id, reference_designator, component_type, value, part_number, notes) VALUES (300061, 'U_CHG', 'Charging IC', NULL, NULL, 'Battery charging IC');
INSERT INTO board_components (board_revision_id, reference_designator, component_type, value, part_number, notes) VALUES (300061, 'J_BTN', 'Connector', NULL, NULL, 'Button / control flex');
INSERT INTO board_components (board_revision_id, reference_designator, component_type, value, part_number, notes) VALUES (300061, 'U_PMIC', 'PMIC', NULL, NULL, 'Power management IC');
INSERT INTO board_components (board_revision_id, reference_designator, component_type, value, part_number, notes) VALUES (300061, 'J_CART', 'Connector', NULL, NULL, 'Game card / cartridge connector');
INSERT INTO board_test_points (board_revision_id, label, location_desc, expected_voltage, expected_resistance) VALUES (300061, 'VBAT', 'see boardview', '3.7V', NULL);
INSERT INTO board_test_points (board_revision_id, label, location_desc, expected_voltage, expected_resistance) VALUES (300061, '3V3', 'see boardview', '3.3V', NULL);
INSERT INTO board_test_points (board_revision_id, label, location_desc, expected_voltage, expected_resistance) VALUES (300061, '1V8', 'see boardview', '1.8V', NULL);
INSERT INTO board_nets (board_revision_id, net_name, test_point, expected_value, units) VALUES (300061, 'VBAT', 'VBAT', '3.7', 'V');
INSERT INTO board_nets (board_revision_id, net_name, test_point, expected_value, units) VALUES (300061, '3V3', '3V3', '3.3', 'V');
INSERT INTO board_nets (board_revision_id, net_name, test_point, expected_value, units) VALUES (300061, '1V8', '1V8', '1.8', 'V');
INSERT INTO measurements (board_revision_id, kind, test_point, reference_designator, rail_name, power_state, expected_value, measured_value, units, notes, is_known_good) VALUES (300061, 'voltage', 'VBAT', NULL, 'VBAT', 'off', '3.7', '3.7', 'V', 'Battery rail (3.0-4.2V).', 1);
INSERT INTO measurements (board_revision_id, kind, test_point, reference_designator, rail_name, power_state, expected_value, measured_value, units, notes, is_known_good) VALUES (300061, 'voltage', '3V3', NULL, '3V3', 'on', '3.3', '3.3', 'V', '3.3V rail (typical).', 1);
INSERT INTO measurements (board_revision_id, kind, test_point, reference_designator, rail_name, power_state, expected_value, measured_value, units, notes, is_known_good) VALUES (300061, 'voltage', '1V8', NULL, '1V8', 'on', '1.8', '1.8', 'V', '1.8V rail (typical).', 1);
INSERT INTO board_revisions (id, device_model, revision, layer_count, primary_soc, pmic, notes) VALUES (300062, 'Atari Atari 2600', 'Mainboard', NULL, NULL, 'U_PMIC', 'Atari Atari 2600 board. Component set and rails are era-typical reference values; confirm exact values against the boardview/schematic for this revision.');
INSERT INTO board_components (board_revision_id, reference_designator, component_type, value, part_number, notes) VALUES (300062, 'U_CPU', 'CPU / Processor', NULL, NULL, 'Main processor');
INSERT INTO board_components (board_revision_id, reference_designator, component_type, value, part_number, notes) VALUES (300062, 'U_PPU', 'Video / PPU', NULL, NULL, 'Picture processing unit');
INSERT INTO board_components (board_revision_id, reference_designator, component_type, value, part_number, notes) VALUES (300062, 'U_RAM', 'RAM', NULL, NULL, 'Work/video RAM');
INSERT INTO board_components (board_revision_id, reference_designator, component_type, value, part_number, notes) VALUES (300062, 'J_CART', 'Connector', NULL, NULL, 'Cartridge edge connector');
INSERT INTO board_components (board_revision_id, reference_designator, component_type, value, part_number, notes) VALUES (300062, 'J_CTRL', 'Connector', NULL, NULL, 'Controller port(s)');
INSERT INTO board_components (board_revision_id, reference_designator, component_type, value, part_number, notes) VALUES (300062, 'U_REG', 'Voltage Regulator', NULL, NULL, '5V regulator (e.g. 7805)');
INSERT INTO board_components (board_revision_id, reference_designator, component_type, value, part_number, notes) VALUES (300062, 'J_PWR', 'Connector', NULL, NULL, 'Power input connector');
INSERT INTO board_components (board_revision_id, reference_designator, component_type, value, part_number, notes) VALUES (300062, 'J_AV', 'Connector', NULL, NULL, 'A/V or RF output');
INSERT INTO board_test_points (board_revision_id, label, location_desc, expected_voltage, expected_resistance) VALUES (300062, '5V', 'see boardview', '5.0V', NULL);
INSERT INTO board_test_points (board_revision_id, label, location_desc, expected_voltage, expected_resistance) VALUES (300062, '3V3', 'see boardview', '3.3V', NULL);
INSERT INTO board_nets (board_revision_id, net_name, test_point, expected_value, units) VALUES (300062, '5V', '5V', '5.0', 'V');
INSERT INTO board_nets (board_revision_id, net_name, test_point, expected_value, units) VALUES (300062, '3V3', '3V3', '3.3', 'V');
INSERT INTO measurements (board_revision_id, kind, test_point, reference_designator, rail_name, power_state, expected_value, measured_value, units, notes, is_known_good) VALUES (300062, 'voltage', '5V', NULL, '5V', 'on', '5.0', '5.0', 'V', 'Regulated 5V logic supply.', 1);
INSERT INTO measurements (board_revision_id, kind, test_point, reference_designator, rail_name, power_state, expected_value, measured_value, units, notes, is_known_good) VALUES (300062, 'voltage', '3V3', NULL, '3V3', 'on', '3.3', '3.3', 'V', '3.3V rail (later boards).', 1);
INSERT INTO board_revisions (id, device_model, revision, layer_count, primary_soc, pmic, notes) VALUES (300063, 'Atari Atari 5200', 'Mainboard', NULL, NULL, 'U_PMIC', 'Atari Atari 5200 board. Component set and rails are era-typical reference values; confirm exact values against the boardview/schematic for this revision.');
INSERT INTO board_components (board_revision_id, reference_designator, component_type, value, part_number, notes) VALUES (300063, 'U_CPU', 'CPU / Processor', NULL, NULL, 'Main processor');
INSERT INTO board_components (board_revision_id, reference_designator, component_type, value, part_number, notes) VALUES (300063, 'U_PPU', 'Video / PPU', NULL, NULL, 'Picture processing unit');
INSERT INTO board_components (board_revision_id, reference_designator, component_type, value, part_number, notes) VALUES (300063, 'U_RAM', 'RAM', NULL, NULL, 'Work/video RAM');
INSERT INTO board_components (board_revision_id, reference_designator, component_type, value, part_number, notes) VALUES (300063, 'J_CART', 'Connector', NULL, NULL, 'Cartridge edge connector');
INSERT INTO board_components (board_revision_id, reference_designator, component_type, value, part_number, notes) VALUES (300063, 'J_CTRL', 'Connector', NULL, NULL, 'Controller port(s)');
INSERT INTO board_components (board_revision_id, reference_designator, component_type, value, part_number, notes) VALUES (300063, 'U_REG', 'Voltage Regulator', NULL, NULL, '5V regulator (e.g. 7805)');
INSERT INTO board_components (board_revision_id, reference_designator, component_type, value, part_number, notes) VALUES (300063, 'J_PWR', 'Connector', NULL, NULL, 'Power input connector');
INSERT INTO board_components (board_revision_id, reference_designator, component_type, value, part_number, notes) VALUES (300063, 'J_AV', 'Connector', NULL, NULL, 'A/V or RF output');
INSERT INTO board_test_points (board_revision_id, label, location_desc, expected_voltage, expected_resistance) VALUES (300063, '5V', 'see boardview', '5.0V', NULL);
INSERT INTO board_test_points (board_revision_id, label, location_desc, expected_voltage, expected_resistance) VALUES (300063, '3V3', 'see boardview', '3.3V', NULL);
INSERT INTO board_nets (board_revision_id, net_name, test_point, expected_value, units) VALUES (300063, '5V', '5V', '5.0', 'V');
INSERT INTO board_nets (board_revision_id, net_name, test_point, expected_value, units) VALUES (300063, '3V3', '3V3', '3.3', 'V');
INSERT INTO measurements (board_revision_id, kind, test_point, reference_designator, rail_name, power_state, expected_value, measured_value, units, notes, is_known_good) VALUES (300063, 'voltage', '5V', NULL, '5V', 'on', '5.0', '5.0', 'V', 'Regulated 5V logic supply.', 1);
INSERT INTO measurements (board_revision_id, kind, test_point, reference_designator, rail_name, power_state, expected_value, measured_value, units, notes, is_known_good) VALUES (300063, 'voltage', '3V3', NULL, '3V3', 'on', '3.3', '3.3', 'V', '3.3V rail (later boards).', 1);
INSERT INTO board_revisions (id, device_model, revision, layer_count, primary_soc, pmic, notes) VALUES (300064, 'Atari Atari 7800', 'Mainboard', NULL, NULL, 'U_PMIC', 'Atari Atari 7800 board. Component set and rails are era-typical reference values; confirm exact values against the boardview/schematic for this revision.');
INSERT INTO board_components (board_revision_id, reference_designator, component_type, value, part_number, notes) VALUES (300064, 'U_CPU', 'CPU / Processor', NULL, NULL, 'Main processor');
INSERT INTO board_components (board_revision_id, reference_designator, component_type, value, part_number, notes) VALUES (300064, 'U_PPU', 'Video / PPU', NULL, NULL, 'Picture processing unit');
INSERT INTO board_components (board_revision_id, reference_designator, component_type, value, part_number, notes) VALUES (300064, 'U_RAM', 'RAM', NULL, NULL, 'Work/video RAM');
INSERT INTO board_components (board_revision_id, reference_designator, component_type, value, part_number, notes) VALUES (300064, 'J_CART', 'Connector', NULL, NULL, 'Cartridge edge connector');
INSERT INTO board_components (board_revision_id, reference_designator, component_type, value, part_number, notes) VALUES (300064, 'J_CTRL', 'Connector', NULL, NULL, 'Controller port(s)');
INSERT INTO board_components (board_revision_id, reference_designator, component_type, value, part_number, notes) VALUES (300064, 'U_REG', 'Voltage Regulator', NULL, NULL, '5V regulator (e.g. 7805)');
INSERT INTO board_components (board_revision_id, reference_designator, component_type, value, part_number, notes) VALUES (300064, 'J_PWR', 'Connector', NULL, NULL, 'Power input connector');
INSERT INTO board_components (board_revision_id, reference_designator, component_type, value, part_number, notes) VALUES (300064, 'J_AV', 'Connector', NULL, NULL, 'A/V or RF output');
INSERT INTO board_test_points (board_revision_id, label, location_desc, expected_voltage, expected_resistance) VALUES (300064, '5V', 'see boardview', '5.0V', NULL);
INSERT INTO board_test_points (board_revision_id, label, location_desc, expected_voltage, expected_resistance) VALUES (300064, '3V3', 'see boardview', '3.3V', NULL);
INSERT INTO board_nets (board_revision_id, net_name, test_point, expected_value, units) VALUES (300064, '5V', '5V', '5.0', 'V');
INSERT INTO board_nets (board_revision_id, net_name, test_point, expected_value, units) VALUES (300064, '3V3', '3V3', '3.3', 'V');
INSERT INTO measurements (board_revision_id, kind, test_point, reference_designator, rail_name, power_state, expected_value, measured_value, units, notes, is_known_good) VALUES (300064, 'voltage', '5V', NULL, '5V', 'on', '5.0', '5.0', 'V', 'Regulated 5V logic supply.', 1);
INSERT INTO measurements (board_revision_id, kind, test_point, reference_designator, rail_name, power_state, expected_value, measured_value, units, notes, is_known_good) VALUES (300064, 'voltage', '3V3', NULL, '3V3', 'on', '3.3', '3.3', 'V', '3.3V rail (later boards).', 1);
INSERT INTO board_revisions (id, device_model, revision, layer_count, primary_soc, pmic, notes) VALUES (300065, 'Atari Atari Jaguar', 'Mainboard', NULL, NULL, 'U_PMIC', 'Atari Atari Jaguar board. Component set and rails are era-typical reference values; confirm exact values against the boardview/schematic for this revision.');
INSERT INTO board_components (board_revision_id, reference_designator, component_type, value, part_number, notes) VALUES (300065, 'U_CPU', 'CPU / Processor', NULL, NULL, 'Main processor');
INSERT INTO board_components (board_revision_id, reference_designator, component_type, value, part_number, notes) VALUES (300065, 'U_PPU', 'Video / PPU', NULL, NULL, 'Picture processing unit');
INSERT INTO board_components (board_revision_id, reference_designator, component_type, value, part_number, notes) VALUES (300065, 'U_RAM', 'RAM', NULL, NULL, 'Work/video RAM');
INSERT INTO board_components (board_revision_id, reference_designator, component_type, value, part_number, notes) VALUES (300065, 'J_CART', 'Connector', NULL, NULL, 'Cartridge edge connector');
INSERT INTO board_components (board_revision_id, reference_designator, component_type, value, part_number, notes) VALUES (300065, 'J_CTRL', 'Connector', NULL, NULL, 'Controller port(s)');
INSERT INTO board_components (board_revision_id, reference_designator, component_type, value, part_number, notes) VALUES (300065, 'U_REG', 'Voltage Regulator', NULL, NULL, '5V regulator (e.g. 7805)');
INSERT INTO board_components (board_revision_id, reference_designator, component_type, value, part_number, notes) VALUES (300065, 'J_PWR', 'Connector', NULL, NULL, 'Power input connector');
INSERT INTO board_components (board_revision_id, reference_designator, component_type, value, part_number, notes) VALUES (300065, 'J_AV', 'Connector', NULL, NULL, 'A/V or RF output');
INSERT INTO board_test_points (board_revision_id, label, location_desc, expected_voltage, expected_resistance) VALUES (300065, '5V', 'see boardview', '5.0V', NULL);
INSERT INTO board_test_points (board_revision_id, label, location_desc, expected_voltage, expected_resistance) VALUES (300065, '3V3', 'see boardview', '3.3V', NULL);
INSERT INTO board_nets (board_revision_id, net_name, test_point, expected_value, units) VALUES (300065, '5V', '5V', '5.0', 'V');
INSERT INTO board_nets (board_revision_id, net_name, test_point, expected_value, units) VALUES (300065, '3V3', '3V3', '3.3', 'V');
INSERT INTO measurements (board_revision_id, kind, test_point, reference_designator, rail_name, power_state, expected_value, measured_value, units, notes, is_known_good) VALUES (300065, 'voltage', '5V', NULL, '5V', 'on', '5.0', '5.0', 'V', 'Regulated 5V logic supply.', 1);
INSERT INTO measurements (board_revision_id, kind, test_point, reference_designator, rail_name, power_state, expected_value, measured_value, units, notes, is_known_good) VALUES (300065, 'voltage', '3V3', NULL, '3V3', 'on', '3.3', '3.3', 'V', '3.3V rail (later boards).', 1);
INSERT INTO board_revisions (id, device_model, revision, layer_count, primary_soc, pmic, notes) VALUES (300066, 'Atari Atari Lynx', 'Logic Board', NULL, NULL, 'U_PMIC', 'Atari Atari Lynx board. Component set and rails are era-typical reference values; confirm exact values against the boardview/schematic for this revision.');
INSERT INTO board_components (board_revision_id, reference_designator, component_type, value, part_number, notes) VALUES (300066, 'U_SOC', 'SoC', NULL, NULL, 'Main system-on-chip');
INSERT INTO board_components (board_revision_id, reference_designator, component_type, value, part_number, notes) VALUES (300066, 'J_LCD', 'Connector', NULL, NULL, 'LCD / display connector');
INSERT INTO board_components (board_revision_id, reference_designator, component_type, value, part_number, notes) VALUES (300066, 'J_BATT', 'Connector', NULL, NULL, 'Battery connector');
INSERT INTO board_components (board_revision_id, reference_designator, component_type, value, part_number, notes) VALUES (300066, 'U_CHG', 'Charging IC', NULL, NULL, 'Battery charging IC');
INSERT INTO board_components (board_revision_id, reference_designator, component_type, value, part_number, notes) VALUES (300066, 'J_BTN', 'Connector', NULL, NULL, 'Button / control flex');
INSERT INTO board_components (board_revision_id, reference_designator, component_type, value, part_number, notes) VALUES (300066, 'U_PMIC', 'PMIC', NULL, NULL, 'Power management IC');
INSERT INTO board_components (board_revision_id, reference_designator, component_type, value, part_number, notes) VALUES (300066, 'J_CART', 'Connector', NULL, NULL, 'Game card / cartridge connector');
INSERT INTO board_test_points (board_revision_id, label, location_desc, expected_voltage, expected_resistance) VALUES (300066, 'VBAT', 'see boardview', '3.7V', NULL);
INSERT INTO board_test_points (board_revision_id, label, location_desc, expected_voltage, expected_resistance) VALUES (300066, '3V3', 'see boardview', '3.3V', NULL);
INSERT INTO board_test_points (board_revision_id, label, location_desc, expected_voltage, expected_resistance) VALUES (300066, '1V8', 'see boardview', '1.8V', NULL);
INSERT INTO board_nets (board_revision_id, net_name, test_point, expected_value, units) VALUES (300066, 'VBAT', 'VBAT', '3.7', 'V');
INSERT INTO board_nets (board_revision_id, net_name, test_point, expected_value, units) VALUES (300066, '3V3', '3V3', '3.3', 'V');
INSERT INTO board_nets (board_revision_id, net_name, test_point, expected_value, units) VALUES (300066, '1V8', '1V8', '1.8', 'V');
INSERT INTO measurements (board_revision_id, kind, test_point, reference_designator, rail_name, power_state, expected_value, measured_value, units, notes, is_known_good) VALUES (300066, 'voltage', 'VBAT', NULL, 'VBAT', 'off', '3.7', '3.7', 'V', 'Battery rail (3.0-4.2V).', 1);
INSERT INTO measurements (board_revision_id, kind, test_point, reference_designator, rail_name, power_state, expected_value, measured_value, units, notes, is_known_good) VALUES (300066, 'voltage', '3V3', NULL, '3V3', 'on', '3.3', '3.3', 'V', '3.3V rail (typical).', 1);
INSERT INTO measurements (board_revision_id, kind, test_point, reference_designator, rail_name, power_state, expected_value, measured_value, units, notes, is_known_good) VALUES (300066, 'voltage', '1V8', NULL, '1V8', 'on', '1.8', '1.8', 'V', '1.8V rail (typical).', 1);
INSERT INTO board_revisions (id, device_model, revision, layer_count, primary_soc, pmic, notes) VALUES (300067, 'NEC TurboGrafx-16 / PC Engine', 'Mainboard', NULL, NULL, 'U_PMIC', 'NEC TurboGrafx-16 / PC Engine board. Component set and rails are era-typical reference values; confirm exact values against the boardview/schematic for this revision.');
INSERT INTO board_components (board_revision_id, reference_designator, component_type, value, part_number, notes) VALUES (300067, 'U_CPU', 'CPU / Processor', NULL, NULL, 'Main processor');
INSERT INTO board_components (board_revision_id, reference_designator, component_type, value, part_number, notes) VALUES (300067, 'U_PPU', 'Video / PPU', NULL, NULL, 'Picture processing unit');
INSERT INTO board_components (board_revision_id, reference_designator, component_type, value, part_number, notes) VALUES (300067, 'U_RAM', 'RAM', NULL, NULL, 'Work/video RAM');
INSERT INTO board_components (board_revision_id, reference_designator, component_type, value, part_number, notes) VALUES (300067, 'J_CART', 'Connector', NULL, NULL, 'Cartridge edge connector');
INSERT INTO board_components (board_revision_id, reference_designator, component_type, value, part_number, notes) VALUES (300067, 'J_CTRL', 'Connector', NULL, NULL, 'Controller port(s)');
INSERT INTO board_components (board_revision_id, reference_designator, component_type, value, part_number, notes) VALUES (300067, 'U_REG', 'Voltage Regulator', NULL, NULL, '5V regulator (e.g. 7805)');
INSERT INTO board_components (board_revision_id, reference_designator, component_type, value, part_number, notes) VALUES (300067, 'J_PWR', 'Connector', NULL, NULL, 'Power input connector');
INSERT INTO board_components (board_revision_id, reference_designator, component_type, value, part_number, notes) VALUES (300067, 'J_AV', 'Connector', NULL, NULL, 'A/V or RF output');
INSERT INTO board_test_points (board_revision_id, label, location_desc, expected_voltage, expected_resistance) VALUES (300067, '5V', 'see boardview', '5.0V', NULL);
INSERT INTO board_test_points (board_revision_id, label, location_desc, expected_voltage, expected_resistance) VALUES (300067, '3V3', 'see boardview', '3.3V', NULL);
INSERT INTO board_nets (board_revision_id, net_name, test_point, expected_value, units) VALUES (300067, '5V', '5V', '5.0', 'V');
INSERT INTO board_nets (board_revision_id, net_name, test_point, expected_value, units) VALUES (300067, '3V3', '3V3', '3.3', 'V');
INSERT INTO measurements (board_revision_id, kind, test_point, reference_designator, rail_name, power_state, expected_value, measured_value, units, notes, is_known_good) VALUES (300067, 'voltage', '5V', NULL, '5V', 'on', '5.0', '5.0', 'V', 'Regulated 5V logic supply.', 1);
INSERT INTO measurements (board_revision_id, kind, test_point, reference_designator, rail_name, power_state, expected_value, measured_value, units, notes, is_known_good) VALUES (300067, 'voltage', '3V3', NULL, '3V3', 'on', '3.3', '3.3', 'V', '3.3V rail (later boards).', 1);
INSERT INTO board_revisions (id, device_model, revision, layer_count, primary_soc, pmic, notes) VALUES (300068, 'SNK Neo Geo AES', 'Mainboard', NULL, NULL, 'U_PMIC', 'SNK Neo Geo AES board. Component set and rails are era-typical reference values; confirm exact values against the boardview/schematic for this revision.');
INSERT INTO board_components (board_revision_id, reference_designator, component_type, value, part_number, notes) VALUES (300068, 'U_CPU', 'CPU / Processor', NULL, NULL, 'Main processor');
INSERT INTO board_components (board_revision_id, reference_designator, component_type, value, part_number, notes) VALUES (300068, 'U_PPU', 'Video / PPU', NULL, NULL, 'Picture processing unit');
INSERT INTO board_components (board_revision_id, reference_designator, component_type, value, part_number, notes) VALUES (300068, 'U_RAM', 'RAM', NULL, NULL, 'Work/video RAM');
INSERT INTO board_components (board_revision_id, reference_designator, component_type, value, part_number, notes) VALUES (300068, 'J_CART', 'Connector', NULL, NULL, 'Cartridge edge connector');
INSERT INTO board_components (board_revision_id, reference_designator, component_type, value, part_number, notes) VALUES (300068, 'J_CTRL', 'Connector', NULL, NULL, 'Controller port(s)');
INSERT INTO board_components (board_revision_id, reference_designator, component_type, value, part_number, notes) VALUES (300068, 'U_REG', 'Voltage Regulator', NULL, NULL, '5V regulator (e.g. 7805)');
INSERT INTO board_components (board_revision_id, reference_designator, component_type, value, part_number, notes) VALUES (300068, 'J_PWR', 'Connector', NULL, NULL, 'Power input connector');
INSERT INTO board_components (board_revision_id, reference_designator, component_type, value, part_number, notes) VALUES (300068, 'J_AV', 'Connector', NULL, NULL, 'A/V or RF output');
INSERT INTO board_test_points (board_revision_id, label, location_desc, expected_voltage, expected_resistance) VALUES (300068, '5V', 'see boardview', '5.0V', NULL);
INSERT INTO board_test_points (board_revision_id, label, location_desc, expected_voltage, expected_resistance) VALUES (300068, '3V3', 'see boardview', '3.3V', NULL);
INSERT INTO board_nets (board_revision_id, net_name, test_point, expected_value, units) VALUES (300068, '5V', '5V', '5.0', 'V');
INSERT INTO board_nets (board_revision_id, net_name, test_point, expected_value, units) VALUES (300068, '3V3', '3V3', '3.3', 'V');
INSERT INTO measurements (board_revision_id, kind, test_point, reference_designator, rail_name, power_state, expected_value, measured_value, units, notes, is_known_good) VALUES (300068, 'voltage', '5V', NULL, '5V', 'on', '5.0', '5.0', 'V', 'Regulated 5V logic supply.', 1);
INSERT INTO measurements (board_revision_id, kind, test_point, reference_designator, rail_name, power_state, expected_value, measured_value, units, notes, is_known_good) VALUES (300068, 'voltage', '3V3', NULL, '3V3', 'on', '3.3', '3.3', 'V', '3.3V rail (later boards).', 1);
INSERT INTO board_revisions (id, device_model, revision, layer_count, primary_soc, pmic, notes) VALUES (300069, 'SNK Neo Geo MVS', 'Mainboard', NULL, NULL, 'U_PMIC', 'SNK Neo Geo MVS board. Component set and rails are era-typical reference values; confirm exact values against the boardview/schematic for this revision.');
INSERT INTO board_components (board_revision_id, reference_designator, component_type, value, part_number, notes) VALUES (300069, 'U_CPU', 'CPU / Processor', NULL, NULL, 'Main processor');
INSERT INTO board_components (board_revision_id, reference_designator, component_type, value, part_number, notes) VALUES (300069, 'U_PPU', 'Video / PPU', NULL, NULL, 'Picture processing unit');
INSERT INTO board_components (board_revision_id, reference_designator, component_type, value, part_number, notes) VALUES (300069, 'U_RAM', 'RAM', NULL, NULL, 'Work/video RAM');
INSERT INTO board_components (board_revision_id, reference_designator, component_type, value, part_number, notes) VALUES (300069, 'J_CART', 'Connector', NULL, NULL, 'Cartridge edge connector');
INSERT INTO board_components (board_revision_id, reference_designator, component_type, value, part_number, notes) VALUES (300069, 'J_CTRL', 'Connector', NULL, NULL, 'Controller port(s)');
INSERT INTO board_components (board_revision_id, reference_designator, component_type, value, part_number, notes) VALUES (300069, 'U_REG', 'Voltage Regulator', NULL, NULL, '5V regulator (e.g. 7805)');
INSERT INTO board_components (board_revision_id, reference_designator, component_type, value, part_number, notes) VALUES (300069, 'J_PWR', 'Connector', NULL, NULL, 'Power input connector');
INSERT INTO board_components (board_revision_id, reference_designator, component_type, value, part_number, notes) VALUES (300069, 'J_AV', 'Connector', NULL, NULL, 'A/V or RF output');
INSERT INTO board_test_points (board_revision_id, label, location_desc, expected_voltage, expected_resistance) VALUES (300069, '5V', 'see boardview', '5.0V', NULL);
INSERT INTO board_test_points (board_revision_id, label, location_desc, expected_voltage, expected_resistance) VALUES (300069, '3V3', 'see boardview', '3.3V', NULL);
INSERT INTO board_nets (board_revision_id, net_name, test_point, expected_value, units) VALUES (300069, '5V', '5V', '5.0', 'V');
INSERT INTO board_nets (board_revision_id, net_name, test_point, expected_value, units) VALUES (300069, '3V3', '3V3', '3.3', 'V');
INSERT INTO measurements (board_revision_id, kind, test_point, reference_designator, rail_name, power_state, expected_value, measured_value, units, notes, is_known_good) VALUES (300069, 'voltage', '5V', NULL, '5V', 'on', '5.0', '5.0', 'V', 'Regulated 5V logic supply.', 1);
INSERT INTO measurements (board_revision_id, kind, test_point, reference_designator, rail_name, power_state, expected_value, measured_value, units, notes, is_known_good) VALUES (300069, 'voltage', '3V3', NULL, '3V3', 'on', '3.3', '3.3', 'V', '3.3V rail (later boards).', 1);
INSERT INTO board_revisions (id, device_model, revision, layer_count, primary_soc, pmic, notes) VALUES (300070, 'Panasonic 3DO Interactive Multiplayer', 'Mainboard', NULL, NULL, 'U_PMIC', 'Panasonic 3DO Interactive Multiplayer board. Component set and rails are era-typical reference values; confirm exact values against the boardview/schematic for this revision.');
INSERT INTO board_components (board_revision_id, reference_designator, component_type, value, part_number, notes) VALUES (300070, 'U_CPU', 'CPU', NULL, NULL, 'Main processor');
INSERT INTO board_components (board_revision_id, reference_designator, component_type, value, part_number, notes) VALUES (300070, 'U_GPU', 'GPU', NULL, NULL, 'Graphics processor');
INSERT INTO board_components (board_revision_id, reference_designator, component_type, value, part_number, notes) VALUES (300070, 'U_RAM', 'RAM', NULL, NULL, 'System RAM');
INSERT INTO board_components (board_revision_id, reference_designator, component_type, value, part_number, notes) VALUES (300070, 'J_ODD', 'Connector', NULL, NULL, 'Optical drive ribbon connector');
INSERT INTO board_components (board_revision_id, reference_designator, component_type, value, part_number, notes) VALUES (300070, 'U_BIOS', 'BIOS ROM', NULL, NULL, 'BIOS / boot ROM');
INSERT INTO board_components (board_revision_id, reference_designator, component_type, value, part_number, notes) VALUES (300070, 'J_CTRL', 'Connector', NULL, NULL, 'Controller ports');
INSERT INTO board_components (board_revision_id, reference_designator, component_type, value, part_number, notes) VALUES (300070, 'U_AV', 'A/V Encoder', NULL, NULL, 'Video encoder / DAC');
INSERT INTO board_components (board_revision_id, reference_designator, component_type, value, part_number, notes) VALUES (300070, 'J_PSU', 'Connector', NULL, NULL, 'Power supply connector');
INSERT INTO board_test_points (board_revision_id, label, location_desc, expected_voltage, expected_resistance) VALUES (300070, '5V', 'see boardview', '5.0V', NULL);
INSERT INTO board_test_points (board_revision_id, label, location_desc, expected_voltage, expected_resistance) VALUES (300070, '3V3', 'see boardview', '3.3V', NULL);
INSERT INTO board_nets (board_revision_id, net_name, test_point, expected_value, units) VALUES (300070, '5V', '5V', '5.0', 'V');
INSERT INTO board_nets (board_revision_id, net_name, test_point, expected_value, units) VALUES (300070, '3V3', '3V3', '3.3', 'V');
INSERT INTO measurements (board_revision_id, kind, test_point, reference_designator, rail_name, power_state, expected_value, measured_value, units, notes, is_known_good) VALUES (300070, 'voltage', '5V', NULL, '5V', 'on', '5.0', '5.0', 'V', 'Regulated 5V logic supply.', 1);
INSERT INTO measurements (board_revision_id, kind, test_point, reference_designator, rail_name, power_state, expected_value, measured_value, units, notes, is_known_good) VALUES (300070, 'voltage', '3V3', NULL, '3V3', 'on', '3.3', '3.3', 'V', '3.3V rail (later boards).', 1);
INSERT INTO board_revisions (id, device_model, revision, layer_count, primary_soc, pmic, notes) VALUES (300071, 'Valve Steam Deck (LCD)', 'Logic Board', NULL, NULL, 'U_PMIC', 'Valve Steam Deck (LCD) board. Component set and rails are era-typical reference values; confirm exact values against the boardview/schematic for this revision.');
INSERT INTO board_components (board_revision_id, reference_designator, component_type, value, part_number, notes) VALUES (300071, 'U_SOC', 'SoC', NULL, NULL, 'Main system-on-chip');
INSERT INTO board_components (board_revision_id, reference_designator, component_type, value, part_number, notes) VALUES (300071, 'J_LCD', 'Connector', NULL, NULL, 'LCD / display connector');
INSERT INTO board_components (board_revision_id, reference_designator, component_type, value, part_number, notes) VALUES (300071, 'J_BATT', 'Connector', NULL, NULL, 'Battery connector');
INSERT INTO board_components (board_revision_id, reference_designator, component_type, value, part_number, notes) VALUES (300071, 'U_CHG', 'Charging IC', NULL, NULL, 'Battery charging IC');
INSERT INTO board_components (board_revision_id, reference_designator, component_type, value, part_number, notes) VALUES (300071, 'J_BTN', 'Connector', NULL, NULL, 'Button / control flex');
INSERT INTO board_components (board_revision_id, reference_designator, component_type, value, part_number, notes) VALUES (300071, 'U_PMIC', 'PMIC', NULL, NULL, 'Power management IC');
INSERT INTO board_components (board_revision_id, reference_designator, component_type, value, part_number, notes) VALUES (300071, 'J_CART', 'Connector', NULL, NULL, 'Game card / cartridge connector');
INSERT INTO board_test_points (board_revision_id, label, location_desc, expected_voltage, expected_resistance) VALUES (300071, 'VBAT', 'see boardview', '3.7V', NULL);
INSERT INTO board_test_points (board_revision_id, label, location_desc, expected_voltage, expected_resistance) VALUES (300071, '3V3', 'see boardview', '3.3V', NULL);
INSERT INTO board_test_points (board_revision_id, label, location_desc, expected_voltage, expected_resistance) VALUES (300071, '1V8', 'see boardview', '1.8V', NULL);
INSERT INTO board_nets (board_revision_id, net_name, test_point, expected_value, units) VALUES (300071, 'VBAT', 'VBAT', '3.7', 'V');
INSERT INTO board_nets (board_revision_id, net_name, test_point, expected_value, units) VALUES (300071, '3V3', '3V3', '3.3', 'V');
INSERT INTO board_nets (board_revision_id, net_name, test_point, expected_value, units) VALUES (300071, '1V8', '1V8', '1.8', 'V');
INSERT INTO measurements (board_revision_id, kind, test_point, reference_designator, rail_name, power_state, expected_value, measured_value, units, notes, is_known_good) VALUES (300071, 'voltage', 'VBAT', NULL, 'VBAT', 'off', '3.7', '3.7', 'V', 'Battery rail (3.0-4.2V).', 1);
INSERT INTO measurements (board_revision_id, kind, test_point, reference_designator, rail_name, power_state, expected_value, measured_value, units, notes, is_known_good) VALUES (300071, 'voltage', '3V3', NULL, '3V3', 'on', '3.3', '3.3', 'V', '3.3V rail (typical).', 1);
INSERT INTO measurements (board_revision_id, kind, test_point, reference_designator, rail_name, power_state, expected_value, measured_value, units, notes, is_known_good) VALUES (300071, 'voltage', '1V8', NULL, '1V8', 'on', '1.8', '1.8', 'V', '1.8V rail (typical).', 1);
INSERT INTO board_revisions (id, device_model, revision, layer_count, primary_soc, pmic, notes) VALUES (300072, 'Valve Steam Deck OLED', 'Logic Board', NULL, NULL, 'U_PMIC', 'Valve Steam Deck OLED board. Component set and rails are era-typical reference values; confirm exact values against the boardview/schematic for this revision.');
INSERT INTO board_components (board_revision_id, reference_designator, component_type, value, part_number, notes) VALUES (300072, 'U_SOC', 'SoC', NULL, NULL, 'Main system-on-chip');
INSERT INTO board_components (board_revision_id, reference_designator, component_type, value, part_number, notes) VALUES (300072, 'J_LCD', 'Connector', NULL, NULL, 'LCD / display connector');
INSERT INTO board_components (board_revision_id, reference_designator, component_type, value, part_number, notes) VALUES (300072, 'J_BATT', 'Connector', NULL, NULL, 'Battery connector');
INSERT INTO board_components (board_revision_id, reference_designator, component_type, value, part_number, notes) VALUES (300072, 'U_CHG', 'Charging IC', NULL, NULL, 'Battery charging IC');
INSERT INTO board_components (board_revision_id, reference_designator, component_type, value, part_number, notes) VALUES (300072, 'J_BTN', 'Connector', NULL, NULL, 'Button / control flex');
INSERT INTO board_components (board_revision_id, reference_designator, component_type, value, part_number, notes) VALUES (300072, 'U_PMIC', 'PMIC', NULL, NULL, 'Power management IC');
INSERT INTO board_components (board_revision_id, reference_designator, component_type, value, part_number, notes) VALUES (300072, 'J_CART', 'Connector', NULL, NULL, 'Game card / cartridge connector');
INSERT INTO board_test_points (board_revision_id, label, location_desc, expected_voltage, expected_resistance) VALUES (300072, 'VBAT', 'see boardview', '3.7V', NULL);
INSERT INTO board_test_points (board_revision_id, label, location_desc, expected_voltage, expected_resistance) VALUES (300072, '3V3', 'see boardview', '3.3V', NULL);
INSERT INTO board_test_points (board_revision_id, label, location_desc, expected_voltage, expected_resistance) VALUES (300072, '1V8', 'see boardview', '1.8V', NULL);
INSERT INTO board_nets (board_revision_id, net_name, test_point, expected_value, units) VALUES (300072, 'VBAT', 'VBAT', '3.7', 'V');
INSERT INTO board_nets (board_revision_id, net_name, test_point, expected_value, units) VALUES (300072, '3V3', '3V3', '3.3', 'V');
INSERT INTO board_nets (board_revision_id, net_name, test_point, expected_value, units) VALUES (300072, '1V8', '1V8', '1.8', 'V');
INSERT INTO measurements (board_revision_id, kind, test_point, reference_designator, rail_name, power_state, expected_value, measured_value, units, notes, is_known_good) VALUES (300072, 'voltage', 'VBAT', NULL, 'VBAT', 'off', '3.7', '3.7', 'V', 'Battery rail (3.0-4.2V).', 1);
INSERT INTO measurements (board_revision_id, kind, test_point, reference_designator, rail_name, power_state, expected_value, measured_value, units, notes, is_known_good) VALUES (300072, 'voltage', '3V3', NULL, '3V3', 'on', '3.3', '3.3', 'V', '3.3V rail (typical).', 1);
INSERT INTO measurements (board_revision_id, kind, test_point, reference_designator, rail_name, power_state, expected_value, measured_value, units, notes, is_known_good) VALUES (300072, 'voltage', '1V8', NULL, '1V8', 'on', '1.8', '1.8', 'V', '1.8V rail (typical).', 1);